Date,Close,High,Low,Open,Volume,Ticker
2020-01-01,1690.74658203125,1699.5624676460316,1681.3179258408104,1687.917985174118,397285,ASIANPAINT.NS
2020-01-02,1688.342529296875,1697.0640372314622,1681.506752807604,1688.6725092806228,411266,ASIANPAINT.NS
2020-01-03,1651.3349609375,1678.1123690411168,1647.2335182835373,1678.1123690411168,1318628,ASIANPAINT.NS
2020-01-06,1609.6131591796875,1638.7005422177076,1597.2144525413098,1638.6533528956213,1871804,ASIANPAINT.NS
2020-01-07,1625.8773193359375,1641.0574311292742,1613.2428983982695,1613.2428983982695,1033650,ASIANPAINT.NS
2020-01-08,1630.0260009765625,1636.8145868652969,1598.1570995026948,1599.099965048124,1006057,ASIANPAINT.NS
2020-01-09,1671.276123046875,1673.586097255441,1641.528673420689,1662.2717123725874,1781733,ASIANPAINT.NS
2020-01-10,1690.133544921875,1694.6121559060578,1659.4432278234908,1670.757613467742,1256612,ASIANPAINT.NS
2020-01-13,1701.7781982421875,1704.653869355531,1691.8309198094541,1696.2152680071968,823821,ASIANPAINT.NS
2020-01-14,1715.2139892578125,1717.5711532715532,1701.68389083812,1701.8724179208596,775629,ASIANPAINT.NS
2020-01-15,1736.9942626953125,1739.5871432611489,1706.681108697353,1713.658337602785,1252925,ASIANPAINT.NS
2020-01-16,1730.300048828125,1742.4158503091985,1724.265685201811,1731.0542723464687,1031569,ASIANPAINT.NS
2020-01-17,1725.4913330078125,1733.8356710113794,1711.301158902518,1730.7241683204675,862204,ASIANPAINT.NS
2020-01-20,1743.1229248046875,1755.8516114766892,1728.8384867424816,1732.9871187510564,1091453,ASIANPAINT.NS
2020-01-21,1707.293701171875,1737.2768700583674,1691.3592512302598,1734.8253276858989,2101561,ASIANPAINT.NS
2020-01-22,1677.593505859375,1714.7895052368694,1665.9019501873058,1711.3009487900888,3415306,ASIANPAINT.NS
2020-01-23,1674.623779296875,1686.786770082443,1656.7093306487104,1677.3581128991984,1885275,ASIANPAINT.NS
2020-01-24,1684.712158203125,1697.0636735034898,1678.5363430049983,1681.7421087941336,1195596,ASIANPAINT.NS
2020-01-27,1686.173583984375,1702.5794675799852,1678.300679657967,1684.9007385105544,969054,ASIANPAINT.NS
2020-01-28,1677.4521484375,1691.5008687500888,1671.7006913566931,1691.5008687500888,873291,ASIANPAINT.NS
2020-01-29,1694.2821044921875,1700.7878994241396,1679.2434458915911,1684.9006388592215,873805,ASIANPAINT.NS
2020-01-30,1701.8721923828125,1705.549390776113,1683.9577482524671,1697.1578649800902,1005975,ASIANPAINT.NS
2020-01-31,1693.0565185546875,1719.7867334150692,1686.503534038143,1706.5866159436816,1169614,ASIANPAINT.NS
2020-02-03,1760.9429931640625,1765.8930376548722,1664.1578145293377,1667.7407499134267,2854532,ASIANPAINT.NS
2020-02-04,1783.24169921875,1788.3802705387345,1749.062822293995,1763.1586165321912,1830049,ASIANPAINT.NS
2020-02-05,1766.4588623046875,1782.0161461200212,1759.5288225334027,1781.0732804342433,1344016,ASIANPAINT.NS
2020-02-06,1750.712890625,1774.8502269452313,1739.587030516131,1770.7015952895904,995386,ASIANPAINT.NS
2020-02-07,1752.5042724609375,1769.2873264453285,1744.8670839990587,1750.7129198692612,632858,ASIANPAINT.NS
2020-02-10,1762.6873779296875,1765.7516913708598,1732.2327706144436,1760.3302137441704,747711,ASIANPAINT.NS
2020-02-11,1770.7957763671875,1786.258794493089,1765.7514686655754,1772.5872439414131,1093021,ASIANPAINT.NS
2020-02-12,1785.50439453125,1807.1903015561752,1770.889978927496,1772.5871829069326,1616826,ASIANPAINT.NS
2020-02-13,1766.9771728515625,1793.2830287688157,1761.319979734581,1781.072966329686,638878,ASIANPAINT.NS
2020-02-14,1769.805908203125,1791.114647595668,1763.1586597310206,1769.2872860883745,771464,ASIANPAINT.NS
2020-02-17,1773.9072265625,1785.3158764267462,1763.7242328265424,1772.4929282711664,676579,ASIANPAINT.NS
2020-02-18,1757.1715087890625,1772.4930748791332,1754.6728919151942,1772.4930748791332,683421,ASIANPAINT.NS
2020-02-19,1777.2073974609375,1784.6088694225884,1745.57421045355,1763.252940503305,723351,ASIANPAINT.NS
2020-02-20,1736.9942626953125,1778.2446353336188,1733.9771386207017,1775.4160383527064,1401879,ASIANPAINT.NS
2020-02-24,1715.025390625,1747.1300113456707,1710.3582517976506,1739.8228027175385,1310832,ASIANPAINT.NS
2020-02-25,1721.7666015625,1738.2196729741993,1716.2036723032318,1733.3638928132477,897257,ASIANPAINT.NS
2020-02-26,1722.28564453125,1739.5872070127093,1716.0155646412634,1721.6727588104104,1909619,ASIANPAINT.NS
2020-02-27,1738.4554443359375,1746.1868953504309,1707.0107880260018,1725.302401633623,1643273,ASIANPAINT.NS
2020-02-28,1695.22509765625,1736.8526353972602,1681.2707563427082,1716.015329416383,2964119,ASIANPAINT.NS
2020-03-02,1684.712158203125,1732.4682047435763,1668.164822278665,1711.3951833778858,1219296,ASIANPAINT.NS
2020-03-03,1704.4974365234375,1721.0164980509294,1672.7371573465302,1685.0910348677478,1392463,ASIANPAINT.NS
2020-03-04,1749.368408203125,1758.3616170654054,1707.810409170382,1707.810409170382,3050469,ASIANPAINT.NS
2020-03-05,1774.455078125,1781.6023601715451,1753.2973898924374,1755.0960551317983,2062439,ASIANPAINT.NS
2020-03-06,1777.294921875,1783.874234347372,1737.1095190073909,1741.8427874515526,1393659,ASIANPAINT.NS
2020-03-09,1767.54443359375,1813.6938002814836,1749.4159925934705,1787.2821396193033,3420741,ASIANPAINT.NS
2020-03-11,1782.40673828125,1803.3751389932786,1752.7291705228636,1774.9281516010608,3194186,ASIANPAINT.NS
2020-03-12,1745.01416015625,1774.7864898128166,1718.1765495599118,1765.4618579649687,6254349,ASIANPAINT.NS
2020-03-13,1701.7991943359375,1745.3926404745703,1580.7695501474366,1689.7767393882618,3878300,ASIANPAINT.NS
2020-03-16,1593.5968017578125,1682.2035616337234,1588.6268700197274,1682.2035616337234,2867336,ASIANPAINT.NS
2020-03-17,1639.2255859375,1684.8543653418885,1580.9117389189782,1608.3646972594875,2643189,ASIANPAINT.NS
2020-03-18,1531.8746337890625,1664.7375437735354,1522.2188143986548,1639.6038473497947,3676437,ASIANPAINT.NS
2020-03-19,1515.7818603515625,1565.7178430968943,1354.8507311249007,1457.8467000532894,4906644,ASIANPAINT.NS
2020-03-20,1649.969970703125,1663.6491855928239,1486.766970164822,1524.1124112863722,3128629,ASIANPAINT.NS
2020-03-23,1418.51318359375,1561.978597349377,1411.2239963627778,1494.3875003887777,2155326,ASIANPAINT.NS
2020-03-24,1443.5048828125,1512.7526246298405,1375.7245004651536,1473.513874676128,3910566,ASIANPAINT.NS
2020-03-25,1508.16162109375,1519.7107519694857,1368.8614823978237,1369.3821882444754,2196415,ASIANPAINT.NS
2020-03-26,1530.6915283203125,1561.9784767599467,1490.0328014667614,1519.3790637574027,2622118,ASIANPAINT.NS
2020-03-27,1518.574462890625,1576.4149773038177,1467.5024295709297,1575.9890293882502,2102479,ASIANPAINT.NS
2020-03-30,1509.8651123046875,1533.1055043958172,1475.8803405291546,1506.267897961555,1844011,ASIANPAINT.NS
2020-03-31,1577.5982666015625,1599.844626796664,1516.3498232664556,1538.3121411506386,2789174,ASIANPAINT.NS
2020-04-01,1517.675048828125,1566.711752937964,1499.7360088169,1562.0258637068791,1559455,ASIANPAINT.NS
2020-04-03,1439.765625,1529.7923681054333,1436.3103159083964,1528.9403566699498,2925847,ASIANPAINT.NS
2020-04-07,1537.1763916015625,1547.7788672825561,1455.9534543612058,1457.8467618441202,2733586,ASIANPAINT.NS
2020-04-08,1523.1185302734375,1597.7622721540542,1514.6460252927843,1537.1764311423428,2382213,ASIANPAINT.NS
2020-04-09,1563.256591796875,1589.33694791255,1532.58498826735,1552.5120952251202,1489539,ASIANPAINT.NS
2020-04-13,1591.1827392578125,1612.7664883588595,1517.3437557287534,1558.191883190144,2586159,ASIANPAINT.NS
2020-04-15,1626.540283203125,1644.1007549362032,1593.9754895292565,1612.7665416935317,2508270,ASIANPAINT.NS
2020-04-16,1650.112060546875,1658.8213440231398,1594.8748396212045,1600.7914253150063,1821296,ASIANPAINT.NS
2020-04-17,1662.5606689453125,1688.5462684800193,1634.9656886807625,1668.9505818366326,1398686,ASIANPAINT.NS
2020-04-20,1638.1365966796875,1664.8322962437176,1614.6596578699655,1664.4536117103698,1431055,ASIANPAINT.NS
2020-04-21,1633.9241943359375,1660.3831175400132,1609.311199519753,1618.7777359875163,1594930,ASIANPAINT.NS
2020-04-22,1716.283203125,1724.8030866485108,1620.9078403479211,1625.4990878017054,3727805,ASIANPAINT.NS
2020-04-23,1724.4716796875,1746.9547043320124,1704.9706372127634,1710.6031803214335,2573552,ASIANPAINT.NS
2020-04-24,1730.05712890625,1744.4935987762478,1717.229924208268,1718.2239568816615,2744768,ASIANPAINT.NS
2020-04-27,1752.587158203125,1760.586450635906,1721.1109253035022,1741.8426627159672,1770889,ASIANPAINT.NS
2020-04-28,1727.0750732421875,1764.5625375155105,1709.9406639884908,1748.6587087652204,1934910,ASIANPAINT.NS
2020-04-29,1673.2103271484375,1748.4692923582259,1662.2291679150228,1748.3746501048433,2931120,ASIANPAINT.NS
2020-04-30,1664.8800048828125,1701.1368919302547,1648.1242787148433,1699.2435843154185,2926333,ASIANPAINT.NS
2020-05-04,1587.348876953125,1657.5905311354272,1582.331566415115,1626.3509608741656,2942397,ASIANPAINT.NS
2020-05-05,1532.7744140625,1602.590126833166,1494.056253292257,1591.3249243049477,5867890,ASIANPAINT.NS
2020-05-06,1524.7276611328125,1551.2812255770468,1492.8727440222003,1528.8455812275545,3937921,ASIANPAINT.NS
2020-05-07,1509.25,1541.8147939674006,1462.7692121193468,1524.0650375643945,5256213,ASIANPAINT.NS
2020-05-08,1494.1981201171875,1550.6186536334594,1486.2462064740728,1525.8163746277237,5644426,ASIANPAINT.NS
2020-05-11,1485.86767578125,1513.6993186351735,1472.0465543950563,1498.5528589114945,3767646,ASIANPAINT.NS
2020-05-12,1442.084716796875,1461.3964730585883,1431.340221709853,1456.8998685261004,4504073,ASIANPAINT.NS
2020-05-13,1479.90380859375,1495.5235949937448,1451.5514603084669,1495.5235949937448,2940514,ASIANPAINT.NS
2020-05-14,1441.185546875,1474.507709293604,1436.0735940284976,1470.4371679138076,2592264,ASIANPAINT.NS
2020-05-15,1470.105712890625,1476.7796672254465,1429.4469855836053,1447.433404607505,2860493,ASIANPAINT.NS
2020-05-18,1421.021728515625,1475.407048420847,1418.1817676503383,1474.8863427055567,2871905,ASIANPAINT.NS
2020-05-19,1423.7196044921875,1436.0261010241877,1403.8398793251104,1429.4469048707838,3164137,ASIANPAINT.NS
2020-05-20,1420.0277099609375,1433.2334808164767,1413.022450549383,1423.7195663750572,2057402,ASIANPAINT.NS
2020-05-21,1490.3167724609375,1499.0259391458226,1420.9270190450773,1422.8203261990348,3845743,ASIANPAINT.NS
2020-05-22,1531.5908203125,1538.31203748771,1472.4249727168187,1485.110153552992,5203736,ASIANPAINT.NS
2020-05-26,1542.903564453125,1568.557857519641,1533.5790482896937,1538.3123169572543,3552636,ASIANPAINT.NS
2020-05-27,1533.0582275390625,1549.5300243785116,1510.811866469924,1543.9921235644517,2260057,ASIANPAINT.NS
2020-05-28,1555.919921875,1568.5577250383276,1529.082313908314,1535.4722260698254,3138915,ASIANPAINT.NS
2020-05-29,1593.3128662109375,1608.3646835952104,1545.980179819083,1551.5654599249851,3532977,ASIANPAINT.NS
2020-06-01,1602.921142578125,1620.5762546070039,1591.7979632334961,1615.4643022646214,2529255,ASIANPAINT.NS
2020-06-02,1618.115234375,1640.5508811015338,1590.3782344204135,1602.9213960906936,2440552,ASIANPAINT.NS
2020-06-03,1624.9781494140625,1650.9637423696722,1614.8488873936774,1632.0306719296532,3088817,ASIANPAINT.NS
2020-06-04,1546.5955810546875,1627.865783273426,1540.2056681719828,1624.8838008164996,4388930,ASIANPAINT.NS
2020-06-05,1551.1395263671875,1570.8298547539584,1534.5257070661241,1561.9786654281954,2884206,ASIANPAINT.NS
2020-06-08,1547.0687255859375,1577.1249789360086,1542.0987939296265,1568.6050960966184,2046505,ASIANPAINT.NS
2020-06-09,1554.45263671875,1604.5779001186022,1549.435326264969,1552.5119505572318,3671930,ASIANPAINT.NS
2020-06-10,1548.6781005859375,1585.7396166818498,1541.0576075065405,1560.0853240879403,2069280,ASIANPAINT.NS
2020-06-11,1524.680419921875,1558.1919838775627,1521.2724897273654,1548.6780680078407,1888420,ASIANPAINT.NS
2020-06-12,1550.003173828125,1555.3044106198847,1493.3459817219955,1495.7126156074503,2391556,ASIANPAINT.NS
2020-06-15,1531.8746337890625,1562.5936089245552,1516.6335356869026,1542.0985377210252,1681166,ASIANPAINT.NS
2020-06-16,1535.188232421875,1552.7487044754198,1521.8878175027053,1551.5653873709575,1497691,ASIANPAINT.NS
2020-06-17,1510.291259765625,1536.0875717869492,1505.5579915048315,1521.7931247510144,1812788,ASIANPAINT.NS
2020-06-18,1512.5634765625,1526.195198733993,1502.6236117367637,1510.2914843478097,1417273,ASIANPAINT.NS
2020-06-19,1535.9456787109375,1543.045581694193,1506.1734650911462,1512.563377776076,2714342,ASIANPAINT.NS
2020-06-22,1564.0137939453125,1584.2248255243874,1537.365471557577,1545.885354096997,2034739,ASIANPAINT.NS
2020-06-23,1594.0701904296875,1598.898101193743,1553.4587235399244,1571.303122694397,2334863,ASIANPAINT.NS
2020-06-24,1654.0408935546875,1716.9933728343478,1594.1650392022284,1594.1650392022284,11545923,ASIANPAINT.NS
2020-06-25,1598.8980712890625,1653.8039849271713,1593.3601703527431,1647.1774091432617,4054785,ASIANPAINT.NS
2020-06-26,1596.76806640625,1619.1090697461593,1581.574228888532,1618.7777640757004,2129986,ASIANPAINT.NS
2020-06-29,1601.6907958984375,1617.3105830641393,1584.745785904727,1597.0049059720554,2753482,ASIANPAINT.NS
2020-06-30,1597.4305419921875,1626.3508551685923,1591.940020547203,1617.7363306772054,1960731,ASIANPAINT.NS
2020-07-01,1597.9512939453125,1607.4178300468843,1590.4254439678837,1607.4178300468843,1661296,ASIANPAINT.NS
2020-07-02,1596.4840087890625,1613.0978266424174,1571.5397081143228,1609.3112120258859,2038399,ASIANPAINT.NS
2020-07-03,1605.193359375,1628.2443537127006,1599.8447428921302,1604.9566959514952,1988941,ASIANPAINT.NS
2020-07-06,1617.68896484375,1620.6709467651706,1601.8798961073862,1617.78360709113,1236670,ASIANPAINT.NS
2020-07-07,1652.620361328125,1656.548996497358,1614.8488632532753,1617.7834660159506,2983260,ASIANPAINT.NS
2020-07-08,1596.2947998046875,1667.814532981456,1590.4255930947056,1656.6439731108692,2725937,ASIANPAINT.NS
2020-07-09,1625.64111328125,1630.1377184861335,1601.8327489268886,1603.6314141205053,1904661,ASIANPAINT.NS
2020-07-10,1612.6246337890625,1619.724536784905,1604.7673615836698,1616.8371966766024,1156043,ASIANPAINT.NS
2020-07-13,1614.659912109375,1640.456225523726,1609.3112955741865,1616.8845252004178,1289791,ASIANPAINT.NS
2020-07-14,1598.330078125,1626.3510036205373,1592.366113785955,1614.6598539180468,1347120,ASIANPAINT.NS
2020-07-15,1582.473388671875,1622.1854578347045,1574.568854847316,1609.310993002344,1611341,ASIANPAINT.NS
2020-07-16,1602.8741455078125,1606.5661183878162,1557.3401214766307,1590.1890772119737,1442725,ASIANPAINT.NS
2020-07-17,1626.2562255859375,1649.5438807913317,1599.6079039122828,1604.5778352604345,2308792,ASIANPAINT.NS
2020-07-20,1658.1585693359375,1663.6018280174708,1628.4809994621965,1634.8709118274746,1848600,ASIANPAINT.NS
2020-07-21,1632.2674560546875,1677.233501676029,1627.2975246965393,1667.0569755617253,2088461,ASIANPAINT.NS
2020-07-22,1605.2879638671875,1643.769458735418,1600.791358926383,1632.2675935120142,1300409,ASIANPAINT.NS
2020-07-23,1637.07666015625,1648.6360158421517,1598.418941796385,1601.261417685768,2375218,ASIANPAINT.NS
2020-07-24,1622.1534423828125,1636.3183990518721,1593.681266476693,1633.4759235468603,3971563,ASIANPAINT.NS
2020-07-27,1684.782470703125,1694.1152412658955,1627.0327794078999,1627.0327794078999,6470525,ASIANPAINT.NS
2020-07-28,1667.25390625,1698.5211344731636,1659.1055002088137,1685.5878487578227,2534092,ASIANPAINT.NS
2020-07-29,1648.7779541015625,1686.4407548693325,1639.1608887608118,1677.0605624893856,1530981,ASIANPAINT.NS
2020-07-30,1651.809814453125,1684.6404286153513,1637.3605644326615,1660.0056416952168,2113975,ASIANPAINT.NS
2020-07-31,1625.422119140625,1677.9131859337162,1620.5899342822981,1661.9005520097094,1678643,ASIANPAINT.NS
2020-08-03,1615.9473876953125,1643.8983979193008,1608.367452719316,1638.213446687303,1437425,ASIANPAINT.NS
2020-08-04,1623.9534912109375,1643.898239458237,1618.837128123827,1628.738370967556,1815396,ASIANPAINT.NS
2020-08-05,1626.1800537109375,1650.4831233283508,1622.579538980635,1627.790743339405,1416803,ASIANPAINT.NS
2020-08-06,1636.839599609375,1660.100455242447,1629.780715896527,1641.103312954895,1914507,ASIANPAINT.NS
2020-08-07,1711.4068603515625,1721.4976699544072,1635.086358667905,1636.839310818065,5166075,ASIANPAINT.NS
2020-08-10,1688.76220703125,1728.5095626258264,1683.693148371712,1714.96038185301,1892614,ASIANPAINT.NS
2020-08-11,1695.583984375,1741.3004633858372,1686.535391487882,1705.4852273472964,3039662,ASIANPAINT.NS
2020-08-12,1702.879638671875,1711.1701919273369,1678.9554707061136,1695.9629022630702,1679096,ASIANPAINT.NS
2020-08-13,1707.9013671875,1719.6975936732426,1694.115315420252,1711.5491874358952,1192375,ASIANPAINT.NS
2020-08-14,1707.9013671875,1733.9099704804594,1701.2215038238605,1723.203267021442,1868376,ASIANPAINT.NS
2020-08-17,1740.25830078125,1745.7537999843948,1707.2382316857202,1724.4352325490358,1634180,ASIANPAINT.NS
2020-08-18,1775.6943359375,1785.0745277664857,1734.8574630257087,1734.8574630257087,2586298,ASIANPAINT.NS
2020-08-19,1786.685302734375,1802.5084857375148,1774.2258776623378,1790.7595638794085,1947114,ASIANPAINT.NS
2020-08-20,1776.452392578125,1781.2845776086629,1759.5396871409325,1769.8672551953807,1538879,ASIANPAINT.NS
2020-08-21,1855.1888427734375,1869.6380919319129,1781.9951052329636,1788.769694363978,5688228,ASIANPAINT.NS
2020-08-24,1859.1209716796875,1891.1935444797487,1838.1340061576716,1855.1888577611965,3996329,ASIANPAINT.NS
2020-08-25,1895.5521240234375,1910.9488661964244,1860.873946322865,1861.1108192793727,3544399,ASIANPAINT.NS
2020-08-26,1867.885498046875,1903.5111692724618,1852.8203541624187,1895.8838134449234,2245810,ASIANPAINT.NS
2020-08-27,1878.402587890625,1903.5111218523407,1866.606360652107,1876.8866240665711,3116305,ASIANPAINT.NS
2020-08-28,1855.2838134765625,1892.1412704701243,1850.7359218823258,1889.2987948509904,1842536,ASIANPAINT.NS
2020-08-31,1799.381591796875,1879.7289399125136,1782.4688868859869,1873.1912235872937,2738522,ASIANPAINT.NS
2020-09-01,1875.3707275390625,1883.6138606448358,1807.5776371454656,1823.9218721032742,3068285,ASIANPAINT.NS
2020-09-02,1841.8768310546875,1892.1413225679282,1823.9219058303763,1874.091555625198,2569603,ASIANPAINT.NS
2020-09-03,1874.138916015625,1883.471687788835,1842.8716843530792,1847.79859580535,1931667,ASIANPAINT.NS
2020-09-04,1853.6256103515625,1889.0144069145924,1848.5565522154388,1855.1889949963245,1930422,ASIANPAINT.NS
2020-09-07,1878.0234375,1898.4419316612364,1845.8087169200635,1861.821351163979,2855392,ASIANPAINT.NS
2020-09-08,1857.4154052734375,1896.831038438237,1849.5038723940384,1883.1398290897291,2401034,ASIANPAINT.NS
2020-09-09,1875.133544921875,1889.2037739082266,1855.188797843228,1857.415380265208,2776804,ASIANPAINT.NS
2020-09-10,1948.564453125,1961.023878697306,1876.9813960230204,1880.8187843639469,5081252,ASIANPAINT.NS
2020-09-11,1929.0457763671875,1961.2604957706446,1915.8283127585437,1954.6754743921244,2599475,ASIANPAINT.NS
2020-09-14,1924.5452880859375,1946.1481472800713,1899.72104931672,1942.3581800993895,2142458,ASIANPAINT.NS
2020-09-15,1911.612060546875,1941.931797087255,1903.5583805283363,1937.6206632836734,1997383,ASIANPAINT.NS
2020-09-16,1906.4481201171875,1920.565770273024,1889.4406895307172,1920.565770273024,1717740,ASIANPAINT.NS
2020-09-17,1902.5159912109375,1937.6206064079026,1894.983478149538,1894.983478149538,2416918,ASIANPAINT.NS
2020-09-18,1921.8927001953125,1937.005150578246,1909.1962848956407,1919.9029902265565,3021436,ASIANPAINT.NS
2020-09-21,1868.974853515625,1948.9904836460873,1859.26306330786,1929.472177189921,2518361,ASIANPAINT.NS
2020-09-22,1835.765380859375,1890.9093579066184,1825.2008240515956,1885.6981529545014,1974860,ASIANPAINT.NS
2020-09-23,1844.34033203125,1885.5088072108745,1827.0486055329593,1838.1342140648726,2732912,ASIANPAINT.NS
2020-09-24,1817.6207275390625,1842.8714051426768,1807.5773383860885,1839.60260495564,1906183,ASIANPAINT.NS
2020-09-25,1824.4903564453125,1852.3466410853202,1807.8145223482309,1824.1587574166306,1939316,ASIANPAINT.NS
2020-09-28,1843.440185546875,1855.1891080353023,1828.6593352952673,1836.2392703638486,1137313,ASIANPAINT.NS
2020-09-29,1857.0364990234375,1885.461252899113,1851.398969102343,1857.0839198774781,1965383,ASIANPAINT.NS
2020-09-30,1882.0977783203125,1898.7736112550988,1855.3311343492762,1862.8636480697965,2518982,ASIANPAINT.NS
2020-10-01,1933.309814453125,1941.7426312141686,1887.4512987046724,1901.6162564433228,2014003,ASIANPAINT.NS
2020-10-05,1921.513427734375,1935.441511345715,1905.4060666537614,1933.3096547321045,1554873,ASIANPAINT.NS
2020-10-06,1980.2579345703125,1987.7430275361219,1937.7155280591412,1942.358261181407,3152378,ASIANPAINT.NS
2020-10-07,1994.47021484375,2007.5456477896334,1965.0505485458216,1970.7829201306413,2429595,ASIANPAINT.NS
2020-10-08,1978.9786376953125,1997.265275534654,1963.250412749892,1993.9964751183797,1427493,ASIANPAINT.NS
2020-10-09,1942.927001953125,1998.1655952143867,1937.763101650491,1984.0480582927682,1636939,ASIANPAINT.NS
2020-10-12,1968.7459716796875,1976.894262542931,1934.0676785222058,1959.3182430090742,2182836,ASIANPAINT.NS
2020-10-13,1956.2388916015625,2002.9977053984683,1946.1956171127465,1967.9405080949,2619233,ASIANPAINT.NS
2020-10-14,1962.5870361328125,1975.9939512331675,1947.0954542240033,1961.3078298022808,1530471,ASIANPAINT.NS
2020-10-15,1980.6844482421875,2012.4728485884293,1957.5657378019775,1961.308284641266,4001883,ASIANPAINT.NS
2020-10-16,1952.97021484375,1980.2580272247835,1947.6169782555935,1980.210606366579,2017706,ASIANPAINT.NS
2020-10-19,1961.4027099609375,1970.7353646476063,1948.5167299888078,1970.7353646476063,1338404,ASIANPAINT.NS
2020-10-20,2007.261474609375,2019.863162418258,1958.7973592425394,1968.7932131551531,2377713,ASIANPAINT.NS
2020-10-21,2003.2818603515625,2031.280287927013,1971.967211639421,2018.1574346147588,2895432,ASIANPAINT.NS
2020-10-22,1989.6378173828125,2005.697987473841,1967.7508969256073,2003.186995563688,2755686,ASIANPAINT.NS
2020-10-23,2008.919677734375,2017.5891359905745,1985.9429994251857,2002.5241074833634,3070714,ASIANPAINT.NS
2020-10-26,1971.209228515625,2005.224322228983,1961.355406526726,2005.224322228983,1278139,ASIANPAINT.NS
2020-10-27,2082.397705078125,2091.4462988178852,1975.5205744958253,1975.5205744958253,4964874,ASIANPAINT.NS
2020-10-28,2049.279541015625,2105.2668949486965,2040.3593829098043,2087.474303656407,3166047,ASIANPAINT.NS
2020-10-29,2111.81494140625,2119.2167073503724,2050.7508936346785,2051.604845535209,4795796,ASIANPAINT.NS
2020-10-30,2098.5771484375,2128.326458201321,2083.3941349285697,2097.248727425229,3006197,ASIANPAINT.NS
2020-11-02,2061.900634765625,2112.241625189831,2055.495301374389,2085.766339842476,1772571,ASIANPAINT.NS
2020-11-03,2044.629638671875,2081.875463727062,2037.133119419687,2081.875463727062,1781465,ASIANPAINT.NS
2020-11-04,2058.67431640625,2100.8073193652185,2045.9111415657794,2049.7068950751777,2189957,ASIANPAINT.NS
2020-11-05,2124.0087890625,2131.0308402948885,2072.149168402107,2078.175019690607,2671841,ASIANPAINT.NS
2020-11-06,2096.251953125,2133.213049258372,2090.0363616510517,2119.8804213656344,2395965,ASIANPAINT.NS
2020-11-09,2111.5771484375,2134.161922992568,2101.091335428966,2134.161922992568,1691773,ASIANPAINT.NS
2020-11-10,2087.4267578125,2124.2456054671243,2077.2256723953005,2111.577188116486,1879561,ASIANPAINT.NS
2020-11-11,2070.298828125,2109.490029758591,2047.1448242018223,2092.4091388293714,2387398,ASIANPAINT.NS
2020-11-12,2060.90380859375,2089.3244583080823,2051.604168893868,2061.093549878576,1626054,ASIANPAINT.NS
2020-11-13,2068.637939453125,2093.879790154925,2061.093926526544,2069.1599018375364,1560060,ASIANPAINT.NS
2020-11-14,2073.050537109375,2081.401008142243,2069.017549656812,2080.072587298206,146991,ASIANPAINT.NS
2020-11-17,2075.944580078125,2108.445713733698,2070.5831718674635,2093.7371714954097,1699293,ASIANPAINT.NS
2020-11-18,2083.631103515625,2097.153473195733,2055.4951778685167,2073.430017616596,1817170,ASIANPAINT.NS
2020-11-19,2051.320068359375,2082.919763035525,2046.5753764162416,2063.9409952629917,2669522,ASIANPAINT.NS
2020-11-20,2055.92236328125,2078.222413798542,2050.2287333619415,2052.8858069924977,2196113,ASIANPAINT.NS
2020-11-23,2074.616943359375,2084.7705396975293,2029.5898546628641,2050.229268507606,4002609,ASIANPAINT.NS
2020-11-24,2095.16064453125,2117.081210514711,2079.123680967159,2080.926570950918,2954306,ASIANPAINT.NS
2020-11-25,2044.297607421875,2095.919752752005,2040.2171268333352,2085.054456713742,1682365,ASIANPAINT.NS
2020-11-26,2045.2464599609375,2066.2653475082498,2009.044330198734,2049.7064229723487,2247478,ASIANPAINT.NS
2020-11-27,2102.182861328125,2129.9867971945755,2054.4512230670293,2059.1959141133734,10036402,ASIANPAINT.NS
2020-12-01,2116.179931640625,2158.834662483161,2093.547660201539,2158.834662483161,2235498,ASIANPAINT.NS
2020-12-02,2197.598876953125,2207.1830148754334,2121.826060261939,2126.5707518099307,3305952,ASIANPAINT.NS
2020-12-03,2288.26953125,2298.1861209894137,2197.978152278393,2220.515435005478,4334658,ASIANPAINT.NS
2020-12-04,2314.22314453125,2320.1540085613146,2253.72833142459,2277.451787544849,2789953,ASIANPAINT.NS
2020-12-07,2346.29736328125,2352.2282274623244,2312.562561484424,2315.40937629134,1762501,ASIANPAINT.NS
2020-12-08,2314.364990234375,2357.351931585666,2303.9741645950735,2344.3990194656835,2090950,ASIANPAINT.NS
2020-12-09,2393.507080078125,2402.806721596241,2322.0519809577477,2324.89879580976,2022370,ASIANPAINT.NS
2020-12-10,2397.065673828125,2421.6905767355215,2373.294722733362,2387.4813041893126,2372909,ASIANPAINT.NS
2020-12-11,2392.22607421875,2407.3615944848857,2367.6011705037017,2387.528875746418,2171653,ASIANPAINT.NS
2020-12-14,2418.036865234375,2423.493260072963,2392.2732848836595,2400.813728978841,1280339,ASIANPAINT.NS
2020-12-15,2398.394287109375,2408.9750891609283,2374.718320617323,2405.558818287678,1283286,ASIANPAINT.NS
2020-12-16,2450.585693359375,2455.7573608161806,2408.0259491425395,2410.3033084177446,1920875,ASIANPAINT.NS
2020-12-17,2443.563720703125,2470.4187220814492,2426.4353373175677,2437.822597406661,1750663,ASIANPAINT.NS
2020-12-18,2468.663330078125,2501.4017059719154,2444.038424110289,2445.4143385013754,4402604,ASIANPAINT.NS
2020-12-21,2424.205322265625,2469.4223747502656,2409.449515902865,2462.9220542245116,1383048,ASIANPAINT.NS
2020-12-22,2467.9990234375,2480.1454812253637,2368.739974675404,2411.2524610957207,1993090,ASIANPAINT.NS
2020-12-23,2507.61669921875,2514.6862425090435,2471.0350850919053,2471.0350850919053,1339307,ASIANPAINT.NS
2020-12-24,2513.025390625,2522.2775373477766,2479.5753217041915,2522.2775373477766,1143202,ASIANPAINT.NS
2020-12-28,2546.855224609375,2552.1693713708423,2495.28057077741,2518.719298739936,1226254,ASIANPAINT.NS
2020-12-29,2559.096435546875,2573.9472248450843,2536.511661362981,2547.8989191019846,1562853,ASIANPAINT.NS
2020-12-30,2594.77685546875,2602.7955696305926,2543.4869244950396,2556.439839922886,1614643,ASIANPAINT.NS
2020-12-31,2623.340087890625,2630.4571255680275,2585.904516042368,2594.7769506755544,1526325,ASIANPAINT.NS
2021-01-01,2633.825439453125,2649.435426342945,2609.5800223650067,2618.120466074565,1246698,ASIANPAINT.NS
2021-01-04,2613.0908203125,2648.5812445379397,2604.8351051120408,2639.0918634628506,1360486,ASIANPAINT.NS
2021-01-05,2651.191162109375,2661.3922480647684,2592.4992400125484,2613.0911532341424,1299589,ASIANPAINT.NS
2021-01-06,2662.104248046875,2678.330954554186,2638.0485686094003,2658.261001459165,1697884,ASIANPAINT.NS
2021-01-07,2649.672607421875,2687.250651655377,2639.4715220857533,2657.9758164163927,1142806,ASIANPAINT.NS
2021-01-08,2699.444091796875,2704.283768642259,2646.6357806676033,2674.107491565103,1660967,ASIANPAINT.NS
2021-01-11,2703.8095703125,2726.7263344160206,2680.370843881342,2699.7290898523684,1517995,ASIANPAINT.NS
2021-01-12,2581.634033203125,2704.4740447977465,2573.6628128033035,2704.0945621629658,6674890,ASIANPAINT.NS
2021-01-13,2565.64404296875,2621.9161218870086,2541.2563787236368,2619.0693074224187,2862676,ASIANPAINT.NS
2021-01-14,2527.87646484375,2596.9117212569436,2512.7884396170075,2574.469424728452,2124950,ASIANPAINT.NS
2021-01-15,2458.603759765625,2525.9311068366637,2448.7823889193332,2525.0294302548277,2570436,ASIANPAINT.NS
2021-01-18,2456.042236328125,2486.076274662915,2424.9170115405173,2459.6482484593585,2395168,ASIANPAINT.NS
2021-01-19,2509.9892578125,2539.9283070479346,2457.7501588730056,2481.4736160049843,2558693,ASIANPAINT.NS
2021-01-20,2559.52392578125,2568.9183226342398,2509.989390996181,2518.482342765201,2065439,ASIANPAINT.NS
2021-01-21,2577.648681640625,2673.111737014648,2557.388755969035,2587.707288763363,5015712,ASIANPAINT.NS
2021-01-22,2464.060546875,2627.467907663497,2457.7501998424577,2609.5803280180535,4945564,ASIANPAINT.NS
2021-01-25,2385.583251953125,2497.1309888601095,2373.294548029312,2479.4333832808607,3520087,ASIANPAINT.NS
2021-01-27,2312.182861328125,2396.06890374391,2306.4417390060644,2396.06890374391,2700415,ASIANPAINT.NS
2021-01-28,2317.0224609375,2328.646954410935,2278.4482140403,2296.430547405147,3035457,ASIANPAINT.NS
2021-01-29,2284.426513671875,2357.1625354723174,2277.4517250940266,2330.5922653462203,2768673,ASIANPAINT.NS
2021-02-01,2322.811279296875,2341.742552554116,2255.531413019991,2302.6938331328593,1797359,ASIANPAINT.NS
2021-02-02,2337.8515625,2391.324324083277,2301.2701793103656,2334.388030652723,2679428,ASIANPAINT.NS
2021-02-03,2328.362060546875,2375.998942273978,2313.8434918080648,2375.998942273978,2409356,ASIANPAINT.NS
2021-02-04,2279.16015625,2330.5925680537657,2275.5541442153626,2330.5925680537657,3478562,ASIANPAINT.NS
2021-02-05,2255.388916015625,2300.1312604512254,2249.7427799374173,2296.430494060298,3303319,ASIANPAINT.NS
2021-02-08,2293.44140625,2310.5695556065457,2252.2098556726705,2271.75807547474,3666313,ASIANPAINT.NS
2021-02-09,2378.845703125,2403.1383808536,2299.893863402575,2308.2920587320405,7178572,ASIANPAINT.NS
2021-02-10,2382.404296875,2424.537059565215,2348.6220048625855,2399.86466678686,4473123,ASIANPAINT.NS
2021-02-11,2377.564453125,2410.302818175015,2367.695589373864,2396.0212531734,1446286,ASIANPAINT.NS
2021-02-12,2359.1552734375,2394.1709991862963,2338.3733885422075,2389.4263083436754,1376085,ASIANPAINT.NS
2021-02-15,2331.30419921875,2388.952201702739,2323.522951391181,2367.601089671632,1634576,ASIANPAINT.NS
2021-02-16,2325.13623046875,2348.717441525268,2298.3287216387357,2345.775639921947,1615849,ASIANPAINT.NS
2021-02-17,2266.20654296875,2329.690644004312,2260.370666034749,2311.6133259700455,3178784,ASIANPAINT.NS
2021-02-18,2344.58935546875,2352.9875522752673,2272.944512268147,2300.2264889836083,4253843,ASIANPAINT.NS
2021-02-19,2293.061767578125,2344.73140849834,2277.451779838689,2344.73140849834,2244567,ASIANPAINT.NS
2021-02-22,2265.1630859375,2323.00082568326,2258.473024969836,2304.733764451886,2002642,ASIANPAINT.NS
2021-02-23,2251.07080078125,2277.451324963611,2196.7915905378163,2253.727873661907,3267268,ASIANPAINT.NS
2021-02-24,2240.775390625,2286.324425838692,2227.347775614673,2251.830428376907,1708526,ASIANPAINT.NS
2021-02-25,2252.542236328125,2264.4039647974673,2216.9095576713435,2253.7284091750594,2839515,ASIANPAINT.NS
2021-02-26,2160.922119140625,2239.4942519419374,2144.6004277071097,2218.665103857268,3933813,ASIANPAINT.NS
2021-03-01,2241.67724609375,2248.889038985205,2182.5583369789583,2182.5583369789583,2545806,ASIANPAINT.NS
2021-03-02,2268.34228515625,2279.872025855422,2238.5457117183623,2264.167048817301,2033586,ASIANPAINT.NS
2021-03-03,2279.445068359375,2294.24836868729,2254.4879416112544,2283.145835522749,1591567,ASIANPAINT.NS
2021-03-04,2293.678466796875,2310.6643668030174,2230.004625046033,2258.4727691955572,2149984,ASIANPAINT.NS
2021-03-05,2265.21044921875,2300.131189320591,2255.7210673053446,2276.5027210259573,1953642,ASIANPAINT.NS
2021-03-08,2261.035400390625,2290.2627484249,2239.5420390509303,2261.3201282355653,1593838,ASIANPAINT.NS
2021-03-09,2298.99267578125,2319.2051070507337,2273.798318647603,2277.4518236177414,1800442,ASIANPAINT.NS
2021-03-10,2307.770263671875,2321.1028920317062,2292.2077694939862,2321.1028920317062,1056102,ASIANPAINT.NS
2021-03-12,2278.73291015625,2338.800514746123,2274.6049361880373,2318.066353435474,1279203,ASIANPAINT.NS
2021-03-15,2234.74951171875,2303.595026026106,2223.4097463062612,2279.8715704876904,1524449,ASIANPAINT.NS
2021-03-16,2342.549072265625,2353.366875718126,2254.060579862111,2257.7138531443843,4230564,ASIANPAINT.NS
2021-03-17,2299.22998046875,2334.3881904029895,2287.985200751319,2334.3881904029895,1623187,ASIANPAINT.NS
2021-03-18,2281.769287109375,2342.786056815272,2267.96219061823,2342.786056815272,1851739,ASIANPAINT.NS
2021-03-19,2288.127197265625,2309.7155409619622,2235.0816454243695,2270.8090753993324,3738079,ASIANPAINT.NS
2021-03-22,2301.839599609375,2313.6065735934826,2267.962548463027,2267.962548463027,1489853,ASIANPAINT.NS
2021-03-23,2287.2255859375,2309.667879697502,2275.743342071151,2305.9196204764526,1745466,ASIANPAINT.NS
2021-03-24,2318.7783203125,2343.8776929977785,2286.941392763015,2287.2261205990685,4132092,ASIANPAINT.NS
2021-03-25,2279.538818359375,2342.9279231246664,2269.859697089592,2325.7995458815813,2272545,ASIANPAINT.NS
2021-03-26,2377.232666015625,2385.583369307743,2286.0873285434345,2301.1753546941486,3084607,ASIANPAINT.NS
2021-03-30,2446.41015625,2451.5343298254948,2392.747655069139,2409.4490599455935,2332884,ASIANPAINT.NS
2021-03-31,2407.835693359375,2451.0598746566607,2401.762581555807,2446.410170151526,1616044,ASIANPAINT.NS
2021-04-01,2421.452880859375,2433.5993352965274,2402.711352732806,2402.711352732806,1219588,ASIANPAINT.NS
2021-04-05,2382.451904296875,2427.3842264914056,2357.6372598584426,2427.3842264914056,1268939,ASIANPAINT.NS
2021-04-06,2478.247314453125,2486.218303366684,2376.6159315961295,2397.018104696276,3372846,ASIANPAINT.NS
2021-04-07,2494.379150390625,2531.8147176246034,2467.334410550008,2471.9841152563645,1937977,ASIANPAINT.NS
2021-04-08,2515.30322265625,2522.6574945117486,2493.8098627418726,2495.7077393497434,897483,ASIANPAINT.NS
2021-04-09,2496.467041015625,2519.4313025989727,2476.871325212993,2500.4525357244042,1185017,ASIANPAINT.NS
2021-04-12,2469.326904296875,2476.7286684916076,2424.537068197723,2446.552387804998,1427691,ASIANPAINT.NS
2021-04-13,2439.435546875,2491.911879164871,2433.3624346602683,2467.239484321655,1200230,ASIANPAINT.NS
2021-04-15,2455.5673828125,2461.1187640630387,2407.456261447188,2457.7499870509328,1209829,ASIANPAINT.NS
2021-04-16,2527.68701171875,2555.9654206057185,2449.874067783473,2455.47294299809,2760777,ASIANPAINT.NS
2021-04-19,2440.57421875,2514.6863895417173,2435.7822658754717,2514.6863895417173,1552036,ASIANPAINT.NS
2021-04-20,2423.255859375,2471.6991991729083,2399.674884911319,2467.23923611941,1489287,ASIANPAINT.NS
2021-04-22,2383.021240234375,2426.435166263533,2360.9584253670982,2425.154006924067,1690758,ASIANPAINT.NS
2021-04-23,2389.379150390625,2434.02674381974,2368.739742328996,2398.0620748556685,1614593,ASIANPAINT.NS
2021-04-26,2427.2890625,2443.5159992814843,2400.8137779348176,2400.8137779348176,1103980,ASIANPAINT.NS
2021-04-27,2442.89892578125,2448.1653469730422,2404.6091802220258,2415.047499473187,866331,ASIANPAINT.NS
2021-04-28,2481.046875,2486.4557774032914,2443.516315929196,2455.852514805732,1065561,ASIANPAINT.NS
2021-04-29,2480.002685546875,2507.0949196011356,2438.771363881498,2495.707660314529,1295346,ASIANPAINT.NS
2021-04-30,2406.88671875,2472.7431677658656,2395.1674711748055,2462.494589037312,1384907,ASIANPAINT.NS
2021-05-03,2450.300537109375,2462.589471419923,2377.659507488613,2381.834742654602,1034774,ASIANPAINT.NS
2021-05-04,2455.0458984375,2484.2732476060432,2440.242598344581,2471.9845416131375,1058140,ASIANPAINT.NS
2021-05-05,2436.541015625,2483.3712072935737,2416.0915832659102,2483.3712072935737,1220186,ASIANPAINT.NS
2021-05-06,2418.89111328125,2450.0163344835632,2398.9159166122413,2448.118457967256,1518119,ASIANPAINT.NS
2021-05-07,2421.3583984375,2457.7502760832404,2411.726767052338,2424.537434514548,1416102,ASIANPAINT.NS
2021-05-10,2426.3876953125,2456.801213604122,2412.3433623954134,2456.801213604122,1526814,ASIANPAINT.NS
2021-05-11,2425.723388671875,2431.179783580379,2392.5580433454957,2403.66057447662,1168363,ASIANPAINT.NS
2021-05-12,2425.676025390625,2456.7537545780947,2400.813888375527,2445.413988278155,2085630,ASIANPAINT.NS
2021-05-14,2632.828857421875,2690.476849163947,2468.710053192278,2486.217915460556,10543708,ASIANPAINT.NS
2021-05-17,2640.658203125,2679.9916515415457,2607.255619417656,2639.946499359896,2134352,ASIANPAINT.NS
2021-05-18,2677.714111328125,2699.729433307034,2646.5888891013424,2654.180395416441,1328605,ASIANPAINT.NS
2021-05-19,2672.067626953125,2703.5248344810116,2655.7457051611746,2661.9138032391406,1219067,ASIANPAINT.NS
2021-05-20,2651.4287109375,2699.729579818804,2636.625180149929,2670.3124912513586,1211975,ASIANPAINT.NS
2021-05-21,2687.86767578125,2708.2698487836496,2652.282490311948,2663.669749662125,1328308,ASIANPAINT.NS
2021-05-24,2675.24658203125,2703.5249873067137,2664.8082616169386,2700.6781726482654,813091,ASIANPAINT.NS
2021-05-25,2765.585693359375,2773.4144343471394,2678.615590692331,2692.042974989468,2730112,ASIANPAINT.NS
2021-05-26,2791.39697265625,2797.3750985568527,2761.789912603802,2789.736330645108,1250531,ASIANPAINT.NS
2021-05-27,2798.751220703125,2813.602012178597,2754.056134855087,2799.3679379179966,2415085,ASIANPAINT.NS
2021-05-28,2790.54296875,2812.463537377343,2781.4805611426127,2807.1018966774486,711383,ASIANPAINT.NS
2021-05-31,2825.463623046875,2837.277857856226,2786.1776723936564,2787.9805623884868,2093635,ASIANPAINT.NS
2021-06-01,2781.33837890625,2830.3036917573722,2766.2503514038503,2813.602283676913,1194073,ASIANPAINT.NS
2021-06-02,2755.431884765625,2783.94752483593,2730.23752849146,2769.808437916397,2067842,ASIANPAINT.NS
2021-06-03,2785.46630859375,2791.7766560200225,2755.764491581294,2770.520529418932,1404434,ASIANPAINT.NS
2021-06-04,2775.54931640625,2837.3252874071713,2759.512353103697,2802.2145731482865,1509084,ASIANPAINT.NS
2021-06-07,2783.330810546875,2790.8273298819095,2755.6691221828305,2780.38900936892,802415,ASIANPAINT.NS
2021-06-08,2776.830810546875,2793.911700624566,2759.038216715947,2778.4914526377615,762931,ASIANPAINT.NS
2021-06-09,2793.247314453125,2813.601994180702,2770.520289030623,2781.148351409009,1340352,ASIANPAINT.NS
2021-06-10,2813.797607421875,2822.0941915003323,2785.2360317684775,2808.457154339466,1344559,ASIANPAINT.NS
2021-06-11,2819.185791015625,2833.824193452226,2802.354212529261,2822.7619252114164,878445,ASIANPAINT.NS
2021-06-14,2813.130615234375,2832.2987910904685,2781.2792674125762,2818.0897084656976,746823,ASIANPAINT.NS
2021-06-15,2901.15087890625,2908.589284953331,2823.6679676267554,2832.298418462752,2262031,ASIANPAINT.NS
2021-06-16,2878.739990234375,2901.150428788974,2866.152045780715,2888.562484335314,859505,ASIANPAINT.NS
2021-06-17,2918.411376953125,2931.4284111192856,2861.383915574238,2878.0248119617595,1533864,ASIANPAINT.NS
2021-06-18,2905.91943359375,2935.1007869260006,2876.213766743618,2919.604202667479,2293860,ASIANPAINT.NS
2021-06-21,2926.279296875,2936.3876970637234,2880.9815945759465,2883.9854543367524,720491,ASIANPAINT.NS
2021-06-22,2871.20703125,2949.452903871602,2864.9129411443027,2941.966768883861,1199238,ASIANPAINT.NS
2021-06-23,2848.84423828125,2889.5167154209653,2845.17264701599,2889.5167154209653,1009007,ASIANPAINT.NS
2021-06-24,2902.152587890625,2908.3034931679517,2837.496024293926,2848.844431725424,985596,ASIANPAINT.NS
2021-06-25,2864.62646484375,2911.9268932948007,2846.6028414884495,2889.7071327584654,786964,ASIANPAINT.NS
2021-06-28,2844.64794921875,2897.9563317463662,2838.2586357294463,2883.7947465588727,891695,ASIANPAINT.NS
2021-06-29,2862.338134765625,2883.6519901170227,2835.2072401557707,2850.417686095104,1242734,ASIANPAINT.NS
2021-06-30,2853.94580078125,2889.5164625444777,2847.222621853656,2859.9537528616797,924522,ASIANPAINT.NS
2021-07-01,2881.506591796875,2886.560676271559,2858.047053385318,2868.537049243589,848235,ASIANPAINT.NS
2021-07-02,2865.67578125,2897.908720129143,2860.669192946651,2892.329857176909,805542,ASIANPAINT.NS
2021-07-05,2875.021240234375,2908.589173641332,2867.6782911799214,2879.980099802237,863343,ASIANPAINT.NS
2021-07-06,2863.29150390625,2889.0396706357983,2857.0928711750626,2863.768321808649,762630,ASIANPAINT.NS
2021-07-07,2899.148681640625,2926.7086668674333,2871.6361919532615,2922.8941231504346,1234865,ASIANPAINT.NS
2021-07-08,2887.8955078125,2917.17208201248,2878.8359671851317,2908.5893593128685,907391,ASIANPAINT.NS
2021-07-09,2871.016357421875,2898.2424763351187,2867.583175024965,2881.8877136433134,547082,ASIANPAINT.NS
2021-07-12,2860.335693359375,2901.771363354118,2852.3729725409867,2894.189770981673,765566,ASIANPAINT.NS
2021-07-13,2855.04296875,2881.0295473563715,2846.9370634966363,2879.980454724488,703484,ASIANPAINT.NS
2021-07-14,2862.76708984375,2868.298224331239,2845.840053526942,2863.7684540492764,470744,ASIANPAINT.NS
2021-07-15,2845.268310546875,2871.397842420799,2833.3478611844507,2870.444206471805,635535,ASIANPAINT.NS
2021-07-16,2850.70361328125,2866.629284966816,2827.5302162097837,2855.185655086709,1062548,ASIANPAINT.NS
2021-07-19,2843.69482421875,2860.6218632222203,2827.530740579694,2850.7041419487027,837836,ASIANPAINT.NS
2021-07-20,3012.583251953125,3032.085057702136,2841.4056240690134,2857.0928865782666,6755922,ASIANPAINT.NS
2021-07-22,2962.708251953125,3018.2575416211926,2946.734851061449,2984.8802860266455,1982572,ASIANPAINT.NS
2021-07-23,2940.7744140625,2984.498708856101,2935.3387365375206,2961.992810726591,815329,ASIANPAINT.NS
2021-07-26,2919.27001953125,2974.390218264689,2909.73366102447,2937.1506917314628,1136884,ASIANPAINT.NS
2021-07-27,2888.22900390625,2938.6287496120626,2881.219920392879,2936.626021281818,904289,ASIANPAINT.NS
2021-07-28,2864.8173828125,2892.377364139538,2845.6492102183915,2889.850322413114,996594,ASIANPAINT.NS
2021-07-29,2858.4755859375,2899.005107491262,2851.6571830869516,2864.8174037086565,762683,ASIANPAINT.NS
2021-07-30,2821.28369140625,2869.156160397825,2815.037330561314,2868.536390277089,1067423,ASIANPAINT.NS
2021-08-02,2836.16064453125,2848.319501182644,2823.381784906842,2847.1751847679384,832285,ASIANPAINT.NS
2021-08-03,2886.656005859375,2922.894171773698,2855.376700295388,2879.9805542435784,2433031,ASIANPAINT.NS
2021-08-04,2878.6455078125,2911.736627977701,2872.351417553893,2899.6254982461605,659295,ASIANPAINT.NS
2021-08-05,2849.845703125,2899.0534134020495,2841.882982290829,2893.3315974545458,693694,ASIANPAINT.NS
2021-08-06,2828.913330078125,2861.8614988635522,2824.1451503066096,2856.1396831377338,744159,ASIANPAINT.NS
2021-08-09,2853.802978515625,2875.2120565515684,2835.207079642406,2855.805474086145,825462,ASIANPAINT.NS
2021-08-10,2839.116943359375,2868.822840466636,2823.2867275760204,2859.0003444202202,724335,ASIANPAINT.NS
2021-08-11,2834.7783203125,2862.290577798721,2815.6578729358116,2848.8919461265014,987941,ASIANPAINT.NS
2021-08-12,2837.543701171875,2846.8416514613814,2820.85507244712,2836.113247281182,438552,ASIANPAINT.NS
2021-08-13,2850.1318359375,2862.815241165147,2835.255254190506,2842.6934286533597,572250,ASIANPAINT.NS
2021-08-16,2833.63330078125,2845.792157135948,2822.7619458749564,2841.834661725463,461742,ASIANPAINT.NS
2021-08-17,2875.498291015625,2902.867593974059,2835.254903786938,2836.1130829431186,2036757,ASIANPAINT.NS
2021-08-18,2862.385498046875,2906.6818330925857,2853.802776098767,2906.6818330925857,1375320,ASIANPAINT.NS
2021-08-20,2968.620849609375,2979.20630130372,2862.3381743571676,2862.3381743571676,3931334,ASIANPAINT.NS
2021-08-23,2934.7666015625,3017.1608787386067,2909.542979880978,3012.583380091947,1578949,ASIANPAINT.NS
2021-08-24,2904.72705078125,2949.404983175213,2893.8556952944614,2949.404983175213,763704,ASIANPAINT.NS
2021-08-25,2897.193359375,2927.661977363442,2872.923374237653,2885.7020011406435,797870,ASIANPAINT.NS
2021-08-26,2898.71923828125,2941.4899010522226,2885.8928821322093,2921.940365318207,1319516,ASIANPAINT.NS
2021-08-27,2896.001708984375,2916.1710162642494,2880.4573963843422,2899.482387084734,634375,ASIANPAINT.NS
2021-08-30,2964.61572265625,2969.8607203159554,2906.730067776119,2914.9789255124188,1051747,ASIANPAINT.NS
2021-08-31,3052.922607421875,3061.171465438547,2959.180144953379,2964.61582342121,2283290,ASIANPAINT.NS
2021-09-01,3149.62109375,3178.4685808701083,3065.9395402032396,3080.2918076322094,2423168,ASIANPAINT.NS
2021-09-02,3148.524169921875,3165.1173403432313,3115.1944111897337,3159.3477969699798,847517,ASIANPAINT.NS
2021-09-03,3183.99951171875,3189.864279232004,3134.1243088026413,3148.5243036694437,832039,ASIANPAINT.NS
2021-09-06,3161.82763671875,3192.4869385694965,3152.624910352588,3187.051260362934,664394,ASIANPAINT.NS
2021-09-07,3181.568115234375,3237.212869141887,3169.7431219248524,3178.945616225939,1285818,ASIANPAINT.NS
2021-09-08,3181.901611328125,3205.6947802763943,3144.137536865116,3189.9120596948173,702598,ASIANPAINT.NS
2021-09-09,3191.19970703125,3203.2631084911336,3151.7667679557003,3151.7667679557003,591745,ASIANPAINT.NS
2021-09-13,3210.939453125,3217.567175342207,3175.9410659799833,3191.4376476632406,610920,ASIANPAINT.NS
2021-09-14,3206.6005859375,3231.490575063911,3201.212636445765,3227.961936117548,569412,ASIANPAINT.NS
2021-09-15,3196.87353515625,3227.0560169506184,3191.771490184546,3205.980804169582,587855,ASIANPAINT.NS
2021-09-16,3187.14697265625,3214.7069599616984,3180.37606391939,3194.6806039370185,516746,ASIANPAINT.NS
2021-09-17,3149.9072265625,3225.1967371835317,3132.7417797058165,3196.5876590890593,1545695,ASIANPAINT.NS
2021-09-20,3119.86767578125,3161.303110407709,3113.6213138706394,3146.9508430857964,689288,ASIANPAINT.NS
2021-09-21,3155.77197265625,3180.375826211889,3119.3431266983775,3119.867673024076,922057,ASIANPAINT.NS
2021-09-22,3163.68701171875,3175.5597317847614,3135.7931624066855,3174.177006331834,825945,ASIANPAINT.NS
2021-09-23,3166.69091796875,3185.1438655277825,3161.302968330718,3185.1438655277825,694716,ASIANPAINT.NS
2021-09-24,3288.708984375,3342.4939580754362,3166.8819934636913,3175.6076691558355,2775975,ASIANPAINT.NS
2021-09-27,3271.5908203125,3309.116485109318,3259.1935539417736,3301.106036890583,902449,ASIANPAINT.NS
2021-09-28,3223.00341796875,3270.6852161244,3194.6804764285503,3266.107716937202,961271,ASIANPAINT.NS
2021-09-29,3168.9794921875,3224.910138736651,3156.5344984315507,3208.9844674387214,973387,ASIANPAINT.NS
2021-09-30,3094.21484375,3192.4870766040967,3070.7078103181575,3175.5123098461563,2077896,ASIANPAINT.NS
2021-10-01,3030.511962890625,3102.1298798774237,3023.0258278854935,3097.409428697818,1512332,ASIANPAINT.NS
2021-10-04,3053.16064453125,3080.7206275945086,3030.654745239235,3054.3049609922627,921241,ASIANPAINT.NS
2021-10-05,3103.845947265625,3108.852534936919,3043.671438506913,3059.788022322482,909337,ASIANPAINT.NS
2021-10-06,3063.31689453125,3127.9257262238307,3052.2546250539044,3110.760280165285,786378,ASIANPAINT.NS
2021-10-07,3138.272705078125,3164.163825895694,3070.70751036291,3070.70751036291,1177283,ASIANPAINT.NS
2021-10-08,3153.57861328125,3174.65406079352,3112.7631810937037,3153.674070004257,882436,ASIANPAINT.NS
2021-10-11,3152.767822265625,3189.2921215814554,3144.8525982121287,3172.1741719591582,460197,ASIANPAINT.NS
2021-10-12,3169.170166015625,3180.3753866432285,3127.925417748063,3127.925417748063,564524,ASIANPAINT.NS
2021-10-13,3169.40869140625,3203.1673067705387,3138.79688803429,3188.004590152277,770144,ASIANPAINT.NS
2021-10-14,3144.900146484375,3197.4930670348767,3137.461740777858,3187.0508017263223,648597,ASIANPAINT.NS
2021-10-18,3091.210693359375,3131.692489748418,3082.151152533549,3101.700687999805,1576121,ASIANPAINT.NS
2021-10-19,3036.13818359375,3117.5310977571094,3028.8429623588468,3109.7110974112256,1042069,ASIANPAINT.NS
2021-10-20,3022.64453125,3070.659960543676,2991.222041157766,3042.0986110574067,1205540,ASIANPAINT.NS
2021-10-21,2862.815185546875,3047.296017611547,2785.046125531137,3045.913292017561,5103543,ASIANPAINT.NS
2021-10-22,2844.12353515625,2863.7207989151275,2777.1306150627,2837.0667228229418,2855592,ASIANPAINT.NS
2021-10-25,2782.75732421875,2813.2259450937318,2724.776214108158,2813.2259450937318,2161537,ASIANPAINT.NS
2021-10-26,2832.10791015625,2883.794928783824,2763.636806751165,2782.7572528928363,1988263,ASIANPAINT.NS
2021-10-27,2951.16943359375,2999.1850973588334,2888.754006510268,2888.754006510268,4609951,ASIANPAINT.NS
2021-10-28,2975.32470703125,3005.2088026415636,2923.4810866032117,2962.626326495678,1791065,ASIANPAINT.NS
2021-10-29,2959.857666015625,3002.4399098700087,2943.8176183568553,2983.6311457464594,1118903,ASIANPAINT.NS
2021-11-01,2980.576171875,3000.1010089002857,2951.789956619605,2986.495649881484,750393,ASIANPAINT.NS
2021-11-02,2962.9609375,2997.7619680307203,2940.6671501201845,2978.8576325892777,881916,ASIANPAINT.NS
2021-11-03,3027.216064453125,3038.9118990396364,2954.988411857351,2961.767315345969,879227,ASIANPAINT.NS
2021-11-04,3016.33203125,3045.6909645287647,3002.7266719256945,3035.188581892459,263595,ASIANPAINT.NS
2021-11-08,2996.043212890625,3037.097979670197,2955.131567175294,3021.8217873801236,787824,ASIANPAINT.NS
2021-11-09,3002.86962890625,3012.274127900613,2978.8574577020327,2997.9526978155072,668840,ASIANPAINT.NS
2021-11-10,2967.686767578125,2994.754130387201,2941.144337391452,2990.314580331124,872975,ASIANPAINT.NS
2021-11-11,2924.913330078125,2966.1112163378943,2913.933567291803,2950.214522585737,958143,ASIANPAINT.NS
2021-11-12,2981.625732421875,2986.495111167677,2936.656588476502,2949.2593984644996,682344,ASIANPAINT.NS
2021-11-15,3025.354248046875,3036.1431050709243,2984.585958003682,2984.585958003682,696377,ASIANPAINT.NS
2021-11-16,3009.123291015625,3063.831199184654,2978.95295225251,3021.8216719910965,1400107,ASIANPAINT.NS
2021-11-17,3084.119384765625,3093.3327431370994,3021.8689604037486,3026.5949848175937,1616452,ASIANPAINT.NS
2021-11-18,3080.873779296875,3112.524045601868,3068.6049946516573,3102.8333047719802,1609821,ASIANPAINT.NS
2021-11-22,3113.7177734375,3158.6871597779855,3069.607812810191,3094.383841689824,2146970,ASIANPAINT.NS
2021-11-23,3041.442138671875,3139.5439342671125,3028.0754706588987,3113.717575522802,1482618,ASIANPAINT.NS
2021-11-24,3014.183837890625,3063.7358958040345,3007.5005034385395,3041.919722486022,1056213,ASIANPAINT.NS
2021-11-25,3002.010009765625,3029.7936734212567,2972.173701327945,3013.7058426731955,728825,ASIANPAINT.NS
2021-11-26,3000.91259765625,3024.0655766362797,2951.1694031864504,2960.717023384401,1029110,ASIANPAINT.NS
2021-11-29,3002.05810546875,3035.0927297353896,2932.9331990618225,2989.3597246629856,876651,ASIANPAINT.NS
2021-11-30,3001.437255859375,3044.7358027366363,2975.1813027156754,2975.1813027156754,2340489,ASIANPAINT.NS
2021-12-01,2996.18603515625,3054.9994628462637,2982.7718166162367,3013.133059287986,1741820,ASIANPAINT.NS
2021-12-02,3036.71630859375,3049.5100269901036,3009.648710889028,3017.048116871862,939320,ASIANPAINT.NS
2021-12-03,2969.7392578125,3043.255927889577,2965.4906137584503,3040.916807733633,1216263,ASIANPAINT.NS
2021-12-06,2900.853515625,2974.0837165365315,2891.258110626565,2974.0837165365315,1107363,ASIANPAINT.NS
2021-12-07,2893.26318359375,2930.1646424671503,2879.99185164405,2902.4765438579784,2056459,ASIANPAINT.NS
2021-12-08,2967.877685546875,2981.721734586743,2893.8836303337876,2894.742822897785,1171484,ASIANPAINT.NS
2021-12-09,3034.902099609375,3039.055407789844,2970.2647550625175,3009.7918109270854,1287243,ASIANPAINT.NS
2021-12-10,3134.626708984375,3143.076445766298,3034.9018665512763,3039.9621516767597,2554394,ASIANPAINT.NS
2021-12-13,3131.476318359375,3189.859922901631,3122.978796486145,3136.4888189865023,1265832,ASIANPAINT.NS
2021-12-14,3148.32763671875,3155.488351586192,3102.0216805759574,3125.890730134098,863179,ASIANPAINT.NS
2021-12-15,3152.576171875,3164.033315266611,3118.7299073915174,3129.852790862402,811946,ASIANPAINT.NS
2021-12-16,3149.3779296875,3174.5835524746904,3122.6445945087657,3174.5835524746904,502930,ASIANPAINT.NS
2021-12-17,3096.96142578125,3144.3177138068713,3081.685233914429,3126.845522739957,1019403,ASIANPAINT.NS
2021-12-20,3092.903564453125,3126.8453985281394,3037.097774875729,3081.016824748185,948872,ASIANPAINT.NS
2021-12-21,3123.360595703125,3146.895384512051,3093.4287153577197,3100.112049002011,712026,ASIANPAINT.NS
2021-12-22,3131.714599609375,3137.013341674364,3094.3833161025927,3127.513507394115,619865,ASIANPAINT.NS
2021-12-23,3120.06689453125,3158.257377566468,3102.9767466114736,3141.167229646692,1051596,ASIANPAINT.NS
2021-12-24,3136.2021484375,3150.714483682498,3113.4787670571595,3131.6192443874525,651404,ASIANPAINT.NS
2021-12-27,3124.363037109375,3136.1544409027324,3080.2530798714834,3131.7148908958475,640701,ASIANPAINT.NS
2021-12-28,3215.8291015625,3222.3215293371404,3124.9358120060624,3127.7523130939517,1211648,ASIANPAINT.NS
2021-12-29,3215.113037109375,3232.82391765433,3194.8243459545747,3219.6481563086836,598421,ASIANPAINT.NS
2021-12-30,3213.4423828125,3236.6431457864905,3198.7391414064,3211.1032625564644,691223,ASIANPAINT.NS
2021-12-31,3229.912109375,3250.9646584077163,3209.336941349392,3236.6432281944662,570671,ASIANPAINT.NS
2022-01-03,3267.577392578125,3285.240489670109,3229.9598628207,3229.9598628207,696276,ASIANPAINT.NS
2022-01-04,3302.80810546875,3315.3631320446534,3260.559888602884,3278.652581183832,790886,ASIANPAINT.NS
2022-01-05,3367.2548828125,3379.8576953964316,3295.886418764228,3313.0243511371805,1024506,ASIANPAINT.NS
2022-01-06,3355.654541015625,3377.518733090338,3295.9819094190557,3333.217631535315,1312743,ASIANPAINT.NS
2022-01-07,3414.515625,3419.9577221597397,3338.373350197588,3355.654403743295,964364,ASIANPAINT.NS
2022-01-10,3392.746826171875,3427.5956397796626,3367.4456327306048,3418.0480196131457,657511,ASIANPAINT.NS
2022-01-11,3378.663818359375,3402.771557367096,3336.9407681612865,3389.977840597509,734344,ASIANPAINT.NS
2022-01-12,3383.485595703125,3420.387053475454,3374.1288815572143,3395.9928379473918,594543,ASIANPAINT.NS
2022-01-13,3299.89599609375,3398.952548598553,3293.9287338946656,3398.952548598553,1153984,ASIANPAINT.NS
2022-01-14,3212.201416015625,3305.3862873135545,3194.633887160934,3305.3862873135545,1558978,ASIANPAINT.NS
2022-01-17,3225.806640625,3245.2361411812312,3170.764702813436,3212.201281692422,1103159,ASIANPAINT.NS
2022-01-18,3221.080322265625,3242.8011564809167,3199.407272766745,3226.188391901978,558543,ASIANPAINT.NS
2022-01-19,3132.000732421875,3217.547488865791,3119.9230880537652,3217.547488865791,1495218,ASIANPAINT.NS
2022-01-20,3156.8251953125,3212.6787760590014,3076.2433703457737,3133.5290941883395,3075678,ASIANPAINT.NS
2022-01-21,3126.702392578125,3174.5358283641563,3095.099677507156,3150.762348079094,1441694,ASIANPAINT.NS
2022-01-24,3012.417236328125,3122.07174545831,2993.178875232967,3120.1622214549716,1575665,ASIANPAINT.NS
2022-01-25,3004.7314453125,3014.135710722476,2874.5495593584187,2959.762063941243,2699779,ASIANPAINT.NS
2022-01-27,2975.9453125,3000.8169087446904,2932.312736551744,2998.048192235994,1834684,ASIANPAINT.NS
2022-01-28,2970.121337890625,3026.5954146125086,2962.6263632626546,2988.4049361946854,892060,ASIANPAINT.NS
2022-01-31,3009.648681640625,3048.984831605917,2994.5156098617344,2997.9528464910977,944530,ASIANPAINT.NS
2022-02-01,3051.657958984375,3067.0297200021682,2999.480310350813,3049.509744543166,1008915,ASIANPAINT.NS
2022-02-02,3053.042236328125,3097.390882220039,3047.743260894317,3059.8211394014547,667265,ASIANPAINT.NS
2022-02-03,3058.102783203125,3094.9566908130187,3045.8817825954366,3067.5072824405274,899753,ASIANPAINT.NS
2022-02-04,3090.230712890625,3101.8312124704366,3032.372268455516,3043.7816291349427,705765,ASIANPAINT.NS
2022-02-07,3031.082763671875,3104.12205399451,3000.912425435529,3087.7001948157163,860393,ASIANPAINT.NS
2022-02-08,3070.848388671875,3077.674842703563,3022.9669417375308,3035.1879401131155,799206,ASIANPAINT.NS
2022-02-09,3082.305908203125,3111.5692694316904,3076.95914791684,3083.8811722198097,472725,ASIANPAINT.NS
2022-02-10,3092.2353515625,3101.0668998456194,3032.324037533771,3074.333564502123,728666,ASIANPAINT.NS
2022-02-11,3070.80126953125,3083.833678451381,3038.530265185918,3083.833678451381,587840,ASIANPAINT.NS
2022-02-14,3001.24658203125,3038.72099077786,2978.857459603151,2997.952699728812,681236,ASIANPAINT.NS
2022-02-15,3116.915771484375,3122.0713924720094,2991.1258919864586,2997.9523462881066,676844,ASIANPAINT.NS
2022-02-16,3105.697509765625,3136.488582727182,3077.1977722511074,3131.6192035319987,624320,ASIANPAINT.NS
2022-02-17,3118.109375,3145.8928075964054,3089.9914493899455,3124.9358296325568,636735,ASIANPAINT.NS
2022-02-18,3111.0439453125,3123.981016004737,3083.928799903495,3089.752707783453,423801,ASIANPAINT.NS
2022-02-21,3104.5517578125,3130.1394259802337,3059.2005629037853,3088.655063782974,547472,ASIANPAINT.NS
2022-02-22,3081.15966796875,3090.3732598493293,2978.857027087835,2978.857027087835,1147209,ASIANPAINT.NS
2022-02-23,3090.755615234375,3147.7548621443148,3083.8813751968296,3090.4691400044358,935896,ASIANPAINT.NS
2022-02-24,2930.21240234375,3053.1380115060415,2913.456282397923,2988.4051004114367,1823450,ASIANPAINT.NS
2022-02-25,2978.09326171875,2999.3367139214047,2943.5787123897576,2964.5356894041543,1239456,ASIANPAINT.NS
2022-02-28,3031.034912109375,3046.1679821593884,2878.6072609968833,2950.2144067928257,1678348,ASIANPAINT.NS
2022-03-02,2891.926513671875,2970.4556936134204,2855.788909325496,2966.4457395547956,3014206,ASIANPAINT.NS
2022-03-03,2741.980712890625,2912.9786689995717,2732.5286629553507,2891.97390639125,4406840,ASIANPAINT.NS
2022-03-04,2614.281494140625,2734.247480082078,2541.62424532367,2734.247480082078,6979253,ASIANPAINT.NS
2022-03-07,2585.925048828125,2604.5429075152797,2481.760656236168,2530.023688048226,3233760,ASIANPAINT.NS
2022-03-08,2600.198486328125,2613.1355567973724,2518.661912644735,2568.3095318477394,2611102,ASIANPAINT.NS
2022-03-09,2744.892822265625,2759.2620362361945,2544.488382145627,2625.595363200531,4076068,ASIANPAINT.NS
2022-03-10,2781.03076171875,2902.4764398182224,2760.407809565777,2864.2859603469296,3971987,ASIANPAINT.NS
2022-03-11,2799.362060546875,2806.9523714929005,2751.9582225758822,2785.0406311784564,1265493,ASIANPAINT.NS
2022-03-14,2828.768798828125,2837.8868222205474,2785.3271293851976,2816.547799046922,1214217,ASIANPAINT.NS
2022-03-15,2852.01708984375,2894.8382569021637,2831.8239676688054,2862.3763503274035,1857685,ASIANPAINT.NS
2022-03-16,2904.385986328125,2912.024082281651,2874.5496740096655,2905.340748322316,1287234,ASIANPAINT.NS
2022-03-17,2994.70703125,3020.1991338512184,2937.3257332118883,2972.651932506164,2867519,ASIANPAINT.NS
2022-03-21,2907.966552734375,2976.2798249460466,2893.0246196902367,2976.2798249460466,1259015,ASIANPAINT.NS
2022-03-22,2913.12255859375,2924.1501084916504,2840.417511168225,2887.2008584109954,1515772,ASIANPAINT.NS
2022-03-23,2880.326171875,2940.571516803688,2869.059933172089,2921.5718454264866,948403,ASIANPAINT.NS
2022-03-24,2888.489013671875,2901.4736356823532,2817.072776777659,2835.1654682026888,1243917,ASIANPAINT.NS
2022-03-25,2909.11181640625,2925.9157196150995,2855.69293303442,2888.489098573034,1083275,ASIANPAINT.NS
2022-03-28,2890.494140625,2920.2351164775796,2860.132662717263,2909.1119994339856,680332,ASIANPAINT.NS
2022-03-29,2904.958984375,2948.0186111610283,2876.411460423094,2930.1646081962754,1120936,ASIANPAINT.NS
2022-03-30,2942.14697265625,2954.367973228297,2917.657186791538,2938.7575208391613,849545,ASIANPAINT.NS
2022-03-31,2940.619140625,2987.6889532895116,2927.3958269385544,2974.0835949498533,1464862,ASIANPAINT.NS
2022-04-01,2973.271728515625,2979.811940880987,2947.9705377327523,2969.309559801304,637392,ASIANPAINT.NS
2022-04-04,2976.9482421875,3000.817294802858,2953.556570624449,2983.583792195326,873264,ASIANPAINT.NS
2022-04-05,2998.716796875,3014.1838960001996,2940.6672156099507,2969.3100780996583,805874,ASIANPAINT.NS
2022-04-06,3011.319580078125,3021.8219628875286,2972.1743350612564,2995.088624827228,736379,ASIANPAINT.NS
2022-04-07,3012.274169921875,3063.78353422729,3003.2039307414443,3011.319407902882,1025244,ASIANPAINT.NS
2022-04-08,3061.20556640625,3074.3335434941523,3008.6458733369036,3024.685921052632,678898,ASIANPAINT.NS
2022-04-11,3014.613037109375,3076.24296687947,3007.500107284398,3039.9620132042933,672652,ASIANPAINT.NS
2022-04-12,2987.1162109375,3019.05318816277,2973.2721611362913,3011.987809096154,794265,ASIANPAINT.NS
2022-04-13,2941.28759765625,2980.671531971868,2927.395996392794,2976.184196984238,1121350,ASIANPAINT.NS
2022-04-18,2884.861083984375,2919.6621112550156,2876.6978225020803,2917.7525873104405,1032504,ASIANPAINT.NS
2022-04-19,2855.884033203125,2920.8078488717265,2835.6431255256816,2892.9288452332707,749782,ASIANPAINT.NS
2022-04-20,2943.531005859375,2949.7369583530776,2845.1905278822373,2855.9793842212935,838182,ASIANPAINT.NS
2022-04-21,3015.377197265625,3030.796510893555,2946.4434249526785,2950.0237825841978,1069035,ASIANPAINT.NS
2022-04-22,3021.24853515625,3029.746056126554,2972.4125560453354,2980.2893419081392,681191,ASIANPAINT.NS
2022-04-25,2988.97802734375,3012.36969647605,2955.0839761520497,2992.224124923633,1096774,ASIANPAINT.NS
2022-04-26,2984.25146484375,3006.2587734449057,2965.299580825479,2988.4047723824933,1703441,ASIANPAINT.NS
2022-04-27,3005.9248046875,3020.866735599515,2946.347520613168,2955.9429245942156,963536,ASIANPAINT.NS
2022-04-28,3100.78076171875,3120.162478569005,3026.595794695149,3045.6910363020584,2001838,ASIANPAINT.NS
2022-04-29,3090.755615234375,3129.7099529087327,3075.5749921057873,3102.021853874458,1088970,ASIANPAINT.NS
2022-05-02,3055.238525390625,3066.2182888412476,3011.367256309334,3050.4647151947024,595522,ASIANPAINT.NS
2022-05-04,2960.573974609375,3050.1782524973232,2942.051451115362,3034.233772996663,1120002,ASIANPAINT.NS
2022-05-05,2937.372802734375,2985.492709791109,2931.119065600586,2964.297041994599,724601,ASIANPAINT.NS
2022-05-06,2879.801025390625,2914.3155801646994,2868.00962086708,2883.381383068276,923941,ASIANPAINT.NS
2022-05-09,2869.298583984375,2901.330896635617,2840.4170326440444,2865.097724300624,998324,ASIANPAINT.NS
2022-05-10,2946.729736328125,2996.7591709454987,2898.6573772968645,2912.978807026592,2460016,ASIANPAINT.NS
2022-05-11,2915.5087890625,2968.8801229079377,2844.235901421119,2950.5962913710687,1883969,ASIANPAINT.NS
2022-05-12,2902.428955078125,2938.757699049161,2852.829111357665,2904.3862639725626,1254245,ASIANPAINT.NS
2022-05-13,2925.390625,2975.276937061439,2897.989003558694,2935.3200560761493,1121729,ASIANPAINT.NS
2022-05-16,2864.1904296875,2950.1190096612786,2850.1554749110214,2950.1190096612786,733044,ASIANPAINT.NS
2022-05-17,2912.02392578125,2918.325447842723,2817.502493436219,2863.235497261657,1179081,ASIANPAINT.NS
2022-05-18,2959.857666015625,2987.2592878389237,2889.1097110492115,2892.928758915767,1379763,ASIANPAINT.NS
2022-05-19,2909.064208984375,2932.7423529140356,2864.7155612459865,2864.7633459646404,772390,ASIANPAINT.NS
2022-05-20,2969.261962890625,2983.631177259544,2931.119268539776,2940.6668883070065,778957,ASIANPAINT.NS
2022-05-23,3030.605224609375,3043.7809856583726,2988.4525792917525,3001.7236766745677,813294,ASIANPAINT.NS
2022-05-24,2947.206787109375,3039.627550133298,2931.1189562770123,3031.130262684184,691307,ASIANPAINT.NS
2022-05-25,2709.662109375,2901.5214702752846,2698.4436568328038,2901.5214702752846,3381427,ASIANPAINT.NS
2022-05-26,2711.667236328125,2730.6193555130835,2595.568315475915,2721.0717353889117,3212196,ASIANPAINT.NS
2022-05-27,2706.60693359375,2739.2119600611322,2655.1929107459073,2738.2571981370957,1879534,ASIANPAINT.NS
2022-05-30,2715.343017578125,2753.533496025075,2689.564444626434,2749.71444818038,2525482,ASIANPAINT.NS
2022-05-31,2730.28515625,2747.8051328057086,2683.8360765520665,2715.3432236620692,2408221,ASIANPAINT.NS
2022-06-01,2723.458740234375,2806.9048499394466,2703.9339029841003,2730.2851956348686,1770795,ASIANPAINT.NS
2022-06-02,2776.973388671875,2786.950606127325,2719.162496146153,2740.3581684224305,1164197,ASIANPAINT.NS
2022-06-03,2756.302490234375,2787.380041821589,2726.800435899574,2773.583776711577,1228489,ASIANPAINT.NS
2022-06-06,2689.993896484375,2742.0762052897353,2680.684967862657,2741.2170128092753,1193698,ASIANPAINT.NS
2022-06-07,2620.53515625,2677.152588204664,2607.45496376139,2673.333540289964,1403598,ASIANPAINT.NS
2022-06-08,2582.822265625,2649.464703710546,2577.857549556207,2646.5048481003514,1743575,ASIANPAINT.NS
2022-06-09,2580.03759765625,2590.4084966910477,2529.095540917134,2573.507754972157,1857501,ASIANPAINT.NS
2022-06-10,2601.115234375,2627.282429626211,2546.620249769266,2559.1036823661743,1592920,ASIANPAINT.NS
2022-06-13,2555.0224609375,2576.3883351293102,2537.497642780172,2563.8568429289194,1674206,ASIANPAINT.NS
2022-06-14,2530.679931640625,2560.4002932783574,2482.2827144651424,2513.0111658627766,2296040,ASIANPAINT.NS
2022-06-15,2555.406494140625,2576.964608866053,2522.7096919251526,2544.6996441307256,928842,ASIANPAINT.NS
2022-06-16,2551.853759765625,2617.1517179031025,2535.097198278535,2587.863663150263,1280628,ASIANPAINT.NS
2022-06-17,2477.6728515625,2551.421165484332,2458.2755677982273,2544.7954383937717,2043251,ASIANPAINT.NS
2022-06-20,2554.974365234375,2567.1218454377713,2485.49940584278,2496.6863876114894,1595360,ASIANPAINT.NS
2022-06-21,2571.923095703125,2602.3153565527696,2535.096878708233,2568.6580575441517,1042074,ASIANPAINT.NS
2022-06-22,2560.39990234375,2600.346742397705,2521.9893439614225,2581.1895232924076,1871760,ASIANPAINT.NS
2022-06-23,2648.60009765625,2657.9626715846475,2568.658120267627,2568.658120267627,1612872,ASIANPAINT.NS
2022-06-24,2651.193115234375,2674.143568366949,2617.6799912208767,2664.73293310269,2215583,ASIANPAINT.NS
2022-06-27,2708.8564453125,2715.2901666579187,2655.1297261327104,2669.437564696676,1295734,ASIANPAINT.NS
2022-06-28,2618.159912109375,2674.1433526800024,2596.8420972518693,2669.534038387699,1838358,ASIANPAINT.NS
2022-06-29,2590.600341796875,2610.9578923039235,2571.587067153331,2598.9545919531333,1066354,ASIANPAINT.NS
2022-06-30,2588.103515625,2618.591897975024,2573.5075495453207,2606.9728441053026,1291447,ASIANPAINT.NS
2022-07-01,2662.955810546875,2669.5337122106503,2578.3086393113654,2597.4177976481783,1477191,ASIANPAINT.NS
2022-07-04,2679.425048828125,2686.8190357412313,2635.733030913105,2664.8769065949273,653147,ASIANPAINT.NS
2022-07-05,2656.66650390625,2700.550522276424,2650.3286676643143,2674.3352679148966,1073043,ASIANPAINT.NS
2022-07-06,2747.699462890625,2754.997563457026,2693.684609999563,2718.0754575687174,2085735,ASIANPAINT.NS
2022-07-07,2776.50732421875,2815.4941376357388,2762.487610036082,2786.1099645244653,1469087,ASIANPAINT.NS
2022-07-08,2765.368408203125,2773.2425263832183,2727.6299848308627,2765.560414121769,1274148,ASIANPAINT.NS
2022-07-11,2816.502197265625,2823.704176818593,2738.0486802231803,2759.798564697369,1081885,ASIANPAINT.NS
2022-07-12,2778.236083984375,2807.092067458996,2770.7459770173955,2803.971209092711,1115524,ASIANPAINT.NS
2022-07-13,2824.328369140625,2850.9756945672507,2809.7804636294354,2831.81847506735,2153712,ASIANPAINT.NS
2022-07-14,2822.35986328125,2837.4361957474302,2796.672801085964,2834.7954697273544,882479,ASIANPAINT.NS
2022-07-15,2859.810302734375,2866.388205289469,2823.608394734693,2832.7309032607395,1668006,ASIANPAINT.NS
2022-07-18,2897.932861328125,2904.798655283011,2869.6528984383494,2875.750668730181,823390,ASIANPAINT.NS
2022-07-19,2899.133544921875,2902.8784812740887,2859.810541026199,2864.8999878316463,638171,ASIANPAINT.NS
2022-07-20,2886.9853515625,2923.7154456903677,2880.7916963033335,2912.48040496267,867436,ASIANPAINT.NS
2022-07-21,2944.265869140625,2962.366706874781,2862.5472999453928,2862.5472999453928,1184060,ASIANPAINT.NS
2022-07-22,2945.513427734375,2969.8562116615076,2926.884401631,2944.265272201235,1268141,ASIANPAINT.NS
2022-07-25,2981.572021484375,2993.3352569108906,2930.3898971896792,2947.530705444109,985844,ASIANPAINT.NS
2022-07-26,2984.981201171875,3024.640158662444,2931.6865392239774,2972.9778989313572,2876310,ASIANPAINT.NS
2022-07-27,3059.449462890625,3066.123251454533,2972.9776343574176,2995.0156484218815,1976407,ASIANPAINT.NS
2022-07-28,3142.367919921875,3149.6660203301317,3055.560145332463,3070.9243698218784,1332572,ASIANPAINT.NS
2022-07-29,3201.2802734375,3221.0618066232037,3144.864760557274,3154.8514128913494,1836550,ASIANPAINT.NS
2022-08-01,3192.446044921875,3221.6860397359046,3182.7953438762015,3207.330138399045,1076122,ASIANPAINT.NS
2022-08-02,3261.200439453125,3269.458803501351,3193.4540028510696,3198.639334595198,1650536,ASIANPAINT.NS
2022-08-03,3302.97216796875,3310.990466615837,3237.290200283828,3268.73884813234,1169005,ASIANPAINT.NS
2022-08-04,3322.99365234375,3338.789948637784,3275.3644630163844,3317.7122002160545,981434,ASIANPAINT.NS
2022-08-05,3335.861083984375,3353.1938964264195,3314.3993238095286,3336.917468181741,792478,ASIANPAINT.NS
2022-08-08,3321.025390625,3338.7902768005956,3299.9957002253577,3327.3151674831747,724644,ASIANPAINT.NS
2022-08-10,3276.0849609375,3312.7672375339885,3261.0569213742147,3304.2688063747564,1089295,ASIANPAINT.NS
2022-08-11,3269.89111328125,3339.7503232842764,3255.2951465327724,3312.910989834237,1410533,ASIANPAINT.NS
2022-08-12,3291.640869140625,3298.3146566937967,3248.5729372811775,3263.9371604548396,548472,ASIANPAINT.NS
2022-08-16,3361.884521484375,3369.9987060179437,3318.000500211219,3332.1163352044505,911189,ASIANPAINT.NS
2022-08-17,3383.682373046875,3404.760121975189,3365.341470426292,3378.1608547806704,817912,ASIANPAINT.NS
2022-08-18,3394.869140625,3401.9269397676794,3375.8558681363625,3384.9303152851976,599877,ASIANPAINT.NS
2022-08-19,3344.16748046875,3397.89420502961,3326.354536165768,3380.129320815099,581829,ASIANPAINT.NS
2022-08-22,3216.644287109375,3347.0481832963033,3200.751871253156,3324.530039712452,2336567,ASIANPAINT.NS
2022-08-23,3223.222412109375,3249.4854932792246,3185.0519160259096,3200.560086696613,831446,ASIANPAINT.NS
2022-08-24,3244.588134765625,3250.4936646346,3170.791752030561,3206.8977724799797,1182154,ASIANPAINT.NS
2022-08-25,3228.887939453125,3269.843108314564,3218.036908560526,3240.8912403432855,615392,ASIANPAINT.NS
2022-08-26,3191.485595703125,3250.0136420289014,3174.2967287305933,3245.0683760007423,1384783,ASIANPAINT.NS
2022-08-29,3210.402587890625,3215.3000280204747,3108.0864127623263,3117.9771787574546,1031166,ASIANPAINT.NS
2022-08-30,3256.831787109375,3274.2604865975322,3198.639689377925,3198.639689377925,1426459,ASIANPAINT.NS
2022-09-01,3309.598388671875,3336.3416040653087,3183.2755953094797,3183.2755953094797,1417762,ASIANPAINT.NS
2022-09-02,3294.714111328125,3350.361367753884,3288.904466769003,3350.361367753884,740821,ASIANPAINT.NS
2022-09-05,3288.71240234375,3312.9110097882226,3270.227319173193,3288.952468358952,518438,ASIANPAINT.NS
2022-09-06,3260.33642578125,3298.0748487926094,3249.533455516899,3284.102960362823,540937,ASIANPAINT.NS
2022-09-07,3265.233642578125,3298.50669493907,3251.4057009225753,3257.215344754971,682921,ASIANPAINT.NS
2022-09-08,3313.054931640625,3346.184041498708,3291.208924415367,3312.910985808333,1143090,ASIANPAINT.NS
2022-09-09,3305.0849609375,3345.271871333777,3297.0186021399204,3345.271871333777,702805,ASIANPAINT.NS
2022-09-12,3295.81787109375,3316.4154858633137,3286.983489671682,3305.0845588434004,641280,ASIANPAINT.NS
2022-09-13,3286.215576171875,3321.5533400045983,3278.965535726007,3295.626210724424,776044,ASIANPAINT.NS
2022-09-14,3302.2998046875,3311.470372688679,3245.692289310638,3245.692289310638,816678,ASIANPAINT.NS
2022-09-15,3260.48046875,3321.313290226796,3254.430992773295,3303.3083392497806,590182,ASIANPAINT.NS
2022-09-16,3190.525146484375,3284.1028248243006,3178.041714694107,3276.8047247711334,1598265,ASIANPAINT.NS
2022-09-19,3184.4755859375,3209.298504861112,3102.9012035678297,3188.700653889006,1013563,ASIANPAINT.NS
2022-09-20,3258.367919921875,3274.500402811891,3201.5203351832392,3203.0568514354177,708184,ASIANPAINT.NS
2022-09-21,3222.6943359375,3288.808377661165,3214.9641631495588,3269.6992161064063,605378,ASIANPAINT.NS
2022-09-22,3299.46728515625,3303.308341367142,3183.89941263525,3222.694221028939,829396,ASIANPAINT.NS
2022-09-23,3260.33642578125,3301.3396526967185,3248.2850653984597,3298.506920715292,513370,ASIANPAINT.NS
2022-09-26,3301.43603515625,3330.1958980569375,3220.7257906813634,3236.0900162779353,1429914,ASIANPAINT.NS
2022-09-27,3332.740478515625,3360.924323403384,3294.7141611202323,3317.56849340727,1455383,ASIANPAINT.NS
2022-09-28,3428.7666015625,3440.529835712555,3284.1029218929116,3313.871106272643,1843428,ASIANPAINT.NS
2022-09-29,3250.3017578125,3421.8528341669094,3238.3943430955655,3421.8528341669094,2624894,ASIANPAINT.NS
2022-09-30,3209.63427734375,3276.3245635402413,3154.707224844648,3266.818043960579,2159720,ASIANPAINT.NS
2022-10-03,3171.656005859375,3219.2851960479807,3155.187571339195,3214.9640078653656,934543,ASIANPAINT.NS
2022-10-04,3205.121337890625,3234.5055116422795,3180.4425986549954,3197.679291491508,994382,ASIANPAINT.NS
2022-10-06,3196.671142578125,3232.96917260239,3180.106586781766,3205.121513582424,922770,ASIANPAINT.NS
2022-10-07,3210.835205078125,3226.1035457915427,3156.628340468735,3186.1564632064074,774544,ASIANPAINT.NS
2022-10-10,3147.697265625,3167.9108692872137,3130.6525799839424,3149.665853671434,734377,ASIANPAINT.NS
2022-10-11,3167.623046875,3226.487281366394,3143.9045711885638,3159.748928373845,1411316,ASIANPAINT.NS
2022-10-12,3119.12939453125,3206.8015422754806,3078.606301702408,3202.480354390995,1812549,ASIANPAINT.NS
2022-10-13,3081.4873046875,3128.7322485726286,3066.9872239061738,3101.7489697094384,779890,ASIANPAINT.NS
2022-10-14,3058.92138671875,3117.0173665952166,3053.639934002708,3106.454461163132,845765,ASIANPAINT.NS
2022-10-17,3070.540283203125,3090.1295751742523,3044.1330230050853,3058.9209949402057,1067773,ASIANPAINT.NS
2022-10-18,3097.66748046875,3120.8577605134064,3084.367731313557,3090.129314871428,1015424,ASIANPAINT.NS
2022-10-19,3085.08837890625,3116.729033001925,3069.3401419952233,3113.176102844623,943543,ASIANPAINT.NS
2022-10-20,3016.093017578125,3113.0318531576922,2978.5468369154414,3070.9241841859925,2284352,ASIANPAINT.NS
2022-10-21,2969.520751953125,3038.9959567069595,2950.5555350655472,3015.229419088349,1738731,ASIANPAINT.NS
2022-10-24,2997.608154296875,3033.474110057673,2992.182756232893,3024.8317336757423,178709,ASIANPAINT.NS
2022-10-25,2962.318359375,3010.427680193103,2957.517039310896,3009.4674161802823,1016316,ASIANPAINT.NS
2022-10-27,2922.515625,2998.9046783439494,2912.480912397438,2998.9046783439494,2005709,ASIANPAINT.NS
2022-10-28,2932.070068359375,2949.5470610956077,2919.2026242519423,2937.1595145592846,715736,ASIANPAINT.NS
2022-10-31,2988.519287109375,2993.6160784323274,2943.6584140886403,2963.8049321324875,814364,ASIANPAINT.NS
2022-11-01,3038.236083984375,3043.044332667504,2991.2115057744813,2991.2115057744813,939335,ASIANPAINT.NS
2022-11-02,3011.791015625,3038.7653403743857,3002.367035091457,3036.890170157111,787012,ASIANPAINT.NS
2022-11-03,3020.83056640625,3027.994810467122,2985.9226316793693,2985.9226316793693,563798,ASIANPAINT.NS
2022-11-04,3059.344970703125,3062.8548988896314,3006.0212964936186,3027.273852968465,609757,ASIANPAINT.NS
2022-11-07,2984.528076171875,3075.3558465092547,2978.6619188887526,3063.8160497118465,1669943,ASIANPAINT.NS
2022-11-09,2968.132080078125,3025.3502426456444,2961.8813564362954,3025.3502426456444,1391333,ASIANPAINT.NS
2022-11-10,2928.36767578125,2967.651162428984,2917.1645499767737,2967.651162428984,1375007,ASIANPAINT.NS
2022-11-11,2938.224609375,2979.190983432732,2931.10849499773,2972.1708931656667,810288,ASIANPAINT.NS
2022-11-14,2936.109130859375,2959.9099634779127,2924.4251796668427,2938.801797262686,811702,ASIANPAINT.NS
2022-11-15,2961.208251953125,2976.306106734477,2925.3386677500093,2950.822387242243,873840,ASIANPAINT.NS
2022-11-16,2964.814697265625,2974.383066576614,2933.993771783139,2961.208510230493,770953,ASIANPAINT.NS
2022-11-17,2953.8037109375,2977.7968272339303,2942.648479001411,2973.42127355306,706271,ASIANPAINT.NS
2022-11-18,2976.787109375,2995.3951278754917,2938.5615278541936,2976.30628445021,1258576,ASIANPAINT.NS
2022-11-21,2976.5947265625,2991.0676032689976,2948.610622966843,2985.922682835123,612194,ASIANPAINT.NS
2022-11-22,2984.816650390625,2999.866374965882,2954.476554026456,2984.9608039410477,764079,ASIANPAINT.NS
2022-11-23,2981.8837890625,2995.346886453334,2971.4979241197284,2991.692570205979,488341,ASIANPAINT.NS
2022-11-24,2995.82763671875,3000.587756222067,2973.4211496638513,2998.375914750267,571872,ASIANPAINT.NS
2022-11-25,2988.95166015625,3000.1550209237853,2957.3134764073975,2995.8275969277415,898769,ASIANPAINT.NS
2022-11-28,3030.350830078125,3037.851745541191,2977.940915506427,2988.9517588599697,914689,ASIANPAINT.NS
2022-11-29,3014.820068359375,3047.4680301203202,3007.222894536592,3035.928233224945,877720,ASIANPAINT.NS
2022-11-30,3053.38232421875,3077.2312866490474,3013.1374202217985,3019.4841681508233,2547283,ASIANPAINT.NS
2022-12-01,3057.421142578125,3074.3941662882226,3040.0151886702047,3068.6242679467373,761717,ASIANPAINT.NS
2022-12-02,3022.89794921875,3052.5649387960807,3013.8104057676355,3051.4589006841575,932259,ASIANPAINT.NS
2022-12-05,3035.83203125,3047.1795453653954,2993.1348758478102,3009.96374663571,926122,ASIANPAINT.NS
2022-12-06,3040.4482421875,3047.4683329520044,3005.15574013096,3005.15574013096,958365,ASIANPAINT.NS
2022-12-07,3102.76318359375,3110.648665262233,3054.5844330894065,3058.0464663964435,1832282,ASIANPAINT.NS
2022-12-08,3097.90673828125,3116.610780159248,3079.827674869609,3106.1288911250795,851312,ASIANPAINT.NS
2022-12-09,3103.19580078125,3118.00534869022,3083.0492842604326,3110.9371286907362,847879,ASIANPAINT.NS
2022-12-12,3044.920166015625,3106.12908645524,3021.4076388237772,3103.244136839338,1323816,ASIANPAINT.NS
2022-12-13,3056.603515625,3062.8542385608384,3022.128280598543,3062.8542385608384,886601,ASIANPAINT.NS
2022-12-14,3025.302490234375,3072.47146531949,3005.155971556622,3057.08506674512,1103870,ASIANPAINT.NS
2022-12-15,3010.541015625,3039.967359203624,2997.173942281542,3021.5037296444852,799124,ASIANPAINT.NS
2022-12-16,2938.70556640625,2997.462463827097,2933.3204683260396,2995.5391642032105,1192821,ASIANPAINT.NS
2022-12-19,2962.794677734375,2969.5743552613635,2924.376818118461,2944.5714623738004,655594,ASIANPAINT.NS
2022-12-20,2963.948974609375,2970.199698599247,2902.259230989682,2957.1214015794226,739257,ASIANPAINT.NS
2022-12-21,2951.927978515625,2993.0866336186423,2933.0797848100806,2966.68939567588,616324,ASIANPAINT.NS
2022-12-22,2970.103515625,2974.863635145594,2921.540201070336,2956.1114641789413,663202,ASIANPAINT.NS
2022-12-23,2940.629150390625,2968.4691029607498,2919.5691113836647,2960.8719278450753,1230858,ASIANPAINT.NS
2022-12-26,2938.849853515625,2954.091861643241,2912.644897042805,2940.6287647397735,536884,ASIANPAINT.NS
2022-12-27,2993.231201171875,3009.0021636634738,2939.090271565551,2942.6483287984115,729041,ASIANPAINT.NS
2022-12-28,3003.905517578125,3023.234773011515,2985.9227127691793,2990.6828324571666,972274,ASIANPAINT.NS
2022-12-29,2995.683349609375,3005.1556942688258,2973.950204495096,2982.076098536841,596265,ASIANPAINT.NS
2022-12-30,2969.478271484375,3010.6850586035557,2953.515025950717,3010.6850586035557,836220,ASIANPAINT.NS
2023-01-02,2930.387451171875,2969.478422939694,2905.1441430766213,2969.478422939694,1015990,ASIANPAINT.NS
2023-01-03,2912.115966796875,2942.600218082039,2908.990604989861,2930.1469002988783,860367,ASIANPAINT.NS
2023-01-04,2901.1533203125,2933.0319175710515,2886.4400312786356,2918.6071704354563,836382,ASIANPAINT.NS
2023-01-05,2889.1328125,2929.7625185463594,2880.525858544867,2922.98284016768,1113920,ASIANPAINT.NS
2023-01-06,2864.177490234375,2907.5479873972154,2838.790031022517,2894.5657159138805,1045526,ASIANPAINT.NS
2023-01-09,2869.706787109375,2901.922051259698,2837.8281942567987,2878.5060225126076,808263,ASIANPAINT.NS
2023-01-10,2846.820068359375,2870.52464192682,2838.982481652939,2869.7071456888607,864325,ASIANPAINT.NS
2023-01-11,2827.635009765625,2860.81192823823,2822.4421946984185,2860.81192823823,890426,ASIANPAINT.NS
2023-01-12,2804.12255859375,2827.106128625052,2784.937692920244,2826.288632421477,1558620,ASIANPAINT.NS
2023-01-13,2797.583740234375,2812.8259852106576,2761.6181275311815,2812.8259852106576,1507864,ASIANPAINT.NS
2023-01-16,2804.21875,2817.2491508336598,2784.93762590378,2812.8254681521257,644073,ASIANPAINT.NS
2023-01-17,2828.115478515625,2831.914182612129,2799.5064002471713,2812.8253423605624,716489,ASIANPAINT.NS
2023-01-18,2832.29931640625,2846.4836521729903,2817.0091771857665,2834.8957241334147,893808,ASIANPAINT.NS
2023-01-19,2756.232421875,2859.5618785147017,2734.547407167356,2841.578839814053,2379947,ASIANPAINT.NS
2023-01-20,2680.886962890625,2738.778225332913,2674.3476982622296,2738.778225332913,3171005,ASIANPAINT.NS
2023-01-23,2677.665771484375,2692.619473013274,2661.7025254753253,2692.619473013274,1402260,ASIANPAINT.NS
2023-01-24,2702.81298828125,2718.6802097845257,2677.66570545636,2687.8111576761316,1061471,ASIANPAINT.NS
2023-01-25,2668.578369140625,2703.1977641997464,2660.9814291359926,2703.101505302352,857953,ASIANPAINT.NS
2023-01-27,2618.235595703125,2666.510600934349,2582.8470727553918,2660.5002900019526,1801498,ASIANPAINT.NS
2023-01-30,2660.11572265625,2669.5399379807604,2592.848363753828,2619.5341466352997,1171912,ASIANPAINT.NS
2023-01-31,2621.313232421875,2673.3383463540486,2613.8123169370942,2654.153479571399,1961805,ASIANPAINT.NS
2023-02-01,2638.526611328125,2671.46311663582,2601.070398962959,2644.3446395132155,1176872,ASIANPAINT.NS
2023-02-02,2601.8876953125,2635.882109756223,2590.6845690197974,2635.882109756223,1308570,ASIANPAINT.NS
2023-02-03,2654.5380859375,2657.903860328701,2596.454530354754,2601.887757960862,1278409,ASIANPAINT.NS
2023-02-06,2648.575927734375,2658.9617929045335,2613.7642506743296,2654.538109753865,1120284,ASIANPAINT.NS
2023-02-07,2652.278076171875,2668.0971672234677,2642.757603009122,2656.0765456374907,732250,ASIANPAINT.NS
2023-02-08,2659.539306640625,2677.233572548058,2639.05611489509,2661.8471727058277,811956,ASIANPAINT.NS
2023-02-09,2706.65966796875,2712.1891544147215,2660.067546527856,2675.2616605871262,946372,ASIANPAINT.NS
2023-02-10,2697.04296875,2722.3822986642,2685.887737796843,2721.4687783619997,700072,ASIANPAINT.NS
2023-02-13,2683.724365234375,2720.507472632105,2673.386629168346,2706.5635495662987,467228,ASIANPAINT.NS
2023-02-14,2670.50146484375,2697.1872464964017,2658.961667372333,2697.1872464964017,524746,ASIANPAINT.NS
2023-02-15,2679.300537109375,2690.984723223754,2648.3835894802605,2670.501535216661,817717,ASIANPAINT.NS
2023-02-16,2698.341064453125,2725.6520581731907,2683.099056808293,2689.734346160864,788964,ASIANPAINT.NS
2023-02-17,2724.930908203125,2736.711117998113,2678.6754599133274,2695.4562016045093,840526,ASIANPAINT.NS
2023-02-20,2717.189697265625,2742.625288062258,2704.2555541354754,2735.893739318767,646218,ASIANPAINT.NS
2023-02-21,2709.06396484375,2729.835461338946,2697.4279074104666,2728.2007035021365,631934,ASIANPAINT.NS
2023-02-22,2688.72509765625,2706.034796543216,2673.386828098085,2702.188196790557,580270,ASIANPAINT.NS
2023-02-23,2602.176025390625,2697.9564318742764,2596.550515368234,2697.42747757018,1790570,ASIANPAINT.NS
2023-02-24,2633.477783203125,2656.0765518375138,2606.0707659231216,2608.0903242653862,1429040,ASIANPAINT.NS
2023-02-27,2644.440673828125,2652.8551095231387,2620.543817320955,2635.305000787824,561317,ASIANPAINT.NS
2023-02-28,2720.31494140625,2730.123722195108,2622.851642407265,2644.536891876205,1815923,ASIANPAINT.NS
2023-03-01,2731.950927734375,2743.875526578594,2708.0540701541177,2719.545738749499,816598,ASIANPAINT.NS
2023-03-02,2725.218994140625,2739.739998538895,2703.1973098956946,2722.430303918432,604523,ASIANPAINT.NS
2023-03-03,2720.363037109375,2742.6251353028442,2702.8608235289107,2728.248518242699,679295,ASIANPAINT.NS
2023-03-06,2754.694091796875,2773.3981341999115,2721.709455381172,2733.9704908218964,1050267,ASIANPAINT.NS
2023-03-08,2749.885498046875,2759.9346906443657,2718.5837527706,2759.9346906443657,580250,ASIANPAINT.NS
2023-03-09,2744.11572265625,2762.2908092293596,2728.0562186019392,2752.241616181735,774224,ASIANPAINT.NS
2023-03-10,2721.66064453125,2734.9314559354284,2699.350420819532,2734.9314559354284,489978,ASIANPAINT.NS
2023-03-13,2677.425537109375,2740.173191502104,2665.8857386003674,2715.2184241819355,813217,ASIANPAINT.NS
2023-03-14,2640.305908203125,2680.06998842509,2634.968704608099,2676.223389045294,1060450,ASIANPAINT.NS
2023-03-15,2718.96875,2756.425200279034,2659.154175009153,2665.8857241028,2170346,ASIANPAINT.NS
2023-03-16,2782.293212890625,2788.7843488750755,2720.218672928212,2740.7018601013674,1755487,ASIANPAINT.NS
2023-03-17,2752.866455078125,2811.8156293992442,2745.5580581311065,2811.8156293992442,1848073,ASIANPAINT.NS
2023-03-20,2745.654296875,2803.209130568102,2722.478677862872,2803.209130568102,1074367,ASIANPAINT.NS
2023-03-21,2730.219970703125,2776.28290102446,2726.2771127136625,2748.5392110986086,691891,ASIANPAINT.NS
2023-03-22,2730.94091796875,2743.7306707983316,2706.89967614209,2716.660326412613,731807,ASIANPAINT.NS
2023-03-23,2690.50390625,2714.7374346944785,2661.6062822797176,2709.063794682569,1016581,ASIANPAINT.NS
2023-03-24,2691.1767578125,2707.668956699852,2666.5105362553586,2690.503649959953,784111,ASIANPAINT.NS
2023-03-27,2696.225341796875,2711.852149395341,2679.6368845000416,2691.1766808804473,791560,ASIANPAINT.NS
2023-03-28,2677.665771484375,2702.813054929367,2658.961729600608,2683.9646247071596,558581,ASIANPAINT.NS
2023-03-29,2664.25048828125,2686.608843759517,2649.3449179624054,2677.665454612659,1087648,ASIANPAINT.NS
2023-03-31,2655.740234375,2668.5783538804626,2642.1329828059716,2650.3551360410547,1967803,ASIANPAINT.NS
2023-04-03,2670.50146484375,2674.973042452812,2604.772607835025,2641.603841720187,1035295,ASIANPAINT.NS
2023-04-05,2700.79345703125,2703.7265358699988,2646.7006559068036,2654.153441839505,668643,ASIANPAINT.NS
2023-04-06,2702.091552734375,2716.660452043966,2679.9254797895787,2699.783452545627,627554,ASIANPAINT.NS
2023-04-10,2669.87646484375,2702.2358860809027,2649.4414069863765,2702.2358860809027,1215461,ASIANPAINT.NS
2023-04-11,2648.19140625,2683.0030838955226,2644.58521930928,2683.0030838955226,1246379,ASIANPAINT.NS
2023-04-12,2679.8779296875,2698.581973781519,2645.4989448534357,2649.8744989696975,2235399,ASIANPAINT.NS
2023-04-13,2701.99560546875,2705.409509315282,2675.3098227294468,2679.8295299675724,602597,ASIANPAINT.NS
2023-04-17,2734.066650390625,2736.4707748995056,2698.3893487677215,2716.6606950352148,754555,ASIANPAINT.NS
2023-04-18,2745.125244140625,2748.827454506505,2721.5648272063354,2738.778262402328,717724,ASIANPAINT.NS
2023-04-19,2701.947265625,2743.298205028126,2693.2442883997182,2727.575372424066,799624,ASIANPAINT.NS
2023-04-20,2734.78759765625,2741.663299111209,2705.264763996542,2711.8521583632446,761101,ASIANPAINT.NS
2023-04-21,2771.57080078125,2776.282790581209,2737.9130599879204,2737.9130599879204,894930,ASIANPAINT.NS
2023-04-24,2780.2255859375,2786.8608750622575,2742.6249881565072,2771.5707384994184,782967,ASIANPAINT.NS
2023-04-25,2786.86083984375,2790.4670262307113,2754.308903479675,2780.1774213621334,636120,ASIANPAINT.NS
2023-04-26,2798.401123046875,2804.6037177558005,2777.2929553457757,2785.851545281775,569221,ASIANPAINT.NS
2023-04-27,2788.736083984375,2808.017208001721,2782.8701615055516,2803.689784222266,599461,ASIANPAINT.NS
2023-04-28,2791.04443359375,2807.9693294657254,2737.432456424454,2807.9693294657254,1080665,ASIANPAINT.NS
2023-05-02,2788.351806640625,2821.192054366399,2782.0529533096164,2799.3145207722773,663800,ASIANPAINT.NS
2023-05-03,2817.345458984375,2848.791361458532,2785.899556510218,2806.094202932971,1237193,ASIANPAINT.NS
2023-05-04,2868.456787109375,2871.6300431705604,2810.084464826128,2834.9432024904086,1008540,ASIANPAINT.NS
2023-05-05,2897.40283203125,2908.990759533048,2837.876800978699,2857.0616682884906,1326561,ASIANPAINT.NS
2023-05-08,2903.6533203125,2919.280128909465,2878.217731120995,2899.3740258368857,941879,ASIANPAINT.NS
2023-05-09,2918.41455078125,2956.8805387056696,2895.2868285861414,2900.3836189416784,1025850,ASIANPAINT.NS
2023-05-10,2924.761474609375,2939.763304717275,2903.124355094773,2926.252078687047,751851,ASIANPAINT.NS
2023-05-11,3019.33984375,3035.110805954027,2915.241256892468,2935.003206480099,3229605,ASIANPAINT.NS
2023-05-12,3011.021484375,3057.805648598759,2967.6509887808065,3018.6184231312222,1998170,ASIANPAINT.NS
2023-05-15,3011.88720703125,3046.506600215517,3001.357188559926,3014.002789659176,810281,ASIANPAINT.NS
2023-05-16,3017.753173828125,3044.2945660565547,3002.6071902684253,3011.887016443101,822404,ASIANPAINT.NS
2023-05-17,2973.85400390625,3027.225570082851,2957.602215504132,3015.733901438223,835371,ASIANPAINT.NS
2023-05-18,2989.817138671875,3005.1554049029464,2974.6230259891327,2986.5473887246812,498067,ASIANPAINT.NS
2023-05-19,2966.16064453125,3007.9924103500107,2950.389681903795,3004.1939406392653,633262,ASIANPAINT.NS
2023-05-22,2966.593505859375,2986.4998454256697,2929.185420889144,2952.2650171141404,659425,ASIANPAINT.NS
2023-05-23,3000.92431640625,3007.99230123187,2966.6894912508847,2968.612790758989,581204,ASIANPAINT.NS
2023-05-24,2982.556640625,3012.9927606993137,2979.1908665665806,2995.538911993189,439465,ASIANPAINT.NS
2023-05-25,3003.76123046875,3009.0021748372155,2967.651234115579,2982.5568057710525,500313,ASIANPAINT.NS
2023-05-26,3008.42529296875,3016.647446131259,2992.4139168979127,3003.232477696531,568249,ASIANPAINT.NS
2023-05-29,3017.079833984375,3034.00496350808,2996.5487526732572,3026.504048496943,535712,ASIANPAINT.NS
2023-05-30,3023.811279296875,3034.00486021854,3007.6076224156145,3026.2154035918184,506026,ASIANPAINT.NS
2023-05-31,3070.499755859375,3095.8874520571103,3016.16654085161,3031.0721131103774,2349066,ASIANPAINT.NS
2023-06-01,3116.41845703125,3125.2655882275367,3084.0109057566847,3111.273771472663,1104861,ASIANPAINT.NS
2023-06-02,3113.1005859375,3125.3134905431193,3095.550478379122,3115.16803894423,781973,ASIANPAINT.NS
2023-06-05,3077.0390625,3115.697338948614,3072.4712257793576,3115.697338948614,492565,ASIANPAINT.NS
2023-06-06,3089.54052734375,3114.6875767802444,3072.4712426622928,3084.7322781377056,577698,ASIANPAINT.NS
2023-06-07,3101.12890625,3105.4082017106653,3083.290252143631,3093.6279894412664,470038,ASIANPAINT.NS
2023-06-08,3089.0595703125,3122.4769008653398,3070.547811660927,3096.5123562631334,561161,ASIANPAINT.NS
2023-06-09,3078.943359375,3135.4291531038652,3067.326714535183,3107.258931172055,1239045,ASIANPAINT.NS
2023-06-12,3092.68994140625,3100.047244974664,3050.482700318273,3083.444980157113,1029156,ASIANPAINT.NS
2023-06-13,3158.614013671875,3167.4716102214247,3102.7571278049513,3107.4522826438792,1598821,ASIANPAINT.NS
2023-06-14,3165.7294921875,3184.8001047954876,3149.0790140815734,3160.6956596914656,741615,ASIANPAINT.NS
2023-06-15,3189.10791015625,3198.4495341441143,3168.778781761266,3171.344029617469,806994,ASIANPAINT.NS
2023-06-16,3210.88916015625,3215.874542408856,3181.5570844006475,3186.5909166087754,984671,ASIANPAINT.NS
2023-06-19,3203.96728515625,3238.091178097593,3197.7233860565066,3212.8251183202333,516915,ASIANPAINT.NS
2023-06-20,3212.679931640625,3220.569711504887,3172.4090374606176,3209.09818003523,866290,ASIANPAINT.NS
2023-06-21,3210.162841796875,3226.5228541415704,3194.5770833084857,3212.679639512322,742456,ASIANPAINT.NS
2023-06-22,3144.287109375,3220.569794070018,3138.8659137015707,3218.7788000507817,871640,ASIANPAINT.NS
2023-06-23,3192.350341796875,3198.5942403118966,3149.1268426554157,3160.695036024383,1260659,ASIANPAINT.NS
2023-06-26,3202.467041015625,3209.437217355222,3166.8910643423965,3189.7372282527276,592801,ASIANPAINT.NS
2023-06-27,3219.74658203125,3237.655575346818,3168.7786496453305,3170.3758437018473,914141,ASIANPAINT.NS
2023-06-28,3241.285888671875,3248.0622647551136,3217.326558948996,3224.586961895323,713110,ASIANPAINT.NS
2023-06-30,3254.64501953125,3339.3981690203527,3236.9295893887406,3245.884086196769,1436363,ASIANPAINT.NS
2023-07-03,3251.402099609375,3271.9732419028664,3230.588943877137,3257.5008855340484,474224,ASIANPAINT.NS
2023-07-04,3240.75341796875,3278.797976747532,3224.5869679793414,3251.4020089767873,473663,ASIANPAINT.NS
2023-07-05,3266.600341796875,3291.3826112889574,3234.0254290187013,3244.2868928727444,632406,ASIANPAINT.NS
2023-07-06,3290.8017578125,3301.063221895064,3260.211401725198,3301.063221895064,693995,ASIANPAINT.NS
2023-07-07,3236.881103515625,3304.935325769698,3230.5403045239477,3276.861768520922,620761,ASIANPAINT.NS
2023-07-10,3236.348876953125,3264.3257728000376,3188.720678585586,3238.1398709698337,548838,ASIANPAINT.NS
2023-07-11,3284.170654296875,3291.334157199478,3238.139653213883,3242.9314718001674,772158,ASIANPAINT.NS
2023-07-12,3297.9169921875,3305.322508567636,3254.8386018881406,3299.1270593307404,1025127,ASIANPAINT.NS
2023-07-13,3289.97900390625,3315.5839774271844,3276.2326884067706,3315.5839774271844,750126,ASIANPAINT.NS
2023-07-14,3320.182373046875,3329.136870299061,3278.798074935423,3289.979143096942,832843,ASIANPAINT.NS
2023-07-17,3349.85302734375,3362.0505988585414,3315.5840198936094,3320.1822751036807,817694,ASIANPAINT.NS
2023-07-18,3401.2080078125,3410.45296732541,3345.2062466482357,3349.4655881197614,962485,ASIANPAINT.NS
2023-07-19,3402.3701171875,3417.229837220129,3371.247282753286,3407.549299437636,620289,ASIANPAINT.NS
2023-07-20,3413.357177734375,3422.069660604372,3383.299064564641,3397.916769249681,589848,ASIANPAINT.NS
2023-07-21,3405.322509765625,3424.9255975161254,3393.0282748397317,3422.989490083977,857975,ASIANPAINT.NS
2023-07-24,3430.4921875,3454.0159419965353,3386.7362032160536,3393.996606681573,680246,ASIANPAINT.NS
2023-07-25,3291.769775390625,3434.5576991096727,3242.9799624326124,3434.5576991096727,2555630,ASIANPAINT.NS
2023-07-26,3265.245361328125,3303.9675120702314,3257.5009311797035,3291.2376995502646,959076,ASIANPAINT.NS
2023-07-27,3261.76025390625,3304.935546264483,3243.9481592068782,3281.702255956824,874078,ASIANPAINT.NS
2023-07-28,3282.37939453125,3290.414286924965,3257.016436704632,3267.180999815168,553750,ASIANPAINT.NS
2023-07-31,3269.456298828125,3279.7659763246456,3216.9875985636363,3217.0360485174847,933890,ASIANPAINT.NS
2023-08-01,3236.155029296875,3276.861734148861,3231.3632108091283,3264.2770362038286,698667,ASIANPAINT.NS
2023-08-02,3255.4677734375,3264.228706906695,3224.248040842965,3234.4610548979526,857218,ASIANPAINT.NS
2023-08-03,3229.76611328125,3271.9731135381217,3211.9537830835307,3262.341026322125,711067,ASIANPAINT.NS
2023-08-04,3232.9609375,3265.5360912754873,3216.8429354744712,3231.5088567286457,519248,ASIANPAINT.NS
2023-08-07,3236.20361328125,3242.9799893784584,3210.066162620588,3210.114612575245,360358,ASIANPAINT.NS
2023-08-08,3241.092529296875,3252.612274827319,3226.18435917019,3236.203810403575,500258,ASIANPAINT.NS
2023-08-09,3224.5869140625,3249.7078606159043,3197.4814101316233,3226.087444584064,643222,ASIANPAINT.NS
2023-08-10,3134.461181640625,3213.9384900423283,3126.8136514568437,3204.257952421719,1253219,ASIANPAINT.NS
2023-08-11,3083.58984375,3145.15791518713,3078.4106620933208,3134.460874894944,919023,ASIANPAINT.NS
2023-08-14,3100.2890625,3107.35566586631,3051.5474612074386,3083.5901351605353,815534,ASIANPAINT.NS
2023-08-16,3092.011962890625,3106.3392048963406,3075.409700156993,3092.83466672959,597686,ASIANPAINT.NS
2023-08-17,3081.556884765625,3121.0050723268278,3060.9857440128503,3120.9081724220873,873392,ASIANPAINT.NS
2023-08-18,3062.486572265625,3083.7353053939833,3054.2096652073515,3073.473840825406,592652,ASIANPAINT.NS
2023-08-21,3080.637451171875,3085.67128333055,3051.4504892283317,3058.9529056819197,353330,ASIANPAINT.NS
2023-08-22,3078.12060546875,3096.416964003615,3069.6985847183796,3096.416964003615,377068,ASIANPAINT.NS
2023-08-23,3067.56884765625,3093.8998630522738,3064.1322094888014,3084.2193253080554,370811,ASIANPAINT.NS
2023-08-24,3122.55419921875,3129.620802359354,3069.601471230169,3083.251123329916,1167742,ASIANPAINT.NS
2023-08-25,3155.177490234375,3160.6953490885794,3113.4542809824998,3121.876300953784,1363431,ASIANPAINT.NS
2023-08-28,3155.564453125,3167.471560354234,3127.829810435283,3160.646734815666,707315,ASIANPAINT.NS
2023-08-29,3180.73388671875,3183.928511088422,3151.0631363586585,3156.8230084096517,533163,ASIANPAINT.NS
2023-08-30,3189.446533203125,3197.336312799122,3171.7311029189345,3195.835782269961,599080,ASIANPAINT.NS
2023-08-31,3152.079833984375,3196.513405502563,3117.1329999146737,3194.625748003782,1601967,ASIANPAINT.NS
2023-09-01,3155.419677734375,3159.9210331776785,3114.325842928938,3137.559133147277,650131,ASIANPAINT.NS
2023-09-04,3132.1865234375,3161.905727863209,3113.3579242742358,3155.419814664049,696213,ASIANPAINT.NS
2023-09-05,3120.32763671875,3145.0614568007177,3117.1330121399233,3141.3343554018793,597022,ASIANPAINT.NS
2023-09-06,3122.263916015625,3126.8137215310257,3092.931839099575,3106.4845920721555,754106,ASIANPAINT.NS
2023-09-07,3142.641357421875,3149.8048605705776,3098.9820391553017,3122.2637789004534,923108,ASIANPAINT.NS
2023-09-08,3134.606689453125,3158.8080347240816,3128.749916629301,3146.7073620886035,395918,ASIANPAINT.NS
2023-09-11,3155.274169921875,3160.6953652379516,3138.4301298932432,3138.4301298932432,359345,ASIANPAINT.NS
2023-09-12,3152.80615234375,3175.022940062272,3139.3985125102154,3155.8554273152336,554905,ASIANPAINT.NS
2023-09-13,3173.0380859375,3179.717562079966,3122.2637155084185,3141.3343265554686,880907,ASIANPAINT.NS
2023-09-14,3136.73583984375,3188.962287000186,3120.2789277914876,3177.1520797368066,1102554,ASIANPAINT.NS
2023-09-15,3094.528564453125,3136.493784157273,3083.250834117566,3131.653515971845,1568607,ASIANPAINT.NS
2023-09-18,3103.870849609375,3126.716776773607,3088.091525892208,3097.77206359093,673602,ASIANPAINT.NS
2023-09-20,3111.663818359375,3124.877658158019,3092.9318828422774,3103.870938021677,901084,ASIANPAINT.NS
2023-09-21,3140.5595703125,3157.0164821856497,3078.943050688636,3107.452183106525,845739,ASIANPAINT.NS
2023-09-22,3170.230712890625,3178.7011826558355,3118.246040801435,3131.6052289565273,896521,ASIANPAINT.NS
2023-09-25,3217.08447265625,3228.2655402086107,3166.6487801282137,3167.7621836928456,1422084,ASIANPAINT.NS
2023-09-26,3187.607421875,3218.6818053146876,3156.1941250877376,3216.8425977339143,834560,ASIANPAINT.NS
2023-09-27,3196.319580078125,3203.2895190707777,3167.1810707564955,3182.960392476494,516326,ASIANPAINT.NS
2023-09-28,3069.069091796875,3183.92856687413,3054.209373210058,3176.9586276171426,2104381,ASIANPAINT.NS
2023-09-29,3060.06640625,3092.9317843585804,3033.8805045946137,3092.9317843585804,1550585,ASIANPAINT.NS
2023-10-03,3065.680908203125,3124.6837330611183,3060.9857532923543,3064.9548679390614,1219145,ASIANPAINT.NS
2023-10-04,3068.633544921875,3087.123466428834,3050.6763365968663,3063.8417260380957,892584,ASIANPAINT.NS
2023-10-05,3103.822265625,3128.846549032111,3072.8929962814063,3107.452467105263,1002610,ASIANPAINT.NS
2023-10-06,3093.657958984375,3114.2291024181286,3088.0916495846536,3112.0509813486724,814257,ASIANPAINT.NS
2023-10-09,3052.07958984375,3061.953689788862,3032.6216169750587,3039.7369058270547,700012,ASIANPAINT.NS
2023-10-10,3050.8212890625,3063.7931143335363,3039.737121271327,3049.36920848703,847367,ASIANPAINT.NS
2023-10-11,3062.824951171875,3083.2509784067606,3051.353656840312,3067.762119488548,1025317,ASIANPAINT.NS
2023-10-12,3058.1787109375,3086.639396788513,3049.417777189421,3084.2192624018194,992531,ASIANPAINT.NS
2023-10-13,3048.207763671875,3070.6665639076145,3028.314211394702,3049.369380929693,854688,ASIANPAINT.NS
2023-10-16,3012.631591796875,3028.0720011842827,2997.1911824094673,3024.1997863490087,853011,ASIANPAINT.NS
2023-10-17,3014.08349609375,3036.7843069697324,2993.028329158273,3036.7843069697324,792640,ASIANPAINT.NS
2023-10-18,2997.530029296875,3015.6810373659855,2991.2861297893514,3010.647205063069,481985,ASIANPAINT.NS
2023-10-19,3002.709228515625,3011.518376010426,2977.8302939159094,2989.059575833664,568124,ASIANPAINT.NS
2023-10-20,3006.630126953125,3015.5846250131904,2966.649455913985,2993.706513594793,711434,ASIANPAINT.NS
2023-10-23,2973.86083984375,3009.581925317102,2966.1164105733237,2997.1425776062147,374476,ASIANPAINT.NS
2023-10-25,2963.01904296875,3008.711133898704,2954.5001224771054,2994.577454241571,669290,ASIANPAINT.NS
2023-10-26,2865.72998046875,2957.404636667739,2846.0784392154346,2953.629321029782,1834111,ASIANPAINT.NS
2023-10-27,2860.743896484375,2879.620944290715,2837.3654933530197,2839.108037341854,1708185,ASIANPAINT.NS
2023-10-30,2872.3125,2896.368494919915,2845.206993831358,2878.9919766264834,878885,ASIANPAINT.NS
2023-10-31,2899.998291015625,2916.503653124388,2871.2471446907093,2874.1513056597155,1152306,ASIANPAINT.NS
2023-11-01,2840.802001953125,2912.776651966831,2836.3973103974013,2902.176511334446,1029990,ASIANPAINT.NS
2023-11-02,2860.985595703125,2867.3748441800535,2840.2693426145433,2866.4552405023246,900125,ASIANPAINT.NS
2023-11-03,2887.751220703125,2892.648236728921,2852.985816174991,2867.531970914157,715997,ASIANPAINT.NS
2023-11-06,2937.644287109375,2942.2505691345473,2893.5694885561225,2907.2912655716914,620959,ASIANPAINT.NS
2023-11-07,2941.57177734375,2947.0021993288515,2911.3641228335237,2937.6442685016677,757998,ASIANPAINT.NS
2023-11-08,3001.59912109375,3005.1871253536933,2954.0331463091266,2965.476169067018,783400,ASIANPAINT.NS
2023-11-09,2987.00390625,3017.2598563514675,2981.040078376797,3006.204875060823,849702,ASIANPAINT.NS
2023-11-10,2983.367919921875,2991.659275800386,2948.1178789351634,2977.113120488553,364232,ASIANPAINT.NS
2023-11-13,2992.24072265625,3004.2654476937273,2972.2639112915667,3004.2654476937273,405941,ASIANPAINT.NS
2023-11-15,3021.9150390625,3024.4850017228996,2985.5496530986666,2992.3378584785823,700017,ASIANPAINT.NS
2023-11-16,3035.58837890625,3045.867518812402,3003.8778111588204,3024.6302290903654,675454,ASIANPAINT.NS
2023-11-17,3073.0205078125,3130.5748872056256,3050.4739683166335,3054.6924478270644,1430175,ASIANPAINT.NS
2023-11-20,3045.334228515625,3075.9294478797124,3037.236775233902,3073.020217252094,406431,ASIANPAINT.NS
2023-11-21,3038.44921875,3061.3835608228896,3032.388321082343,3061.3835608228896,409069,ASIANPAINT.NS
2023-11-22,3038.206787109375,3061.4806341858593,3026.763764946007,3044.994992506683,489889,ASIANPAINT.NS
2023-11-23,3028.460693359375,3075.444722887016,3020.896646015806,3052.752817610115,792460,ASIANPAINT.NS
2023-11-24,3041.26123046875,3044.800936584253,3016.872274159308,3023.660479212061,756329,ASIANPAINT.NS
2023-11-28,3053.09228515625,3064.389703126064,3041.261224114556,3046.1099419992493,647883,ASIANPAINT.NS
2023-11-29,3053.09228515625,3074.08713889545,3046.9343187411687,3053.09228515625,620725,ASIANPAINT.NS
2023-11-30,3025.503173828125,3058.5229930604996,3014.302823870463,3053.092570574263,1793116,ASIANPAINT.NS
2023-12-01,3077.38427734375,3094.064056839185,3045.23737137303,3051.734606209418,960196,ASIANPAINT.NS
2023-12-04,3097.894775390625,3107.4951432918356,3070.693417332085,3093.4823942173853,1018189,ASIANPAINT.NS
2023-12-05,3128.635498046875,3149.3879177686554,3083.7848535572452,3100.270495856136,1005550,ASIANPAINT.NS
2023-12-06,3154.139404296875,3189.486509045449,3135.132336175688,3166.2126640417728,1229158,ASIANPAINT.NS
2023-12-07,3153.412353515625,3200.105414156322,3148.6121699433556,3184.638050755092,1071725,ASIANPAINT.NS
2023-12-08,3134.211181640625,3170.867535509335,3130.1383060449457,3156.5152834901714,895852,ASIANPAINT.NS
2023-12-11,3135.18115234375,3146.8180758909584,3089.118329969383,3132.271921456948,910426,ASIANPAINT.NS
2023-12-12,3127.1806640625,3158.503429592723,3112.8769460084113,3130.3323307523838,1019030,ASIANPAINT.NS
2023-12-13,3145.5087890625,3156.4669392870414,3093.7731091399105,3141.9693195614327,1052079,ASIANPAINT.NS
2023-12-14,3143.278564453125,3160.0066418292845,3120.6349563177837,3156.5154701101264,923107,ASIANPAINT.NS
2023-12-15,3213.63330078125,3225.7067983027605,3143.9088289191463,3151.666777910927,1631687,ASIANPAINT.NS
2023-12-18,3231.234375,3234.8709136859993,3196.275069081161,3212.7607111243583,911936,ASIANPAINT.NS
2023-12-19,3235.113037109375,3252.422817530438,3200.2991013992273,3235.015968052263,780448,ASIANPAINT.NS
2023-12-20,3197.390380859375,3258.290333238796,3183.3290970549883,3235.1135532558583,979762,ASIANPAINT.NS
2023-12-21,3203.014404296875,3219.5485791399037,3172.8555220084145,3180.7588372225555,1585879,ASIANPAINT.NS
2023-12-22,3240.204345703125,3249.4169099249393,3187.5472207476787,3209.754254538738,930563,ASIANPAINT.NS
2023-12-26,3280.98193359375,3289.273051540685,3243.986075120251,3248.5923569813467,600190,ASIANPAINT.NS
2023-12-27,3301.443603515625,3306.7771933993845,3252.520085478084,3278.751697620791,837182,ASIANPAINT.NS
2023-12-28,3294.461669921875,3316.474803793342,3270.993920551142,3301.9771833347513,779250,ASIANPAINT.NS
2023-12-29,3299.45556640625,3319.3838449572722,3281.5153096079625,3306.8257125492332,615676,ASIANPAINT.NS
2024-01-01,3293.3466796875,3308.571608451771,3286.6067715583495,3300.0378165269703,283951,ASIANPAINT.NS
2024-01-02,3288.739990234375,3296.0613648725757,3243.7922805246862,3293.2492031873944,552394,ASIANPAINT.NS
2024-01-03,3271.527099609375,3296.1584923173427,3263.1872099581815,3288.7400484880545,379131,ASIANPAINT.NS
2024-01-04,3277.68505859375,3298.34064604322,3262.023793079595,3269.975643794998,777127,ASIANPAINT.NS
2024-01-05,3254.0234375,3278.1214257825845,3246.701825399603,3277.685088479398,416956,ASIANPAINT.NS
2024-01-08,3198.602294921875,3274.339367136616,3195.1598944379634,3253.489879088804,545884,ASIANPAINT.NS
2024-01-09,3168.636962890625,3214.699780254758,3163.545809392484,3209.851062637481,670704,ASIANPAINT.NS
2024-01-10,3187.401611328125,3193.3654393268394,3159.618317184531,3192.3956957983464,691087,ASIANPAINT.NS
2024-01-11,3188.7109375,3209.0755536066436,3171.740424077797,3187.4019256597185,537469,ASIANPAINT.NS
2024-01-12,3178.625732421875,3195.2567410515367,3145.8483502259705,3195.2567410515367,673004,ASIANPAINT.NS
2024-01-15,3174.84326171875,3187.7408980735677,3160.0063750494455,3182.8921804028687,728116,ASIANPAINT.NS
2024-01-16,3197.1474609375,3219.5486319638285,3174.843358969076,3175.8616370618724,748215,ASIANPAINT.NS
2024-01-17,3144.199951171875,3204.372593295517,3096.4400753851837,3194.432720669861,2239241,ASIANPAINT.NS
2024-01-18,3068.12353515625,3159.3762703727252,2956.3605797340883,3159.3762703727252,1979174,ASIANPAINT.NS
2024-01-19,3070.063232421875,3104.683035669404,3053.3351533512696,3081.6516224562515,936201,ASIANPAINT.NS
2024-01-23,2962.27587890625,3014.933006427164,2930.1289716254496,2994.132052495245,2365225,ASIANPAINT.NS
2024-01-24,2908.697265625,2962.5665675843725,2886.0538956140726,2962.5665675843725,2665932,ASIANPAINT.NS
2024-01-25,2859.967529296875,2924.7464434996814,2853.276393739721,2918.976516931731,2001961,ASIANPAINT.NS
2024-01-29,2886.00537109375,2898.0300965445845,2851.0946029094966,2851.0946029094966,1862723,ASIANPAINT.NS
2024-01-30,2864.719970703125,2914.0798305354533,2861.7622050551427,2899.533674975376,1273188,ASIANPAINT.NS
2024-01-31,2868.356201171875,2881.980909345077,2858.8526665437294,2876.2595168081757,1771244,ASIANPAINT.NS
2024-02-01,2840.718505859375,2882.902352407369,2831.602773978328,2871.4107960600127,3006472,ASIANPAINT.NS
2024-02-02,2847.458251953125,2872.720120721962,2835.5788925530705,2860.7436922579327,1881911,ASIANPAINT.NS
2024-02-05,2829.081298828125,2875.289481973504,2823.893076393539,2860.7433294508724,923435,ASIANPAINT.NS
2024-02-06,2842.270263671875,2857.83469748161,2814.826469480684,2842.318798207872,1471312,ASIANPAINT.NS
2024-02-07,2890.950927734375,2912.0913847555985,2847.2156351014296,2867.531715392698,1134012,ASIANPAINT.NS
2024-02-08,2840.961181640625,2908.98860613925,2831.4576462191317,2908.98860613925,1633654,ASIANPAINT.NS
2024-02-09,2862.343505859375,2869.4712157808985,2822.487187293678,2841.3486523278243,1144765,ASIANPAINT.NS
2024-02-12,2864.4287109375,2875.2412574435702,2831.699864232898,2862.34362013218,614469,ASIANPAINT.NS
2024-02-13,2881.690185546875,2891.048116614855,2856.573684175403,2875.2412485342575,717118,ASIANPAINT.NS
2024-02-14,2886.344970703125,2890.611984912315,2847.215955589355,2880.0416368349856,750339,ASIANPAINT.NS
2024-02-15,2925.2802734375,2932.9896881534637,2877.6657652169315,2889.8360954529085,1068730,ASIANPAINT.NS
2024-02-16,2916.8916015625,2943.1717471196857,2909.2307220293437,2943.1717471196857,1179473,ASIANPAINT.NS
2024-02-19,2907.388427734375,2927.365004157281,2897.1090507106633,2916.8917257612716,560700,ASIANPAINT.NS
2024-02-20,2920.5283203125,2925.8136125202705,2882.175148995083,2907.3884834763026,729371,ASIANPAINT.NS
2024-02-21,2910.9765625,2935.1716194376536,2893.230206192199,2920.916435003258,927130,ASIANPAINT.NS
2024-02-22,2926.104248046875,2935.6077826909805,2843.3853082537803,2892.745162861561,2615821,ASIANPAINT.NS
2024-02-23,2895.605712890625,2914.079374914302,2876.4532777310383,2908.2609135999974,1650523,ASIANPAINT.NS
2024-02-26,2781.660888671875,2841.3486525985536,2761.635778705764,2831.651216924156,3524491,ASIANPAINT.NS
2024-02-27,2773.0302734375,2783.164046395042,2763.8662440501303,2768.6178928424547,1296180,ASIANPAINT.NS
2024-02-28,2709.802978515625,2772.884606920704,2701.2206534128486,2763.91447910018,2472196,ASIANPAINT.NS
2024-02-29,2736.519287109375,2752.132253297183,2692.7354595993493,2700.7358440566086,2284424,ASIANPAINT.NS
2024-03-01,2746.071044921875,2759.8413547134846,2729.8763764784408,2747.1861552002047,978174,ASIANPAINT.NS
2024-03-04,2746.071044921875,2774.3875066244327,2742.434506944138,2773.4662976874943,971299,ASIANPAINT.NS
2024-03-05,2735.064453125,2749.0774360027435,2720.1304980333884,2748.2530593321294,736381,ASIANPAINT.NS
2024-03-06,2741.756103515625,2753.10205618507,2693.705261207495,2742.3863421485585,1723066,ASIANPAINT.NS
2024-03-07,2783.697509765625,2806.4379496015104,2739.5256418881363,2739.5256418881363,1564364,ASIANPAINT.NS
2024-03-11,2789.80712890625,2808.911031561163,2766.775717097375,2807.9412879060524,866546,ASIANPAINT.NS
2024-03-12,2789.1279296875,2812.159339933572,2778.751720632663,2792.8615372078593,663186,ASIANPAINT.NS
2024-03-13,2773.612060546875,2799.8922067866856,2749.223103728549,2791.5040193551395,955841,ASIANPAINT.NS
2024-03-14,2804.740966796875,2810.365527107244,2755.0416065934555,2773.4667352542356,1381741,ASIANPAINT.NS
2024-03-15,2780.788330078125,2809.298697447771,2763.7692824093683,2807.4077447632003,1356226,ASIANPAINT.NS
2024-03-18,2760.375,2779.2849991217286,2732.0100013174074,2779.2849991217286,940424,ASIANPAINT.NS
2024-03-19,2729.925537109375,2754.0720601180333,2716.2520564755673,2754.0720601180333,1199135,ASIANPAINT.NS
2024-03-20,2739.4287109375,2751.211238202901,2712.9063644648068,2729.9254126789515,818910,ASIANPAINT.NS
2024-03-21,2735.7919921875,2759.308273883638,2721.1004717262795,2758.9204711551192,1167680,ASIANPAINT.NS
2024-03-22,2755.526611328125,2768.7635175925043,2723.04019870117,2735.792233135296,1652689,ASIANPAINT.NS
2024-03-26,2729.48876953125,2758.0962061556497,2724.979556425878,2734.676992569742,1372390,ASIANPAINT.NS
2024-03-27,2744.859130859375,2756.835558458302,2732.446366011707,2732.6888019003186,1156231,ASIANPAINT.NS
2024-03-28,2760.61767578125,2781.224727896944,2733.7072900772264,2749.271722673019,1864623,ASIANPAINT.NS
2024-04-01,2784.134033203125,2799.1165253204863,2766.048408740865,2774.388062120667,558086,ASIANPAINT.NS
2024-04-02,2787.237060546875,2804.8863470503106,2769.5877740434394,2787.091693705646,562473,ASIANPAINT.NS
2024-04-03,2782.5341796875,2797.274236573507,2758.9208258961353,2758.9208258961353,816676,ASIANPAINT.NS
2024-04-04,2830.0029296875,2854.197986306274,2764.981570867498,2783.1642642313786,1831347,ASIANPAINT.NS
2024-04-05,2796.20703125,2839.166718470365,2792.8614633061743,2835.5301801066853,1155672,ASIANPAINT.NS
2024-04-08,2804.49853515625,2820.935642083115,2786.849248710386,2820.014432999438,570695,ASIANPAINT.NS
2024-04-09,2770.702880859375,2828.208724703413,2758.9205906132897,2805.4682842334787,1017670,ASIANPAINT.NS
2024-04-10,2809.104736328125,2811.383728459654,2771.5271723227,2796.0617324305517,740495,ASIANPAINT.NS
2024-04-12,2768.133056640625,2805.4681845721943,2758.9204926055627,2802.55895382428,1766311,ASIANPAINT.NS
2024-04-15,2758.3388671875,2767.163629500195,2727.2587712127897,2744.5685540900786,884519,ASIANPAINT.NS
2024-04-16,2744.37451171875,2755.4780290885446,2734.6770752815814,2742.0955194544877,911249,ASIANPAINT.NS
2024-04-18,2722.7490234375,2772.6908181967674,2715.379114224338,2768.6179424797824,1732434,ASIANPAINT.NS
2024-04-19,2723.57373046875,2736.7138050243907,2682.4564553178034,2705.584937387325,1337807,ASIANPAINT.NS
2024-04-22,2755.865966796875,2760.4722489343744,2728.907047146642,2760.4722489343744,676040,ASIANPAINT.NS
2024-04-23,2787.915771484375,2790.8735368051066,2757.9507890475124,2765.7087378212045,929062,ASIANPAINT.NS
2024-04-24,2780.982177734375,2795.8678365290793,2773.4666649185992,2795.7222329384263,718441,ASIANPAINT.NS
2024-04-25,2774.872802734375,2783.0670888799937,2743.45320450303,2778.315439897226,1594152,ASIANPAINT.NS
2024-04-26,2758.09619140625,2791.1160086502914,2751.2111538332124,2783.1641584056088,625507,ASIANPAINT.NS
2024-04-29,2781.418701171875,2786.9947271826154,2753.1022338246194,2758.096318941406,566219,ASIANPAINT.NS
2024-04-30,2788.885498046875,2823.8933363758592,2768.6179517009195,2768.6179517009195,1290649,ASIANPAINT.NS
2024-05-02,2885.375,2897.5938640075788,2788.109906752457,2788.109906752457,2493406,ASIANPAINT.NS
2024-05-03,2841.1064453125,2906.321705470283,2821.226700580388,2892.7938289667563,1594445,ASIANPAINT.NS
2024-05-06,2843.433837890625,2869.471550411879,2823.1177551362443,2860.7438572879496,768806,ASIANPAINT.NS
2024-05-07,2824.863037109375,2878.15039926399,2816.135344924691,2857.8343186959587,629534,ASIANPAINT.NS
2024-05-08,2757.27197265625,2817.105104284615,2735.646643437831,2812.2563863770683,1652877,ASIANPAINT.NS
2024-05-09,2628.102294921875,2767.5997734377193,2621.992862728712,2742.4349736995487,3547959,ASIANPAINT.NS
2024-05-10,2687.40185546875,2708.1059752904353,2589.312388535389,2617.337882872406,2478584,ASIANPAINT.NS
2024-05-13,2792.134521484375,2807.4079846130994,2670.77119329322,2687.4022028874097,2748823,ASIANPAINT.NS
2024-05-14,2779.4306640625,2800.6196574884475,2756.011449647565,2791.891964650014,999330,ASIANPAINT.NS
2024-05-15,2728.567626953125,2787.2856515861504,2721.2460151352916,2779.4306334166413,1230520,ASIANPAINT.NS
2024-05-16,2728.906982421875,2751.744491196891,2702.2390338372884,2735.695187516133,1534319,ASIANPAINT.NS
2024-05-17,2724.882568359375,2752.3263608130333,2701.802859053989,2729.440552885526,1325150,ASIANPAINT.NS
2024-05-21,2765.514892578125,2780.2064136649424,2716.2518695146373,2729.8282801441287,921822,ASIANPAINT.NS
2024-05-22,2798.437744140625,2807.407872922848,2750.7749383398536,2765.5149945014996,933846,ASIANPAINT.NS
2024-05-23,2815.89306640625,2832.8635799360336,2790.243394736283,2797.710373338625,1181894,ASIANPAINT.NS
2024-05-24,2787.770751953125,2822.1481193885957,2780.2552381423116,2822.1481193885957,755822,ASIANPAINT.NS
2024-05-27,2785.39453125,2810.6078643215383,2769.151326290451,2800.522389040641,817091,ASIANPAINT.NS
2024-05-28,2823.11767578125,2832.6212109331595,2777.345822702009,2788.837379693698,1084544,ASIANPAINT.NS
2024-05-29,2812.402099609375,2833.30012371562,2793.928671509339,2808.3777579519647,1758297,ASIANPAINT.NS
2024-05-30,2796.44970703125,2822.778389095149,2788.012984654538,2788.255420566247,1344426,ASIANPAINT.NS
2024-05-31,2794.025146484375,2818.0748345428656,2769.199852967387,2796.4495054266863,2520363,ASIANPAINT.NS
2024-06-03,2779.721435546875,2860.743558948534,2773.515171340847,2860.743558948534,952701,ASIANPAINT.NS
2024-06-04,2771.187744140625,2809.347250057113,2691.765836847094,2792.8616086173574,2683847,ASIANPAINT.NS
2024-06-05,2872.13818359375,2935.7049256130604,2777.8306159886206,2777.8306159886206,2410576,ASIANPAINT.NS
2024-06-06,2816.911376953125,2872.138229981339,2795.0436104882974,2870.441178608851,1689408,ASIANPAINT.NS
2024-06-07,2839.1181640625,2854.0523568903927,2801.4437689308443,2816.9111313119706,1600180,ASIANPAINT.NS
2024-06-10,2848.67041015625,2862.586089011269,2826.8026442368628,2839.4093112609035,876867,ASIANPAINT.NS
2024-06-11,2841.865234375,2859.3917395137455,2834.5707908568284,2854.15331790938,855430,ASIANPAINT.NS
2024-06-12,2845.145263671875,2857.09055677891,2805.833199116084,2848.2784200376454,1701770,ASIANPAINT.NS
2024-06-13,2849.257568359375,2867.860968290244,2844.3619367986203,2867.860968290244,726380,ASIANPAINT.NS
2024-06-14,2860.615966796875,2870.1624498007072,2844.4603801750054,2849.258004220651,982815,ASIANPAINT.NS
2024-06-18,2857.580322265625,2866.8820228178,2844.362116217797,2860.615709642566,741098,ASIANPAINT.NS
2024-06-19,2831.339599609375,2859.048922938539,2822.478458392049,2857.090670251595,1018294,ASIANPAINT.NS
2024-06-20,2854.642822265625,2863.4549592576986,2812.442381719111,2824.77946912582,1129752,ASIANPAINT.NS
2024-06-21,2830.5078125,2866.8822647425595,2819.982203092219,2863.9448853729464,1722379,ASIANPAINT.NS
2024-06-24,2835.59912109375,2839.417618520189,2811.4635113745016,2822.821473482917,892125,ASIANPAINT.NS
2024-06-25,2798.78369140625,2834.521803488446,2796.3848796370344,2815.967406805361,1217792,ASIANPAINT.NS
2024-06-26,2803.581787109375,2813.862614727606,2784.6845990117185,2800.497395397181,960622,ASIANPAINT.NS
2024-06-27,2820.716552734375,2842.404108165772,2785.614773589949,2801.0360153066595,1628022,ASIANPAINT.NS
2024-06-28,2856.16064453125,2870.798536051804,2802.4554671595374,2805.1970688227893,1206712,ASIANPAINT.NS
2024-07-01,2866.686279296875,2877.65244700565,2827.717001344783,2828.9899134548477,1104110,ASIANPAINT.NS
2024-07-02,2864.532470703125,2874.715290282493,2851.2162552120635,2866.6865011090053,1064295,ASIANPAINT.NS
2024-07-03,2864.483154296875,2887.3946153750107,2855.132449802233,2868.5464330503564,925189,ASIANPAINT.NS
2024-07-04,2873.63818359375,2906.4879244986932,2861.986674208804,2878.631824212755,968666,ASIANPAINT.NS
2024-07-05,2874.617431640625,2885.387823275164,2852.2935383974095,2875.8413397809136,817429,ASIANPAINT.NS
2024-07-08,2837.655029296875,2874.6170502293767,2830.360585557512,2874.6170502293767,828260,ASIANPAINT.NS
2024-07-09,2844.362060546875,2852.390848846916,2829.675165225635,2848.229561839231,685431,ASIANPAINT.NS
2024-07-10,2933.903076171875,2951.576354432764,2833.9344201998174,2839.5153925336463,2299950,ASIANPAINT.NS
2024-07-11,2958.968994140625,2966.7530012359516,2910.942796262206,2936.4000827414584,1968980,ASIANPAINT.NS
2024-07-12,2936.546630859375,2988.2935529094425,2908.8863120947312,2961.857142054739,1879930,ASIANPAINT.NS
2024-07-15,2894.787109375,2936.399980049256,2871.3370806510006,2936.399980049256,2425341,ASIANPAINT.NS
2024-07-16,2912.362548828125,2952.99629549068,2880.1003809133895,2897.235093361455,2085611,ASIANPAINT.NS
2024-07-18,2870.358154296875,2896.1579924860052,2782.6773340515433,2814.988506473676,5384611,ASIANPAINT.NS
2024-07-19,2884.55517578125,2917.7964669159023,2856.356289634368,2863.9445187010115,2164746,ASIANPAINT.NS
2024-07-22,2873.05078125,2911.2857168143782,2856.258619257172,2875.694374848,1616347,ASIANPAINT.NS
2024-07-23,2836.627197265625,2885.7792948789406,2825.7587985763644,2873.05065164211,1906312,ASIANPAINT.NS
2024-07-24,2851.99951171875,2865.9030592090458,2825.954653075666,2840.4457720414903,1476148,ASIANPAINT.NS
2024-07-25,2840.837158203125,2847.98482852285,2825.02436292371,2831.682470057762,1239922,ASIANPAINT.NS
2024-07-26,2888.569580078125,2902.5711350519036,2840.151828635072,2841.620518197821,1359780,ASIANPAINT.NS
2024-07-29,2893.024658203125,2903.2077159502537,2874.7150427628258,2891.4091952989465,854408,ASIANPAINT.NS
2024-07-30,2942.32373046875,2969.4944870930362,2908.005303572234,2911.4322458491706,2144591,ASIANPAINT.NS
2024-07-31,3020.06640625,3033.333616908847,2942.3238649463924,2942.3238649463924,3549501,ASIANPAINT.NS
2024-08-01,3034.655517578125,3063.63751572626,2998.8683996827003,3023.5423372686028,1675122,ASIANPAINT.NS
2024-08-02,3041.85205078125,3063.7356222427234,2996.126894030928,3005.918158390506,1348780,ASIANPAINT.NS
2024-08-05,3028.82958984375,3079.3526090310406,2991.5250164488248,3005.8691229684673,2019141,ASIANPAINT.NS
2024-08-06,3037.00537109375,3069.5613245357963,3021.6331341194955,3036.9563669638774,885743,ASIANPAINT.NS
2024-08-07,3036.71142578125,3053.405578162117,2996.1756897697787,3037.005211500512,1907105,ASIANPAINT.NS
2024-08-08,2942.66650390625,3025.206910515943,2927.9796073224807,3015.709431867347,1280109,ASIANPAINT.NS
2024-08-09,2977.1318359375,2989.0281261135715,2904.0889106716413,2975.565138075225,1665414,ASIANPAINT.NS
2024-08-12,2989.468505859375,3019.625645065168,2941.00175182866,2956.9615590456574,1736881,ASIANPAINT.NS
2024-08-13,2960.437744140625,2995.931076975215,2950.1079125688234,2991.1332140756795,502260,ASIANPAINT.NS
2024-08-14,2962.689697265625,2971.452830690008,2931.553430102686,2971.452830690008,454671,ASIANPAINT.NS
2024-08-16,2984.52392578125,2990.25191061881,2940.3164661389283,2990.25191061881,514229,ASIANPAINT.NS
2024-08-19,3012.086669921875,3023.395627942857,2974.928869891109,2990.203098698877,542858,ASIANPAINT.NS
2024-08-20,3038.425048828125,3041.50944046779,3013.751110933483,3031.375386436018,668282,ASIANPAINT.NS
2024-08-21,3085.765869140625,3104.41827496269,3019.6748368105364,3036.270981564519,1186536,ASIANPAINT.NS
2024-08-22,3120.083984375,3131.882265134474,3090.171627898072,3100.8930131469406,1540888,ASIANPAINT.NS
2024-08-23,3088.801025390625,3131.8338222301445,3083.0242752049576,3123.4132395089528,779284,ASIANPAINT.NS
2024-08-26,3105.15283203125,3111.1253600826362,3075.925811229537,3089.144018599137,472874,ASIANPAINT.NS
2024-08-27,3100.10986328125,3136.7780980098746,3084.248063904361,3088.164569382335,1003501,ASIANPAINT.NS
2024-08-28,3060.259521484375,3099.4245769505,3053.6994225027042,3087.136492989098,538366,ASIANPAINT.NS
2024-08-29,3050.81103515625,3078.3243430834277,3028.144115970009,3060.2595091315025,849866,ASIANPAINT.NS
2024-08-30,3061.532470703125,3100.648522515117,3045.768440069131,3064.714631498317,1567031,ASIANPAINT.NS
2024-09-02,3085.17822265625,3117.5383973598614,3074.065281657704,3082.289847640968,702358,ASIANPAINT.NS
2024-09-03,3088.9970703125,3108.2858129061433,3081.800395534344,3098.886103691147,577471,ASIANPAINT.NS
2024-09-04,3164.193603515625,3184.1189205458286,3089.633226870345,3089.633226870345,2379110,ASIANPAINT.NS
2024-09-05,3170.656005859375,3189.0146255180994,3149.8495702461546,3172.369477027523,1482119,ASIANPAINT.NS
2024-09-06,3205.365966796875,3217.311260765833,3158.0253499809933,3170.411203009902,2131256,ASIANPAINT.NS
2024-09-09,3212.268798828125,3244.8247502297972,3189.993674184876,3205.3659101957087,1272289,ASIANPAINT.NS
2024-09-10,3226.270263671875,3240.9081545064378,3202.624219359568,3221.325627893106,928920,ASIANPAINT.NS
2024-09-11,3297.159423828125,3312.335884298325,3245.8042876588434,3245.8042876588434,2561892,ASIANPAINT.NS
2024-09-12,3312.62939453125,3322.175876936239,3270.575963438178,3299.6559697244697,1643536,ASIANPAINT.NS
2024-09-13,3287.955322265625,3299.362048746183,3251.580634550987,3285.5075063646877,1029400,ASIANPAINT.NS
2024-09-16,3266.169921875,3324.0361492011148,3261.0785123587843,3289.8647331560865,1019280,ASIANPAINT.NS
2024-09-17,3243.650146484375,3279.9755942979473,3232.879755550594,3266.170054800463,586834,ASIANPAINT.NS
2024-09-18,3206.296142578125,3255.4484786711946,3183.6784663592844,3243.6499578437183,410510,ASIANPAINT.NS
2024-09-19,3225.095703125,3250.6997637791187,3206.639074209824,3225.242476472415,963456,ASIANPAINT.NS
2024-09-20,3237.921875,3255.3993761794713,3197.8757024120955,3235.033500041011,1504277,ASIANPAINT.NS
2024-09-23,3209.037841796875,3255.4973426803335,3204.876554506199,3247.713335439624,522775,ASIANPAINT.NS
2024-09-24,3180.59423828125,3228.914223807304,3173.4468064909433,3209.0379092276316,1057933,ASIANPAINT.NS
2024-09-25,3177.0205078125,3184.1191744837815,3139.813703190611,3184.1191744837815,740636,ASIANPAINT.NS
2024-09-26,3208.646484375,3217.2628452220943,3159.739164427399,3182.1610652384893,951080,ASIANPAINT.NS
2024-09-27,3241.642822265625,3268.2750133045993,3208.6463094431497,3222.2560711777446,1315996,ASIANPAINT.NS
2024-09-30,3259.610107421875,3287.9067674861108,3236.159836650409,3241.643040635688,1088162,ASIANPAINT.NS
2024-10-01,3208.93994140625,3259.4627192551634,3176.3349850997006,3247.7622068074065,968660,ASIANPAINT.NS
2024-10-03,3083.5625,3158.563431046302,3061.2383725829454,3125.6649308399383,1741363,ASIANPAINT.NS
2024-10-04,3008.36572265625,3090.8571179805103,2990.7904524109053,3069.561119781072,1551818,ASIANPAINT.NS
2024-10-07,2998.32958984375,3033.8719232633402,2974.58577645369,3010.813450492132,909812,ASIANPAINT.NS
2024-10-08,3023.59130859375,3034.3126947984106,2982.0762060642724,2994.168512647157,817718,ASIANPAINT.NS
2024-10-09,3014.583251953125,3081.0168312337073,3007.631359264989,3030.934614154712,1225598,ASIANPAINT.NS
2024-10-10,2995.24560546875,3030.3961469022447,2979.481575128766,3025.549519128867,1161933,ASIANPAINT.NS
2024-10-11,2973.802734375,3000.0433704107377,2962.8365662085157,2995.3435157552335,976017,ASIANPAINT.NS
2024-10-14,2975.711669921875,2991.230917764415,2954.2198949337467,2973.6066439445267,716011,ASIANPAINT.NS
2024-10-15,3003.078369140625,3032.158372430034,2984.034171377675,3010.813371289713,1242322,ASIANPAINT.NS
2024-10-16,3017.765380859375,3038.767592992859,3002.0993594571282,3023.542130633647,764001,ASIANPAINT.NS
2024-10-17,2992.0634765625,3020.6049152328696,2973.606848480462,3018.54865419464,674481,ASIANPAINT.NS
2024-10-18,2929.69287109375,3004.938828213083,2918.384152760825,2993.1893117782324,899318,ASIANPAINT.NS
2024-10-21,2985.55224609375,2993.1894800145687,2937.917841154578,2944.282162914504,806970,ASIANPAINT.NS
2024-10-22,2944.086181640625,2994.1193950477304,2932.7282202836327,2990.2518937471714,541838,ASIANPAINT.NS
2024-10-23,2927.2939453125,2963.3258421185824,2910.0124611803,2937.329990209812,624689,ASIANPAINT.NS
2024-10-24,2909.963623046875,2939.6312003908815,2889.4019689136367,2927.2941122931275,571259,ASIANPAINT.NS
2024-10-25,2896.255859375,2952.6046308847276,2890.381101039554,2913.3905711867183,1047769,ASIANPAINT.NS
2024-10-28,2939.1904296875,2958.625943649165,2901.2002807869694,2925.531426332607,504961,ASIANPAINT.NS
2024-10-29,2930.37841796875,2964.794613855907,2879.708628910942,2956.961602987067,613459,ASIANPAINT.NS
2024-10-30,2934.098876953125,2943.253803930463,2901.6899382407482,2943.253803930463,812725,ASIANPAINT.NS
2024-10-31,2874.372314453125,2933.9522513847237,2858.0699555454726,2931.700212860588,1031171,ASIANPAINT.NS
2024-11-01,2878.48486328125,2903.8441416051287,2868.8403725543376,2896.2559119507614,112249,ASIANPAINT.NS
2024-11-04,2854.447265625,2900.3191944222995,2825.269250851829,2900.3191944222995,1146008,ASIANPAINT.NS
2024-11-05,2827.03173828125,2857.8742202713024,2812.73639704265,2834.570963847689,935417,ASIANPAINT.NS
2024-11-06,2836.822998046875,2847.152829490549,2800.301535112204,2830.164890643995,1817087,ASIANPAINT.NS
2024-11-07,2783.509521484375,2844.3131261788453,2766.032020005644,2839.4664984128735,1112489,ASIANPAINT.NS
2024-11-08,2711.6416015625,2787.5729028364462,2704.7387125294986,2783.5096238329847,2060410,ASIANPAINT.NS
2024-11-11,2490.0166015625,2544.5048935644454,2453.6909141981723,2511.5083795982237,8854840,ASIANPAINT.NS
2024-11-12,2423.19091796875,2482.0852716971294,2418.4420596023315,2482.0852716971294,3445898,ASIANPAINT.NS
2024-11-13,2418.931396484375,2445.857368313284,2399.9364428846875,2418.441833360213,1803766,ASIANPAINT.NS
2024-11-14,2431.317626953125,2449.5294736289966,2414.721482265574,2430.9750761395044,1206967,ASIANPAINT.NS
2024-11-18,2431.856201171875,2467.398537436715,2419.2255661813806,2467.398537436715,945471,ASIANPAINT.NS
2024-11-19,2436.0244140625,2455.150104366518,2424.8924251734834,2440.241921866545,941508,ASIANPAINT.NS
2024-11-21,2381.54052734375,2418.614988081474,2378.45108872154,2407.5809366389517,1377572,ASIANPAINT.NS
2024-11-22,2424.745361328125,2446.077863815995,2376.44072925789,2383.355450368951,3805843,ASIANPAINT.NS
2024-11-25,2412.4853515625,2459.8091798845007,2403.0206816798122,2456.915853815773,1857124,ASIANPAINT.NS
2024-11-26,2456.915771484375,2469.666232573915,2410.425724524224,2412.6813837689556,1152258,ASIANPAINT.NS
2024-11-27,2444.06689453125,2469.322613059505,2432.395415536785,2469.175588150749,864653,ASIANPAINT.NS
2024-11-28,2410.866943359375,2457.896478934162,2406.2081212225285,2452.01165097183,1506133,ASIANPAINT.NS
2024-11-29,2432.00341796875,2443.674898059773,2407.9246148110415,2410.867028896604,1030854,ASIANPAINT.NS
2024-12-02,2431.4638671875,2438.280411759127,2414.103672404123,2432.0033576473265,914624,ASIANPAINT.NS
2024-12-03,2421.998779296875,2446.1266681971183,2416.212127948517,2446.1266681971183,1341985,ASIANPAINT.NS
2024-12-04,2412.239990234375,2431.5129456124614,2406.1099610659503,2431.3165931156605,1005012,ASIANPAINT.NS
2024-12-05,2405.129150390625,2419.5469310678895,2377.3723304944847,2417.6834979870496,3190834,ASIANPAINT.NS
2024-12-06,2383.061279296875,2420.6261495243543,2380.413154333715,2420.6261495243543,1735948,ASIANPAINT.NS
2024-12-09,2345.937744140625,2392.182588518261,2341.180745712624,2391.348808767617,2301281,ASIANPAINT.NS
2024-12-10,2343.044189453125,2358.4918630654356,2339.2682351315643,2353.833040864897,1657888,ASIANPAINT.NS
2024-12-11,2370.899169921875,2381.3937319700995,2346.7221912027503,2353.686000121601,1337700,ASIANPAINT.NS
2024-12-12,2343.681884765625,2368.643316127544,2335.0016675148786,2366.6817067560096,1089028,ASIANPAINT.NS
2024-12-13,2361.434326171875,2365.7009223732866,2308.814250110579,2343.681904879696,1150861,ASIANPAINT.NS
2024-12-16,2356.137939453125,2373.4981336387937,2340.3468890142485,2373.4981336387937,987775,ASIANPAINT.NS
2024-12-17,2310.77587890625,2353.833109560867,2305.381453042929,2342.161629383754,1258218,ASIANPAINT.NS
2024-12-18,2300.428466796875,2327.1553963947094,2296.063933524049,2311.560696557871,855682,ASIANPAINT.NS
2024-12-19,2247.857177734375,2280.3707553024697,2221.8658551470567,2280.3707553024697,2784409,ASIANPAINT.NS
2024-12-20,2238.53955078125,2273.505140179618,2232.3113455775715,2252.9082428785946,1719502,ASIANPAINT.NS
2024-12-23,2235.449951171875,2258.3518359488926,2222.5524655707823,2255.8507361549114,855647,ASIANPAINT.NS
2024-12-24,2240.157958984375,2250.9468108008496,2233.439350935133,2238.2945258159666,601558,ASIANPAINT.NS
2024-12-26,2218.972412109375,2243.541617232668,2213.1857602794494,2240.1578889777365,1267334,ASIANPAINT.NS
2024-12-27,2227.799560546875,2246.8273142100848,2216.6675715702577,2226.6717309940805,821790,ASIANPAINT.NS
2024-12-30,2244.326416015625,2254.6739537738313,2213.480155249782,2236.47997820152,1076940,ASIANPAINT.NS
2024-12-31,2237.55859375,2253.5455166218694,2229.368779837357,2236.2344118034202,685486,ASIANPAINT.NS
2025-01-01,2260.411376953125,2278.605351392144,2236.2346377260815,2236.2346377260815,1067328,ASIANPAINT.NS
2025-01-02,2298.2705078125,2302.880241800115,2249.9658785540914,2269.581971653953,1342922,ASIANPAINT.NS
2025-01-03,2291.11083984375,2303.8613017716807,2277.575686214012,2299.006366082288,1355319,ASIANPAINT.NS
2025-01-06,2223.63134765625,2295.0830680126287,2213.381986119443,2291.110760965597,1190987,ASIANPAINT.NS
2025-01-07,2248.5927734375,2271.543505823445,2228.3881024312896,2228.3881024312896,740798,ASIANPAINT.NS
2025-01-08,2289.54150390625,2293.121345211807,2229.0747516227793,2243.1493945831817,1439632,ASIANPAINT.NS
2025-01-09,2305.087158203125,2316.072122953004,2276.7419981529406,2296.9464313017265,1362304,ASIANPAINT.NS
2025-01-10,2276.202392578125,2303.8119477071496,2271.5435704883926,2290.767437419308,1214334,ASIANPAINT.NS
2025-01-13,2209.409423828125,2257.71405119624,2203.279394974303,2247.7589801193344,1181928,ASIANPAINT.NS
2025-01-14,2196.953369140625,2242.462849427957,2194.0600432596334,2225.445792649132,1316807,ASIANPAINT.NS
2025-01-15,2186.900146484375,2210.488546922533,2177.386388981929,2205.829724693855,1308999,ASIANPAINT.NS
2025-01-16,2173.07080078125,2196.855312695061,2165.42047689338,2196.021532990608,1936087,ASIANPAINT.NS
2025-01-17,2217.599365234375,2225.4948907413877,2170.030338602855,2182.9278242686637,878848,ASIANPAINT.NS
2025-01-20,2236.77392578125,2243.001891172134,2207.791102642474,2228.6331999019817,555716,ASIANPAINT.NS
2025-01-21,2216.9619140625,2270.562793071887,2211.7145133378426,2236.774120348776,1410294,ASIANPAINT.NS
2025-01-22,2218.67822265625,2226.426483358484,2201.808191659471,2226.426483358484,835523,ASIANPAINT.NS
2025-01-23,2232.65478515625,2257.6162158801017,2203.0833809637184,2218.678318741337,1142465,ASIANPAINT.NS
2025-01-24,2218.972412109375,2252.467035601808,2211.7636413843934,2239.177084297799,543202,ASIANPAINT.NS
2025-01-27,2208.28173828125,2234.027861145955,2203.0834255834275,2212.0088439582323,1097939,ASIANPAINT.NS
2025-01-28,2198.76806640625,2223.5333855549316,2191.215917962656,2216.6186643968203,897501,ASIANPAINT.NS
2025-01-29,2180.47607421875,2203.672251186656,2169.5892847167747,2198.768227234155,1281088,ASIANPAINT.NS
2025-01-30,2206.66357421875,2215.883042717907,2172.4824342680818,2180.475896878825,1155718,ASIANPAINT.NS
2025-01-31,2256.635498046875,2260.7548298894417,2191.951476076034,2211.714594967762,1292909,ASIANPAINT.NS
2025-02-01,2306.018798828125,2343.142351284642,2241.4329551285223,2267.6203918669285,1318619,ASIANPAINT.NS
2025-02-03,2248.249267578125,2319.0633093891597,2233.9785132445845,2306.0185607637545,1070382,ASIANPAINT.NS
2025-02-04,2309.157470703125,2372.174168024552,2220.296475663504,2260.41128914945,5373733,ASIANPAINT.NS
2025-02-05,2231.526611328125,2251.4860810176606,2194.3051240935533,2225.4456706082346,3474642,ASIANPAINT.NS
2025-02-06,2219.953369140625,2254.771937667948,2216.8639299685055,2243.296570015997,1285954,ASIANPAINT.NS
2025-02-07,2227.407470703125,2232.6057834969856,2200.141052188956,2222.503447209723,1336756,ASIANPAINT.NS
2025-02-10,2226.57373046875,2234.273143271832,2210.7338300854735,2227.456598385804,1181565,ASIANPAINT.NS
2025-02-11,2197.83642578125,2239.0790740672005,2183.2713794225256,2235.2540313135382,1607942,ASIANPAINT.NS
2025-02-12,2185.47802734375,2204.7998316412377,2143.744740335438,2198.8170667681698,1181706,ASIANPAINT.NS
2025-02-13,2193.4716796875,2206.7616321381893,2177.3865773303783,2185.4782166380246,921923,ASIANPAINT.NS
2025-02-14,2188.4697265625,2207.3502183450614,2160.712903739357,2193.4716872063455,1380052,ASIANPAINT.NS
2025-02-17,2207.644287109375,2216.6185540575925,2183.320283404085,2188.469507921254,923900,ASIANPAINT.NS
2025-02-18,2194.648681640625,2208.723085343409,2176.1604173554124,2204.8489546884357,735853,ASIANPAINT.NS
2025-02-19,2196.119873046875,2206.614435319362,2183.3694121007593,2194.6486660146306,645234,ASIANPAINT.NS
2025-02-20,2205.87890625,2213.774432147032,2188.2244212672454,2196.119947164277,637442,ASIANPAINT.NS
2025-02-21,2214.264892578125,2222.307443612556,2194.0602190084924,2205.8789641005346,755585,ASIANPAINT.NS
2025-02-24,2203.08349609375,2215.6378442975797,2197.9833594824595,2202.7892067893094,765042,ASIANPAINT.NS
2025-02-25,2182.045166015625,2213.774292529145,2175.130445275953,2203.083378069052,947702,ASIANPAINT.NS
2025-02-27,2171.158203125,2185.6250722817654,2155.8087055302076,2171.501580547716,1027196,ASIANPAINT.NS
2025-02-28,2137.908935546875,2168.902458264366,2134.0348050707535,2167.578276205342,1701193,ASIANPAINT.NS
2025-03-03,2124.815185546875,2151.2480635171437,2088.1331859068287,2137.909023945707,959068,ASIANPAINT.NS
2025-03-04,2091.173828125,2118.3911589596355,2083.9648176897913,2112.7024437231626,2180989,ASIANPAINT.NS
2025-03-05,2122.608154296875,2140.9003035438814,2083.9645492939253,2091.075382560136,1535212,ASIANPAINT.NS
2025-03-06,2224.170654296875,2231.3305761243014,2141.1947246770724,2147.8151560567817,1985096,ASIANPAINT.NS
2025-03-07,2226.426513671875,2234.223862602033,2204.8488117772577,2224.1706151284047,921429,ASIANPAINT.NS
2025-03-10,2234.861572265625,2248.9850634502022,2218.4330943708187,2226.4265564901693,1072395,ASIANPAINT.NS
2025-03-11,2243.492431640625,2246.92524787127,2214.558694839471,2230.3497452821425,601228,ASIANPAINT.NS
2025-03-12,2208.085693359375,2251.8785279157673,2203.8681852119953,2243.4925997474033,749216,ASIANPAINT.NS
2025-03-13,2188.4697265625,2213.8724742700488,2179.8385967138997,2211.959952863452,747470,ASIANPAINT.NS
2025-03-17,2176.945068359375,2196.2668726021657,2153.8961584537587,2162.6743124205764,838015,ASIANPAINT.NS
2025-03-18,2176.945068359375,2176.945068359375,2176.945068359375,2176.945068359375,0,ASIANPAINT.NS
2025-03-19,2236.921142578125,2244.031976370776,2224.3179463561214,2230.3497992399066,663292,ASIANPAINT.NS
2025-03-20,2243.29638671875,2262.7163670183427,2225.2005885014587,2246.0426876775055,1166849,ASIANPAINT.NS
2025-03-21,2256.242919921875,2270.072361261491,2234.1259666391193,2247.6608792387738,1624115,ASIANPAINT.NS
2025-03-24,2277.9189453125,2285.520181836148,2257.910624954544,2258.204674804942,1100353,ASIANPAINT.NS
2025-03-25,2286.010498046875,2299.4965623386884,2263.697191673147,2280.3708711612076,1828005,ASIANPAINT.NS
2025-03-26,2278.556396484375,2296.0147684448502,2259.7740818204,2295.0830518488438,1934287,ASIANPAINT.NS
2025-03-27,2293.219482421875,2304.9891383988142,2246.53308459831,2270.562798884561,1497861,ASIANPAINT.NS
2025-03-28,2295.72021484375,2318.6220982712343,2280.3707184774194,2298.956917947923,1281871,ASIANPAINT.NS
2025-04-01,2271.543701171875,2316.3664283861817,2261.4904529261876,2297.044623551179,970583,ASIANPAINT.NS
2025-04-02,2262.373046875,2283.705548924632,2248.151378841912,2283.3133228295655,792693,ASIANPAINT.NS
2025-04-03,2304.302490234375,2309.6969161401757,2245.846673182262,2250.946809784164,608846,ASIANPAINT.NS
2025-04-04,2310.8251953125,2318.573457445355,2258.597339749077,2304.3026997244897,1163188,ASIANPAINT.NS
2025-04-07,2296.4072265625,2308.8143104866754,2147.9623364340778,2147.9623364340778,1745817,ASIANPAINT.NS
2025-04-08,2348.242431640625,2373.5472393560162,2310.7757421168485,2310.7757421168485,1876867,ASIANPAINT.NS
2025-04-09,2364.866943359375,2382.8157156416073,2345.0056499754683,2353.931067722282,1186937,ASIANPAINT.NS
2025-04-11,2347.654296875,2401.0099783908627,2334.560457951328,2392.673138188117,968152,ASIANPAINT.NS
2025-04-15,2369.329833984375,2378.451365462363,2339.2191779908185,2368.5451423440904,1141122,ASIANPAINT.NS
2025-04-16,2412.681396484375,2421.1164127236184,2357.560219989948,2358.9334902486225,1166695,ASIANPAINT.NS
2025-04-17,2420.52783203125,2428.864672011156,2384.336234253132,2412.6813944031032,885840,ASIANPAINT.NS
2025-04-21,2398.067626953125,2423.470374336272,2394.1444079315247,2418.5663505592715,541913,ASIANPAINT.NS
2025-04-22,2385.317138671875,2402.9716240732296,2367.1722508982607,2398.067600350631,543647,ASIANPAINT.NS
2025-04-23,2406.011962890625,2409.4447791373664,2379.0398352376574,2390.2209123739117,744684,ASIANPAINT.NS
2025-04-24,2417.094970703125,2443.1844711141525,2389.1420371717104,2402.9714790163284,1203452,ASIANPAINT.NS
2025-04-25,2384.9248046875,2421.3125153908227,2367.3682568820964,2416.9970704918337,702217,ASIANPAINT.NS
2025-04-28,2405.129150390625,2412.5833616225136,2358.835218117182,2373.4491118364936,554920,ASIANPAINT.NS
2025-04-29,2404.050537109375,2424.549259908607,2394.7328922998554,2412.7796033071086,1235066,ASIANPAINT.NS
2025-04-30,2379.137939453125,2414.937311402688,2355.402513339064,2402.9715418199903,1479669,ASIANPAINT.NS
2025-05-02,2363.7392578125,2397.969245058867,2351.969601757002,2378.451327881872,744673,ASIANPAINT.NS
2025-05-05,2390.122802734375,2427.4915564148305,2376.5878898620194,2376.5878898620194,1229588,ASIANPAINT.NS
2025-05-06,2371.585693359375,2402.8732665678112,2345.202143503626,2395.125005452272,702802,ASIANPAINT.NS
2025-05-07,2289.29638671875,2359.521860813671,2273.9957373452403,2342.1616652061393,1711738,ASIANPAINT.NS
2025-05-08,2258.401123046875,2304.008544122107,2249.4757040009754,2277.4286394986984,2292261,ASIANPAINT.NS
2025-05-09,2255.45849609375,2287.040358313372,2201.9064657768918,2203.4758490175027,1503010,ASIANPAINT.NS
2025-05-12,2311.16796875,2332.8438471773284,2276.4475801129197,2285.2748219143054,940135,ASIANPAINT.NS
2025-05-13,2279.978759765625,2312.73754180249,2270.661114877108,2308.8143229020616,1220489,ASIANPAINT.NS
2025-05-14,2238.490478515625,2274.4859609248783,2233.3903422767617,2274.4859609248783,1549845,ASIANPAINT.NS
2025-05-15,2285.1767578125,2290.6693598735023,2224.4650431141526,2241.1387228905814,1675015,ASIANPAINT.NS
2025-05-16,2308.421875,2309.7949057015176,2270.562720466672,2289.0998322084342,785113,ASIANPAINT.NS
2025-05-19,2286.64794921875,2333.2361718049738,2281.9402782892416,2308.4220048119373,552961,ASIANPAINT.NS
2025-05-20,2251.53515625,2302.634932707437,2247.415585328712,2302.438819676483,1095824,ASIANPAINT.NS
2025-05-21,2268.0126953125,2271.739801067979,2246.042765786948,2251.92759399425,469330,ASIANPAINT.NS
2025-05-22,2255.06591796875,2265.658655678356,2239.2751073744516,2264.8739640972276,916504,ASIANPAINT.NS
2025-05-23,2271.05322265625,2284.294085755304,2250.946726839168,2257.6162465132484,458035,ASIANPAINT.NS
2025-05-26,2282.528564453125,2293.1213027072104,2258.5970264512307,2271.5436001154403,1258062,ASIANPAINT.NS
2025-05-27,2282.921142578125,2306.4604556573113,2256.929817719857,2268.69947425945,2485428,ASIANPAINT.NS
2025-05-28,2258.9892578125,2288.217284736854,2256.1450200640998,2282.9210353245694,774808,ASIANPAINT.NS
2025-05-29,2250.260009765625,2264.6777892903533,2242.609686103245,2258.989074800161,1414643,ASIANPAINT.NS
2025-05-30,2215.73583984375,2259.7738720370758,2211.7144450710093,2252.4178372973715,3610431,ASIANPAINT.NS
2025-06-02,2223.189697265625,2228.6822987043906,2214.5585690565263,2215.7357261178645,702789,ASIANPAINT.NS
2025-06-03,2212.401123046875,2243.3946474767345,2203.5738807103767,2228.976866217975,792587,ASIANPAINT.NS
2025-06-04,2205.82958984375,2217.5992452808887,2197.8849766419803,2206.319992153631,768079,ASIANPAINT.NS
2025-06-05,2200.435302734375,2217.5993846589804,2190.136853579612,2207.889514094768,996614,ASIANPAINT.NS
2025-06-06,2202.1025390625,2209.360637101461,2196.0215981598762,2205.92782084708,822087,ASIANPAINT.NS
2025-06-09,2204.750732421875,2212.499233024373,2193.0792525749403,2197.002471273643,1041851,ASIANPAINT.NS
2025-06-10,2196.386474609375,2217.272486211869,2192.724063924676,2217.272486211869,1809051,ASIANPAINT.NS
2025-06-11,2186.388916015625,2203.315269404601,2184.8050534192694,2186.5868384242935,1430888,ASIANPAINT.NS
2025-06-12,2196.88134765625,2240.0390684418803,2185.6961934513174,2201.434771637093,3417373,ASIANPAINT.NS
2025-06-13,2191.734130859375,2194.604851740266,2152.733989669046,2152.9319120868795,1786807,ASIANPAINT.NS
2025-06-16,2222.02392578125,2227.1711173642298,2186.8841148183924,2191.7343019196833,1301826,ASIANPAINT.NS
2025-06-17,2241.82080078125,2257.856383051544,2204.404281041556,2208.3636960052586,1540986,ASIANPAINT.NS
2025-06-18,2258.25244140625,2260.826158041413,2232.120396840362,2234.1001045094,1131156,ASIANPAINT.NS
2025-06-19,2244.988525390625,2261.816040792583,2241.029110001929,2246.9682330849732,524926,ASIANPAINT.NS
2025-06-20,2262.5087890625,2266.666126702171,2240.0391560683156,2243.9985712801026,1945026,ASIANPAINT.NS
2025-06-23,2241.128173828125,2249.7398538958046,2231.0314713382227,2238.257452696542,596186,ASIANPAINT.NS
2025-06-24,2252.21435546875,2286.2652288580507,2245.8791462744125,2281.612964421652,1044179,ASIANPAINT.NS
2025-06-25,2256.767578125,2271.021617818927,2252.313236032559,2253.006327022203,807368,ASIANPAINT.NS
2025-06-26,2266.5673828125,2269.3390219114503,2257.064689234252,2263.7957437135497,921519,ASIANPAINT.NS
2025-06-27,2334.76806640625,2340.5092666724286,2253.9961428230686,2259.836183469298,1555059,ASIANPAINT.NS
2025-06-30,2317.3466796875,2345.854273974067,2302.4988736367836,2338.034526119427,785414,ASIANPAINT.NS
2025-07-01,2345.458740234375,2375.6492832084828,2326.3545122491983,2356.3471327824136,1232160,ASIANPAINT.NS
2025-07-02,2394.852294921875,2405.344842339883,2303.389896347699,2316.257996327295,1936030,ASIANPAINT.NS
2025-07-03,2406.2353515625,2439.3954517375932,2400.395311182141,2404.25564408936,1547480,ASIANPAINT.NS
2025-07-04,2399.603515625,2418.2128152580945,2387.527347688303,2406.2354877025405,602309,ASIANPAINT.NS
2025-07-07,2418.014892578125,2440.088680482908,2396.4360315695767,2398.7127436249625,869054,ASIANPAINT.NS
2025-07-08,2459.390869140625,2462.7562754239448,2412.570735668228,2415.7382195225628,1136367,ASIANPAINT.NS
2025-07-09,2473.545654296875,2509.2794744445164,2467.6065312804385,2494.926593821461,2328636,ASIANPAINT.NS
2025-07-10,2426.32958984375,2486.512749306158,2420.2916266528655,2481.8604847719294,932859,ASIANPAINT.NS
2025-07-11,2414.451416015625,2459.5888473703967,2410.7890051739755,2422.6672511448596,1050411,ASIANPAINT.NS
2025-07-14,2377.23291015625,2423.7560373356596,2366.7403635312317,2406.4335963646026,891618,ASIANPAINT.NS
2025-07-15,2369.215087890625,2390.4969447486355,2362.088188810415,2385.448593665743,610228,ASIANPAINT.NS
2025-07-16,2386.04248046875,2397.8216435077948,2346.9432570800277,2356.8417946467926,1200909,ASIANPAINT.NS
2025-07-17,2374.560302734375,2389.507192526197,2369.7101155375785,2379.707736082246,526163,ASIANPAINT.NS
2025-07-18,2358.2275390625,2380.5983310634733,2348.230160923921,2376.2430711148772,599552,ASIANPAINT.NS
2025-07-21,2351.298583984375,2383.567914037501,2336.8468637229585,2358.22756047867,390931,ASIANPAINT.NS
2025-07-22,2341.2021484375,2356.643964310425,2337.341815301031,2351.298608817401,411317,ASIANPAINT.NS
2025-07-23,2351.298583984375,2360.5042725166427,2328.7301110194885,2339.0244937170323,368999,ASIANPAINT.NS
2025-07-24,2328.2353515625,2355.8521774818505,2317.2478770945427,2351.298753078445,506960,ASIANPAINT.NS
2025-07-25,2312.496337890625,2326.651295187884,2302.2019553090836,2316.25783056356,383636,ASIANPAINT.NS
2025-07-28,2335.658935546875,2342.3897475154404,2296.460631549846,2312.496213489174,650364,ASIANPAINT.NS
2025-07-29,2377.1337890625,2393.7633804542284,2301.409976918723,2335.065004538179,1742815,ASIANPAINT.NS
2025-07-30,2391.288818359375,2419.004724295606,2342.4889785032356,2384.5577642993003,1685818,ASIANPAINT.NS
2025-07-31,2371.788818359375,2392.674588818769,2349.418025516724,2377.0348502382585,1274735,ASIANPAINT.NS
2025-08-01,2406.33447265625,2446.9184765142945,2353.872223766583,2353.872223766583,2225293,ASIANPAINT.NS
2025-08-04,2424.94384765625,2441.969284403293,2414.8473873951507,2418.4107160183803,1165898,ASIANPAINT.NS
2025-08-05,2412.075927734375,2438.70289982959,2384.6570242206344,2436.9211145537915,659094,ASIANPAINT.NS
2025-08-06,2465.923828125,2480.1778683627604,2415.243360050098,2415.243360050098,2019109,ASIANPAINT.NS
2025-08-07,2481.068603515625,2484.5330918907716,2441.8702955199838,2458.8959745801,1502806,ASIANPAINT.NS
2025-08-08,2450.482177734375,2486.215755117334,2443.454119049418,2481.0685636610756,1178226,ASIANPAINT.NS
2025-08-11,2463.84521484375,2478.791862374858,2427.121541831701,2438.9007055038905,721135,ASIANPAINT.NS
2025-08-12,2453.15478515625,2477.406203891745,2448.898365372008,2463.8452548090927,608984,ASIANPAINT.NS
2025-08-13,2474.83251953125,2478.9898573216647,2436.2282198165494,2454.639597884359,350844,ASIANPAINT.NS
2025-08-14,2503.043212890625,2509.1802580128915,2472.357745615771,2479.583726564812,1088550,ASIANPAINT.NS
2025-08-18,2561.147705078125,2568.6706908574174,2510.863323805654,2524.127268472607,1755615,ASIANPAINT.NS
2025-08-19,2553.228759765625,2568.670575497609,2535.2134691873252,2561.1475900561763,698587,ASIANPAINT.NS
2025-08-20,2544.023193359375,2553.1297994329543,2537.3909799718176,2551.8429412384953,308028,ASIANPAINT.NS
2025-08-21,2540.558837890625,2549.863366865174,2533.3328568800803,2548.7744310291314,781082,ASIANPAINT.NS
2025-08-22,2479.088623046875,2543.2311919519207,2475.7232170896536,2536.797142820435,523774,ASIANPAINT.NS
2025-08-25,2467.6064453125,2496.9062145049056,2450.878012731079,2490.4721647945858,766497,ASIANPAINT.NS
2025-08-26,2456.22314453125,2497.6981641187676,2442.9592001585233,2455.9263817194274,7106393,ASIANPAINT.NS
2025-08-28,2463.74609375,2502.350391723584,2439.989602689333,2439.989602689333,1485769,ASIANPAINT.NS
2025-08-29,2493.0458984375,2505.913997946369,2464.7359828525773,2465.725836660952,1798653,ASIANPAINT.NS
2025-09-01,2544.122314453125,2551.6453003711945,2489.581512369503,2492.451991866285,1314833,ASIANPAINT.NS
2025-09-02,2514.228759765625,2545.805000673645,2505.320075183778,2542.93452119602,1024054,ASIANPAINT.NS
2025-09-03,2527.987548828125,2539.074104831537,2501.6575824788406,2504.330139433277,925847,ASIANPAINT.NS
2025-09-04,2542.53857421875,2556.792372311873,2527.0967582315957,2527.9875299885935,933071,ASIANPAINT.NS
2025-09-05,2553.7236328125,2575.5994976942957,2538.9749083727397,2538.9749083727397,1153436,ASIANPAINT.NS
2025-09-08,2505.1220703125,2563.3255226646506,2500.7665685510233,2553.7237473782398,742880,ASIANPAINT.NS
2025-09-09,2511.55615234375,2525.711110339231,2499.1829795616045,2514.2287093319874,702450,ASIANPAINT.NS
2025-09-10,2517.4951171875,2529.0763578516126,2499.4798270807123,2511.5559946250305,520584,ASIANPAINT.NS
2025-09-11,2529.96728515625,2533.5308555782876,2509.9722862990047,2515.21855988452,423961,ASIANPAINT.NS
2025-09-12,2520.46484375,2542.241627907083,2511.4570772741577,2534.0257928242045,547539,ASIANPAINT.NS
2025-09-15,2477.2080078125,2517.6929281557755,2472.6545840507674,2509.3782536017916,583051,ASIANPAINT.NS
2025-09-16,2455.728271484375,2484.4340325696035,2449.3933036344274,2469.685307160192,760790,ASIANPAINT.NS
2025-09-17,2468.29931640625,2471.5656403296753,2455.629140541995,2456.816916665378,359627,ASIANPAINT.NS
2025-09-18,2453.550537109375,2480.7715162918726,2444.246008163312,2472.555681514996,400796,ASIANPAINT.NS
2025-09-19,2456.520263671875,2484.0382491741548,2443.454241118311,2449.8882911759447,3731525,ASIANPAINT.NS
2025-09-22,2457.509765625,2477.603844337264,2448.9971686889035,2468.794242954483,872806,ASIANPAINT.NS
2025-09-23,2422.0732421875,2458.598993546187,2403.36510144872,2447.0177520572506,1332111,ASIANPAINT.NS
2025-09-24,2432.268798828125,2449.8882454513505,2418.4108451164807,2421.182484191517,637749,ASIANPAINT.NS
2025-09-25,2379.6083984375,2437.7127648253804,2363.770738547733,2433.5554274370193,1518215,ASIANPAINT.NS
2025-09-26,2319.029541015625,2375.64913028812,2315.26804822663,2373.174495777403,1089446,ASIANPAINT.NS
2025-09-29,2318.83154296875,2339.7173125599843,2305.5673574257466,2319.1283057695373,950369,ASIANPAINT.NS
2025-09-30,2326.156494140625,2364.562870972334,2316.257955867686,2328.136201795213,778874,ASIANPAINT.NS
2025-10-01,2312.1005859375,2333.0854384512804,2297.648623594792,2329.52186805722,648279,ASIANPAINT.NS
2025-10-03,2333.87744140625,2338.727628575792,2312.3976613270074,2318.4356247764845,659872,ASIANPAINT.NS
2025-10-06,2330.907958984375,2335.2632193797976,2310.418032053584,2331.1058814271587,362107,ASIANPAINT.NS
2025-10-07,2328.927978515625,2347.339113482409,2322.1969246043586,2331.1056084583392,498524,ASIANPAINT.NS
2025-10-08,2304.87451171875,2345.3594343916707,2296.4607546435473,2336.0549055856777,701799,ASIANPAINT.NS
2025-10-09,2312.6943359375,2317.2477601110313,2300.2223229785895,2304.8745875346162,587567,ASIANPAINT.NS
2025-10-10,2316.455810546875,2333.8773340631014,2312.8924818709593,2315.168952276326,1117236,ASIANPAINT.NS
2025-10-13,2318.732421875,2342.5879940440077,2313.288226220651,2316.455709905024,667732,ASIANPAINT.NS
2025-10-14,2294.580322265625,2331.105832918551,2284.5827016458666,2318.6335776566284,353345,ASIANPAINT.NS
2025-10-15,2351.001708984375,2359.811310584155,2301.4099400621476,2306.3592087504535,753640,ASIANPAINT.NS
2025-10-16,2385.25048828125,2396.237961365467,2342.8847002435737,2352.882319596366,715890,ASIANPAINT.NS
2025-10-17,2482.355224609375,2518.1878811898305,2396.435872783247,2396.435872783247,3719960,ASIANPAINT.NS
2025-10-20,2490.47216796875,2511.35817987428,2475.327356452451,2482.355415118091,714986,ASIANPAINT.NS
2025-10-21,2479.18798828125,2493.6397091369963,2458.796902808329,2487.502663750938,107942,ASIANPAINT.NS
2025-10-23,2477.010009765625,2520.1677313672517,2471.466973579269,2493.342597184148,811738,ASIANPAINT.NS
2025-10-24,2476.218505859375,2481.266615533017,2461.07369351137,2469.6853737363804,327596,ASIANPAINT.NS
2025-10-27,2493.243896484375,2504.3302111417024,2474.23875111988,2476.2184587966717,550089,ASIANPAINT.NS
2025-10-28,2483.840087890625,2502.944313788174,2466.715569512749,2489.4822059889902,1103957,ASIANPAINT.NS
2025-10-29,2512.94189453125,2524.9192226571176,2487.0077722636356,2494.4316760614374,615292,ASIANPAINT.NS
2025-10-30,2497.89599609375,2512.941725110214,2487.799535942144,2509.774241369409,736486,ASIANPAINT.NS
2025-10-31,2485.32470703125,2504.329849652434,2479.8805117059187,2497.7967185966363,609128,ASIANPAINT.NS
2025-11-03,2486.710693359375,2489.7793368360453,2469.6852561586425,2470.873032398037,425210,ASIANPAINT.NS
2025-11-04,2461.469482421875,2495.421517284876,2454.540505578958,2484.533125103149,527087,ASIANPAINT.NS
2025-11-06,2576.490478515625,2604.305468247461,2534.124927247066,2534.124927247066,4448622,ASIANPAINT.NS
2025-11-07,2587.280029296875,2592.3281389100152,2558.772190218216,2576.490477384487,791663,ASIANPAINT.NS
2025-11-10,2623.50830078125,2639.742047393502,2584.607241463536,2587.2797982746247,1706880,ASIANPAINT.NS
2025-11-11,2630.239501953125,2637.8613279758315,2606.6809328855093,2623.5084476961592,776404,ASIANPAINT.NS
2025-11-12,2741.697265625,2809.8980998107063,2615.292976226382,2633.0112636282392,2859196,ASIANPAINT.NS
2025-11-13,2850.184814453125,2867.705419302586,2811.18467304877,2829.892812411752,5933630,ASIANPAINT.NS
2025-11-14,2876.910888671875,2880.3753768526763,2832.9614781294044,2836.030121469235,2494076,ASIANPAINT.NS
2025-11-17,2858.5986328125,2897.2029302084065,2850.7788846207886,2876.9109277310713,1230683,ASIANPAINT.NS
2025-11-18,2881.00439453125,2890.918380747806,2837.48209185684,2861.1764220981377,1819066,ASIANPAINT.NS
2025-11-19,2868.81005859375,2890.9182956137456,2862.365967742759,2888.935498428825,1387906,ASIANPAINT.NS
2025-11-20,2835.201904296875,2881.10371014527,2827.964645752369,2872.4783482680073,1062883,ASIANPAINT.NS
2025-11-21,2851.857421875,2870.693996016735,2829.550952496629,2844.3226954020324,857340,ASIANPAINT.NS
2025-11-24,2854.434814453125,2871.5860587238258,2839.8613033711026,2851.2623873259877,5404326,ASIANPAINT.NS
2025-11-25,2851.064208984375,2883.4828955546254,2844.322649938532,2874.9567705789004,972417,ASIANPAINT.NS
2025-11-26,2849.27978515625,2871.288787280634,2833.020943741294,2855.228177192067,570376,ASIANPAINT.NS
2025-11-27,2854.3359375,2889.4313527396475,2846.701974295966,2855.2280994648086,1158685,ASIANPAINT.NS
2025-11-28,2849.676025390625,2865.0427036171095,2831.236156743247,2855.227954340334,748446,ASIANPAINT.NS
2025-12-01,2842.934814453125,2862.663550417217,2823.5033044461416,2852.947795413725,499153,ASIANPAINT.NS
2025-12-02,2928.988037109375,2936.522763568836,2836.589732524731,2842.339893028985,2102147,ASIANPAINT.NS
2025-12-03,2928.095947265625,2943.66085784583,2907.3758120528328,2943.462626521632,1252456,ASIANPAINT.NS
2025-12-04,2931.763916015625,2960.0187763517797,2908.763516711522,2924.6258944441,1466098,ASIANPAINT.NS
2025-12-05,2942.966796875,2947.923789963892,2915.703334886096,2929.5829155349925,944978,ASIANPAINT.NS
2025-12-08,2903.112548828125,2948.91511542508,2889.728667820144,2944.453821755753,983544,ASIANPAINT.NS
2025-12-09,2771.95068359375,2888.4400274143027,2764.515193562651,2884.9701320664567,1839391,ASIANPAINT.NS
2025-12-10,2780.37744140625,2799.709714577019,2772.644483729807,2785.830133839031,845073,ASIANPAINT.NS
2025-12-11,2755.4931640625,2787.416392522806,2739.4325551970373,2775.9160719797633,777422,ASIANPAINT.NS
2025-12-12,2741.01904296875,2772.9420311726108,2722.3806998927384,2770.9592338675175,977696,ASIANPAINT.NS
2025-12-15,2756.286376953125,2777.8989151364117,2734.9713067620355,2749.2475920214038,1029674,ASIANPAINT.NS
2025-12-16,2766.894287109375,2783.847300176722,2752.2217812965405,2768.9763210091114,916244,ASIANPAINT.NS
2025-12-17,2761.739013671875,2782.360152826057,2748.156901348238,2775.916061967917,636499,ASIANPAINT.NS
2025-12-18,2735.962646484375,2769.7694352946414,2731.6005894949667,2756.088086314156,417994,ASIANPAINT.NS
2025-12-19,2775.81689453125,2788.2093772598632,2735.9627184841656,2742.6050408185665,3895542,ASIANPAINT.NS
2025-12-22,2783.450927734375,2798.817606705464,2756.3856963642547,2761.8383889023835,463953,ASIANPAINT.NS
2025-12-23,2783.649169921875,2794.752786362001,2759.1616717450024,2773.9334147715076,431068,ASIANPAINT.NS
2025-12-24,2761.540771484375,2800.403547790722,2758.070876420582,2783.6490084418188,512144,ASIANPAINT.NS
2025-12-26,2722.87646484375,2770.3643646289715,2719.406569476208,2761.045313886708,532078,ASIANPAINT.NS
2025-12-29,2751.527587890625,2769.769467423096,2711.475181117445,2722.8762650599865,815529,ASIANPAINT.NS
2025-12-30,2734.574951171875,2768.3814999924343,2717.423706078166,2746.4717350000174,4833527,ASIANPAINT.NS
2025-12-31,2745.678466796875,2772.74369741969,2731.2039501881377,2731.3031868660014,1274705,ASIANPAINT.NS
2026-01-01,2728.3291015625,2758.764991896357,2722.479946307838,2752.0234326268005,327945,ASIANPAINT.NS
2026-01-02,2748.751953125,2774.92478028137,2732.0964076433634,2732.0964076433634,508884,ASIANPAINT.NS
2026-01-05,2791.382080078125,2803.6753262766442,2745.182807093362,2746.174205723587,866733,ASIANPAINT.NS
2026-01-06,2821.322265625,2823.899756834903,2787.4164809356535,2795.7441325994646,875891,ASIANPAINT.NS
2026-01-07,2785.235107421875,2830.145512045567,2777.0066927411867,2821.322161393437,636748,ASIANPAINT.NS
2026-01-08,2762.5322265625,2780.575632855042,2746.2733861759625,2770.9591147468823,620031,ASIANPAINT.NS
2026-01-09,2801.19677734375,2832.1283656204937,2762.234763496008,2765.902889951143,1657381,ASIANPAINT.NS
2026-01-12,2871.48681640625,2875.0559481926903,2783.847276732784,2801.6924515836354,1743901,ASIANPAINT.NS
2026-01-13,2861.473876953125,2889.4312695473,2846.1071983880256,2875.0559895993033,1051986,ASIANPAINT.NS
2026-01-14,2789.696533203125,2859.193674606754,2783.153447410751,2859.193674606754,958254,ASIANPAINT.NS
2026-01-15,2789.696533203125,2789.696533203125,2789.696533203125,2789.696533203125,0,ASIANPAINT.NS
2026-01-16,2733.186767578125,2802.188208571498,2726.841913205698,2763.9201248983854,1143463,ASIANPAINT.NS
2026-01-19,2730.311767578125,2762.3339910381023,2701.263739943396,2733.186726726262,1342048,ASIANPAINT.NS
2026-01-20,2652.586181640625,2716.531391115573,2646.340322074472,2716.432154439653,911151,ASIANPAINT.NS
2026-01-21,2638.2109375,2664.879463288815,2625.223518894636,2647.0342883114345,914318,ASIANPAINT.NS
2026-01-22,2680.543701171875,2706.4190605473364,2642.374853390455,2642.374853390455,1290346,ASIANPAINT.NS
2026-01-23,2680.4443359375,2758.9630563425376,2667.6553908637447,2680.5435726133815,1786635,ASIANPAINT.NS
2026-01-27,2600.240478515625,2711.177892805429,2524.1010122974158,2696.5051440901416,3818761,ASIANPAINT.NS
2026-01-28,2490.195068359375,2526.5793488119016,2429.917984672541,2513.195467623375,3430002,ASIANPAINT.NS
2026-01-29,2395.218994140625,2493.2682179040366,2389.270602598885,2490.1950274985406,3488159,ASIANPAINT.NS
2026-01-30,2407.413330078125,2423.969638711495,2379.8523998883206,2396.2104772047783,2048843,ASIANPAINT.NS
2026-02-02,2381.339599609375,2408.603062968766,2351.597639580948,2354.4725989007534,1183482,ASIANPAINT.NS
2026-02-03,2405.133056640625,2503.2815202051024,2370.434104875406,2503.2815202051024,2233860,ASIANPAINT.NS
2026-02-04,2431.603271484375,2442.6078926414953,2396.3096269309112,2409.098571916173,970973,ASIANPAINT.NS
2026-02-05,2411.1806640625,2434.6767627880085,2381.9344049720994,2423.969609356947,1047405,ASIANPAINT.NS
2026-02-06,2380.447265625,2422.9781685762937,2365.576286685293,2411.081385424528,1043982,ASIANPAINT.NS
2026-02-09,2396.60693359375,2405.3312898812637,2376.184267191432,2383.3222888664236,669839,ASIANPAINT.NS
2026-02-10,2373.011962890625,2399.1847910678152,2366.3693981423053,2398.1933923938204,1513620,ASIANPAINT.NS
2026-02-11,2371.921142578125,2385.0075556462834,2355.8605337198996,2378.3652334566027,3177710,ASIANPAINT.NS
2026-02-12,2389.766357421875,2393.1370158909117,2356.5545038754603,2377.3738747553025,607767,ASIANPAINT.NS
2026-02-13,2346.045654296875,2391.055297957956,2339.8000364723516,2388.180096666005,675635,ASIANPAINT.NS
2026-02-16,2376.580810546875,2384.413005156297,2336.5284016474056,2339.700828939525,683108,ASIANPAINT.NS
2026-02-17,2416.434814453125,2431.305793229297,2378.8609048949324,2378.8609048949324,1004356,ASIANPAINT.NS
2026-02-18,2411.1806640625,2427.14203651116,2395.71474887978,2419.0126162907773,551809,ASIANPAINT.NS
2026-02-19,2380.14990234375,2407.115896932551,2370.5333839478317,2399.184707815805,971600,ASIANPAINT.NS
2026-02-20,2407.215087890625,2414.7495721840155,2355.6623596109553,2357.7441514901498,790329,ASIANPAINT.NS
2026-02-23,2408.80126953125,2425.5560520661024,2390.7578623742984,2403.8442762441377,634365,ASIANPAINT.NS
2026-02-24,2392.34423828125,2420.4998638211146,2383.0249455164217,2392.245001597522,499660,ASIANPAINT.NS
2026-02-25,2395.615478515625,2407.0165624074957,2379.356638303487,2395.219015892177,526764,ASIANPAINT.NS
2026-02-26,2374.300537109375,2401.3657687427703,2361.5115913027257,2395.318382184249,588742,ASIANPAINT.NS
2026-02-27,2355.761474609375,2376.977551402081,2338.7094658691667,2364.4858313259697,2531619,ASIANPAINT.NS
2026-03-02,2287.255859375,2317.7907433233195,2263.8587550617035,2280.2168323371657,2528308,ASIANPAINT.NS
2026-03-04,2265.544189453125,2271.1951134569463,2197.236917991508,2241.254922068388,1610358,ASIANPAINT.NS
2026-03-05,2268.121826171875,2293.105023152167,2234.315036191103,2265.5440929266383,925040,ASIANPAINT.NS
2026-03-06,2259.89306640625,2288.0486893030497,2234.314934596808,2242.2461232483765,979742,ASIANPAINT.NS
2026-03-09,2201.6982421875,2210.8190616570496,2143.998887282437,2181.077101186327,2198153,ASIANPAINT.NS
2026-03-10,2260.785400390625,2285.2731408487366,2232.233312704302,2232.233312704302,1192174,ASIANPAINT.NS
2026-03-11,2212.8017578125,2282.199662403394,2206.8533659904233,2270.3028787592407,687786,ASIANPAINT.NS
2026-03-12,2202.094482421875,2230.547573323493,2182.068279469138,2189.0080695446873,1384055,ASIANPAINT.NS
2026-03-13,2177.904541015625,2200.6074726410466,2171.162981978515,2185.736493312427,949233,ASIANPAINT.NS
2026-03-16,2198.624755859375,2208.637979123367,2156.3913182449023,2166.602530791707,1111587,ASIANPAINT.NS
2026-03-17,2218.948486328125,2242.0481240756235,2198.1291139621785,2198.624813304225,875461,ASIANPAINT.NS
2026-03-18,2242.642822265625,2250.871236838399,2209.430969870703,2215.8750606338967,844912,ASIANPAINT.NS
2026-03-19,2167.197509765625,2219.741639691324,2161.844053721548,2200.9050648122998,889334,ASIANPAINT.NS
2026-03-20,2176.516357421875,2205.366153071308,2166.205908950689,2191.883035494523,875920,ASIANPAINT.NS
2026-03-23,2103.053955078125,2161.2490060531636,2096.8080953222207,2161.2490060531636,978398,ASIANPAINT.NS
2026-03-24,2198.228271484375,2205.3662933446494,2134.7787579873834,2165.2146480848346,1561016,ASIANPAINT.NS
2026-03-25,2250.673095703125,2270.005368767247,2202.887730691226,2205.9611632253836,1270855,ASIANPAINT.NS
2026-03-27,2188.413330078125,2249.483585042764,2182.167712081868,2226.978883613762,1089010,ASIANPAINT.NS
2026-03-30,2146.576171875,2183.951850191729,2132.498360349631,2166.503380287283,1513565,ASIANPAINT.NS
2026-04-01,2206.655029296875,2227.276168370157,2179.4905627154985,2205.6636307072044,1209900,ASIANPAINT.NS
2026-04-02,2150.34375,2166.305365661368,2123.972448135313,2166.206128976487,1854061,ASIANPAINT.NS
2026-04-06,2165.511962890625,2174.3353134208273,2127.4421122612302,2150.3435162351893,2048228,ASIANPAINT.NS
2026-04-07,2167.395751953125,2179.7882354882618,2126.550174629453,2149.0548763211227,1793007,ASIANPAINT.NS
2026-04-08,2262.76806640625,2316.7992900724025,2225.8880869174877,2264.850100281215,2914767,ASIANPAINT.NS
2026-04-09,2250.078369140625,2269.9063412266696,2232.629656888636,2255.431824787587,1980060,ASIANPAINT.NS
2026-04-10,2340.394775390625,2356.4553853234625,2248.1946997294717,2248.1946997294717,3018178,ASIANPAINT.NS
2026-04-13,2332.166015625,2342.1792384979185,2242.5436772411817,2260.2896157134237,1734562,ASIANPAINT.NS
2026-04-15,2402.258056640625,2405.1330157789134,2360.520078553006,2379.8523513508994,1182431,ASIANPAINT.NS
2026-04-16,2419.31005859375,2425.5559181989383,2390.8569671041973,2414.0555975912685,1496210,ASIANPAINT.NS
2026-04-17,2442.80615234375,2464.7161582374533,2396.706117407068,2404.1416069129846,1286575,ASIANPAINT.NS
2026-04-20,2495.152099609375,2502.0918899615717,2435.3707143101733,2448.7545957036955,1203157,ASIANPAINT.NS
2026-04-21,2521.7216796875,2559.7912906799447,2492.0787151016143,2494.656448384103,1681872,ASIANPAINT.NS
2026-04-22,2540.85546875,2549.8772931587087,2478.496591328449,2478.496591328449,1126584,ASIANPAINT.NS
2026-04-23,2499.71240234375,2519.837842888377,2488.41055480751,2508.238527355777,1378614,ASIANPAINT.NS
2026-04-24,2463.724853515625,2517.061906637907,2449.4485678958704,2499.7124304630092,436871,ASIANPAINT.NS
2026-04-27,2463.82373046875,2498.1262185409096,2454.20721254214,2481.470673800435,452134,ASIANPAINT.NS
2026-04-28,2441.41845703125,2477.5052717360595,2434.974365688199,2453.711703700179,556571,ASIANPAINT.NS
2026-04-29,2426.25,2456.586653908799,2417.6248800271264,2448.6554645929264,603585,ASIANPAINT.NS
2026-04-30,2423.473876953125,2434.7757241733725,2364.9813595711516,2405.8269334704287,823684,ASIANPAINT.NS
2026-05-01,2423.473876953125,2423.473876953125,2423.473876953125,2423.473876953125,0,ASIANPAINT.NS
2026-05-04,2427.04296875,2485.4362484938797,2421.292808558354,2438.8405150757653,581159,ASIANPAINT.NS
2026-05-05,2409.0986328125,2433.7843614929498,2394.227653597608,2409.0986328125,327682,ASIANPAINT.NS
2026-05-06,2497.333251953125,2507.24723866195,2419.4092196054808,2438.840730371055,1395987,ASIANPAINT.NS
2026-05-07,2508.83349609375,2533.8166934225105,2489.699453926799,2512.799090655162,1053513,ASIANPAINT.NS
2026-05-08,2577.537109375,2584.972598834762,2493.7639281283514,2518.1524303726387,2327900,ASIANPAINT.NS
2026-05-11,2544.028076171875,2585.468344538891,2533.0234547576356,2556.7177847784324,1271257,ASIANPAINT.NS
2026-05-12,2483.94921875,2533.717380591815,2478.496526391938,2524.2990937915256,628802,ASIANPAINT.NS
2026-05-13,2595.085205078125,2619.6716979847315,2532.0321540727255,2532.0321540727255,3515018,ASIANPAINT.NS
2026-05-14,2599.6455078125,2642.7713493560886,2587.5504926153094,2597.464479177054,1040916,ASIANPAINT.NS
2026-05-15,2583.1884765625,2617.2924940627995,2570.498525152845,2599.6455492931773,796240,ASIANPAINT.NS
2026-05-18,2591.51611328125,2596.869569262112,2534.0149906453235,2557.907795315493,898479,ASIANPAINT.NS
2026-05-19,2578.330322265625,2623.240727805118,2572.7786352618723,2606.3869513982067,688639,ASIANPAINT.NS
2026-05-20,2576.24853515625,2591.5159769955762,2539.963249067585,2539.963249067585,586190,ASIANPAINT.NS
2026-05-21,2576.44677734375,2625.5210089438397,2568.515588398281,2602.4213727320252,1031843,ASIANPAINT.NS
2026-05-22,2617.09423828125,2641.7799681669367,2577.8347544208896,2583.684151755406,1556434,ASIANPAINT.NS
2026-05-25,2634.939453125,2661.013286747998,2630.378922392816,2649.0172659355308,815621,ASIANPAINT.NS
2026-05-26,2624.232177734375,2641.383422468467,2613.227556107807,2627.2063736290493,486267,ASIANPAINT.NS
2026-05-27,2648.91796875,2666.4659185712258,2619.275245789924,2622.0512104312984,858457,ASIANPAINT.NS
2026-05-28,2648.91796875,2648.91796875,2648.91796875,2648.91796875,0,ASIANPAINT.NS
2026-05-29,2648.62060546875,2724.56159325931,2608.964661335609,2653.081899183728,5062328,ASIANPAINT.NS
2026-06-01,2609.757568359375,2754.8984680974218,2604.106644768003,2709.095901351661,2224344,ASIANPAINT.NS
2026-06-02,2637.814208984375,2649.1162982589444,2585.468314449159,2603.511962617927,1026319,ASIANPAINT.NS
2026-06-03,2639.49951171875,2652.982629371886,2602.1238332482144,2629.288299864542,958774,ASIANPAINT.NS
2026-06-04,2638.706787109375,2675.5867690885616,2622.15023574918,2640.9868104093725,1840743,ASIANPAINT.NS
2026-06-05,2663.590576171875,2676.577994677205,2642.077274911872,2643.0686735140903,1615011,ASIANPAINT.NS
2026-06-08,2636.3271484375,2651.9912949616705,2607.477593967183,2620.5640072762417,1262904,ASIANPAINT.NS
2026-06-09,2684.806640625,2695.6127885292044,2638.6073691322094,2643.2668941356555,1416560,ASIANPAINT.NS
2026-06-10,2691.74658203125,2720.397906312803,2676.7763655410236,2687.7809874156337,1395772,ASIANPAINT.NS
2026-06-11,2667.75439453125,2683.4185408112085,2648.0256592178175,2670.7285903296975,771558,ASIANPAINT.NS
2026-06-12,2723.7685546875,2729.320483944781,2686.0954059806704,2702.255252386737,1078025,ASIANPAINT.NS
2026-06-15,2715.73828125,2808.3348153056413,2706.518225699372,2796.041569265256,2752021,ASIANPAINT.NS
2026-06-16,2724.462646484375,2747.1655780831534,2711.4752277363496,2717.423619460817,962931,ASIANPAINT.NS
2026-06-17,2714.449462890625,2745.083583898793,2708.9967703976017,2740.2258274031,557209,ASIANPAINT.NS
2026-06-18,2731.30322265625,2741.2172089453834,2704.7336909932365,2721.3892363671166,600888,ASIANPAINT.NS
2026-06-19,2709.393310546875,2729.2212838160262,2695.4147346165373,2729.2212838160262,838991,ASIANPAINT.NS
2026-06-22,2651.0,2732.790388930441,2647.034405385191,2719.1090391012117,1033475,ASIANPAINT.NS
2026-06-23,2661.199951171875,2695.39990234375,2650.10009765625,2669.0,1182151,ASIANPAINT.NS
2026-06-24,2667.5,2687.60009765625,2653.60009765625,2662.0,1264476,ASIANPAINT.NS
2026-06-25,2645.199951171875,2690.699951171875,2637.10009765625,2690.0,2050810,ASIANPAINT.NS
2026-06-26,2645.199951171875,2645.199951171875,2645.199951171875,2645.199951171875,0,ASIANPAINT.NS
2026-06-29,2656.89990234375,2687.800048828125,2630.0,2631.300048828125,4752587,ASIANPAINT.NS
2026-06-30,2635.699951171875,2672.10009765625,2630.300048828125,2658.0,1821479,ASIANPAINT.NS
2026-07-01,2716.39990234375,2723.0,2624.0,2648.0,1097512,ASIANPAINT.NS
2026-07-02,2744.5,2759.89990234375,2711.0,2720.0,1629567,ASIANPAINT.NS
2026-07-03,2737.800048828125,2762.39990234375,2730.0,2744.0,472124,ASIANPAINT.NS
2026-07-06,2754.89990234375,2758.0,2722.0,2724.0,504943,ASIANPAINT.NS
2026-07-07,2731.39990234375,2751.800048828125,2726.39990234375,2750.0,489066,ASIANPAINT.NS
2026-07-08,2665.89990234375,2713.10009765625,2653.300048828125,2676.60009765625,1481672,ASIANPAINT.NS
2026-07-09,2673.800048828125,2722.800048828125,2656.0,2658.0,918568,ASIANPAINT.NS
2026-07-10,2677.800048828125,2728.199951171875,2672.89990234375,2695.0,982095,ASIANPAINT.NS
2026-07-13,2652.10009765625,2664.39990234375,2630.10009765625,2650.5,1107802,ASIANPAINT.NS
2026-07-14,2641.0,2655.89990234375,2579.89990234375,2604.0,975301,ASIANPAINT.NS
2026-07-15,2670.0,2684.0,2644.89990234375,2644.89990234375,809114,ASIANPAINT.NS
2026-07-16,2674.699951171875,2693.10009765625,2660.10009765625,2688.0,455037,ASIANPAINT.NS
2026-07-17,2689.0,2700.0,2665.0,2665.0,452284,ASIANPAINT.NS
2026-07-20,2691.39990234375,2708.5,2666.699951171875,2689.0,571087,ASIANPAINT.NS
2026-07-21,2692.39990234375,2720.0,2680.5,2695.0,1000078,ASIANPAINT.NS
2026-07-22,2692.800048828125,2700.0,2665.60009765625,2683.0,528096,ASIANPAINT.NS
2026-07-23,2668.800048828125,2693.39990234375,2656.0,2671.10009765625,584245,ASIANPAINT.NS
2026-07-24,2637.89990234375,2657.10009765625,2620.10009765625,2620.10009765625,645563,ASIANPAINT.NS
2026-07-27,2710.199951171875,2723.89990234375,2664.300048828125,2665.800048828125,715239,ASIANPAINT.NS
2026-07-28,2736.199951171875,2749.800048828125,2706.300048828125,2712.0,1282146,ASIANPAINT.NS
2026-07-29,2758.39990234375,2864.0,2718.5,2746.199951171875,3803474,ASIANPAINT.NS
2026-07-30,2746.199951171875,2767.89990234375,2666.199951171875,2758.10009765625,2387024,ASIANPAINT.NS
2026-07-31,2747.300048828125,2774.89990234375,2732.39990234375,2773.89990234375,891738,ASIANPAINT.NS
2026-08-03,2810.0,2810.0,2762.10009765625,2770.89990234375,1040453,ASIANPAINT.NS
