Date,Close,High,Low,Open,Volume,Ticker
2020-01-01,745.0122680664062,756.2068558573698,743.5196563609445,751.1817419292202,4917748,AXISBANK.NS
2020-01-02,753.2216796875,755.2615703326652,743.9176963658726,746.3058995382067,5156046,AXISBANK.NS
2020-01-03,739.2907104492188,752.525190916109,736.8527654524016,749.4404838488126,8489729,AXISBANK.NS
2020-01-06,719.6876831054688,735.9571280391353,718.1453296681187,735.8079032942812,6356198,AXISBANK.NS
2020-01-07,722.1753540039062,734.3650172302898,717.4984914762653,724.4142717393644,9103360,AXISBANK.NS
2020-01-08,720.9315185546875,722.1753617544023,705.6073460403888,711.727078876798,8973215,AXISBANK.NS
2020-01-09,739.1911010742188,741.330535638666,727.399492015926,729.9369199574476,7559853,AXISBANK.NS
2020-01-10,736.4049072265625,748.0970331675642,731.1807658486681,739.3403892905711,8550490,AXISBANK.NS
2020-01-13,733.7680053710938,743.071928220043,731.7280539339862,736.3551749351615,6423758,AXISBANK.NS
2020-01-14,744.2162475585938,747.6990083306579,730.583714675323,736.3551346649807,7237665,AXISBANK.NS
2020-01-15,742.6241455078125,745.3108590156565,734.3650386562812,743.3704514414063,7911661,AXISBANK.NS
2020-01-16,733.6685180664062,746.7040322581036,731.4793417170451,742.8232168781209,6487613,AXISBANK.NS
2020-01-17,736.255615234375,738.7930429535309,727.2501428083822,731.2304406374972,7678864,AXISBANK.NS
2020-01-20,723.6182861328125,742.5247041824992,721.4291097906785,739.2907116213687,10677371,AXISBANK.NS
2020-01-21,714.0654907226562,726.0063856225972,712.5231372783203,722.7723932538631,8242803,AXISBANK.NS
2020-01-22,709.0901489257812,719.1901805984597,703.1197012141372,713.4685015414675,13321307,AXISBANK.NS
2020-01-23,719.4389038085938,733.917226447877,715.8566597016994,721.4787945009789,20643257,AXISBANK.NS
2020-01-24,733.7680053710938,738.0468138352971,716.8517378387995,719.836961520969,9541490,AXISBANK.NS
2020-01-27,736.6039428710938,744.7635664081289,727.3995031932043,728.8423734517797,9170435,AXISBANK.NS
2020-01-28,733.519287109375,742.8232105973224,731.3798523630702,734.7631303957068,7836737,AXISBANK.NS
2020-01-29,731.6285400390625,741.8280538580361,729.9369012099855,736.3551440039528,7985274,AXISBANK.NS
2020-01-30,727.300048828125,732.7729591235673,723.7177438303881,732.1261363402924,6041343,AXISBANK.NS
2020-01-31,725.7078247070312,733.6186791725831,721.6280435283329,731.081251330489,8345819,AXISBANK.NS
2020-02-03,705.4581298828125,709.2891426907463,692.1241063257778,701.229062952313,11594991,AXISBANK.NS
2020-02-04,711.4783935546875,717.0507874481536,706.5030201731862,708.9409652770295,9653925,AXISBANK.NS
2020-02-05,720.4837646484375,722.0759204771462,711.6773785774441,715.9064457017865,7975101,AXISBANK.NS
2020-02-06,733.3201904296875,741.3305282864133,719.4388885249354,723.8669823508675,9627252,AXISBANK.NS
2020-02-07,744.4650268554688,745.5098429551575,730.3846980956445,733.0714114480792,8438354,AXISBANK.NS
2020-02-10,737.4497680664062,743.1217054817697,735.3601356823674,742.6241681775192,4713339,AXISBANK.NS
2020-02-11,746.2561645507812,753.370911081845,738.3453097988871,739.3403843403951,7845657,AXISBANK.NS
2020-02-12,751.5300903320312,756.9532590394273,747.3010232894478,748.2960978877027,6190440,AXISBANK.NS
2020-02-13,744.1167602539062,749.7389559358774,738.6438500530444,747.4004942275168,5031706,AXISBANK.NS
2020-02-14,732.8724365234375,748.8433715675711,728.494084027719,744.4152774891922,6155000,AXISBANK.NS
2020-02-17,734.7630615234375,739.4398632540413,726.6034381830282,733.7679869876445,4275465,AXISBANK.NS
2020-02-18,730.0364990234375,734.1162805585501,721.1305692743634,734.1162805585501,5215502,AXISBANK.NS
2020-02-19,737.3999633789062,741.4300030515532,731.7280264489262,737.0019700102852,4372673,AXISBANK.NS
2020-02-20,740.6339721679688,750.286207407518,733.9669605653195,739.0916187691432,7529403,AXISBANK.NS
2020-02-24,721.8768310546875,734.7630583850737,719.4388863055016,734.3152626989735,6589087,AXISBANK.NS
2020-02-25,725.1605834960938,728.3945758067109,718.4935718165304,725.8074062520296,5419596,AXISBANK.NS
2020-02-26,725.807373046875,732.1260719016543,718.4437973673046,721.7275311086429,7136975,AXISBANK.NS
2020-02-27,732.2255859375,735.8078907710061,713.0206592008507,725.110839320321,8867328,AXISBANK.NS
2020-02-28,693.8654174804688,721.1304823189372,687.5964604510475,715.3590625257323,16428944,AXISBANK.NS
2020-03-02,680.8299560546875,709.7368569018209,671.9737690880052,705.8063006472928,13854352,AXISBANK.NS
2020-03-03,683.7655029296875,692.3728613666526,671.6753228250248,686.5019579486043,11198145,AXISBANK.NS
2020-03-04,678.83984375,692.5718598589177,665.0082837492362,686.6014127911684,14802724,AXISBANK.NS
2020-03-05,674.56103515625,690.5817104861078,671.9240634088534,683.118651655206,10508008,AXISBANK.NS
2020-03-06,654.4108276367188,657.5452761508079,637.8925530214498,646.7984827383693,12969235,AXISBANK.NS
2020-03-09,620.478759765625,638.6886129478808,612.0703671798425,635.8526746084642,14336369,AXISBANK.NS
2020-03-11,616.2993774414062,631.275297500919,609.0850871974726,610.6275012855226,11021433,AXISBANK.NS
2020-03-12,540.57421875,591.07424930971,525.5486181876213,589.0841003221352,29369378,AXISBANK.NS
2020-03-13,565.9983520507812,582.7653934787176,448.87810398058417,514.4037645589905,25599305,AXISBANK.NS
2020-03-16,506.09490966796875,542.3156163173636,499.8756938845127,539.6786445313666,21542970,AXISBANK.NS
2020-03-17,485.9446716308594,528.6831061302513,475.09836490698336,512.6126882886889,20590414,AXISBANK.NS
2020-03-18,471.11810302734375,503.5575121746575,390.16877454788414,487.58657626235896,36240904,AXISBANK.NS
2020-03-19,426.1407165527344,462.65996815670024,421.66288065200513,438.87765985679033,33243997,AXISBANK.NS
2020-03-20,426.0411682128906,447.48504327284064,412.15989627490717,429.2751605436873,30764236,AXISBANK.NS
2020-03-23,307.1297302246094,390.0691936784069,300.5124910481604,383.45195450195797,37622635,AXISBANK.NS
2020-03-24,301.6568603515625,335.8376790976179,289.56670997750166,330.31502718825277,50681510,AXISBANK.NS
2020-03-25,325.1903381347656,361.9583534729435,284.5913102220257,292.05436905651936,51993973,AXISBANK.NS
2020-03-26,339.7184143066406,397.03470923156755,330.36472046335945,334.2952767242111,62971564,AXISBANK.NS
2020-03-27,357.9780578613281,407.4332735543298,352.30612096165083,368.17757167113666,71042591,AXISBANK.NS
2020-03-30,366.3367004394531,380.1184894416141,338.6736392709751,343.3007299930808,61772544,AXISBANK.NS
2020-03-31,377.1332702636719,387.8800637073923,370.81454053276656,382.5066669855321,34637148,AXISBANK.NS
2020-04-01,356.88348388671875,377.9293046992482,352.25639326892747,374.39680216789253,27744593,AXISBANK.NS
2020-04-03,323.8470458984375,360.51552120131714,322.40417555844493,358.42588880169666,41317365,AXISBANK.NS
2020-04-07,386.93475341796875,403.7515076122854,340.6637858173002,345.68890025928357,48093237,AXISBANK.NS
2020-04-08,389.42242431640625,425.5933896415044,371.66033784015093,381.8598517969422,64930598,AXISBANK.NS
2020-04-09,418.08056640625,420.91653494921906,396.6864635660415,403.00519303648633,44090546,AXISBANK.NS
2020-04-13,416.8865051269531,425.79240434822475,400.0199789425439,415.8914305524692,33431643,AXISBANK.NS
2020-04-15,415.24456787109375,449.42538229254126,410.4184809425527,431.86232381454965,48315019,AXISBANK.NS
2020-04-16,420.46875,424.8968440107184,398.72639480520826,406.5874778832414,42344330,AXISBANK.NS
2020-04-17,476.4416809082031,483.5067162646371,430.27022800555534,447.78354610442597,47831797,AXISBANK.NS
2020-04-20,453.70428466796875,481.0688366897457,449.02742181188535,479.62596634532684,42163627,AXISBANK.NS
2020-04-21,418.5780944824219,437.7830511093619,410.916038830725,433.85249457354433,33572119,AXISBANK.NS
2020-04-22,429.0263977050781,432.40964519267555,409.9707256332017,416.4884519642017,36619611,AXISBANK.NS
2020-04-23,427.9317932128906,437.6835419123242,423.95149505816636,432.4594005842485,29418000,AXISBANK.NS
2020-04-24,401.9603576660156,417.5830091440111,399.27364436079444,413.9509932812224,35773252,AXISBANK.NS
2020-04-27,425.1953125,427.38448849952215,407.08497521234557,412.95590856182,35986805,AXISBANK.NS
2020-04-28,453.2066955566406,456.14214712672845,433.10617840396793,435.84263329336693,43938246,AXISBANK.NS
2020-04-29,436.937255859375,446.63923305229855,423.85203115468005,428.62837701044356,61499689,AXISBANK.NS
2020-04-30,442.70867919921875,459.6249472361606,438.2308435423812,448.77864027416297,40382553,AXISBANK.NS
2020-05-04,400.8160095214844,421.9116017562003,397.7313027647202,421.9116017562003,37853978,AXISBANK.NS
2020-05-05,387.0840148925781,416.68748389785884,384.59632842154616,411.96087960289805,50981056,AXISBANK.NS
2020-05-06,386.93475341796875,392.5071770949433,366.2371840988155,383.1037102420946,67511628,AXISBANK.NS
2020-05-07,395.3929138183594,400.26877347524436,380.8150764327395,385.09388523286407,41339309,AXISBANK.NS
2020-05-08,380.168212890625,407.43327936747136,377.78004008673184,401.5125737538116,33505509,AXISBANK.NS
2020-05-11,377.6805114746094,391.5618127916377,374.9938285652663,389.0741265604329,30141935,AXISBANK.NS
2020-05-12,384.944580078125,389.87018067985036,368.1775685193969,374.4465257824162,38411107,AXISBANK.NS
2020-05-13,411.96087646484375,414.398821334791,397.63180857430245,408.9756527223449,48206058,AXISBANK.NS
2020-05-14,399.9702453613281,408.97565829363657,395.691406385098,403.0549523101189,31604212,AXISBANK.NS
2020-05-15,386.63623046875,401.9106319202766,384.8948498881879,400.7663021836465,25435025,AXISBANK.NS
2020-05-18,357.0327453613281,387.084009673086,350.5647606238601,387.084009673086,47864748,AXISBANK.NS
2020-05-19,352.75390625,370.66524704689704,348.3755845731001,366.98345929174064,42889678,AXISBANK.NS
2020-05-20,360.71453857421875,364.4958098661591,348.2761062095905,351.2613299771013,30720803,AXISBANK.NS
2020-05-21,355.4406433105469,367.1825109165269,353.94803147755283,361.21206358455083,24794914,AXISBANK.NS
2020-05-22,335.2903747558594,357.9780618743761,331.21056311274714,350.36574779956226,48367892,AXISBANK.NS
2020-05-26,339.61895751953125,345.987459416232,334.6933563439092,340.315521904254,30692834,AXISBANK.NS
2020-05-27,385.0938415527344,390.5170098662097,339.81795062082375,344.39529951376653,72430787,AXISBANK.NS
2020-05-28,389.0244445800781,405.6421729299537,385.0938875857197,388.0791115204927,72693713,AXISBANK.NS
2020-05-29,383.0539245605469,387.3327325808809,373.5012036951189,380.1184427640244,51056390,AXISBANK.NS
2020-06-01,394.994873046875,407.4830470803301,390.6165205304647,392.357901073543,44252980,AXISBANK.NS
2020-06-02,408.0801086425781,412.9559682179632,389.62145618018576,396.0396996403599,37508638,AXISBANK.NS
2020-06-03,407.53277587890625,429.87221200622884,403.25396739704684,419.9214663579365,49055899,AXISBANK.NS
2020-06-04,392.4076843261719,411.86138109226255,389.6214571566352,405.59242310352323,45553578,AXISBANK.NS
2020-06-05,403.3037109375,407.8810600314029,388.57661945339424,397.0347532955296,39002875,AXISBANK.NS
2020-06-08,428.1308288574219,442.5594099577882,411.96086727942514,412.95594183807106,60387580,AXISBANK.NS
2020-06-09,417.9810485839844,440.32048416478756,414.44854611216726,432.80768353102883,46273705,AXISBANK.NS
2020-06-10,425.3446350097656,430.5687764766741,413.2544547496792,420.1204935428572,36163051,AXISBANK.NS
2020-06-11,411.41357421875,433.40469691196887,406.68697022832487,424.3992846139595,45562670,AXISBANK.NS
2020-06-12,405.9903869628906,410.4682221132166,387.2332269819613,388.0790463615866,47813512,AXISBANK.NS
2020-06-15,387.6810607910156,403.9505361782064,381.7603549183148,403.9505361782064,39577100,AXISBANK.NS
2020-06-16,379.6706848144531,403.0051953069074,358.6248640218788,402.90568177782296,96186227,AXISBANK.NS
2020-06-17,387.6810607910156,395.7909125100371,373.4514761372341,375.5909107689391,56949066,AXISBANK.NS
2020-06-18,403.4032287597656,406.040170323974,382.1086388158758,384.09878797637515,43773580,AXISBANK.NS
2020-06-19,414.9958190917969,420.21996035544197,405.49286951150066,405.49286951150066,52085319,AXISBANK.NS
2020-06-22,428.0312805175781,433.75295876446506,416.04064520796373,417.9312806421781,40454004,AXISBANK.NS
2020-06-23,441.4648132324219,442.80816993376385,428.28007558832667,428.3795891156974,30757220,AXISBANK.NS
2020-06-24,422.5583801269531,446.2909130127918,420.12046582360716,445.79337576305625,33577082,AXISBANK.NS
2020-06-25,419.6229553222656,426.5884772625728,408.3288529598859,416.9362418555266,49853200,AXISBANK.NS
2020-06-26,422.7574462890625,426.6382311226137,415.9411792635628,423.90177599587975,32610915,AXISBANK.NS
2020-06-29,402.8061828613281,413.7520033778563,400.3682683302796,412.95595585083356,36319455,AXISBANK.NS
2020-06-30,404.6470642089844,412.75691580871916,402.05986427660014,407.98057006221416,26951915,AXISBANK.NS
2020-07-01,431.1160583496094,435.19587016855223,404.64706865907687,407.9805745489668,53380512,AXISBANK.NS
2020-07-02,421.1156005859375,439.32545438523596,419.2249344725716,438.82791706430135,50362770,AXISBANK.NS
2020-07-03,426.3396911621094,429.47416983342924,421.56331523543025,427.8820445245362,31044457,AXISBANK.NS
2020-07-06,431.86236572265625,435.4446402675417,428.9766555274558,432.0116208355127,18424079,AXISBANK.NS
2020-07-07,445.1466064453125,446.78847338094306,424.1007857659661,431.36481784106644,37991679,AXISBANK.NS
2020-07-08,441.96234130859375,459.1273767523409,438.82786264884066,447.78353331514353,45877067,AXISBANK.NS
2020-07-09,451.51507568359375,454.74906796121724,443.85298952508725,445.64414192997634,29162679,AXISBANK.NS
2020-07-10,437.4347839355469,449.2264235796684,434.84758399848715,447.68403978677424,25676354,AXISBANK.NS
2020-07-13,437.8825378417969,444.20126722493796,430.61850586890387,441.763352829748,21326370,AXISBANK.NS
2020-07-14,415.64263916015625,433.6534636787456,413.3539495437467,432.75790268417853,25685579,AXISBANK.NS
2020-07-15,424.548583984375,442.26093058403796,420.66779900843085,421.9116422934942,43250557,AXISBANK.NS
2020-07-16,431.86236572265625,434.0017699863084,416.38896822212655,429.82247498999715,30183647,AXISBANK.NS
2020-07-17,430.9667663574219,437.7332607215555,422.5086332186231,431.862327322195,33464985,AXISBANK.NS
2020-07-20,431.86236572265625,440.6190098392507,427.18550307138,435.54415379853464,30400586,AXISBANK.NS
2020-07-21,444.00225830078125,448.7786037996367,436.3401724304672,437.83278419476756,43147019,AXISBANK.NS
2020-07-22,476.5909729003906,482.2131380937862,457.83381136143345,475.6456399210054,89611937,AXISBANK.NS
2020-07-23,458.5801086425781,472.41163869955983,456.9382417221306,470.62051667130163,40249567,AXISBANK.NS
2020-07-24,443.40521240234375,454.35103212769786,439.3751423740138,454.35103212769786,30566635,AXISBANK.NS
2020-07-27,429.4244079589844,445.7933963791888,427.7825410323801,444.7983218336995,21924237,AXISBANK.NS
2020-07-28,434.8973693847656,437.83285178797894,422.309680969315,431.86240380905195,33057573,AXISBANK.NS
2020-07-29,438.7283935546875,444.7983548055773,432.16089499417177,433.6037653389939,24404819,AXISBANK.NS
2020-07-30,423.7525329589844,443.7037669411249,422.657944803638,439.72346846151447,26861618,AXISBANK.NS
2020-07-31,429.5239562988281,432.3101834723739,419.22492784485075,426.88701461301713,27499638,AXISBANK.NS
2020-08-03,415.29437255859375,429.77269522026256,413.6525056125177,429.4741849999817,23824107,AXISBANK.NS
2020-08-04,427.0362548828125,429.0761760158145,415.29438684963304,419.7722225115303,24746211,AXISBANK.NS
2020-08-05,432.8077087402344,444.64909038826767,431.01655624267465,436.8377487170269,36932321,AXISBANK.NS
2020-08-06,430.8672790527344,436.14116200739755,424.99634529613866,433.8525026951321,33465135,AXISBANK.NS
2020-08-07,431.165771484375,434.84755930503025,425.046069343352,429.3249079413113,15569399,AXISBANK.NS
2020-08-10,428.9766845703125,434.8476188891842,427.185531992971,431.8623949608832,14888044,AXISBANK.NS
2020-08-11,445.79339599609375,447.68403155744556,433.15593713233415,433.15593713233415,30469633,AXISBANK.NS
2020-08-12,448.8781433105469,450.52001027287554,436.7879933932426,442.609155317202,23184137,AXISBANK.NS
2020-08-13,445.89288330078125,454.5002715322078,443.1564284639699,451.8633302174605,21885850,AXISBANK.NS
2020-08-14,433.7032470703125,449.27615764616735,423.5037329709255,449.27615764616735,36725538,AXISBANK.NS
2020-08-17,435.9919128417969,438.8278814141852,423.2549706075204,436.93724582168153,30198343,AXISBANK.NS
2020-08-18,443.6042175292969,445.0470877583709,433.1559348653217,437.33526007781774,21768516,AXISBANK.NS
2020-08-19,442.0121765136719,449.72400513555937,440.27079585711664,443.8032987563641,18127671,AXISBANK.NS
2020-08-20,432.8077087402344,439.12640814654196,431.11606977597245,435.74316058528484,16688938,AXISBANK.NS
2020-08-21,438.2806091308594,442.65893119165383,434.1012837648983,437.8328134247685,25087973,AXISBANK.NS
2020-08-24,443.6042175292969,447.2362638920145,440.12145664130514,441.8130955052357,18196776,AXISBANK.NS
2020-08-25,449.5746765136719,454.15202558809597,444.8978442765176,448.72888742687036,26273592,AXISBANK.NS
2020-08-26,461.06781005859375,462.51064997091663,446.78848384445473,449.77370756724616,25914508,AXISBANK.NS
2020-08-27,470.72003173828125,472.1629020685377,461.71461867186827,461.71461867186827,19544214,AXISBANK.NS
2020-08-28,506.69195556640625,510.4732265793475,473.7052110755083,474.1032651756194,59179945,AXISBANK.NS
2020-08-31,494.30328369140625,531.2205252757041,483.90474247640714,521.8668609278986,55830536,AXISBANK.NS
2020-09-01,483.3077392578125,500.92054123482353,477.28751978354904,492.6116623563958,33276725,AXISBANK.NS
2020-09-02,482.0141296386719,485.54666268516337,469.77472421898256,484.6013296692919,20750575,AXISBANK.NS
2020-09-03,472.6106872558594,487.53680606127955,470.7697931964043,485.99442223102625,14045705,AXISBANK.NS
2020-09-04,452.9579772949219,470.62055172677,450.3707772201836,466.6899948471419,29405304,AXISBANK.NS
2020-09-07,456.440673828125,464.84903492149357,448.4303060840396,454.74903507372454,25967554,AXISBANK.NS
2020-09-08,442.1614074707031,460.1224919710797,439.07667011710686,457.5352919207323,21052285,AXISBANK.NS
2020-09-09,429.1259460449219,441.16635547407077,422.9067294355752,437.73333575880395,31657672,AXISBANK.NS
2020-09-10,444.64910888671875,446.4900030438795,428.6284011118137,434.3003387058186,34434841,AXISBANK.NS
2020-09-11,444.9973449707031,447.6342864195736,437.08649025682666,443.80324337972615,18620781,AXISBANK.NS
2020-09-14,438.38006591796875,452.7589048224217,435.8426380488367,449.773681274142,17622727,AXISBANK.NS
2020-09-15,447.33575439453125,449.6741856740179,433.75299278187464,438.87762067058014,17328721,AXISBANK.NS
2020-09-16,443.8032531738281,448.3806022172355,437.83280582171386,447.33575571025614,20016188,AXISBANK.NS
2020-09-17,440.7184753417969,444.2510079198519,436.3401537606387,438.7780983515884,14306232,AXISBANK.NS
2020-09-18,441.16632080078125,447.08699632718503,433.90225815161926,442.3603920755671,20809690,AXISBANK.NS
2020-09-21,421.26483154296875,441.81311564536406,418.4786044852057,440.8180410605772,19013877,AXISBANK.NS
2020-09-22,409.9707336425781,424.5485704037456,404.2987962972183,421.91162879721634,27558176,AXISBANK.NS
2020-09-23,417.6825256347656,420.8170042682801,404.0997646446936,416.0406587664737,18612700,AXISBANK.NS
2020-09-24,400.4677429199219,412.2593513995244,399.17412785522293,411.9608411977358,21177182,AXISBANK.NS
2020-09-25,413.00567626953125,414.64757355668655,398.1790716758239,405.49287562871507,20460096,AXISBANK.NS
2020-09-28,437.08648681640625,438.4298435038652,415.99089465696125,417.93130213520914,19387091,AXISBANK.NS
2020-09-29,424.74761962890625,441.11657937032857,422.7076983798732,440.22101826046276,19996904,AXISBANK.NS
2020-09-30,422.5583801269531,425.991399297034,416.68744665352637,424.896811274163,18485278,AXISBANK.NS
2020-10-01,441.51458740234375,443.1066823792296,425.2948541117488,428.08108105582943,21083211,AXISBANK.NS
2020-10-05,441.96234130859375,454.20177610623296,436.8874551909026,441.8628277832931,24252318,AXISBANK.NS
2020-10-06,447.43524169921875,450.47023713676066,440.5194921623879,447.2859865980559,19387351,AXISBANK.NS
2020-10-07,450.8682556152344,453.7042239733793,441.31553447755505,444.79829517805433,19873734,AXISBANK.NS
2020-10-08,449.6742248535156,459.37620261748543,445.0471338395375,453.3062412250353,20909290,AXISBANK.NS
2020-10-09,465.7446594238281,467.486039992675,447.9328299645048,451.06730891497574,28048230,AXISBANK.NS
2020-10-12,465.69488525390625,477.63577974759613,460.0229482224975,471.1677952301808,21261504,AXISBANK.NS
2020-10-13,459.07769775390625,470.6703114010059,457.48557223385296,463.60527528326645,15582492,AXISBANK.NS
2020-10-14,468.9786376953125,472.3121436138144,451.76385959763934,455.7441579200855,13984621,AXISBANK.NS
2020-10-15,460.3215026855469,479.5762017106732,457.7343027271143,471.0682959070162,28971494,AXISBANK.NS
2020-10-16,470.0732116699219,473.157948850497,460.7195169669403,462.858921177459,16288157,AXISBANK.NS
2020-10-19,490.5220642089844,493.45751622613847,473.90430529377045,474.70035287229086,28131936,AXISBANK.NS
2020-10-20,491.5170593261719,496.1938912358725,482.71064396526793,483.45694983708586,21376064,AXISBANK.NS
2020-10-21,498.9801330566406,505.0003217901893,484.2032702766177,494.45252574436984,27029535,AXISBANK.NS
2020-10-22,507.7865295410156,510.4732429666938,493.20869349076094,493.5569756559067,30022336,AXISBANK.NS
2020-10-23,504.7018737792969,512.960981213519,502.0151600819017,511.3688860700075,18810262,AXISBANK.NS
2020-10-26,490.9200439453125,507.3387743089199,488.48209910805235,505.7466489274805,17446937,AXISBANK.NS
2020-10-27,505.597412109375,509.7269656404268,480.2727513035149,491.56685412663904,24239860,AXISBANK.NS
2020-10-28,502.2142028808594,514.9511466313057,491.0693543237669,508.2841341318767,30343575,AXISBANK.NS
2020-10-29,491.4176025390625,513.806750911243,486.93976679117293,503.5077529849107,50934336,AXISBANK.NS
2020-10-30,490.0742492675781,499.079662411781,479.22794200698775,492.5619358120836,23140833,AXISBANK.NS
2020-11-02,520.0757446289062,529.0811572768581,492.6614221987853,494.4028026839789,37597227,AXISBANK.NS
2020-11-03,531.51904296875,534.3549808638825,521.4190129844961,522.4140874367566,25991938,AXISBANK.NS
2020-11-04,522.5634155273438,531.2205153806069,508.4830865854228,522.5136132130483,28905623,AXISBANK.NS
2020-11-05,536.6437377929688,539.8279887676297,524.9516108473103,532.2654458455288,23728389,AXISBANK.NS
2020-11-06,539.0816650390625,543.3107320928991,528.5836401464453,536.0964412363543,22256961,AXISBANK.NS
2020-11-09,562.266845703125,565.2023276857225,545.5496059043967,547.2909863154002,26041462,AXISBANK.NS
2020-11-10,580.7255859375,585.1039390267549,565.4512131835943,569.1827434069793,34935409,AXISBANK.NS
2020-11-11,605.6521606445312,608.1398470667391,573.5610057980502,576.9939644730716,50289937,AXISBANK.NS
2020-11-12,596.7462768554688,607.4433292910483,585.8999389292991,598.9851948071016,34244439,AXISBANK.NS
2020-11-13,607.34375,609.3338991743879,581.4220691505049,592.0693793803864,28813262,AXISBANK.NS
2020-11-14,610.1300048828125,614.9560923167278,602.5674016110135,610.9260524023355,3211214,AXISBANK.NS
2020-11-17,625.702880859375,627.7925739084169,606.0004164135264,610.1300001952147,25960060,AXISBANK.NS
2020-11-18,633.1659545898438,636.8477427495211,618.9861415676864,621.9216237788293,24928180,AXISBANK.NS
2020-11-19,608.4881591796875,629.8822645310584,606.0502140973912,615.9512191859797,26525371,AXISBANK.NS
2020-11-20,604.8560791015625,613.4634987961659,589.0841707823686,611.9708868769538,29556191,AXISBANK.NS
2020-11-23,592.6663818359375,609.5826493043824,589.7807020614508,607.9408127261048,23728765,AXISBANK.NS
2020-11-24,616.5979614257812,619.53338272364,597.5920013197351,600.0299460833979,30742369,AXISBANK.NS
2020-11-25,596.8954467773438,626.8969688669307,593.0644340391915,621.9215960981455,35115637,AXISBANK.NS
2020-11-26,609.5328979492188,615.1550933997414,591.1240189405202,599.2836423237143,35476456,AXISBANK.NS
2020-11-27,598.6367797851562,610.6274757949041,595.8008418256005,608.9855786175658,29921076,AXISBANK.NS
2020-12-01,600.6767578125,611.9708293116763,593.2634404975097,607.9905312348524,21285697,AXISBANK.NS
2020-12-02,605.104736328125,610.478162541616,598.2885007793751,604.0101787494066,19070722,AXISBANK.NS
2020-12-03,599.7314453125,607.9905519564921,597.3929836719489,607.1447628801523,17746316,AXISBANK.NS
2020-12-04,611.4733276367188,613.413735208998,600.2289970622339,603.6122141837031,20019707,AXISBANK.NS
2020-12-07,616.199951171875,621.3246096982848,609.4334559825384,613.9112917197583,24658169,AXISBANK.NS
2020-12-08,617.593017578125,620.7772074155566,608.5875446946466,616.050603503367,16005349,AXISBANK.NS
2020-12-09,631.0763549804688,633.5640416046944,615.9512081582694,616.1004936495377,22000284,AXISBANK.NS
2020-12-10,623.9615478515625,629.334975261543,617.2945355420051,621.4241196380583,16126862,AXISBANK.NS
2020-12-11,610.2294311523438,628.5388260669505,605.3535418562558,623.2648826809475,17950692,AXISBANK.NS
2020-12-14,612.866455078125,620.727507780442,609.3836940653874,612.9659382418189,14567480,AXISBANK.NS
2020-12-15,604.1097412109375,612.7171604505845,599.3333954688259,612.7171604505845,22311290,AXISBANK.NS
2020-12-16,603.1146240234375,611.8713281220173,601.8210393334969,610.5279411199609,14860853,AXISBANK.NS
2020-12-17,602.4181518554688,607.9905449953291,600.2289757167629,604.259015463852,14598759,AXISBANK.NS
2020-12-18,606.4979858398438,607.9905977820255,593.5620156742688,601.4231295302401,17301814,AXISBANK.NS
2020-12-21,579.6309204101562,604.2590153117037,570.5757663765306,602.2688662287503,18580262,AXISBANK.NS
2020-12-22,586.8451538085938,591.0244786235717,565.6003387063653,582.118550195892,19896386,AXISBANK.NS
2020-12-23,589.5319213867188,591.5718120399505,581.4220396191884,586.0989020883615,12247401,AXISBANK.NS
2020-12-24,607.1944580078125,610.9757288734793,591.2235247989859,592.0693138106192,15488083,AXISBANK.NS
2020-12-28,614.6078491210938,617.7422976608739,610.9758025482881,610.9758025482881,8444506,AXISBANK.NS
2020-12-29,627.0960083007812,629.2851845091578,615.5531068086736,617.6427998535235,13765454,AXISBANK.NS
2020-12-30,622.0210571289062,630.8772446360631,615.1550793929849,629.1358642289447,10262221,AXISBANK.NS
2020-12-31,617.39404296875,622.8669532266598,612.9659488858981,619.3344505707338,12306502,AXISBANK.NS
2021-01-01,620.7275390625,622.3694364879196,614.5083226549034,617.1950362898922,6047062,AXISBANK.NS
2021-01-04,621.6231079101562,629.8822148521482,618.2398300136616,624.7078148423172,14068156,AXISBANK.NS
2021-01-05,661.1773071289062,664.6103265264528,614.9560814190322,614.9560814190322,37973963,AXISBANK.NS
2021-01-06,651.0275268554688,663.8640128939285,645.952670924653,658.7393546477957,20829645,AXISBANK.NS
2021-01-07,667.7944946289062,673.1679213995213,655.7541170765478,655.7541170765478,17887570,AXISBANK.NS
2021-01-08,669.3866577148438,675.506329718072,665.2073324842669,674.6605406497127,12272794,AXISBANK.NS
2021-01-11,663.6649780273438,673.3172132330102,656.8984832876961,672.6703904868069,7928365,AXISBANK.NS
2021-01-12,672.3718872070312,681.6260683974925,656.0028986730613,658.0427893585855,13301893,AXISBANK.NS
2021-01-13,684.4122314453125,687.7955090514433,665.7545845023725,672.6703644494612,15645903,AXISBANK.NS
2021-01-14,672.67041015625,684.4122779499409,671.3270837788928,675.1580965843426,9337503,AXISBANK.NS
2021-01-15,671.5260620117188,679.5862026223649,666.3019204200998,674.2625171311382,12339771,AXISBANK.NS
2021-01-18,653.7639770507812,671.6753188877889,647.9428152475659,671.1280400341197,13460603,AXISBANK.NS
2021-01-19,665.4560546875,668.6403051521622,656.5003844188084,660.2816552742396,9010539,AXISBANK.NS
2021-01-20,672.421630859375,677.5960306947292,660.7295048325934,660.7295048325934,9980614,AXISBANK.NS
2021-01-21,672.5211181640625,691.5768203125295,666.4511876321104,677.3970078097187,15849438,AXISBANK.NS
2021-01-22,641.3255615234375,670.5807782280945,635.6536243172858,666.6999631042717,21392223,AXISBANK.NS
2021-01-25,655.1571044921875,664.7097958270273,636.2008858289572,650.7787522019099,21325345,AXISBANK.NS
2021-01-27,628.9866333007812,660.5305104148588,624.3098312465881,656.6994974807984,24462588,AXISBANK.NS
2021-01-28,667.3965454101562,671.3768438044502,612.9659527212788,618.9364003127198,64303975,AXISBANK.NS
2021-01-29,659.6349487304688,672.5211156677416,649.7836863133755,667.6950283557043,31273252,AXISBANK.NS
2021-02-01,705.8561401367188,713.4684850873215,651.1270373754877,661.7246061130667,30648270,AXISBANK.NS
2021-02-02,710.6822509765625,741.280793183244,700.7315055434954,715.7073652733553,28703320,AXISBANK.NS
2021-02-03,730.1857299804688,733.1709537831154,712.0256185143681,716.4537126352008,23541361,AXISBANK.NS
2021-02-04,740.2360229492188,741.8281180233963,717.0507360652198,726.4044616459817,20490289,AXISBANK.NS
2021-02-05,716.0556640625,762.52566043153,713.4684943739256,745.3108818494704,31121503,AXISBANK.NS
2021-02-08,732.524169921875,744.1167522362559,722.424138729842,722.424138729842,15662890,AXISBANK.NS
2021-02-09,738.8428344726562,746.3058934067235,722.6231318695226,732.1260814319957,22307807,AXISBANK.NS
2021-02-10,731.1807250976562,742.7236256538283,722.523564864159,737.8974779234602,15140744,AXISBANK.NS
2021-02-11,736.4546508789062,740.4847513979583,727.3994967588937,727.3994967588937,11897710,AXISBANK.NS
2021-02-12,746.7040405273438,750.9828493689814,730.9320709079152,731.8774039708964,15668442,AXISBANK.NS
2021-02-15,790.0892333984375,795.0646064047248,750.1867661818261,756.157213789371,20648115,AXISBANK.NS
2021-02-16,771.2324829101562,795.0645294504773,763.2221452922604,795.0645294504773,23968943,AXISBANK.NS
2021-02-17,773.9192504882812,781.1335411549994,760.5354853113943,770.1877208330823,16956357,AXISBANK.NS
2021-02-18,773.1729736328125,778.1483466935126,760.2370036749919,771.1828244085324,19685663,AXISBANK.NS
2021-02-19,745.9576416015625,773.3719326052317,737.6984744604085,769.0931242966939,15634787,AXISBANK.NS
2021-02-22,715.9064331054688,746.1566645042652,711.4783389886328,745.9576981718953,18123202,AXISBANK.NS
2021-02-23,712.4237060546875,731.3301243579878,709.0901695446995,728.7428938336564,16804763,AXISBANK.NS
2021-02-24,745.7089233398438,751.1818335943849,713.5182238565043,718.443855232498,11207286,AXISBANK.NS
2021-02-25,766.8543090820312,779.6409941368553,758.3961744934375,761.2321129734452,26635119,AXISBANK.NS
2021-02-26,721.22998046875,754.9630300794355,715.110308776759,742.325571869866,31306177,AXISBANK.NS
2021-03-01,724.9615478515625,739.8379244511171,718.6925903629043,734.365014451815,14301187,AXISBANK.NS
2021-03-02,727.6482543945312,736.8526938518296,718.4438149372329,726.8522069126979,14503453,AXISBANK.NS
2021-03-03,750.2365112304688,757.0527479867544,731.479318469402,736.8527456348268,13603791,AXISBANK.NS
2021-03-04,733.1709594726562,747.7488267825212,727.4990220567055,727.4990220567055,16896947,AXISBANK.NS
2021-03-05,727.1506958007812,740.4349161719587,716.9511821066889,728.3945389342072,16358252,AXISBANK.NS
2021-03-08,739.638916015625,748.793614210016,728.3945855172515,731.3798092283877,13898556,AXISBANK.NS
2021-03-09,741.7783203125,754.963057831038,736.3551519787238,754.963057831038,18951683,AXISBANK.NS
2021-03-10,757.0029907226562,761.9286220665094,745.4601498276651,746.8034762239283,13377990,AXISBANK.NS
2021-03-12,746.9028930664062,772.7748299853586,741.3305001776736,768.7945319978274,16343307,AXISBANK.NS
2021-03-15,740.7335205078125,750.2862119093984,713.1202017008021,750.2862119093984,22466579,AXISBANK.NS
2021-03-16,734.1162109375,748.296022534734,732.3250889879127,747.3009480366825,11358574,AXISBANK.NS
2021-03-17,724.3147583007812,738.3452845626758,721.1305077298857,735.3600610401853,12380976,AXISBANK.NS
2021-03-18,715.2098388671875,739.4398800709973,703.7664814453125,732.374875,12261544,AXISBANK.NS
2021-03-19,722.6728515625,725.7575582013483,700.0349068147591,705.5078165339932,20377672,AXISBANK.NS
2021-03-22,712.6724243164062,726.4044413344525,705.8063854401171,715.4586209855772,14802230,AXISBANK.NS
2021-03-23,726.9517211914062,735.8576508160731,710.582732227834,714.4635473778777,15949688,AXISBANK.NS
2021-03-24,702.9207153320312,721.4290784296546,699.8359476594052,719.687697895514,14379147,AXISBANK.NS
2021-03-25,691.1787719726562,707.3985360499786,676.6507075456362,706.0054073582778,21179280,AXISBANK.NS
2021-03-26,694.7610473632812,703.5176910598359,689.735933145474,703.5176910598359,13143312,AXISBANK.NS
2021-03-30,691.9251098632812,709.7867113653616,687.5965595779862,701.5276042004057,25965218,AXISBANK.NS
2021-03-31,694.0148315429688,700.0847626557293,688.6911456882829,692.5719611436787,14924620,AXISBANK.NS
2021-04-01,709.4881591796875,713.4684574079046,692.1240960121845,702.8211475005178,13090326,AXISBANK.NS
2021-04-05,681.8748779296875,704.9606210769136,674.1133081023492,703.7167778118102,16239521,AXISBANK.NS
2021-04-06,674.56103515625,690.0841732307143,672.1728320365502,686.7008956002276,12062011,AXISBANK.NS
2021-04-07,684.860107421875,688.492154079786,665.1079005027224,677.1482791145455,14433515,AXISBANK.NS
2021-04-08,678.2427978515625,692.0743585711684,676.0038800847974,688.0940603191415,9026398,AXISBANK.NS
2021-04-09,664.9088134765625,683.4171754514301,663.7147118929676,675.9541164721239,12509114,AXISBANK.NS
2021-04-12,632.4694213867188,651.7738938337781,623.5635518830314,647.7935952454802,14649541,AXISBANK.NS
2021-04-13,657.7443237304688,661.5753367231333,626.8970105146676,632.4694040920951,12737650,AXISBANK.NS
2021-04-15,665.5556030273438,668.0432894567418,649.0871310116349,663.1674604958407,15195951,AXISBANK.NS
2021-04-16,665.9039306640625,671.9241198127756,659.0876332522688,665.3566517840947,12242522,AXISBANK.NS
2021-04-19,644.9576416015625,652.0723887198176,627.892087512442,646.7985053614696,17292072,AXISBANK.NS
2021-04-20,648.5399169921875,658.7394323725787,639.8330136186829,652.7689843450327,12296248,AXISBANK.NS
2021-04-22,655.4556274414062,657.6945452103643,631.2753276835663,637.8427955120304,19385102,AXISBANK.NS
2021-04-23,668.0432739257812,674.1630066936391,647.6940479940184,652.7689038981952,19167768,AXISBANK.NS
2021-04-26,697.0,700.3334755410189,681.1285483409845,690.5817568278206,21646184,AXISBANK.NS
2021-04-27,696.1043701171875,700.432980731086,680.7304565965698,687.6959782545622,46559967,AXISBANK.NS
2021-04-28,704.662109375,708.9906596347457,684.7606171747265,704.5128238896842,54060587,AXISBANK.NS
2021-04-29,715.8566284179688,723.3196872599638,703.517680172059,708.493052733389,25939327,AXISBANK.NS
2021-04-30,711.3788452148438,726.2551616751534,701.5275825280831,701.5275825280831,23011654,AXISBANK.NS
2021-05-03,699.2886352539062,704.5127766058564,688.6910670747094,702.5226275193992,13752878,AXISBANK.NS
2021-05-04,696.900390625,715.1103022711123,694.6614730358413,700.5324367856681,11980155,AXISBANK.NS
2021-05-05,713.66748046875,715.5083440951768,696.5521860363785,705.5078569997034,11155033,AXISBANK.NS
2021-05-06,712.224609375,719.2896143882957,706.7516993483671,714.4635271131681,9484934,AXISBANK.NS
2021-05-07,713.2197265625,723.3197581456187,710.4832713855947,717.4487936540809,7131970,AXISBANK.NS
2021-05-10,711.72705078125,721.4290273560381,710.4832076306361,719.9364155753015,7980462,AXISBANK.NS
2021-05-11,703.865966796875,710.1847267032414,699.5374167480785,701.328538811907,12736700,AXISBANK.NS
2021-05-12,687.89501953125,702.2738588266434,685.6561018091671,700.5324783761346,10856584,AXISBANK.NS
2021-05-14,681.6260986328125,695.1590888520009,678.0438543790666,691.576844598255,9377968,AXISBANK.NS
2021-05-17,705.7566528320312,706.8014690044389,681.0290735687405,688.0940788626713,12099197,AXISBANK.NS
2021-05-18,708.1448364257812,722.4241320983759,705.0103272612939,716.4536847256621,19519055,AXISBANK.NS
2021-05-19,713.2694702148438,720.1355093360795,698.7414051636777,700.5325273195765,20244016,AXISBANK.NS
2021-05-20,702.423095703125,710.8812287346864,701.0797087221025,705.1097481961177,18840413,AXISBANK.NS
2021-05-21,727.300048828125,729.7877353260533,703.5177416141172,703.5177416141172,15883692,AXISBANK.NS
2021-05-24,737.49951171875,743.8182106862866,723.170414202353,726.8024605282783,15716900,AXISBANK.NS
2021-05-25,727.9467163085938,741.3304800756567,722.2747796832574,740.733459687527,11344261,AXISBANK.NS
2021-05-26,731.479248046875,737.7482660478377,725.906855084384,734.3649884198429,9081086,AXISBANK.NS
2021-05-27,746.6541748046875,750.1369357786926,727.3995062850718,733.5689807287871,23040846,AXISBANK.NS
2021-05-28,736.2059326171875,755.9582002462349,734.8626061752715,748.8931340101932,17149692,AXISBANK.NS
2021-05-31,747.0025024414062,749.2911618379622,730.3847447397933,734.2655599116515,9275086,AXISBANK.NS
2021-06-01,741.4798583984375,750.2862442661029,737.499560020368,749.8384485516634,6660243,AXISBANK.NS
2021-06-02,733.3699951171875,741.629102318276,730.5837983274214,741.1315650081558,9973043,AXISBANK.NS
2021-06-03,746.9528198242188,748.5449149906697,735.3601757103422,739.3404743610071,8170508,AXISBANK.NS
2021-06-04,738.3950805664062,756.1571982751436,736.4546729868591,747.3010102118427,10336011,AXISBANK.NS
2021-06-07,747.4005126953125,750.2365117647362,737.8478207661257,739.4399158428122,6986728,AXISBANK.NS
2021-06-08,742.6738891601562,747.4004934194265,735.8576525748111,747.3010102551495,6426815,AXISBANK.NS
2021-06-09,733.1212158203125,747.5497976043566,726.5537477158715,742.3256559239269,8004726,AXISBANK.NS
2021-06-10,740.584228515625,741.6787862189472,729.2901567480969,735.8078828568541,7795125,AXISBANK.NS
2021-06-11,734.8128662109375,742.5744361098012,733.3699958632141,742.5744361098012,4840759,AXISBANK.NS
2021-06-14,732.6235961914062,737.7482541292046,721.4290081341522,732.2753444123248,5190670,AXISBANK.NS
2021-06-15,747.2015380859375,748.2960958472198,728.3946039363894,732.3749023185555,9686490,AXISBANK.NS
2021-06-16,746.10693359375,753.12219747708,742.574430860183,745.111858979532,8614096,AXISBANK.NS
2021-06-17,734.9620971679688,741.7286532372383,732.3749274246849,738.295633618028,6674329,AXISBANK.NS
2021-06-18,732.6734008789062,739.5394397725809,718.692615181167,738.4946236108127,8143792,AXISBANK.NS
2021-06-21,735.9073486328125,737.2507356746421,716.9511911862443,721.4290265232854,6464497,AXISBANK.NS
2021-06-22,735.7083740234375,745.3108681133709,733.4197146127195,739.5394476367027,6727233,AXISBANK.NS
2021-06-23,728.7427978515625,740.0866716332654,727.2004444979216,739.5393927961061,6154147,AXISBANK.NS
2021-06-24,735.5093994140625,739.2906706676254,727.4990004649159,732.2754070320821,5313822,AXISBANK.NS
2021-06-25,757.6000366210938,762.1774163076393,733.9172728439515,733.9172728439515,11170037,AXISBANK.NS
2021-06-28,758.6448974609375,765.8093859756234,754.017776288547,760.7842714049358,7672743,AXISBANK.NS
2021-06-29,748.2462768554688,759.789116675787,746.355611025723,757.2516888665692,7500655,AXISBANK.NS
2021-06-30,744.6142578125,756.7541792117174,742.8728773869635,748.7935829806935,5459970,AXISBANK.NS
2021-07-01,742.7733764648438,750.6842309271457,740.8329690330296,746.3058788109768,5695690,AXISBANK.NS
2021-07-02,746.9528198242188,749.1419354944544,740.3355490236734,743.9177935154568,3557647,AXISBANK.NS
2021-07-05,756.6049194335938,758.2468167558146,749.6891998106507,753.3709271049108,4680089,AXISBANK.NS
2021-07-06,754.6148071289062,763.2222268098191,751.4803585442671,753.2714806975658,5529485,AXISBANK.NS
2021-07-07,759.1423950195312,760.2369527257168,748.5448268166499,752.1768732013636,3573368,AXISBANK.NS
2021-07-08,750.6842651367188,763.3714656546762,747.9975517036569,756.2566583253034,4188267,AXISBANK.NS
2021-07-09,743.6688842773438,749.1915961988375,736.6038798016951,748.2960048779125,5782119,AXISBANK.NS
2021-07-12,749.8881225585938,754.0674476258552,744.6142398298124,748.7935648970737,4475466,AXISBANK.NS
2021-07-13,766.9536743164062,769.1925919514525,751.2812508710824,755.2615488889425,9810976,AXISBANK.NS
2021-07-14,766.2571411132812,769.6404188595765,760.236952263857,767.1527324974566,5621924,AXISBANK.NS
2021-07-15,770.3370971679688,774.4168791116833,762.7247514797369,766.705050248059,4239868,AXISBANK.NS
2021-07-16,767.3517456054688,772.1778327664474,762.7743663416512,772.1778327664474,2913553,AXISBANK.NS
2021-07-19,751.4802856445312,762.8739009846942,745.9078319215224,748.5945452581045,5554486,AXISBANK.NS
2021-07-20,742.076904296875,751.4803716842855,740.5345507694137,751.2813446116535,5815740,AXISBANK.NS
2021-07-22,743.0719604492188,754.7640870448375,737.3502814768947,746.4054360784114,7876163,AXISBANK.NS
2021-07-23,751.679443359375,760.2370613795173,736.4547520504,745.3109410644744,6604465,AXISBANK.NS
2021-07-26,752.5748901367188,756.2566782170503,741.3305595680296,750.286230757442,7890992,AXISBANK.NS
2021-07-27,728.0960693359375,752.2763690513976,725.5088390334017,746.8034589590925,15441543,AXISBANK.NS
2021-07-28,719.3394165039062,731.1807672084364,708.5925627760562,731.1807672084364,11102486,AXISBANK.NS
2021-07-29,713.7172241210938,724.9118128577439,712.4733809281327,716.4536791456082,6855673,AXISBANK.NS
2021-07-30,705.4083251953125,715.1103014032257,703.6669448503025,714.513220272792,10358450,AXISBANK.NS
2021-08-02,717.5979614257812,721.9762525499016,708.4930059460081,711.4782292856682,6823345,AXISBANK.NS
2021-08-03,734.9620971679688,737.2010150846883,715.757168962571,720.4340318688476,9265839,AXISBANK.NS
2021-08-04,750.087158203125,753.271408802034,735.011815722639,736.8526792838919,9744349,AXISBANK.NS
2021-08-05,745.609375,751.2813122860196,739.8379545492127,749.291163114401,7246991,AXISBANK.NS
2021-08-06,737.2009887695312,753.9182905385903,735.1610979984655,743.3207218172618,6522599,AXISBANK.NS
2021-08-09,751.77880859375,753.6694744975262,736.1063847216764,737.3502278861267,6064688,AXISBANK.NS
2021-08-10,757.7989501953125,760.2368947927966,751.28122456618,751.778761800992,8309248,AXISBANK.NS
2021-08-11,757.052734375,765.2123581431995,748.7936274418174,761.2320597913493,6429468,AXISBANK.NS
2021-08-12,753.6196899414062,759.6399395868286,749.6393917213746,755.2615872509816,3572081,AXISBANK.NS
2021-08-13,756.1571655273438,760.7344841071655,750.485228515283,753.7689623429403,4239376,AXISBANK.NS
2021-08-16,758.2468872070312,762.0281587496078,752.2764392762672,752.2764392762672,3967629,AXISBANK.NS
2021-08-17,753.022705078125,756.2566975346878,745.6093871461743,755.2616229326685,5576110,AXISBANK.NS
2021-08-18,750.6842651367188,760.0379294700239,746.8034500962372,760.0379294700239,5370460,AXISBANK.NS
2021-08-20,736.6039428710938,745.3108452690972,732.5739030509241,742.1265945309211,6092036,AXISBANK.NS
2021-08-23,732.474365234375,745.8083887398134,730.7827870563464,745.8083887398134,3614761,AXISBANK.NS
2021-08-24,742.6738891601562,746.0074254468874,727.8970559276191,732.3748915416646,4537435,AXISBANK.NS
2021-08-25,735.409912109375,747.7488621332187,731.578898978947,744.5148695023644,6726509,AXISBANK.NS
2021-08-26,742.6738891601562,746.3059356742506,728.7428450275702,730.4842255441434,6492155,AXISBANK.NS
2021-08-27,748.694091796875,755.8585797403819,737.3502179954414,742.82312784561,5841967,AXISBANK.NS
2021-08-30,780.188232421875,785.6114011696361,750.2862526686582,752.2764018799809,12517507,AXISBANK.NS
2021-08-31,782.6260986328125,785.1137848967438,774.566019431486,781.0340037177075,12114870,AXISBANK.NS
2021-09-01,794.965087890625,814.9660621927519,791.4823269410833,794.1689796573907,19972195,AXISBANK.NS
2021-09-02,798.7463989257812,802.1296161477594,788.4971426239246,791.5818496108068,6799617,AXISBANK.NS
2021-09-03,794.0695190429688,805.9109309014577,783.8202629616264,800.5375038472034,7509746,AXISBANK.NS
2021-09-06,796.855712890625,801.930629698092,791.4325442733707,796.9054544728043,4539192,AXISBANK.NS
2021-09-07,783.969482421875,795.4626423918277,778.1980620131541,794.0695136880357,6926921,AXISBANK.NS
2021-09-08,790.7858276367188,793.4227389889354,779.1434422153296,786.108964687242,5903035,AXISBANK.NS
2021-09-09,786.2581176757812,789.7906199014711,780.3374124255125,785.1137577401444,4909325,AXISBANK.NS
2021-09-13,784.467041015625,786.5567341280646,779.6409534723729,782.1286399863243,4814443,AXISBANK.NS
2021-09-14,790.4872436523438,797.0547113622656,786.1088913560422,787.1039659020626,6301208,AXISBANK.NS
2021-09-15,787.5020751953125,793.5222644736697,783.1237225922156,792.0793941339309,4075592,AXISBANK.NS
2021-09-16,798.6467895507812,803.4729374382297,785.2132834619425,788.5965611410913,15446511,AXISBANK.NS
2021-09-17,803.3734130859375,816.6576947598504,793.3231844317897,804.866024909892,14641298,AXISBANK.NS
2021-09-20,791.9300537109375,804.5675126011498,787.6015037265306,796.0596373736254,6306484,AXISBANK.NS
2021-09-21,791.4326171875,795.0646640391914,768.4961581127513,791.3331340139762,7833561,AXISBANK.NS
2021-09-22,784.467041015625,792.8754335796876,782.1286399863243,788.5966249225979,4359142,AXISBANK.NS
2021-09-23,808.1497802734375,810.4881810569547,788.6462836133024,790.4374055681802,9043492,AXISBANK.NS
2021-09-24,794.1192016601562,812.9261342190555,791.1837197046787,808.5477820751709,5184626,AXISBANK.NS
2021-09-27,793.024658203125,804.8162670804861,788.8950746130797,798.9453637988477,7715259,AXISBANK.NS
2021-09-28,785.3128662109375,801.6320527892883,774.1680188314954,798.0498086155004,7369680,AXISBANK.NS
2021-09-29,778.2975463867188,785.6113196859305,774.6655001589575,779.1433354199919,14241004,AXISBANK.NS
2021-09-30,762.7744140625,783.4719533671043,761.082775114268,776.0586962665694,9178187,AXISBANK.NS
2021-10-01,764.3665161132812,767.8990185090548,750.2861873747057,759.6399121477244,6089895,AXISBANK.NS
2021-10-04,775.1630859375,777.3025205455175,766.5059250772994,767.3019725821903,5845527,AXISBANK.NS
2021-10-05,778.7453002929688,780.138428924145,767.4014871294321,770.5857377617426,3945224,AXISBANK.NS
2021-10-06,775.1133422851562,790.2882293569943,772.1778601800911,778.3970761931395,5092479,AXISBANK.NS
2021-10-07,773.2724609375,786.2582332830336,770.2872370851078,786.1089477966001,6622698,AXISBANK.NS
2021-10-08,778.0985717773438,781.133537067451,772.1778659418369,778.0488301957745,4295686,AXISBANK.NS
2021-10-11,783.27294921875,789.0941109896155,775.1630674160283,778.1482910389399,4417455,AXISBANK.NS
2021-10-12,793.2237548828125,795.7611830081278,781.58136972218,784.1187978474953,5098502,AXISBANK.NS
2021-10-13,790.6861572265625,800.5374188687895,789.293089395785,796.0098421333417,4381414,AXISBANK.NS
2021-10-14,798.0994873046875,800.0398947186344,784.1187027839353,795.0645222390409,7157116,AXISBANK.NS
2021-10-18,809.2941284179688,815.9611401244283,798.099539605286,815.9611401244283,11014585,AXISBANK.NS
2021-10-19,797.7015380859375,822.9266536594369,794.5670289565421,815.9611318025856,10633732,AXISBANK.NS
2021-10-20,800.8359985351562,809.7916696287677,788.099056237815,796.6566732112312,9023067,AXISBANK.NS
2021-10-21,803.8212890625,809.4932267069236,788.3976320078506,803.9705745536177,7405639,AXISBANK.NS
2021-10-22,812.677490234375,820.9365977986539,802.8262267669761,808.0006271666751,10646970,AXISBANK.NS
2021-10-25,840.9375,862.6301743474236,821.3843210196172,826.0113813579374,29193770,AXISBANK.NS
2021-10-26,837.7532958984375,847.4552728531174,819.4438997106648,844.2212805348909,16771909,AXISBANK.NS
2021-10-27,783.6211547851562,836.6586125430749,781.7802912867731,835.8625651041667,39606414,AXISBANK.NS
2021-10-28,754.6148071289062,785.1138682567761,750.9330796550001,783.6212563399381,19320926,AXISBANK.NS
2021-10-29,738.3452758789062,758.2467657947798,710.4831899966834,758.2467657947798,21343427,AXISBANK.NS
2021-11-01,748.6442260742188,756.2565697876007,736.3550811089797,751.2811976179454,11694854,AXISBANK.NS
2021-11-02,752.1270751953125,757.599985226655,744.3655058432239,748.7935997427617,11812106,AXISBANK.NS
2021-11-03,746.9028930664062,758.8935893414657,744.8132609167634,755.7093388045353,10529505,AXISBANK.NS
2021-11-04,749.241455078125,753.3212367687959,747.6991015479707,753.2714951841848,793433,AXISBANK.NS
2021-11-08,747.3507690429688,757.2517734977635,737.8478187235107,757.2517734977635,13872770,AXISBANK.NS
2021-11-09,741.3802490234375,750.2364364263234,739.688610215248,746.3058799781993,12120207,AXISBANK.NS
2021-11-10,745.6590576171875,749.6393556456709,728.3945392124522,739.0418485855507,10844883,AXISBANK.NS
2021-11-11,734.414794921875,744.3157993190823,731.4793127108088,744.3157993190823,6195359,AXISBANK.NS
2021-11-12,732.424560546875,739.1413133023713,729.8871327639262,739.1413133023713,9372897,AXISBANK.NS
2021-11-15,729.638427734375,740.3354793513467,724.4142862470167,734.365031937223,12849161,AXISBANK.NS
2021-11-16,722.5733642578125,729.6881104112472,717.7472165469381,729.6383688337179,8978763,AXISBANK.NS
2021-11-17,708.8413696289062,721.3296044925636,703.2689761421805,717.4487892444458,18083445,AXISBANK.NS
2021-11-18,702.8709106445312,712.473404708508,698.442877317419,711.4783301209263,13458109,AXISBANK.NS
2021-11-22,683.0192260742188,709.4881859985854,674.0635547222029,709.4881859985854,16741079,AXISBANK.NS
2021-11-23,682.2728881835938,689.2384100201408,674.0137208469207,677.6457672412182,16575348,AXISBANK.NS
2021-11-24,681.7753295898438,691.6762724459857,678.6905621465465,686.6014167032946,11463429,AXISBANK.NS
2021-11-25,676.55126953125,683.6162751553438,673.2177330588394,682.6212005190188,9760486,AXISBANK.NS
2021-11-26,658.4906616210938,671.5759178005414,657.1970766994597,665.7049529648835,10252753,AXISBANK.NS
2021-11-29,647.89306640625,662.1724237677913,646.15168580615,661.7743696225257,12084376,AXISBANK.NS
2021-11-30,652.4205932617188,674.1132043185054,644.808249357439,644.808249357439,24699809,AXISBANK.NS
2021-12-01,676.252685546875,678.0438684454405,656.749247343812,661.6251372618452,16184200,AXISBANK.NS
2021-12-02,672.7698974609375,675.4566109667226,664.7595592600762,671.6753397196517,8612601,AXISBANK.NS
2021-12-03,669.6851806640625,683.9644763442905,667.6950315387606,675.7551112024205,9505985,AXISBANK.NS
2021-12-06,659.8339233398438,675.40686466045,657.8935765151851,670.6802604510398,8022785,AXISBANK.NS
2021-12-07,683.6162109375,688.1437879605585,666.6999437090611,668.6900927947598,15123987,AXISBANK.NS
2021-12-08,693.6663818359375,698.0944753302495,684.2629767756935,691.5767497635555,11670826,AXISBANK.NS
2021-12-09,690.5320434570312,696.452749582316,684.6113373317465,694.7113690004402,7021395,AXISBANK.NS
2021-12-10,684.6610717773438,688.541887041733,680.3822631105389,686.7009625765087,5549743,AXISBANK.NS
2021-12-13,700.532470703125,708.393583801702,689.6861340078017,695.5570980418812,13634563,AXISBANK.NS
2021-12-14,707.3984985351562,710.4832052445073,694.1639588694494,697.547236521568,8612512,AXISBANK.NS
2021-12-15,708.9906005859375,716.4536595394737,704.0649695296978,708.8911174270354,7692888,AXISBANK.NS
2021-12-16,706.1547241210938,718.3941297264246,701.577344455959,715.4586474682087,7309187,AXISBANK.NS
2021-12-17,685.5068969726562,704.512797004821,681.725565011276,704.0152597188006,7844705,AXISBANK.NS
2021-12-20,671.028564453125,678.4916243116585,656.8487507219114,677.5960935693564,9934646,AXISBANK.NS
2021-12-21,662.5703735351562,679.6359265858462,659.23689804264,679.6359265858462,10116104,AXISBANK.NS
2021-12-22,666.0531005859375,673.5161594289914,660.7294762383705,666.6999233128136,7489534,AXISBANK.NS
2021-12-23,675.4566040039062,681.1285411833105,669.2871295409494,673.6654819300237,6884683,AXISBANK.NS
2021-12-24,664.2122802734375,678.6408616426733,659.1871658055412,677.7950725458758,6028893,AXISBANK.NS
2021-12-27,668.8394775390625,671.2773619432496,652.7192554054359,659.7842614144414,6996729,AXISBANK.NS
2021-12-28,672.1231689453125,677.4965354903214,668.6901493353001,673.9640327114245,4645547,AXISBANK.NS
2021-12-29,667.197509765625,676.2526642024117,663.9635173618393,671.1778081087458,3969894,AXISBANK.NS
2021-12-30,665.5556030273438,669.7846699573204,661.2270529340038,664.7098139351612,5119705,AXISBANK.NS
2021-12-31,675.2078247070312,683.1186795375845,667.8940510480376,669.6354315129914,5586980,AXISBANK.NS
2022-01-03,692.920166015625,695.0596006765887,675.6556461838279,676.8994894205433,8550860,AXISBANK.NS
2022-01-04,705.6571655273438,707.5477707961971,696.6019503723534,697.5472833740464,9705906,AXISBANK.NS
2022-01-05,723.3197631835938,727.3000616504518,704.2640599796969,708.393643932876,11312955,AXISBANK.NS
2022-01-06,726.7029418945312,729.8871926460282,715.4586114689765,716.4039444516208,7955578,AXISBANK.NS
2022-01-07,727.0014038085938,737.2507197236928,721.6777795391035,730.38468139497,10454143,AXISBANK.NS
2022-01-10,739.141357421875,740.3354590188113,729.5886661154443,730.0364618061117,9595787,AXISBANK.NS
2022-01-11,739.5892333984375,743.3705049204357,733.6685270857438,739.240981564853,7252279,AXISBANK.NS
2022-01-12,743.17138671875,747.7487659868864,739.4896595538843,745.9576439839327,5294563,AXISBANK.NS
2022-01-13,737.0517578125,745.3108647273249,733.4197112806966,745.3108647273249,5196538,AXISBANK.NS
2022-01-14,718.1453247070312,732.3251372385288,712.5231291288003,731.1807771965603,16302342,AXISBANK.NS
2022-01-17,709.139892578125,717.0506865539759,706.0053834950118,715.45859158973,19680557,AXISBANK.NS
2022-01-18,721.6281127929688,732.2754231705882,710.732033765099,713.9660262183528,24055886,AXISBANK.NS
2022-01-19,726.0064086914062,728.3448704576684,715.1601319200394,721.6281168630272,7746270,AXISBANK.NS
2022-01-20,725.309814453125,733.5191789322228,718.5930616974996,727.449188149386,8505400,AXISBANK.NS
2022-01-21,708.9906005859375,721.677800806949,704.5625067932668,718.44380859375,10689060,AXISBANK.NS
2022-01-24,701.1295166015625,712.8714450963203,684.8103301205044,711.4783164067461,8812501,AXISBANK.NS
2022-01-25,748.4951171875,751.2813138867962,705.1098287130527,710.4832557816853,38088158,AXISBANK.NS
2022-01-27,770.0384521484375,773.1729614209846,734.4645353263007,740.3354997390122,34927774,AXISBANK.NS
2022-01-28,760.93359375,780.8350866649495,757.7493427367008,774.2675575622943,17765524,AXISBANK.NS
2022-01-31,769.2423706054688,773.9689747294889,758.5950607476119,771.6305738251017,12319200,AXISBANK.NS
2022-02-01,778.0488891601562,789.9897848992483,765.3118851174955,774.2675569218146,15457534,AXISBANK.NS
2022-02-02,800.1394653320312,801.9306482080884,783.4719657035859,786.1089376998102,13478899,AXISBANK.NS
2022-02-03,795.6118774414062,807.9010850864482,789.1438925970263,798.2488494025437,10802708,AXISBANK.NS
2022-02-04,794.6167602539062,800.5374659025151,787.2532451126744,793.0246652867561,10776387,AXISBANK.NS
2022-02-07,785.7108764648438,799.6419208045363,780.237966188536,798.5473630430881,10939179,AXISBANK.NS
2022-02-08,794.6167602539062,797.0547050191605,772.3271270411545,790.0891832524512,12300670,AXISBANK.NS
2022-02-09,799.890625,805.5128203064506,796.2088978802308,797.0546869246041,9399830,AXISBANK.NS
2022-02-10,805.8114013671875,811.9311344694868,799.1443893801419,803.5724835104245,12848281,AXISBANK.NS
2022-02-11,799.8408813476562,805.9108723172571,794.5669985760236,797.0049432796121,9717894,AXISBANK.NS
2022-02-14,769.5409545898438,799.044942191217,766.1577372280126,786.1089717696905,8617389,AXISBANK.NS
2022-02-15,793.024658203125,795.1640320002151,760.5354505305121,773.1729091984218,7426563,AXISBANK.NS
2022-02-16,793.1241455078125,804.3187340199705,785.4123178661035,791.0842548591696,7457765,AXISBANK.NS
2022-02-17,778.9443969726562,798.0498417397671,776.6557375036012,793.074468661589,6516308,AXISBANK.NS
2022-02-18,783.5217895507812,786.6562382009405,775.1631383479518,777.3025731006211,5466662,AXISBANK.NS
2022-02-21,784.964599609375,792.8754550852171,772.2773980441019,779.6907162036588,5635224,AXISBANK.NS
2022-02-22,775.3123779296875,783.1236890347601,762.3266061630229,762.3266061630229,6923558,AXISBANK.NS
2022-02-23,773.3719482421875,781.6310548158049,768.4463170993066,779.6409057265221,6303173,AXISBANK.NS
2022-02-24,726.7029418945312,765.3616251441093,721.7275690748583,748.6941261982047,13085009,AXISBANK.NS
2022-02-25,754.3162841796875,761.0827792750747,733.7680302449122,738.6438593170217,10066136,AXISBANK.NS
2022-02-28,738.7433471679688,746.2064060601512,732.5738730035256,746.2064060601512,14463418,AXISBANK.NS
2022-03-02,746.5547485351562,752.7242234490318,721.4291138793579,725.1109021936494,11691602,AXISBANK.NS
2022-03-03,734.016845703125,755.7094610987147,728.7927037490833,752.2764413820083,8357181,AXISBANK.NS
2022-03-04,711.4783935546875,728.8922003899421,706.5527617600935,719.4389909650896,11660648,AXISBANK.NS
2022-03-07,664.2620239257812,701.5275791045538,652.3708705444075,689.5866841410719,20147061,AXISBANK.NS
2022-03-08,667.0980224609375,670.4314980088009,633.8625072083208,661.724595437258,24828458,AXISBANK.NS
2022-03-09,670.8792114257812,677.1481683614288,655.8535506760911,668.1924982434966,20438651,AXISBANK.NS
2022-03-10,691.5270385742188,716.8516968432556,684.8600272517423,704.4132655455486,23224756,AXISBANK.NS
2022-03-11,687.447265625,703.1694929500046,684.0640484133733,688.4921425464402,14224356,AXISBANK.NS
2022-03-14,706.5526733398438,708.8911349772299,681.6260679648245,691.2783032639334,10720884,AXISBANK.NS
2022-03-15,694.7113647460938,714.4635715028819,691.5768554240988,709.4881984422769,12157425,AXISBANK.NS
2022-03-16,720.28466796875,722.4241024834147,705.6073187791766,707.4979846635094,10038170,AXISBANK.NS
2022-03-17,735.6088256835938,743.0718844494063,732.8226292245959,733.3699080538499,13657428,AXISBANK.NS
2022-03-21,722.3246459960938,745.708898110715,720.1354698214358,741.3305457613991,7495685,AXISBANK.NS
2022-03-22,727.7975463867188,732.3748649991513,702.8708804509575,725.4093431853007,11117081,AXISBANK.NS
2022-03-23,723.1704711914062,739.2409504005844,721.0808388089187,732.4743944801721,5886245,AXISBANK.NS
2022-03-24,718.692626953125,726.8522507871422,715.4586345161604,715.558117681946,7559843,AXISBANK.NS
2022-03-25,717.6975708007812,723.0709980510239,711.9758917268063,719.737461628074,5430894,AXISBANK.NS
2022-03-28,732.3748779296875,734.2655438920685,711.5280537004077,722.4241323056428,7077669,AXISBANK.NS
2022-03-29,734.166015625,737.9970892125369,727.3995206035019,737.9970892125369,6174137,AXISBANK.NS
2022-03-30,746.7537231445312,762.0778350806039,737.6487665359363,743.3207037313955,16618114,AXISBANK.NS
2022-03-31,757.4010620117188,759.2419257423131,747.5995406842856,759.2419257423131,20449544,AXISBANK.NS
2022-04-01,770.7349853515625,771.929086965899,751.4305754021575,756.256662705876,9321859,AXISBANK.NS
2022-04-04,780.2379150390625,781.6310436755168,763.2221648620259,776.1581337579926,10959783,AXISBANK.NS
2022-04-05,779.242919921875,792.0794069667842,772.1779143294278,772.1779143294278,7334134,AXISBANK.NS
2022-04-06,769.88916015625,776.1083758406992,765.4113248634465,773.1728938907336,9954921,AXISBANK.NS
2022-04-07,788.1985473632812,791.0842879275216,765.4113760133839,765.7098862392803,9820244,AXISBANK.NS
2022-04-08,790.9847412109375,796.7561611411729,785.1137773903797,790.9847412109375,8104237,AXISBANK.NS
2022-04-11,782.1784057617188,790.3380299267554,780.1882564890042,785.5616838191478,6340427,AXISBANK.NS
2022-04-12,794.5172729492188,797.0547008612343,773.9689595508071,776.257618829595,7672215,AXISBANK.NS
2022-04-13,789.1438598632812,801.8310603779145,786.954683706007,801.8310603779145,7640132,AXISBANK.NS
2022-04-18,794.9153442382812,797.7016017911595,772.1779132263955,776.1582117481811,11478317,AXISBANK.NS
2022-04-19,793.8705444335938,812.1799423061015,781.6808799586487,801.0350940678157,8711816,AXISBANK.NS
2022-04-20,790.7858276367188,798.4976560877645,784.715835899045,796.9055002248915,6676491,AXISBANK.NS
2022-04-21,797.850830078125,800.0400064217085,786.6562404360302,791.1838178777036,6851615,AXISBANK.NS
2022-04-22,776.7551879882812,794.0695098656304,774.3670454519611,792.0793607180975,6255027,AXISBANK.NS
2022-04-25,776.854736328125,784.9148161279047,757.5005236108013,768.1975753399522,8023525,AXISBANK.NS
2022-04-26,771.1827392578125,792.6763242129933,765.2122922442037,787.1039312941028,11087204,AXISBANK.NS
2022-04-27,762.1276245117188,769.1428879641549,745.3108402705469,761.8290535581646,11485697,AXISBANK.NS
2022-04-28,775.9591674804688,781.5813633117211,762.5754018506327,773.0734875568403,11037317,AXISBANK.NS
2022-04-29,725.0112915039062,763.0728929714643,721.4290474243013,761.2320293511592,34401710,AXISBANK.NS
2022-05-02,723.7674560546875,734.5640514584655,714.9610705030552,718.4438314588808,16136040,AXISBANK.NS
2022-05-04,703.7167358398438,731.5290817356436,700.5324851241912,729.3896471534548,14548684,AXISBANK.NS
2022-05-05,698.890625,718.2448382272295,695.4576661980584,712.473417661238,12726146,AXISBANK.NS
2022-05-06,670.0831909179688,689.089089526625,664.8092474935365,686.6014032828465,15511195,AXISBANK.NS
2022-05-09,660.4310302734375,665.7049135552946,645.6043943025328,656.948269141235,13999329,AXISBANK.NS
2022-05-10,656.5004272460938,668.7895735115682,654.3112511129181,660.4309838228929,9523698,AXISBANK.NS
2022-05-11,669.0383911132812,672.670437741052,652.2216666104756,658.4408829357442,9352398,AXISBANK.NS
2022-05-12,646.4502563476562,663.7147768489381,640.8280604058713,663.7147768489381,11166084,AXISBANK.NS
2022-05-13,632.8176879882812,656.1521989141487,630.2802599694585,653.1669751897613,9618627,AXISBANK.NS
2022-05-16,635.8029174804688,646.0024319646521,626.946729390633,636.6984481651896,6159695,AXISBANK.NS
2022-05-17,651.72412109375,654.2615491755851,637.9921037674658,639.7334843166022,8152237,AXISBANK.NS
2022-05-18,656.2019653320312,667.0980444853482,647.097008334231,651.525102506574,13013873,AXISBANK.NS
2022-05-19,646.9974975585938,654.5102984151605,638.0418264286258,640.1314587318055,9216948,AXISBANK.NS
2022-05-20,669.78466796875,672.4216398698957,654.759066273609,656.5004467690176,9708672,AXISBANK.NS
2022-05-23,672.0235595703125,681.4270260261189,665.2570649129301,669.6851587185247,7919353,AXISBANK.NS
2022-05-24,660.7792358398438,678.0935571217883,657.9432976959444,666.4014312821012,8088546,AXISBANK.NS
2022-05-25,661.724609375,669.3369543631273,656.7989779553019,664.7098331766917,5169619,AXISBANK.NS
2022-05-26,679.8847045898438,681.874853743418,664.7098172938391,669.6354485958421,10114633,AXISBANK.NS
2022-05-27,684.9097900390625,690.3826999795286,680.8797503207161,685.6063543602096,5539060,AXISBANK.NS
2022-05-30,690.2334594726562,694.5620093056062,686.7008963677916,691.6762689272873,3818060,AXISBANK.NS
2022-05-31,681.8250732421875,692.5718659111443,679.6856387304034,685.6063442712334,10410424,AXISBANK.NS
2022-06-01,682.6708374023438,689.0393383918984,677.1481861646586,679.6358723739336,6966674,AXISBANK.NS
2022-06-02,688.143798828125,689.7359545625463,678.6408489407437,678.6408489407437,6347433,AXISBANK.NS
2022-06-03,673.9639892578125,694.5620448552986,669.8344662627871,693.8654805144114,8475726,AXISBANK.NS
2022-06-06,668.88916015625,680.6310283225093,666.9984941170961,673.6655061028346,6756864,AXISBANK.NS
2022-06-07,662.5703735351562,674.66055377043,657.8437693605109,668.8891334514536,8312778,AXISBANK.NS
2022-06-08,655.3560791015625,670.2324558791412,652.221630686989,666.699953347861,9282494,AXISBANK.NS
2022-06-09,658.0427856445312,659.4856558842811,646.7984554127238,653.7142356598122,5682743,AXISBANK.NS
2022-06-10,657.44580078125,660.4310245831314,648.9876666759194,652.2714007110823,6758832,AXISBANK.NS
2022-06-13,645.753662109375,648.7886274374442,636.9472156183159,643.7635129454565,6135431,AXISBANK.NS
2022-06-14,647.5447998046875,652.4704312509155,639.9324547755594,641.8231208206277,5391833,AXISBANK.NS
2022-06-15,647.2960205078125,653.1171825629166,644.0122865091761,650.7787815712672,4638336,AXISBANK.NS
2022-06-16,631.7728271484375,654.958050954458,627.9417538657136,654.2614866544602,5960283,AXISBANK.NS
2022-06-17,632.0714111328125,637.6438047141892,623.5137329551917,626.8970109589428,6849201,AXISBANK.NS
2022-06-20,625.205322265625,634.0117683984502,619.1353918564027,632.1211024758242,5305222,AXISBANK.NS
2022-06-21,633.364990234375,642.1713762525396,625.0561415219719,628.8871544825216,10333886,AXISBANK.NS
2022-06-22,623.7127075195312,630.5290045373313,618.1900559871955,629.434386106133,5899024,AXISBANK.NS
2022-06-23,626.2501831054688,637.6935411496282,615.2048792001374,624.3098361986519,8450777,AXISBANK.NS
2022-06-24,630.8773193359375,639.2857121585366,628.5389182347369,631.2255711647849,6918584,AXISBANK.NS
2022-06-27,633.9619750976562,643.7137543304489,631.5738326048644,640.8280138253112,4552114,AXISBANK.NS
2022-06-28,639.1861572265625,641.5246190219543,628.8871592136342,630.877308451652,10711123,AXISBANK.NS
2022-06-29,622.4689331054688,634.6585975277237,620.4290422266109,633.2157271430801,13620084,AXISBANK.NS
2022-06-30,633.6635131835938,636.1511997623096,620.5783182202698,620.9265700474757,10563138,AXISBANK.NS
2022-07-01,640.7783203125,643.4152316420075,628.6881392608444,629.8822409640816,6549359,AXISBANK.NS
2022-07-04,651.1270141601562,651.9231223959255,637.3452557954718,638.3900719367548,3933384,AXISBANK.NS
2022-07-05,645.3057861328125,656.6496592499287,642.8180999873506,652.8683277212066,5044787,AXISBANK.NS
2022-07-06,654.7092895507812,656.1521597450092,647.793509521883,648.7885840372777,6684686,AXISBANK.NS
2022-07-07,655.9052124023438,662.2335295503253,649.4273825421825,661.1871230460026,11171714,AXISBANK.NS
2022-07-08,666.8677368164062,674.4916082638993,659.1441699453557,664.725045547193,12669533,AXISBANK.NS
2022-07-11,677.5311889648438,679.624062922121,663.080644590663,664.2765638766813,14864123,AXISBANK.NS
2022-07-12,673.8936767578125,682.9127974888394,670.7045789273825,674.6909360086746,6446810,AXISBANK.NS
2022-07-13,677.5810546875,682.6636355263198,674.6411042377205,677.6806892816021,9614674,AXISBANK.NS
2022-07-14,665.9708251953125,678.1292272857121,663.3298391185135,676.2855005140078,8026311,AXISBANK.NS
2022-07-15,659.94140625,671.9004771183407,656.851943112824,667.7147901490255,6015057,AXISBANK.NS
2022-07-18,682.1654052734375,685.653467973886,661.1872117689942,665.771498415932,12464664,AXISBANK.NS
2022-07-19,698.2103271484375,701.4492418534154,676.2853660685873,676.2853660685873,10171314,AXISBANK.NS
2022-07-20,703.2930297851562,712.0630028189298,700.3032621036211,703.8909589906716,11620331,AXISBANK.NS
2022-07-21,713.109375,715.9995079504253,701.9475640277394,705.535321568989,8036515,AXISBANK.NS
2022-07-22,728.257568359375,732.493072520206,712.6609228245819,714.5544666625684,9713490,AXISBANK.NS
2022-07-25,724.869140625,736.2800992931025,720.0357072668719,730.9981886231841,6230411,AXISBANK.NS
2022-07-26,704.04052734375,720.9825455446587,699.6555100668388,720.4344335917908,14135744,AXISBANK.NS
2022-07-27,716.4978637695312,718.092382261698,701.2001820655762,705.5353818616858,6106880,AXISBANK.NS
2022-07-28,723.4241333007812,731.197516988762,720.583817550476,722.5271786792158,6964838,AXISBANK.NS
2022-07-29,722.278076171875,732.4432989298249,720.5340449427604,731.3968923577526,6624854,AXISBANK.NS
2022-08-01,728.3074340820312,729.8023180029003,717.9429420601949,723.5238177006465,5493105,AXISBANK.NS
2022-08-02,727.9586181640625,731.8452796805994,718.6404723296756,724.5203731412562,7275626,AXISBANK.NS
2022-08-03,728.0084228515625,735.9811365857344,725.0186552012481,727.5101282431768,9458761,AXISBANK.NS
2022-08-04,719.1388549804688,734.1873907527144,709.7709515299788,732.6925067186693,7466635,AXISBANK.NS
2022-08-05,726.0153198242188,728.7061231543727,718.7402299515694,721.5306678829573,4583196,AXISBANK.NS
2022-08-08,743.0071411132812,744.8009896894869,725.6166456473508,727.5101896498355,8191870,AXISBANK.NS
2022-08-10,736.4794311523438,745.2992213894796,733.6391762154975,742.4589664526334,9069541,AXISBANK.NS
2022-08-11,756.2617797851562,758.0556892195037,740.5156807229957,740.5156807229957,12384073,AXISBANK.NS
2022-08-12,757.9559936523438,759.4010603288651,750.8304165247139,756.1123277448064,4614341,AXISBANK.NS
2022-08-16,762.0419921875,769.3668988234858,755.8631266895836,762.390774093221,7051498,AXISBANK.NS
2022-08-17,769.466552734375,771.1109493642969,763.6365298228012,768.768988905421,7674390,AXISBANK.NS
2022-08-18,762.4406127929688,773.3532775213273,759.5006622658611,769.3669204207018,9449924,AXISBANK.NS
2022-08-19,754.9163208007812,770.014671547588,747.6910490835461,769.3668642352517,7553270,AXISBANK.NS
2022-08-22,739.3196411132812,751.8767009761782,736.6787163458323,750.8302945276805,4994311,AXISBANK.NS
2022-08-23,744.5020751953125,748.2891026282962,731.297266069378,735.4829535803548,6594634,AXISBANK.NS
2022-08-24,747.5914306640625,749.4849136933476,739.4692041582177,742.4589718300164,6875820,AXISBANK.NS
2022-08-25,740.8145141601562,756.0124985712506,737.4759648662136,751.3285782667875,6320890,AXISBANK.NS
2022-08-26,742.359375,752.4249023429338,738.7716171151558,745.448777420549,4613713,AXISBANK.NS
2022-08-29,726.2145385742188,732.3934035785527,719.5871962790828,727.5100923266657,5904146,AXISBANK.NS
2022-08-30,748.936767578125,750.9797632284784,730.4998677774659,730.4998677774659,9193270,AXISBANK.NS
2022-09-01,741.6118774414062,752.3252113404039,730.9981781316083,730.9981781316083,9353805,AXISBANK.NS
2022-09-02,747.6412963867188,751.9764354608346,737.7252208008981,746.4453770751404,7767812,AXISBANK.NS
2022-09-05,753.5211181640625,756.2119213422034,746.7941406322013,747.6412780027727,5894055,AXISBANK.NS
2022-09-06,747.44189453125,758.9524875416358,746.2459753346046,755.4146080729167,7606181,AXISBANK.NS
2022-09-07,752.823486328125,755.4145938495891,736.5292168379542,740.6152689473104,10156460,AXISBANK.NS
2022-09-08,777.0904541015625,779.532109886771,754.517683652912,759.1518479151847,13410790,AXISBANK.NS
2022-09-09,782.173095703125,785.2625590606332,777.3396618799218,785.2625590606332,8732302,AXISBANK.NS
2022-09-12,798.2680053710938,802.2543624515986,784.1164255699052,786.3089341295793,15521649,AXISBANK.NS
2022-09-13,802.802490234375,806.1909181504941,800.4107124350408,802.2543782903807,9887516,AXISBANK.NS
2022-09-14,800.3109130859375,808.582590951781,791.6904533447475,791.6904533447475,10494713,AXISBANK.NS
2022-09-15,787.3055419921875,803.7492653375939,784.9635814828774,802.752676043933,5996899,AXISBANK.NS
2022-09-16,786.6079711914062,789.896703920317,773.4529794487761,783.3690557651937,11467351,AXISBANK.NS
2022-09-19,795.3778686523438,799.2645911195029,784.0167875191531,786.6078952792717,11427799,AXISBANK.NS
2022-09-20,809.9779052734375,813.4161503188008,799.2645709373078,804.0481871266487,8274079,AXISBANK.NS
2022-09-21,803.7990112304688,813.2167913843225,800.6099136086641,806.4898142497095,6567084,AXISBANK.NS
2022-09-22,786.5082397460938,806.0413645037225,781.6249281431966,802.254337560139,7804275,AXISBANK.NS
2022-09-23,765.9784545898438,786.3088991261792,761.6433157885709,786.3088991261792,10278805,AXISBANK.NS
2022-09-26,740.0671997070312,760.8959406852672,738.4726811365855,756.4112887755308,11090327,AXISBANK.NS
2022-09-27,734.9845581054688,751.5777931378958,728.0084334861625,743.8043484719426,11358306,AXISBANK.NS
2022-09-28,714.0064086914062,731.3969039601302,705.2862524075028,731.3969039601302,13170668,AXISBANK.NS
2022-09-29,716.5476684570312,728.3074094040037,708.5749544825442,719.7865835091667,12090981,AXISBANK.NS
2022-09-30,730.69921875,735.2336874765301,711.9633538234826,717.5442290519848,9536017,AXISBANK.NS
2022-10-03,720.2848510742188,739.4691933546459,718.5906372528893,728.5067120515447,6405645,AXISBANK.NS
2022-10-04,740.2664184570312,741.9606322003183,729.5032676569953,730.8985168166375,5438934,AXISBANK.NS
2022-10-06,752.5244750976562,757.806446480693,743.4555377746278,747.4418945455374,9376433,AXISBANK.NS
2022-10-07,753.1224975585938,754.9163460173976,739.7681774698704,751.2289536800355,7500540,AXISBANK.NS
2022-10-10,774.2003784179688,776.0441051311705,742.4590333369737,745.4488012564514,14106654,AXISBANK.NS
2022-10-11,782.8706665039062,792.786741622341,771.858367550601,777.3396083789139,15953495,AXISBANK.NS
2022-10-12,805.9417114257812,808.03452444932,780.7778337130018,786.8071863065097,21228018,AXISBANK.NS
2022-10-13,799.2645874023438,812.1704304989873,792.8863918005101,804.2475337078446,13024911,AXISBANK.NS
2022-10-14,797.7697143554688,817.9008298687482,791.7403614092467,812.7683707735199,8220645,AXISBANK.NS
2022-10-17,811.3731079101562,814.2133627517555,794.3812136734007,800.7594087772773,9463827,AXISBANK.NS
2022-10-18,813.5656127929688,820.0933210652114,808.7819965413942,817.2031878991659,8470882,AXISBANK.NS
2022-10-19,827.01953125,835.5902349486871,814.1137496473525,815.6584507568261,10868663,AXISBANK.NS
2022-10-20,823.0332641601562,829.0626781972605,814.1636557237692,822.0865529693903,11813817,AXISBANK.NS
2022-10-21,897.3289184570312,902.9097935121881,852.9308220018875,857.1663260001511,58057724,AXISBANK.NS
2022-10-24,906.34814453125,915.3174481667359,901.9133100127519,912.8757922339014,3085307,AXISBANK.NS
2022-10-25,899.7705688476562,907.4941354391532,888.5589399245156,902.6108846710398,13187308,AXISBANK.NS
2022-10-27,912.0286865234375,916.8123028107809,898.1760714649197,905.8996382375723,11967044,AXISBANK.NS
2022-10-28,899.9699096679688,914.8191138175054,895.8341007783994,911.8791633658477,7320207,AXISBANK.NS
2022-10-31,902.9098510742188,914.8689219493739,899.0231287090013,904.9030295534112,9038777,AXISBANK.NS
2022-11-01,868.7767333984375,900.9167387349441,866.0361127883479,900.9167387349441,29191921,AXISBANK.NS
2022-11-02,860.6046142578125,874.0087515177507,858.6612531010146,872.0155730650307,11029140,AXISBANK.NS
2022-11-03,861.1029663085938,877.3972377426342,853.0804346666695,854.973978653849,10185978,AXISBANK.NS
2022-11-04,865.13916015625,869.9228375305871,859.3589542937412,866.0361148706843,7323879,AXISBANK.NS
2022-11-07,869.9725952148438,873.8094394844759,858.3623061580925,873.2613275640971,9931261,AXISBANK.NS
2022-11-09,870.7200317382812,877.7459737196048,865.5377555214042,872.065402882393,10190209,AXISBANK.NS
2022-11-10,840.8223266601562,853.7779863596132,838.1315236341042,840.8223266601562,18956575,AXISBANK.NS
2022-11-11,847.7984619140625,851.784818795448,841.2708146861895,844.1110696333851,19329819,AXISBANK.NS
2022-11-14,848.0973510742188,850.9874838869297,844.459776412735,847.5990565083702,6985306,AXISBANK.NS
2022-11-15,855.7213745117188,856.9172329370936,844.3104155582582,848.3465898113479,7124767,AXISBANK.NS
2022-11-16,852.4824829101562,858.6612877009816,847.6988057692853,855.07359067231,6521854,AXISBANK.NS
2022-11-17,855.27294921875,858.4620471433763,849.7917080700744,852.482511344821,4909607,AXISBANK.NS
2022-11-18,856.26953125,862.846996241784,852.0838440611451,856.3691658483367,7065304,AXISBANK.NS
2022-11-21,867.0824584960938,867.9794131453679,856.0701595290153,857.0667487717732,7209207,AXISBANK.NS
2022-11-22,867.0824584960938,874.008765898657,865.3882446180094,871.9657701163994,5535233,AXISBANK.NS
2022-11-23,871.7166137695312,874.806016059264,865.7868956711931,870.9193545489853,5861417,AXISBANK.NS
2022-11-24,875.553466796875,877.7957925924075,870.1220432600779,875.0053548789186,4928778,AXISBANK.NS
2022-11-25,884.7221069335938,888.7582812318203,877.8954948999872,879.9883079947771,7614047,AXISBANK.NS
2022-11-28,888.6586303710938,896.4320142155716,882.2804349552773,884.6722734429534,7928147,AXISBANK.NS
2022-11-29,889.5056762695312,898.8238217645038,886.9643859807123,891.3494027815202,5661158,AXISBANK.NS
2022-11-30,898.176025390625,902.0128695178131,882.4299280401573,891.9473428289702,10452798,AXISBANK.NS
2022-12-01,900.7672119140625,906.3979657738523,896.4320728021772,906.3979657738523,7053100,AXISBANK.NS
2022-12-02,902.062744140625,903.9064098409317,888.3596425581412,895.2360715833464,7988851,AXISBANK.NS
2022-12-05,896.1329956054688,904.2053435676773,894.538416434123,903.90637898148,5098164,AXISBANK.NS
2022-12-06,901.5645751953125,903.8069012213393,892.645088393053,894.4389370484771,5351099,AXISBANK.NS
2022-12-07,911.5303955078125,914.8689452145676,896.780825725121,899.7207762220891,9103656,AXISBANK.NS
2022-12-08,936.1460571289062,940.7304040255987,910.6333974916685,912.5269413357121,17466047,AXISBANK.NS
2022-12-09,930.515380859375,941.7768270491702,924.4361500298539,940.7802378141974,8018981,AXISBANK.NS
2022-12-12,935.4485473632812,937.9400205509244,918.8553116027852,926.7283912065303,7621788,AXISBANK.NS
2022-12-13,941.3782348632812,946.0622167705923,933.4055204089592,936.9932784095946,8136559,AXISBANK.NS
2022-12-14,939.1857299804688,946.9092966387719,935.2990075893691,942.424645030725,8573479,AXISBANK.NS
2022-12-15,934.9501953125,941.7269898013448,929.4190765140005,936.5447137238829,7359261,AXISBANK.NS
2022-12-16,931.9105834960938,941.9761714189226,925.9310479951191,929.070328463923,6926928,AXISBANK.NS
2022-12-19,942.9727172851562,944.8662002771619,929.2197984310499,931.9105406211092,4842336,AXISBANK.NS
2022-12-20,946.5106811523438,949.5004490317405,937.2424128916106,940.5311453935503,9511818,AXISBANK.NS
2022-12-21,929.1201782226562,955.6294896993481,924.8348564626333,949.8492231848704,8368960,AXISBANK.NS
2022-12-22,916.4136352539062,932.8075406279887,909.8361705161678,932.8075406279887,9202717,AXISBANK.NS
2022-12-23,903.5077514648438,914.1214508587537,900.9166438553431,908.8893575177798,6371695,AXISBANK.NS
2022-12-26,925.5324096679688,929.7679138021197,902.012867862144,904.9030008962383,4764440,AXISBANK.NS
2022-12-27,929.0205078125,934.601383262467,919.4532145492958,929.269655124141,3346083,AXISBANK.NS
2022-12-28,921.5460815429688,934.2525943412428,918.1576537993037,927.7747642872207,5956496,AXISBANK.NS
2022-12-29,931.3623657226562,940.7801452317374,912.6763194058183,919.6524433641044,12204113,AXISBANK.NS
2022-12-30,930.5652465820312,940.2819921286709,927.1768186759997,938.0396662332926,3704449,AXISBANK.NS
2023-01-02,938.388427734375,941.7768555666773,928.621865101302,929.0703424360158,3498198,AXISBANK.NS
2023-01-03,959.0177612304688,962.3064933778722,939.3849421068498,941.5276331868882,6927819,AXISBANK.NS
2023-01-04,954.1843872070312,966.6915700980585,951.742731385202,960.213739989154,9059392,AXISBANK.NS
2023-01-05,946.311279296875,958.6191926289939,935.0498333046975,956.7256487849822,6998980,AXISBANK.NS
2023-01-06,936.6942749023438,947.7065741198771,931.1133385197832,943.3215570212211,5787783,AXISBANK.NS
2023-01-09,955.4799194335938,956.7256559647979,938.1392425884401,943.5706660298861,7025747,AXISBANK.NS
2023-01-10,948.9024047851562,960.7119621467298,939.534442234263,960.7119621467298,7140150,AXISBANK.NS
2023-01-11,946.5106811523438,952.4902169111372,939.584373399678,949.7495963550235,7100355,AXISBANK.NS
2023-01-12,932.3590698242188,946.4608321809351,920.8484760391259,946.1119894438225,8661375,AXISBANK.NS
2023-01-13,930.9638671875,934.2525995293321,919.8518727792554,932.3092383369376,9083608,AXISBANK.NS
2023-01-16,910.0354614257812,938.5378885004728,908.5903949059118,937.242334692892,10008273,AXISBANK.NS
2023-01-17,914.5699462890625,916.5631247441648,903.6074647860002,911.829325913297,6904960,AXISBANK.NS
2023-01-18,920.8484497070312,922.4429681462949,910.1351154707211,918.7556366521252,5730939,AXISBANK.NS
2023-01-19,925.5324096679688,934.8006771373034,917.6095132986909,920.4497682108009,7721730,AXISBANK.NS
2023-01-20,927.3760986328125,931.6614201694555,921.4962586541096,928.073723261331,4511360,AXISBANK.NS
2023-01-23,929.518798828125,936.4949235269983,921.2969375758814,932.8075311636263,5236124,AXISBANK.NS
2023-01-24,907.0955810546875,931.8109832031279,900.6675679891196,931.8109832031279,18527897,AXISBANK.NS
2023-01-25,889.3064575195312,904.3549927840754,881.1842910381013,901.91333677878,11921748,AXISBANK.NS
2023-01-27,870.769775390625,889.4558220728272,848.0973720828863,889.3063093685797,17300736,AXISBANK.NS
2023-01-30,868.8762817382812,882.4797488377172,843.2639876046868,848.9943755841525,21233998,AXISBANK.NS
2023-01-31,868.6271362304688,876.3008853581426,858.1629494637257,870.0223854634925,16856151,AXISBANK.NS
2023-02-01,854.3261108398438,892.1466839925503,830.4577867997157,873.3111233597779,12409819,AXISBANK.NS
2023-02-02,865.4879150390625,869.0257945832661,834.1949893895618,848.0476037945589,9567053,AXISBANK.NS
2023-02-03,879.5896606445312,881.9814992104708,856.3193256458724,870.0224280347356,7365732,AXISBANK.NS
2023-02-06,879.6395263671875,896.083249001981,867.6305772359507,868.8763137991926,10129098,AXISBANK.NS
2023-02-07,876.1015625,885.3698909449143,868.5275087282845,883.8251289861092,5055187,AXISBANK.NS
2023-02-08,868.7767333984375,883.4266084614048,865.2886708037779,879.0914084547087,6572818,AXISBANK.NS
2023-02-09,864.7405395507812,873.1617312210834,859.6080803738031,873.1617312210834,5993312,AXISBANK.NS
2023-02-10,864.2919921875,869.7234155462331,862.1991791777392,869.0756082290804,4603464,AXISBANK.NS
2023-02-13,856.1697998046875,867.481124281248,853.5786920871126,864.2920265178615,5707194,AXISBANK.NS
2023-02-14,867.780029296875,868.9261311857379,851.3363078114907,859.6079858478342,7527755,AXISBANK.NS
2023-02-15,865.33837890625,869.2251010663387,858.6612191879582,869.0257710635434,7322266,AXISBANK.NS
2023-02-16,861.800537109375,871.3179520956351,859.3090640330253,869.8230682498253,5843235,AXISBANK.NS
2023-02-17,851.9841918945312,865.2886343282443,847.100880137066,858.0633621153104,8420479,AXISBANK.NS
2023-02-20,843.8619384765625,858.2626651515379,839.6264342090392,856.767781292412,5992322,AXISBANK.NS
2023-02-21,841.171142578125,846.10427152094,834.5438605753566,846.10427152094,9677064,AXISBANK.NS
2023-02-22,830.5076293945312,840.1247400137371,826.7206023997231,837.1349722556811,6984037,AXISBANK.NS
2023-02-23,841.4700317382812,845.3567537876352,827.3683316401898,830.2085864114272,8437003,AXISBANK.NS
2023-02-24,848.49609375,851.6851306206476,841.5697864442899,847.2004790909477,7763814,AXISBANK.NS
2023-02-27,851.4359741210938,855.5220264113381,843.0646611855541,848.944501075937,8064267,AXISBANK.NS
2023-02-28,841.220947265625,854.6749019114627,837.1349557410143,853.0305661731592,13012372,AXISBANK.NS
2023-03-01,862.19921875,865.786915739105,842.1677382177182,843.1643274732452,12345125,AXISBANK.NS
2023-03-02,842.5663452148438,863.8435001502493,840.6229841234959,863.0462409614079,13900508,AXISBANK.NS
2023-03-03,849.7418212890625,855.6714784761886,842.7158186386732,846.8516882252868,7977804,AXISBANK.NS
2023-03-06,856.5684204101562,860.8039245250408,852.6816981857065,854.0271301066211,10781567,AXISBANK.NS
2023-03-08,858.0135498046875,859.558251017932,850.1404701892086,855.5718939117619,8785735,AXISBANK.NS
2023-03-09,864.8401489257812,871.2681618275661,859.059943374735,859.5582380054627,14746065,AXISBANK.NS
2023-03-10,848.994384765625,858.66125158264,842.6161893974077,856.6680731334445,11198583,AXISBANK.NS
2023-03-13,829.5110473632812,854.0769969866298,825.624385740161,842.7158550763185,8315798,AXISBANK.NS
2023-03-14,830.00927734375,832.8495930135837,814.6120231166099,825.175844133421,12573734,AXISBANK.NS
2023-03-15,821.2393188476562,840.622990970826,816.5553374379656,835.19156766045,6652641,AXISBANK.NS
2023-03-16,827.7171020507812,835.0420687612682,811.5225284477316,818.6979824557085,8791383,AXISBANK.NS
2023-03-17,834.5438842773438,838.6298759792484,820.1929743682964,832.1520456835085,7762461,AXISBANK.NS
2023-03-20,834.6932983398438,838.1315433525241,822.7342275666805,833.1485971970394,10744023,AXISBANK.NS
2023-03-21,852.6817016601562,854.4257327733916,835.88919784351,837.234568942929,11489951,AXISBANK.NS
2023-03-22,846.7520141601562,856.8673577578542,844.1608458172617,852.6816710708521,8018924,AXISBANK.NS
2023-03-23,845.9049072265625,858.2128204363339,842.2175149931294,844.1110588183182,9857892,AXISBANK.NS
2023-03-24,837.0352783203125,849.5922776831378,834.3942926571344,843.3635952954314,8078718,AXISBANK.NS
2023-03-27,830.5076293945312,839.327480776985,826.3718204920756,838.1813788056045,10602508,AXISBANK.NS
2023-03-28,829.6107177734375,834.5438466338419,823.2325223622307,834.5438466338419,11002402,AXISBANK.NS
2023-03-29,839.7260131835938,845.5560963442217,827.1690139294313,829.6604868629537,17121194,AXISBANK.NS
2023-03-31,855.5718994140625,857.9637380239396,844.6094173015935,851.9842023262293,12946752,AXISBANK.NS
2023-04-03,861.6510620117188,863.8435705800223,853.528895924411,861.0531327780824,13266882,AXISBANK.NS
2023-04-05,857.5650024414062,868.0291889906623,854.076940258321,868.0291889906623,11890015,AXISBANK.NS
2023-04-06,849.044189453125,860.3056353584511,846.1042391188242,858.8605688388478,19677316,AXISBANK.NS
2023-04-10,844.4598388671875,852.0339533244347,841.071472065005,851.8844406128331,15656078,AXISBANK.NS
2023-04-11,850.3895263671875,852.7813647053354,841.1710765471636,845.3567632254344,23930907,AXISBANK.NS
2023-04-12,848.1473388671875,853.7282756228025,843.7623823024031,851.9842442917326,13480335,AXISBANK.NS
2023-04-13,861.4019165039062,864.7405270751765,842.117938341321,850.7384599107558,23934570,AXISBANK.NS
2023-04-17,861.6012573242188,878.9917525763007,858.0633775149602,878.9917525763007,22577380,AXISBANK.NS
2023-04-18,860.4053344726562,869.0258561146786,854.1766514443113,862.3985130417266,17238709,AXISBANK.NS
2023-04-19,870.4210815429688,871.5173053950632,859.6080516064868,862.0497074519493,23494247,AXISBANK.NS
2023-04-20,865.7869262695312,872.61353842213,861.2026399691414,871.8162791734077,19444753,AXISBANK.NS
2023-04-21,861.2525024414062,870.8695528824561,854.5753418325364,867.829967622093,15520786,AXISBANK.NS
2023-04-24,879.2906494140625,881.3835232550492,857.5650167620126,865.0394358505833,18201632,AXISBANK.NS
2023-04-25,875.3541259765625,892.7446202081773,871.4176471790306,881.9814686878904,36394389,AXISBANK.NS
2023-04-26,884.6224975585938,886.4163460948365,872.214948873526,874.4074574520372,19468723,AXISBANK.NS
2023-04-27,878.393798828125,886.9644421404878,874.5070763800876,884.9712636188237,15992383,AXISBANK.NS
2023-04-28,857.0667724609375,887.0142678681588,850.7384549253036,882.0811388147605,23004117,AXISBANK.NS
2023-05-02,867.680419921875,873.4108078787448,861.3022246477851,867.032612604655,12947953,AXISBANK.NS
2023-05-03,856.917236328125,863.8933610296572,851.1370308836802,860.9035933004291,15103015,AXISBANK.NS
2023-05-04,862.9964599609375,864.1923792079833,854.5752687622576,857.066741849028,9756391,AXISBANK.NS
2023-05-05,862.3486328125,881.9814524505231,859.807342487784,864.1923593505327,14343308,AXISBANK.NS
2023-05-08,875.4537963867188,878.3937466970889,862.348624053753,862.348624053753,7007882,AXISBANK.NS
2023-05-09,885.2203979492188,887.1637591447313,876.9985366679567,879.1910451750226,12117151,AXISBANK.NS
2023-05-10,886.8648071289062,889.4559148750607,874.5568932672195,888.9576202448786,11893027,AXISBANK.NS
2023-05-11,892.8941040039062,896.9302780899154,885.9677969132608,887.9609753090162,13816121,AXISBANK.NS
2023-05-12,907.5440673828125,910.4839571465301,890.9508312617417,892.1467505831944,10533272,AXISBANK.NS
2023-05-15,912.6764526367188,916.3638451469153,906.0491704050921,907.5440543286596,7339579,AXISBANK.NS
2023-05-16,914.6696166992188,919.3535984175281,908.8894111184669,913.0750982034878,12567615,AXISBANK.NS
2023-05-17,911.6798095703125,915.7658618831991,908.141929991981,914.5699426495011,10248327,AXISBANK.NS
2023-05-18,911.5802001953125,926.3297089469851,909.4873262717023,916.8621110610288,13614127,AXISBANK.NS
2023-05-19,920.8982543945312,923.838204751964,905.8497815389638,917.7590348551536,8393002,AXISBANK.NS
2023-05-22,914.4204711914062,924.5856938959987,911.2812514916671,919.8518948703927,9383158,AXISBANK.NS
2023-05-23,913.0252685546875,919.3535859810547,909.2880588555776,914.4204570128335,8273445,AXISBANK.NS
2023-05-24,914.5699462890625,917.7091658596611,907.0955270824292,908.0422990139986,6248545,AXISBANK.NS
2023-05-25,917.9085083007812,920.3999814033983,909.3378651585706,913.5733694330196,8149350,AXISBANK.NS
2023-05-26,923.7883911132812,924.7351630391825,911.879137749949,914.8689054147029,4908462,AXISBANK.NS
2023-05-29,926.628662109375,934.5017414270144,924.8846309414025,927.8245813613808,7133871,AXISBANK.NS
2023-05-30,934.2526245117188,936.4949503720625,924.8846610310455,927.6252815270212,7804403,AXISBANK.NS
2023-05-31,911.7296752929688,936.6942853313651,907.0955716533429,934.152934014655,34757004,AXISBANK.NS
2023-06-01,916.5631713867188,927.7748007672122,912.9255961902546,918.8553145613342,11817533,AXISBANK.NS
2023-06-02,922.9412841796875,927.3263012298903,917.1112613721726,919.5030999135525,11616991,AXISBANK.NS
2023-06-05,947.6068725585938,950.64651846003,924.436172287596,924.436172287596,14520005,AXISBANK.NS
2023-06-06,964.8977661132812,967.43905664626,947.8560526985735,947.8560526985735,14457988,AXISBANK.NS
2023-06-07,973.4185180664062,977.9031695445725,964.797997005362,969.631491205795,15795824,AXISBANK.NS
2023-06-08,958.8184814453125,971.5249942284382,956.6260337835334,969.7311457656283,10209982,AXISBANK.NS
2023-06-09,971.4253540039062,978.3516613325,960.0143951307958,963.7017874550165,12947464,AXISBANK.NS
2023-06-12,970.8772583007812,974.5646506865643,965.296322011575,969.6813390368814,7465375,AXISBANK.NS
2023-06-13,982.4874877929688,986.3243929017011,970.9768941207329,970.9768941207329,15233785,AXISBANK.NS
2023-06-14,974.3652954101562,984.829482250772,972.6710815658037,982.6369737949615,8644423,AXISBANK.NS
2023-06-15,973.8171997070312,985.6267578642999,968.8840708061163,984.9789505278337,15978311,AXISBANK.NS
2023-06-16,978.2021484375,982.0888707728268,973.8670096093874,979.447884977415,8860900,AXISBANK.NS
2023-06-19,962.3563842773438,982.636950144774,957.7222201715292,980.4942590362839,11025846,AXISBANK.NS
2023-06-20,971.5250244140625,973.6677156728969,955.2806314970962,962.6554164174278,7596593,AXISBANK.NS
2023-06-21,962.7052001953125,974.9632356100433,959.864945208758,974.9632356100433,7805855,AXISBANK.NS
2023-06-22,963.3031005859375,970.1297731318651,955.4300823678244,958.9181445830205,10135883,AXISBANK.NS
2023-06-23,955.1312255859375,962.2069854046757,951.29432021993,956.7257441620804,6188008,AXISBANK.NS
2023-06-26,957.2737426757812,960.2136929774335,949.8491409798389,956.227336182509,5799528,AXISBANK.NS
2023-06-27,969.9304809570312,972.6711013758669,957.5229327136336,963.7017981869501,6921886,AXISBANK.NS
2023-06-28,974.8636474609375,980.6438531290252,963.7018353412269,975.6609067208492,10010996,AXISBANK.NS
2023-06-30,984.08203125,986.4738088667332,972.6710725875475,973.7672963918446,7096350,AXISBANK.NS
2023-07-03,978.7503051757812,986.623384799418,974.664313468516,986.623384799418,5562743,AXISBANK.NS
2023-07-04,967.38916015625,981.4908610084411,965.6949463306252,978.7502406757175,7396806,AXISBANK.NS
2023-07-05,963.2034301757812,972.1727326812982,958.8184135089606,965.6949030939804,8200047,AXISBANK.NS
2023-07-06,977.6041870117188,982.7365848908405,957.7222203244984,957.7222203244984,10221727,AXISBANK.NS
2023-07-07,974.362060546875,987.0815405475973,969.4737654458773,973.913125545509,6236524,AXISBANK.NS
2023-07-10,961.7422485351562,983.6397168850006,958.1010224249453,974.3619913680536,7138850,AXISBANK.NS
2023-07-11,950.9182739257812,969.4238573789243,948.324461185316,965.583097735668,10616390,AXISBANK.NS
2023-07-12,947.7258911132812,955.2578057543188,944.7330725097656,954.4098648389429,10141257,AXISBANK.NS
2023-07-13,957.8516235351562,963.6875954876132,949.8707738830849,954.0108031066665,13079930,AXISBANK.NS
2023-07-14,954.7590942382812,964.6852890699142,945.4813678552339,962.1414051907159,5383514,AXISBANK.NS
2023-07-17,962.5403442382812,966.580698170858,948.1748510958538,957.7019783905746,8472444,AXISBANK.NS
2023-07-18,961.3432006835938,977.604168917911,949.0227280710383,961.6923384840633,14457717,AXISBANK.NS
2023-07-19,961.9916381835938,967.578269388831,954.2103220685292,961.6923685039854,7574544,AXISBANK.NS
2023-07-20,975.5592041015625,977.554416658564,955.307747936752,961.5927162025512,15329753,AXISBANK.NS
2023-07-21,968.9749145507812,982.6421320165374,965.6828261847799,969.2741842405901,6230317,AXISBANK.NS
2023-07-24,969.1743774414062,982.5921923743232,966.4808286510473,971.1197216171681,9167788,AXISBANK.NS
2023-07-25,960.1959838867188,975.3097424302705,951.5167976207896,975.3097424302705,13448045,AXISBANK.NS
2023-07-26,974.461669921875,977.6540217625826,960.9939869690231,964.5354766047415,8298226,AXISBANK.NS
2023-07-27,957.602294921875,987.6302196693305,953.4622044939016,986.9817512300871,17858061,AXISBANK.NS
2023-07-28,947.676025390625,967.4286160462416,939.9445773118847,957.6022192953338,8504392,AXISBANK.NS
2023-07-31,951.6165771484375,956.3052775703625,946.0299459031511,952.4146499294641,6601991,AXISBANK.NS
2023-08-01,957.602294921875,961.6924563244794,949.7211809345481,953.7116060645252,8409096,AXISBANK.NS
2023-08-02,942.9872436523438,956.6045923939507,934.3579258213549,949.2222822906164,9324465,AXISBANK.NS
2023-08-03,933.3104858398438,944.3340223800016,924.9306301351812,941.8400068329499,17076611,AXISBANK.NS
2023-08-04,949.9705200195312,952.5642718277866,932.412674958146,944.7330873809358,12376086,AXISBANK.NS
2023-08-07,945.1321411132812,952.7139239007455,942.2889269011943,949.9705068423926,10922609,AXISBANK.NS
2023-08-08,950.6190185546875,957.6022622942126,941.7901667219988,947.7259360784058,11512735,AXISBANK.NS
2023-08-09,947.7258911132812,951.0179793993384,942.0395235887916,949.721103515625,7701831,AXISBANK.NS
2023-08-10,937.50048828125,949.671296901765,935.0563407522403,945.7307399740623,13590891,AXISBANK.NS
2023-08-11,934.95654296875,943.436195670119,930.7665847502635,935.2558126509883,9558237,AXISBANK.NS
2023-08-14,937.699951171875,941.0419075552627,926.6764149419139,932.7617883498599,7172522,AXISBANK.NS
2023-08-16,930.81640625,937.7497811715781,929.0705954871806,933.7094884411482,7394623,AXISBANK.NS
2023-08-17,934.3080444335938,940.7426163948037,929.4198107439744,933.7095050884316,9336994,AXISBANK.NS
2023-08-18,940.7925415039062,943.6856239218536,928.821266763245,932.6121582533107,6648744,AXISBANK.NS
2023-08-21,950.3197021484375,951.9657768386505,941.690444503558,941.9398460694051,6822155,AXISBANK.NS
2023-08-22,954.7590942382812,956.8041749690464,946.3792378780363,951.5667419104972,10860061,AXISBANK.NS
2023-08-23,976.9058837890625,978.1030234221159,956.1058186098329,959.697176619942,12677151,AXISBANK.NS
2023-08-24,979.0008544921875,991.8699992810248,976.7562404631382,982.442608181207,11899556,AXISBANK.NS
2023-08-25,980.7466430664062,985.834471283137,968.4760988315514,971.6684508890794,6228241,AXISBANK.NS
2023-08-28,987.8296508789062,990.1241329133894,977.7537919349728,977.7537919349728,8451441,AXISBANK.NS
2023-08-29,978.3524169921875,988.6277487213704,975.1600649597776,987.8296759355306,8114141,AXISBANK.NS
2023-08-30,980.99609375,995.611049849403,977.6541371266683,980.6469559137907,9023083,AXISBANK.NS
2023-08-31,971.169677734375,992.3189422675721,966.2813827871787,979.4497973749469,21558300,AXISBANK.NS
2023-09-01,988.7774047851562,990.6229518907627,966.6804032045811,971.9178357296834,10946742,AXISBANK.NS
2023-09-04,979.8987426757812,992.1692874182171,977.6541286050045,991.3712145930849,6727188,AXISBANK.NS
2023-09-05,979.1006469726562,983.8392765669051,975.5591570326598,983.091071894129,10548660,AXISBANK.NS
2023-09-06,962.7399291992188,980.7966394168384,959.4977087863123,979.1006965615071,16351052,AXISBANK.NS
2023-09-07,975.8584594726562,977.4546051391893,960.7945683551385,962.7399127474505,8686550,AXISBANK.NS
2023-09-08,977.9533081054688,984.9365512371457,970.1719922222669,975.8583595215849,6439351,AXISBANK.NS
2023-09-11,998.0053100585938,1001.5966681785131,976.6565120983709,979.4497974015362,7130484,AXISBANK.NS
2023-09-12,998.5040283203125,1007.5822200063346,995.6608142353808,1007.5822200063346,8958327,AXISBANK.NS
2023-09-13,1012.0216674804688,1014.565551227565,991.3213378954422,1000.5491956622612,12254423,AXISBANK.NS
2023-09-14,1018.4561767578125,1019.9525860325733,1006.6345069537728,1012.0216046985313,7855558,AXISBANK.NS
2023-09-15,1024.6912841796875,1029.2802485746777,1012.1214088945802,1018.5559813857484,8986157,AXISBANK.NS
2023-09-18,1022.2970581054688,1027.4347549170495,1016.5608218682338,1019.1047057608484,6397319,AXISBANK.NS
2023-09-20,1024.8409423828125,1044.9925397848435,1009.8767878452892,1009.8767878452892,13619788,AXISBANK.NS
2023-09-21,1012.0216674804688,1031.125790539965,1009.6772562711424,1024.1425468245343,8156588,AXISBANK.NS
2023-09-22,1015.8125610351562,1024.7910172583984,1005.5870970031303,1007.5823094971842,7108110,AXISBANK.NS
2023-09-25,1016.5109252929688,1023.5440373483997,1002.7439708865614,1012.7699017646486,7123890,AXISBANK.NS
2023-09-26,1011.7223510742188,1018.2566594998765,1008.5798671917402,1016.5607167837618,6387615,AXISBANK.NS
2023-09-27,1022.7459106445312,1025.4893279174812,1001.5967061970333,1007.5324757472272,5158686,AXISBANK.NS
2023-09-28,1028.4322509765625,1035.4653015857891,1022.7458225971219,1024.541562459703,15818489,AXISBANK.NS
2023-09-29,1034.21826171875,1038.5080169360645,1022.0475152267032,1028.4322190332261,9528626,AXISBANK.NS
2023-10-03,1038.5579833984375,1042.1991486065783,1030.128137940139,1032.5224171761674,11589322,AXISBANK.NS
2023-10-04,993.1668701171875,1034.5176605292681,986.4828961982525,1032.8715858941166,22584212,AXISBANK.NS
2023-10-05,1000.8484497070312,1006.7842189501363,986.5328246698826,997.606229461282,7950412,AXISBANK.NS
2023-10-06,998.553955078125,1005.5870667301236,997.0076776195943,1002.5942480791412,5289753,AXISBANK.NS
2023-10-09,993.8651733398438,997.3069268958444,985.8843237672277,992.4186321769971,6823214,AXISBANK.NS
2023-10-10,1009.8268432617188,1012.5203920923382,994.1145461203287,997.5064314461529,5728499,AXISBANK.NS
2023-10-11,1016.6605224609375,1023.1948922217821,1009.577542320045,1016.5607861898477,7396783,AXISBANK.NS
2023-10-12,1016.0120849609375,1028.5320310662319,1012.5204631289959,1019.5535749269535,4920222,AXISBANK.NS
2023-10-13,991.6704711914062,1009.0288441317307,989.8747921363165,1006.5846966646947,12173162,AXISBANK.NS
2023-10-16,1002.3947143554688,1007.0336076187124,987.6301545262204,987.6301545262204,4646960,AXISBANK.NS
2023-10-17,1005.6369018554688,1012.2710073363514,1000.6987390656211,1006.434974625059,6105067,AXISBANK.NS
2023-10-18,990.4733276367188,1011.672460164127,986.9817058086751,1007.582298949754,7818946,AXISBANK.NS
2023-10-19,989.0267944335938,996.6085770707042,977.3547899117126,977.3547899117126,4836625,AXISBANK.NS
2023-10-20,978.0032958984375,990.5233034704851,975.4095439163634,986.6326146083185,5664400,AXISBANK.NS
2023-10-23,961.9916381835938,982.5423622597436,958.7992861933225,977.6540675662923,5896695,AXISBANK.NS
2023-10-25,953.1629028320312,971.6684865740864,949.1226097011919,957.7019990873952,6957048,AXISBANK.NS
2023-10-26,969.7230834960938,972.6660339304111,950.4692962330248,953.7115163461261,17540495,AXISBANK.NS
2023-10-27,1000.349609375,1002.3448217596922,970.970094832599,977.6540684991274,13443016,AXISBANK.NS
2023-10-30,986.8320922851562,1000.3496444881126,976.8560300115275,1000.3496444881126,5270567,AXISBANK.NS
2023-10-31,979.4996948242188,995.6110604893629,975.6589350286542,995.6110604893629,7816805,AXISBANK.NS
2023-11-01,969.4736938476562,976.9557403543356,965.6828024620821,975.5091991852343,5703984,AXISBANK.NS
2023-11-02,980.5970458984375,985.984082951752,971.6684580537067,975.6588829327773,5193982,AXISBANK.NS
2023-11-03,986.4828491210938,989.0267935974802,979.1504680359956,983.6396958568432,4268048,AXISBANK.NS
2023-11-06,1006.9837036132812,1013.7674134673241,990.7226741492185,992.6181502490323,6552178,AXISBANK.NS
2023-11-07,1018.4561767578125,1019.7530526181287,1002.8436156355219,1005.5870326392501,6559859,AXISBANK.NS
2023-11-08,1019.2542724609375,1024.4916441513978,1013.1688380732181,1021.548754556056,7643314,AXISBANK.NS
2023-11-09,1019.4537963867188,1026.3871107399823,1014.2163638559787,1022.2969496906434,4407935,AXISBANK.NS
2023-11-10,1026.736328125,1028.5320681288063,1014.216442457611,1015.4634502996684,3294063,AXISBANK.NS
2023-11-13,1022.8955688476562,1029.3800096296538,1021.0500215960942,1027.5843914030434,5985481,AXISBANK.NS
2023-11-15,1038.8572998046875,1042.4985871681224,1029.0808310971559,1042.4985871681224,7240388,AXISBANK.NS
2023-11-16,1023.8931274414062,1041.5009017158827,1019.7032299963196,1040.3038229538877,6908825,AXISBANK.NS
2023-11-17,991.9697265625,1017.5583506174719,989.4757109972611,1012.4705832200053,13268353,AXISBANK.NS
2023-11-20,986.333251953125,992.368757223116,978.0032037355404,978.6516721144777,8215656,AXISBANK.NS
2023-11-21,989.42578125,995.1121485624521,984.288146038971,987.5802342022703,7061614,AXISBANK.NS
2023-11-22,995.7107543945312,997.5064943208318,985.6349558212106,988.6277745129754,6103988,AXISBANK.NS
2023-11-23,996.6585083007812,1000.9981320061083,993.0172820348068,996.6086401662712,3112891,AXISBANK.NS
2023-11-24,1006.0859375,1008.3305516391919,997.3070143778607,999.6014966534458,6956281,AXISBANK.NS
2023-11-28,1018.7056274414062,1019.5037002486309,1006.8340889333878,1010.6249804344942,6173384,AXISBANK.NS
2023-11-29,1057.6123046875,1060.9542613148635,1018.7056604079704,1024.6912979894364,9422396,AXISBANK.NS
2023-11-30,1071.678466796875,1078.3125724224037,1052.9234214128103,1060.1560664063197,24755589,AXISBANK.NS
2023-12-01,1102.0057373046875,1106.3453000140453,1067.6381298956398,1072.8257553160392,14428758,AXISBANK.NS
2023-12-04,1122.905517578125,1126.2974030234527,1096.4689532024638,1117.817750299184,14043213,AXISBANK.NS
2023-12-05,1129.739013671875,1149.0925969574525,1124.4517742475557,1134.0786977616333,15804808,AXISBANK.NS
2023-12-06,1117.8177490234375,1142.9573765954551,1115.2738044978198,1132.3827752128796,7342767,AXISBANK.NS
2023-12-07,1115.1741943359375,1126.896068531604,1105.8465996507534,1116.5708675318951,6439419,AXISBANK.NS
2023-12-08,1128.4920654296875,1131.634549261566,1108.8392723370227,1113.178834877189,7300989,AXISBANK.NS
2023-12-11,1113.827392578125,1136.6726003551878,1111.183711625699,1126.2974708649378,6924589,AXISBANK.NS
2023-12-12,1128.292724609375,1131.1858072332268,1106.345386022809,1117.319055316092,9044111,AXISBANK.NS
2023-12-13,1112.1812744140625,1148.244763765444,1108.7893888970148,1147.247157541495,8184523,AXISBANK.NS
2023-12-14,1117.767822265625,1135.8743992190675,1115.2239995129569,1129.68928946714,9421193,AXISBANK.NS
2023-12-15,1117.6680908203125,1125.1501373806013,1105.9462178758602,1116.520819325448,12048410,AXISBANK.NS
2023-12-18,1108.689697265625,1117.3190158058185,1104.5496069139372,1117.0196852153413,7922468,AXISBANK.NS
2023-12-19,1117.568359375,1124.1525360208302,1111.532793079096,1121.1099101400514,6824641,AXISBANK.NS
2023-12-20,1107.5924072265625,1121.1598287059148,1100.0604308642828,1119.3142813854565,9848057,AXISBANK.NS
2023-12-21,1092.7779541015625,1101.2576075640789,1074.6214465620133,1101.2576075640789,10914682,AXISBANK.NS
2023-12-22,1085.69482421875,1103.651734959479,1083.2008088380933,1092.7778035441963,10600025,AXISBANK.NS
2023-12-26,1091.630615234375,1098.015319450631,1084.0986395000405,1088.5878675270494,5687517,AXISBANK.NS
2023-12-27,1103.70166015625,1107.8916795104105,1087.0416843441974,1093.4263887566508,6132936,AXISBANK.NS
2023-12-28,1105.197998046875,1110.3356943033596,1095.37160138822,1104.5994586858894,14097667,AXISBANK.NS
2023-12-29,1099.661376953125,1104.2004121539771,1091.3312676547296,1098.8133142498616,8786731,AXISBANK.NS
2024-01-01,1095.072265625,1101.3572333307905,1090.383565245067,1092.3787776242896,4083732,AXISBANK.NS
2024-01-02,1090.633056640625,1096.7184305429569,1079.709316675706,1092.478603887825,7895577,AXISBANK.NS
2024-01-03,1095.9700927734375,1099.9605173761283,1078.711579433656,1088.3883103839437,10225290,AXISBANK.NS
2024-01-04,1120.7109375,1127.2951146992582,1097.4168548394916,1100.3597447020193,11411683,AXISBANK.NS
2024-01-05,1134.2283935546875,1137.1714051014194,1116.32140982064,1121.3094411424481,8025466,AXISBANK.NS
2024-01-08,1119.3140869140625,1143.2566342277323,1115.822465430819,1142.2590280896627,4735538,AXISBANK.NS
2024-01-09,1113.8773193359375,1132.8318382933232,1109.6872999732295,1125.848594466918,6359362,AXISBANK.NS
2024-01-10,1104.3499755859375,1113.328430672002,1096.4190556378169,1112.5802260814967,5934163,AXISBANK.NS
2024-01-11,1123.05517578125,1125.2000534594813,1108.390413403008,1108.390413403008,4683035,AXISBANK.NS
2024-01-12,1117.6680908203125,1126.7462829578426,1115.3736696086848,1123.6537280685436,5616755,AXISBANK.NS
2024-01-15,1116.8201904296875,1127.7439300929025,1113.9271079657626,1119.3142060402943,6719079,AXISBANK.NS
2024-01-16,1116.421142578125,1125.1003901176227,1112.4307175332362,1113.9770559493738,5229753,AXISBANK.NS
2024-01-17,1079.709228515625,1112.3309022284852,1076.6165519030933,1079.4098979472835,24913719,AXISBANK.NS
2024-01-18,1094.872802734375,1106.0958724662764,1063.4482074850514,1063.4482074850514,11473135,AXISBANK.NS
2024-01-19,1113.8773193359375,1123.6039803798592,1102.3549183111254,1104.4997961277145,12303696,AXISBANK.NS
2024-01-23,1086.642578125,1138.8672395300805,1076.217641808556,1123.204870544225,18924087,AXISBANK.NS
2024-01-24,1056.6146240234375,1070.6309179728953,1018.4561871284802,1032.322937571418,20884046,AXISBANK.NS
2024-01-25,1039.7550048828125,1061.1536079871053,1023.3444325047508,1055.4673016704396,20835434,AXISBANK.NS
2024-01-29,1058.7095947265625,1065.4434366718199,1033.5200378202296,1033.5200378202296,11188604,AXISBANK.NS
2024-01-30,1051.57666015625,1067.8874970014356,1048.2846327972588,1057.5124900515373,9426983,AXISBANK.NS
2024-01-31,1065.194091796875,1081.5049299098825,1040.2040060924105,1045.69084056198,12600390,AXISBANK.NS
2024-02-01,1081.6546630859375,1085.0465489628818,1054.270418044167,1070.0824540158778,9756682,AXISBANK.NS
2024-02-02,1064.4957275390625,1093.575850385391,1062.4505861502569,1085.445457406814,8667415,AXISBANK.NS
2024-02-05,1058.958984375,1076.9158960271432,1055.467362664861,1064.4957475123178,12569454,AXISBANK.NS
2024-02-06,1047.5364990234375,1062.5504001265635,1045.6908300252383,1059.0089709805732,8011171,AXISBANK.NS
2024-02-07,1066.5408935546875,1071.1298582762204,1054.9686845853087,1058.5102357365338,7281793,AXISBANK.NS
2024-02-08,1033.4202880859375,1073.0252055587823,1029.1804617312182,1069.4338475904046,9869141,AXISBANK.NS
2024-02-09,1048.8831787109375,1052.374800396541,1032.073538665866,1037.4605147011741,8233454,AXISBANK.NS
2024-02-12,1044.1943359375,1054.7191298078526,1032.8715301930304,1048.8831580325893,8694379,AXISBANK.NS
2024-02-13,1068.1868896484375,1072.975448348298,1042.2990562337152,1048.4841662577705,8413609,AXISBANK.NS
2024-02-14,1094.224365234375,1098.264719163139,1058.0113322775178,1058.7595369474293,16609115,AXISBANK.NS
2024-02-15,1069.6334228515625,1094.922839901097,1066.6905329868791,1094.8729108750058,11780823,AXISBANK.NS
2024-02-16,1066.191650390625,1073.424295504386,1055.467383497807,1070.4314768366228,8660907,AXISBANK.NS
2024-02-19,1060.405517578125,1067.4386903707828,1057.5623641135999,1066.4410841180998,7562645,AXISBANK.NS
2024-02-20,1085.994140625,1087.8896168577692,1055.1680831094475,1056.4650199471596,8722800,AXISBANK.NS
2024-02-21,1081.6046142578125,1091.3312748960234,1070.5312095791621,1091.2315386297137,9177213,AXISBANK.NS
2024-02-22,1098.2646484375,1108.041115761234,1078.9110645331584,1087.6900474726833,14633340,AXISBANK.NS
2024-02-23,1094.174560546875,1104.7491622173827,1087.3907894792492,1096.3692455391695,6250943,AXISBANK.NS
2024-02-26,1082.602294921875,1092.1794127082399,1077.0656530908761,1090.8325467970808,5354189,AXISBANK.NS
2024-02-27,1076.467041015625,1085.9443001110253,1069.4837974716459,1079.0607928334823,6546815,AXISBANK.NS
2024-02-28,1071.6285400390625,1082.4027357978764,1061.502934449241,1074.820952971871,7643191,AXISBANK.NS
2024-02-29,1072.5264892578125,1079.7093275539755,1052.8237651913394,1068.436327857863,13648997,AXISBANK.NS
2024-03-01,1096.61865234375,1099.0627389049594,1073.424307411303,1073.424307411303,4819390,AXISBANK.NS
2024-03-04,1104.1007080078125,1106.245585783101,1090.483358452908,1096.6186611950195,5895441,AXISBANK.NS
2024-03-05,1098.1650390625,1108.240838110355,1091.8800708025524,1099.5615904286128,4851446,AXISBANK.NS
2024-03-06,1122.306884765625,1129.2401985869408,1092.7278389581838,1097.5662042835554,13787638,AXISBANK.NS
2024-03-07,1108.789306640625,1124.2023947240693,1104.898740078331,1123.3045248335036,6943879,AXISBANK.NS
2024-03-11,1102.45458984375,1117.3189466141475,1099.2622987075213,1109.5874985460587,6751641,AXISBANK.NS
2024-03-12,1094.3740234375,1118.7156395632892,1081.6545441313667,1102.354873198211,9817138,AXISBANK.NS
2024-03-13,1077.813720703125,1096.917903041949,1068.1867968938282,1093.3763524591507,11503890,AXISBANK.NS
2024-03-14,1055.7166748046875,1078.661615528059,1053.0729942352896,1072.4265772880124,10253613,AXISBANK.NS
2024-03-15,1043.8951416015625,1053.7215382177246,1027.7837772769806,1053.7215382177246,17798175,AXISBANK.NS
2024-03-18,1058.809326171875,1064.346089346231,1041.1018159520013,1041.5008827914498,7612407,AXISBANK.NS
2024-03-19,1048.28466796875,1058.4102737109642,1044.1943850314635,1053.0232975285835,6728886,AXISBANK.NS
2024-03-20,1032.2730712890625,1054.9186845427982,1028.482118812757,1047.4865666620108,12619644,AXISBANK.NS
2024-03-21,1033.1209716796875,1048.035257657642,1025.6888540907516,1036.8619949851457,9903738,AXISBANK.NS
2024-03-22,1030.8265380859375,1044.7430959040469,1027.4844598840073,1037.6101871982582,9891194,AXISBANK.NS
2024-03-26,1038.0592041015625,1041.700369393197,1025.0403941795732,1026.5368035141419,9656767,AXISBANK.NS
2024-03-27,1050.3297119140625,1055.0185343378787,1041.7503225527066,1043.2966609454973,17027308,AXISBANK.NS
2024-03-28,1044.6932373046875,1055.8665005963223,1041.6006822230963,1050.3297370861974,10235318,AXISBANK.NS
2024-04-01,1050.5789794921875,1061.2035090144366,1046.3890825039073,1049.8307749029882,5484556,AXISBANK.NS
2024-04-02,1044.6932373046875,1053.3225558964036,1037.7099934142068,1048.484189842192,13617893,AXISBANK.NS
2024-04-03,1060.7047119140625,1067.7378838032855,1041.2513924855891,1041.3013215030526,11573590,AXISBANK.NS
2024-04-04,1060.405517578125,1078.1130285632478,1056.6146868847939,1067.4386903707828,17964844,AXISBANK.NS
2024-04-05,1056.564697265625,1060.4553857835742,1045.5910291154657,1058.5599096565631,9210187,AXISBANK.NS
2024-04-08,1073.4742431640625,1076.8660069572647,1061.0041651652145,1064.4458579816544,4967186,AXISBANK.NS
2024-04-09,1077.4146728515625,1087.390734637225,1068.7853550513448,1087.390734637225,11385226,AXISBANK.NS
2024-04-10,1085.1961669921875,1090.3836709699126,1077.414789247489,1083.5998995115542,9064074,AXISBANK.NS
2024-04-12,1070.88037109375,1093.7755074001911,1068.5360207821377,1076.9159375653167,18045983,AXISBANK.NS
2024-04-15,1055.41748046875,1068.4362907053944,1052.723992312668,1060.555176997231,8889435,AXISBANK.NS
2024-04-16,1049.382080078125,1055.3177887882596,1041.8501038826091,1047.4366747471086,7107881,AXISBANK.NS
2024-04-18,1021.5487670898438,1048.8832018148605,1011.4230396229323,1041.650556735367,17832438,AXISBANK.NS
2024-04-19,1026.636474609375,1034.4676586075361,993.3164654082485,1012.5702521129814,21598007,AXISBANK.NS
2024-04-22,1051.427001953125,1055.9661588578495,1029.5295946540393,1036.5128380286305,9410832,AXISBANK.NS
2024-04-23,1053.2227783203125,1057.7120063595655,1046.2395347036966,1055.467392339939,8300012,AXISBANK.NS
2024-04-24,1060.7047119140625,1066.3910181126873,1053.4720675111685,1053.4720675111685,5641163,AXISBANK.NS
2024-04-25,1124.30224609375,1131.2355608344606,1083.5001260280715,1097.3668772875997,46136295,AXISBANK.NS
2024-04-26,1127.5943603515625,1138.6178360271808,1120.3117862267368,1127.2950297740094,10133766,AXISBANK.NS
2024-04-29,1156.4749755859375,1161.2136049877345,1122.6062941517016,1127.5943251009617,15183242,AXISBANK.NS
2024-04-30,1163.109130859375,1180.0684368123416,1152.3848638597049,1157.3728950223422,18965164,AXISBANK.NS
2024-05-02,1147.0975341796875,1171.1897497242708,1145.2519869535458,1153.232837036846,12302236,AXISBANK.NS
2024-05-03,1138.7674560546875,1160.465390499882,1131.3851459567948,1148.1449785153566,9993632,AXISBANK.NS
2024-05-06,1140.912353515625,1153.232765714131,1132.931503925908,1141.1617550653036,7490104,AXISBANK.NS
2024-05-07,1125.00048828125,1146.0500769962232,1121.3593229919986,1143.3066598846426,7115509,AXISBANK.NS
2024-05-08,1125.9482421875,1132.7318911613593,1115.573113534311,1121.9578174576657,8175609,AXISBANK.NS
2024-05-09,1112.9793701171875,1131.8341514619112,1109.537555695174,1119.3141450674307,5226693,AXISBANK.NS
2024-05-10,1117.418701171875,1137.2710892789437,1110.6848591958812,1121.0100592034512,7242718,AXISBANK.NS
2024-05-13,1129.290283203125,1132.6821688333848,1102.4048432815728,1117.4187443862693,5513160,AXISBANK.NS
2024-05-14,1120.1622314453125,1133.3805151781019,1115.4236014278974,1127.2452119578256,5471143,AXISBANK.NS
2024-05-15,1125.3497314453125,1128.492093577472,1115.9222797145299,1122.8557159257566,5436338,AXISBANK.NS
2024-05-16,1136.57275390625,1141.2115251567798,1108.6397812515845,1131.4350577945047,10750526,AXISBANK.NS
2024-05-17,1138.6177978515625,1143.2566909794812,1123.4043034907972,1129.290204353205,9909986,AXISBANK.NS
2024-05-21,1134.9267578125,1143.007343961868,1126.4969120583337,1133.2806831688256,8162017,AXISBANK.NS
2024-05-22,1123.3045654296875,1139.266264405598,1115.273786921193,1139.266264405598,9094033,AXISBANK.NS
2024-05-23,1162.460693359375,1166.8501852548218,1123.0552461268537,1123.3046476916165,12818081,AXISBANK.NS
2024-05-24,1171.189697265625,1174.1825159128116,1157.8217496192385,1162.71004443193,8814997,AXISBANK.NS
2024-05-27,1184.1585693359375,1193.137025211273,1165.2040513768954,1176.0779834037558,10450046,AXISBANK.NS
2024-05-28,1180.5672607421875,1189.545716993226,1176.1777688860584,1185.156225137097,4018776,AXISBANK.NS
2024-05-29,1156.9737548828125,1183.0611805664641,1153.2327317478173,1169.1944304571298,9418064,AXISBANK.NS
2024-05-30,1165.1541748046875,1176.9759063285162,1152.2352225359814,1152.434695075394,7232217,AXISBANK.NS
2024-05-31,1159.3681640625,1175.1801992640383,1150.6391091019225,1170.192167857994,10057642,AXISBANK.NS
2024-06-03,1220.9703369140625,1239.2264585688406,1190.5433457113234,1194.1846329485845,22197339,AXISBANK.NS
2024-06-04,1128.5421142578125,1221.0700975483426,1098.9132561903107,1221.0700975483426,24135989,AXISBANK.NS
2024-06-05,1181.66455078125,1190.14420353063,1108.0411640812747,1135.2758622111123,21039499,AXISBANK.NS
2024-06-06,1168.14697265625,1193.0373212968939,1160.4654533547418,1189.246368891048,12006879,AXISBANK.NS
2024-06-07,1183.9591064453125,1192.338901241373,1163.9570530933838,1175.1801230289318,8583998,AXISBANK.NS
2024-06-10,1197.12744140625,1209.4977826564013,1182.163348388672,1182.163348388672,9995057,AXISBANK.NS
2024-06-11,1191.740478515625,1206.455171649185,1187.6003879563225,1201.5668763542778,9390212,AXISBANK.NS
2024-06-12,1185.0565185546875,1203.2628330753819,1181.2655659980387,1189.2464161988912,7199718,AXISBANK.NS
2024-06-13,1171.838134765625,1199.122639690824,1170.6409342714535,1198.9231671641783,5321148,AXISBANK.NS
2024-06-14,1178.2227783203125,1181.814136062482,1167.1991817811422,1178.1229202840107,4451031,AXISBANK.NS
2024-06-18,1189.0469970703125,1191.1419459865251,1178.3227291311541,1191.1419459865251,6837181,AXISBANK.NS
2024-06-19,1223.713623046875,1240.3735972420434,1182.6621051224747,1190.144151337927,17987437,AXISBANK.NS
2024-06-20,1236.532958984375,1238.528171503914,1217.4787037783979,1227.1554357869195,8206858,AXISBANK.NS
2024-06-21,1234.48779296875,1243.0173750319368,1220.8206361920809,1243.0173750319368,29311314,AXISBANK.NS
2024-06-24,1225.16015625,1232.7918680753971,1222.117530391002,1228.0532386006992,6676530,AXISBANK.NS
2024-06-25,1268.4063720703125,1275.688946143703,1223.065218355566,1231.494942152567,17607952,AXISBANK.NS
2024-06-26,1282.322998046875,1289.8548515798059,1256.1856432694901,1278.0332427953588,13956370,AXISBANK.NS
2024-06-27,1285.864501953125,1306.864161814128,1276.9359749023542,1306.864161814128,22311393,AXISBANK.NS
2024-06-28,1262.22119140625,1286.8122075565059,1258.5799045739402,1280.028436970885,7167069,AXISBANK.NS
2024-07-01,1258.8792724609375,1269.952676787439,1253.4422456717753,1269.952676787439,5797015,AXISBANK.NS
2024-07-02,1250.399658203125,1264.8150193443623,1235.2858996423108,1261.9718659782138,9945447,AXISBANK.NS
2024-07-03,1276.9359130859375,1285.515301896364,1240.6230237019365,1256.9837894439697,15171347,AXISBANK.NS
2024-07-04,1277.8338623046875,1289.9048735015558,1265.4635205233747,1284.916842281519,4817380,AXISBANK.NS
2024-07-05,1283.9691162109375,1292.2991036758544,1267.8577516275716,1268.955094098609,8593502,AXISBANK.NS
2024-07-08,1284.76708984375,1294.2942775390354,1276.5368388889456,1281.9239365968008,4216951,AXISBANK.NS
2024-07-09,1286.3134765625,1291.9000470047379,1276.1378201138252,1280.926378651802,6930340,AXISBANK.NS
2024-07-10,1288.55810546875,1290.9024557429561,1272.097602748689,1281.1258660222238,9020489,AXISBANK.NS
2024-07-11,1293.6458740234375,1298.2847673316003,1273.8932220304036,1297.9356295079974,7848846,AXISBANK.NS
2024-07-12,1315.160888671875,1337.4745701900265,1291.7988634971857,1291.7988634971857,11278987,AXISBANK.NS
2024-07-15,1305.3267822265625,1322.2493302322418,1302.8808095322124,1314.5617611447028,11537127,AXISBANK.NS
2024-07-16,1301.8824462890625,1316.3089323169752,1297.5893802710243,1305.326795116684,5433264,AXISBANK.NS
2024-07-18,1307.2738037109375,1316.4588158830534,1292.397974149323,1297.8890431781538,6787511,AXISBANK.NS
2024-07-19,1290.2513427734375,1306.874329397254,1286.1080575380593,1303.5297937995695,4496066,AXISBANK.NS
2024-07-22,1280.41748046875,1290.2514616948122,1276.1244140466054,1281.2660758669613,6695557,AXISBANK.NS
2024-07-23,1261.1986083984375,1289.00335841064,1248.9685011727254,1286.4076049249054,8789327,AXISBANK.NS
2024-07-24,1237.237548828125,1265.2918921132373,1224.6580346790513,1260.849167335916,10344860,AXISBANK.NS
2024-07-25,1173.990478515625,1198.0513181133176,1153.6235817332822,1198.0513181133176,32979871,AXISBANK.NS
2024-07-26,1175.4381103515625,1181.2287406448913,1153.3740222891986,1163.1081895407196,18554648,AXISBANK.NS
2024-07-29,1168.1500244140625,1192.6600849625192,1161.760392891013,1180.42997752959,19598573,AXISBANK.NS
2024-07-30,1168.10009765625,1178.0838591746794,1158.3159626193535,1162.2096539859588,18090045,AXISBANK.NS
2024-07-31,1164.2064208984375,1169.0984884782727,1152.126093683968,1155.1212221770807,17347076,AXISBANK.NS
2024-08-01,1170.396484375,1173.741020317349,1163.5575098116917,1166.1034179061303,11190500,AXISBANK.NS
2024-08-02,1158.9649658203125,1165.9037534043969,1154.2226789585948,1162.109875166186,10581445,AXISBANK.NS
2024-08-05,1131.6593017578125,1149.5801038837508,1122.4742904482669,1140.1454985508794,12013362,AXISBANK.NS
2024-08-06,1124.2713623046875,1149.1309529061807,1121.2762338435941,1138.1488152155048,8571122,AXISBANK.NS
2024-08-07,1134.9541015625,1142.9411110826525,1125.1699661514758,1136.950853942538,8370312,AXISBANK.NS
2024-08-08,1136.3018798828125,1140.9443535197308,1124.1715848547658,1131.260031397282,7903428,AXISBANK.NS
2024-08-09,1140.894287109375,1153.8232088423329,1138.098785283398,1150.1292660249399,6262086,AXISBANK.NS
2024-08-12,1162.409423828125,1167.2015563223063,1134.0055486598599,1144.1390911628143,9078384,AXISBANK.NS
2024-08-13,1157.7169189453125,1177.6844412516205,1153.5237880098216,1159.4640771471145,6180463,AXISBANK.NS
2024-08-14,1151.2275390625,1157.1179828491788,1146.7848138478516,1157.1179828491788,5021841,AXISBANK.NS
2024-08-16,1164.9552001953125,1168.1001094798687,1147.733211401699,1164.5059796712717,6107134,AXISBANK.NS
2024-08-19,1151.3773193359375,1169.3980579733616,1148.3322232652067,1167.1017440309654,6691823,AXISBANK.NS
2024-08-20,1166.1033935546875,1175.0887792926944,1152.7750957510625,1156.1196316235685,6721749,AXISBANK.NS
2024-08-21,1172.492919921875,1176.0870495188233,1159.6138438167345,1164.705537568418,9480630,AXISBANK.NS
2024-08-22,1168.050048828125,1179.0821532872228,1167.051672745748,1177.7842156313006,5841326,AXISBANK.NS
2024-08-23,1164.056640625,1172.0436499435734,1161.610667770023,1168.1001128413639,5121962,AXISBANK.NS
2024-08-26,1168.399658203125,1173.3415714014816,1164.2064052458907,1169.797287316781,3392612,AXISBANK.NS
2024-08-27,1179.331787109375,1182.9259167528153,1162.3593931361609,1168.1000558035714,8702113,AXISBANK.NS
2024-08-28,1169.0484619140625,1179.7810051393292,1167.451084506114,1175.088686152465,5483503,AXISBANK.NS
2024-08-29,1173.4913330078125,1177.9840256136065,1161.5108193923618,1167.1017013718215,7290114,AXISBANK.NS
2024-08-30,1173.341552734375,1181.0290002255358,1169.9470495007388,1175.0887109707376,10190506,AXISBANK.NS
2024-09-02,1186.86962890625,1192.0611361944418,1172.193426216783,1174.090365297038,6432362,AXISBANK.NS
2024-09-03,1189.6650390625,1191.611945748782,1174.789209514189,1186.0709091667165,7920246,AXISBANK.NS
2024-09-04,1175.78759765625,1187.7182663255207,1171.3948398901211,1180.7794786378458,6527941,AXISBANK.NS
2024-09-05,1178.633056640625,1180.9292487481098,1171.5444882132722,1180.0806533633418,4234766,AXISBANK.NS
2024-09-06,1156.8682861328125,1179.4315612333492,1148.9312450220928,1174.0902735639158,9874576,AXISBANK.NS
2024-09-09,1168.94873046875,1173.691017341966,1143.1407304910347,1156.1196208808892,7700940,AXISBANK.NS
2024-09-10,1185.2720947265625,1188.9161919814424,1171.4446096778545,1176.9856459572557,8723854,AXISBANK.NS
2024-09-11,1184.1739501953125,1192.90974167789,1179.0822561055998,1185.2721396072754,6000329,AXISBANK.NS
2024-09-12,1201.3958740234375,1203.7420335200763,1174.8390937297338,1188.1673904951442,7592871,AXISBANK.NS
2024-09-13,1215.4730224609375,1217.56970992086,1199.0497831721539,1207.9353554818194,6762566,AXISBANK.NS
2024-09-16,1229.051025390625,1231.996186325468,1213.0270392102461,1220.0156723579594,4039284,AXISBANK.NS
2024-09-17,1230.09912109375,1238.5853176171486,1225.6064288166565,1233.1940625102209,8030427,AXISBANK.NS
2024-09-18,1238.4356689453125,1248.3695849409576,1223.0108058973215,1229.8996258314878,8210034,AXISBANK.NS
2024-09-19,1240.6820068359375,1259.6511538996783,1236.9880637881504,1246.4226697631223,8449864,AXISBANK.NS
2024-09-20,1242.978271484375,1247.970152092746,1227.9028164215117,1241.9798953627007,15009629,AXISBANK.NS
2024-09-23,1244.775390625,1250.4161181847596,1238.5355398977574,1249.4677096230525,5462814,AXISBANK.NS
2024-09-24,1237.537109375,1245.0747755988766,1233.343856747392,1239.084519164076,9225946,AXISBANK.NS
2024-09-25,1266.0406494140625,1268.9359643444172,1229.1007354244925,1235.9895545699358,6853324,AXISBANK.NS
2024-09-26,1275.0262451171875,1279.5689056632127,1260.2003826370533,1265.49182534745,7270078,AXISBANK.NS
2024-09-27,1271.08251953125,1279.468902904462,1255.2083156233984,1270.9327387461415,13372027,AXISBANK.NS
2024-09-30,1230.1990966796875,1272.9296465033026,1227.353748903099,1261.4483202799395,8466919,AXISBANK.NS
2024-10-01,1224.6580810546875,1240.93153854236,1222.6613288324884,1226.1056776669482,11164280,AXISBANK.NS
2024-10-03,1173.790771484375,1217.1702876110573,1171.1950179115215,1205.5391812805995,17300892,AXISBANK.NS
2024-10-04,1176.4864501953125,1200.8468520222327,1172.093570870444,1173.5911350580977,13064515,AXISBANK.NS
2024-10-07,1143.8394775390625,1182.9259272029717,1129.0635840139234,1181.0289881912613,20047013,AXISBANK.NS
2024-10-08,1151.42724609375,1166.4527338133323,1140.644735078961,1151.1276845041943,8464570,AXISBANK.NS
2024-10-09,1168.2498779296875,1183.0757394034908,1152.1260787102349,1152.1260787102349,9807734,AXISBANK.NS
2024-10-10,1182.326904296875,1189.0659430167432,1173.1418928645546,1175.0886775236831,6806243,AXISBANK.NS
2024-10-11,1170.546142578125,1186.2705679381827,1164.10666475094,1180.5798722710003,4754158,AXISBANK.NS
2024-10-14,1162.459228515625,1173.0919587287326,1154.7218134686907,1169.6476098115127,9765296,AXISBANK.NS
2024-10-15,1151.976318359375,1170.0968702032376,1147.6334063981412,1164.2064264310386,8741516,AXISBANK.NS
2024-10-16,1151.3272705078125,1161.0614374890406,1146.2355767689712,1149.1308918352402,7739854,AXISBANK.NS
2024-10-17,1130.0120849609375,1149.480420987831,1122.1748561142738,1149.1310136899726,6595231,AXISBANK.NS
2024-10-18,1194.906494140625,1201.8951273274115,1154.1728195466103,1156.1196043283787,20829666,AXISBANK.NS
2024-10-21,1188.3671875,1212.8274033274415,1183.624900757945,1194.9064782000012,7456038,AXISBANK.NS
2024-10-22,1173.8406982421875,1196.0545664419653,1171.4445712304916,1192.3106560712163,7256246,AXISBANK.NS
2024-10-23,1158.5157470703125,1181.228805232439,1156.7685887501489,1173.1918282108495,6501834,AXISBANK.NS
2024-10-24,1165.454345703125,1173.2915739137154,1152.77501765838,1163.1081861826672,5046700,AXISBANK.NS
2024-10-25,1187.4185791015625,1199.798467000679,1168.1000261209024,1185.07241966283,12798716,AXISBANK.NS
2024-10-28,1169.697509765625,1192.061160603629,1165.1549712634646,1192.061160603629,8572243,AXISBANK.NS
2024-10-29,1184.9227294921875,1189.265641444449,1155.7202266058932,1174.489747295322,9908946,AXISBANK.NS
2024-10-30,1168.49951171875,1185.721500916195,1162.409441362478,1176.8359284920803,9686560,AXISBANK.NS
2024-10-31,1157.6671142578125,1176.0871054888319,1151.9762970757422,1163.6074036054613,8682294,AXISBANK.NS
2024-11-01,1167.65087890625,1170.5960398098143,1162.1098425062892,1162.1598100627925,460781,AXISBANK.NS
2024-11-04,1137.4000244140625,1175.0387563721924,1133.6061463101485,1170.0968431979647,9288653,AXISBANK.NS
2024-11-05,1169.7972412109375,1172.9921178913025,1131.609354942301,1137.100423556092,11701049,AXISBANK.NS
2024-11-06,1164.605712890625,1181.6280740310438,1159.5638648703841,1169.897154934203,10353506,AXISBANK.NS
2024-11-07,1158.0164794921875,1170.99536897967,1149.180875253972,1166.7023029388229,6252889,AXISBANK.NS
2024-11-08,1159.064697265625,1165.8537035689599,1149.2307169471244,1154.1227842652258,3786168,AXISBANK.NS
2024-11-11,1169.0985107421875,1174.8891413546494,1141.0940100494406,1150.1293632578993,6620678,AXISBANK.NS
2024-11-12,1156.2694091796875,1185.072537895656,1151.9264971262662,1169.7474877488462,9606088,AXISBANK.NS
2024-11-13,1137.30029296875,1163.6074819353837,1133.2568205375103,1150.029589746679,8079113,AXISBANK.NS
2024-11-14,1138.84765625,1148.8813855767612,1129.7624574145566,1135.7028687904137,5975873,AXISBANK.NS
2024-11-18,1124.37109375,1133.156852012231,1119.7287424706979,1129.3629741553402,9474971,AXISBANK.NS
2024-11-19,1132.1085205078125,1137.150368520057,1120.227942513477,1128.1649836941745,19225966,AXISBANK.NS
2024-11-21,1137.30029296875,1150.1294029940473,1113.938265096014,1136.1521359437722,8126248,AXISBANK.NS
2024-11-22,1140.544921875,1146.0359906217202,1125.7190606332729,1134.804259094338,16687505,AXISBANK.NS
2024-11-25,1154.02294921875,1162.6089592362891,1140.1454971643127,1158.1162668218938,12385823,AXISBANK.NS
2024-11-26,1142.9410400390625,1157.71693360964,1140.7945069895281,1155.2209932897363,5127437,AXISBANK.NS
2024-11-27,1147.7830810546875,1153.5735891768147,1131.7092505928033,1143.3402343897294,5989943,AXISBANK.NS
2024-11-28,1130.6610107421875,1152.5753188902968,1127.5660689944857,1146.6350294369997,10731275,AXISBANK.NS
2024-11-29,1134.454833984375,1139.04733976228,1125.868701854105,1131.7092996541824,6406277,AXISBANK.NS
2024-12-02,1135.2535400390625,1139.5466064002276,1124.7705900554713,1130.8606604334245,4785858,AXISBANK.NS
2024-12-03,1158.615478515625,1163.0083577848877,1136.1520159851627,1142.5416474793556,8382042,AXISBANK.NS
2024-12-04,1157.5672607421875,1166.103426180964,1152.0263458386441,1155.620475859988,18379798,AXISBANK.NS
2024-12-05,1164.5059814453125,1174.9889311617428,1148.2324012319225,1162.1098542785676,10640451,AXISBANK.NS
2024-12-06,1182.62646484375,1191.9112895042008,1158.1162826981583,1165.6041034914654,7542210,AXISBANK.NS
2024-12-09,1161.361083984375,1184.0741419346389,1159.1147375936896,1182.3269836307725,6308112,AXISBANK.NS
2024-12-10,1151.776611328125,1163.1581232345245,1149.3804843153964,1155.1211468863528,4714389,AXISBANK.NS
2024-12-11,1145.3870849609375,1156.4690363050338,1142.6915179944604,1148.1326194857947,7788242,AXISBANK.NS
2024-12-12,1143.7896728515625,1152.6752450559866,1141.742952973343,1143.1407039727058,4825283,AXISBANK.NS
2024-12-13,1146.28564453125,1150.8281830630162,1111.8416660481157,1139.1472304132253,8731618,AXISBANK.NS
2024-12-16,1149.0311279296875,1153.124445743624,1139.8959618422361,1144.6382485238657,3975202,AXISBANK.NS
2024-12-17,1134.4049072265625,1149.9795508853542,1128.1650562517189,1143.3902926303374,7292817,AXISBANK.NS
2024-12-18,1120.4276123046875,1138.0489753800873,1114.137793934539,1134.3549105744767,7222127,AXISBANK.NS
2024-12-19,1107.099365234375,1117.232907788727,1099.2621366321944,1103.1058605329233,11677610,AXISBANK.NS
2024-12-20,1070.109375,1104.0541616573962,1063.2705232390288,1102.1572227344786,12623056,AXISBANK.NS
2024-12-23,1077.3975830078125,1081.790462182754,1070.6585443933702,1073.3541110903145,3886921,AXISBANK.NS
2024-12-24,1077.1480712890625,1082.988547493429,1074.252756029435,1075.550693795779,4343694,AXISBANK.NS
2024-12-26,1074.9515380859375,1090.8257430405286,1071.008001093157,1081.2413564986148,4775460,AXISBANK.NS
2024-12-27,1075.7003173828125,1084.4860761153666,1074.2527207366024,1076.3492862446637,3801667,AXISBANK.NS
2024-12-30,1068.2125244140625,1094.7194602300276,1062.2222674497395,1072.3558098554706,9452155,AXISBANK.NS
2024-12-31,1062.970947265625,1068.711609637263,1056.7810644137335,1060.275380639948,5292136,AXISBANK.NS
2025-01-01,1070.0596923828125,1075.2012324711711,1052.2385791743047,1062.422089846609,2985355,AXISBANK.NS
2025-01-02,1084.83544921875,1086.9320146607752,1065.766490024577,1070.259182488381,6557076,AXISBANK.NS
2025-01-03,1083.1383056640625,1091.7243161491626,1078.0466116915568,1084.236495050746,7357220,AXISBANK.NS
2025-01-06,1061.6732177734375,1088.2299988761818,1058.1789012632846,1085.9836525482262,5283413,AXISBANK.NS
2025-01-07,1065.7666015625,1068.761730185158,1054.285275175644,1062.8214404990579,4619462,AXISBANK.NS
2025-01-08,1073.2044677734375,1080.592476167825,1057.38022907806,1062.0227028704326,8780098,AXISBANK.NS
2025-01-09,1060.02587890625,1078.3960244691536,1052.538057769639,1077.8468688369667,9054190,AXISBANK.NS
2025-01-10,1039.010009765625,1063.1208181441978,1035.316066762271,1054.5348076351484,5612886,AXISBANK.NS
2025-01-13,1047.5960693359375,1061.273772881057,1021.5883237070005,1024.9328592000836,7180930,AXISBANK.NS
2025-01-14,1049.9423828125,1059.2771761544273,1043.802344646045,1051.2401987834926,6892897,AXISBANK.NS
2025-01-15,1025.132568359375,1051.1901586731517,1013.0022750783879,1041.3062114859742,11418721,AXISBANK.NS
2025-01-16,1036.314453125,1044.7506829203899,1025.3822829319104,1032.2211352471902,10261727,AXISBANK.NS
2025-01-17,989.440673828125,1010.0571657533391,973.0173739309598,998.3761525809333,33831617,AXISBANK.NS
2025-01-20,986.445556640625,992.5855944235661,974.9143241337787,990.439061296575,33440507,AXISBANK.NS
2025-01-21,968.6245727539062,992.8351948872215,961.4362521394861,991.9865385807151,11894500,AXISBANK.NS
2025-01-22,957.7421875,974.16548665151,952.4508063187708,974.16548665151,17303146,AXISBANK.NS
2025-01-23,949.505615234375,962.1350977728039,946.4605801962688,952.450837032954,24649522,AXISBANK.NS
2025-01-24,946.959716796875,960.2381065426121,944.5635898180176,946.4605287542831,14421921,AXISBANK.NS
2025-01-27,946.5604248046875,948.2077698637862,931.9841570601152,941.5685439420195,12713296,AXISBANK.NS
2025-01-28,982.202392578125,992.2360601712497,956.6439888553748,958.4410536437485,21781371,AXISBANK.NS
2025-01-29,981.8031005859375,987.0445752148886,976.0124703422623,986.3956063626015,11175206,AXISBANK.NS
2025-01-30,983.1010131835938,989.7901456172491,973.2170648629341,983.0511065629934,10473118,AXISBANK.NS
2025-01-31,984.4986572265625,988.3923484281204,976.4617417321078,980.4053395519335,9036312,AXISBANK.NS
2025-02-01,996.5291748046875,1003.3181204123249,980.4053756675098,987.8931967647668,4830391,AXISBANK.NS
2025-02-03,987.7933959960938,998.8753469855333,981.753171485876,985.4970820817739,7124605,AXISBANK.NS
2025-02-04,1013.6513061523438,1015.4483710586156,986.1959616686072,992.385906066695,16058171,AXISBANK.NS
2025-02-05,1011.654541015625,1020.3903323316467,1008.8590999817069,1018.9426747263542,7858373,AXISBANK.NS
2025-02-06,1019.0425415039062,1020.1906375069063,1008.4098112049047,1010.3566568712627,5815563,AXISBANK.NS
2025-02-07,1022.43701171875,1025.6817342725071,1006.0137724647228,1017.8445057093887,8638651,AXISBANK.NS
2025-02-10,1010.1070556640625,1025.082697705042,1004.5660802961088,1019.3420349226665,3960565,AXISBANK.NS
2025-02-11,1005.7640991210938,1014.6995163926927,1000.9718451322531,1007.3614764933467,4808215,AXISBANK.NS
2025-02-12,1005.2649536132812,1009.008864115462,982.4021157722138,998.3761339148515,7669283,AXISBANK.NS
2025-02-13,1006.5628051757812,1015.7977841830659,999.4243916227608,1001.3712372223157,6348246,AXISBANK.NS
2025-02-14,995.8801879882812,1014.3501463619988,986.0462074988543,1008.9089842755058,5375755,AXISBANK.NS
2025-02-17,991.3375854492188,998.0267176735445,976.4617568131531,990.8383973867473,7166803,AXISBANK.NS
2025-02-18,992.5357055664062,995.730460599508,984.9480100226741,991.33764196097,3090004,AXISBANK.NS
2025-02-19,1009.7077026367188,1011.804329129352,986.5454245287212,990.0397410803987,6401381,AXISBANK.NS
2025-02-20,1015.5482177734375,1017.9942514939594,1004.8655809305341,1006.7625199634393,5011212,AXISBANK.NS
2025-02-21,1007.3116455078125,1020.2406290528706,999.0251355119985,1010.3566806288227,5019937,AXISBANK.NS
2025-02-24,1008.4097900390625,1011.3550117867557,996.9284646337834,999.7239055887297,4265454,AXISBANK.NS
2025-02-25,1007.4613037109375,1012.0538703579778,995.4807904446366,1002.3696099471763,5708975,AXISBANK.NS
2025-02-27,1015.0490112304688,1021.8878632634938,1003.5177792562238,1006.0137195509107,9777690,AXISBANK.NS
2025-02-28,1013.90087890625,1033.8184951280357,1008.3099968849968,1013.152096799687,15026849,AXISBANK.NS
2025-03-03,1005.6143188476562,1017.7446127420518,990.3890834419211,1015.3983923638058,6763184,AXISBANK.NS
2025-03-04,1000.1732177734375,1009.4581038080632,996.9784018969951,999.4743422792087,5786420,AXISBANK.NS
2025-03-05,1012.802734375,1015.747956311782,1000.9220333836612,1001.3713148547035,5133873,AXISBANK.NS
2025-03-06,1032.420654296875,1037.8119093693128,1013.501476799868,1020.9393296621977,7861120,AXISBANK.NS
2025-03-07,1035.965087890625,1048.6444168767227,1029.0263001801397,1032.0214287789433,7597321,AXISBANK.NS
2025-03-10,1034.1678466796875,1048.7940807475368,1030.6735303706762,1034.3176274673472,5995655,AXISBANK.NS
2025-03-11,1023.9844360351562,1035.1163535407738,1019.4417761879421,1028.7267223466547,4771085,AXISBANK.NS
2025-03-12,1009.5579833984375,1028.1278165033088,997.5774694995702,1023.535188677738,7504702,AXISBANK.NS
2025-03-13,1008.5595703125,1014.3501396310593,1003.4678155302854,1013.3517635093752,4004140,AXISBANK.NS
2025-03-17,1032.470703125,1037.312802999425,1009.4580844924919,1009.4580844924919,5938668,AXISBANK.NS
2025-03-18,1032.470703125,1032.470703125,1032.470703125,1032.470703125,0,AXISBANK.NS
2025-03-19,1050.3416748046875,1056.8311197639223,1041.8055099940893,1046.0985761774955,4822365,AXISBANK.NS
2025-03-20,1052.637939453125,1057.1805999868693,1045.200085389316,1054.5348786388236,3742644,AXISBANK.NS
2025-03-21,1068.4122314453125,1073.8034868790976,1048.8440838264673,1052.637839967216,6848565,AXISBANK.NS
2025-03-24,1096.067138671875,1103.1555843595158,1071.9563323258167,1080.2429024147984,8284863,AXISBANK.NS
2025-03-25,1116.7337646484375,1121.6756781665542,1094.569739540046,1108.1476316970598,11720528,AXISBANK.NS
2025-03-26,1094.4698486328125,1117.0331251287269,1087.281589139772,1113.1894013460305,7127060,AXISBANK.NS
2025-03-27,1096.56640625,1106.2007603513039,1086.333050840613,1090.226742151285,8508917,AXISBANK.NS
2025-03-28,1100.21044921875,1105.2023296598516,1084.7356198513357,1096.6163196755733,4921190,AXISBANK.NS
2025-04-01,1083.8370361328125,1099.4616459870902,1068.2623938308163,1091.4246698828026,6638140,AXISBANK.NS
2025-04-02,1082.68896484375,1093.8208832672776,1078.995021845347,1089.9271919160412,4065344,AXISBANK.NS
2025-04-03,1088.0802001953125,1090.1767656925256,1073.5539006365532,1077.148030327788,5345660,AXISBANK.NS
2025-04-04,1089.5279541015625,1100.110717042034,1073.7035944396453,1079.7438189672625,6059991,AXISBANK.NS
2025-04-07,1046.2481689453125,1067.2640342717123,1030.6735264023866,1033.3192474005818,9720457,AXISBANK.NS
2025-04-08,1076.099609375,1083.1880550099745,1058.578182686304,1059.2769971778353,8723357,AXISBANK.NS
2025-04-09,1059.9261474609375,1080.0932985296913,1056.2820498521507,1071.3575065294963,6690201,AXISBANK.NS
2025-04-11,1067.214111328125,1070.958021801289,1055.8327209873753,1061.5733837128932,8144072,AXISBANK.NS
2025-04-15,1110.9930419921875,1115.186173124392,1081.2413836112057,1088.2300167462733,9320299,AXISBANK.NS
2025-04-16,1159.414306640625,1161.6106854878976,1110.7933135489463,1120.8768885930303,12836428,AXISBANK.NS
2025-04-17,1188.8663330078125,1197.2525949221158,1151.7266682029742,1153.7234204439198,13446336,AXISBANK.NS
2025-04-21,1221.0140380859375,1236.688494977289,1196.1544474414134,1200.0481388219926,15166580,AXISBANK.NS
2025-04-22,1214.8240966796875,1232.9944930922131,1210.1316558499327,1228.4019873709017,8461710,AXISBANK.NS
2025-04-23,1204.940185546875,1228.0026499644732,1192.959671888685,1223.3103308638504,9433911,AXISBANK.NS
2025-04-24,1205.1397705078125,1218.0188466210914,1197.1527616775102,1197.1527616775102,9078137,AXISBANK.NS
2025-04-25,1164.4061279296875,1177.9840189088325,1144.1390437634036,1175.088703760494,17243807,AXISBANK.NS
2025-04-28,1190.863037109375,1194.0577918169092,1162.4093188261124,1164.4060709863415,5523502,AXISBANK.NS
2025-04-29,1185.3720703125,1208.03516052559,1182.4767550574834,1192.061141874012,6074520,AXISBANK.NS
2025-04-30,1183.07568359375,1191.9612552964234,1173.0919225507648,1183.1754968297632,6288257,AXISBANK.NS
2025-05-02,1181.4783935546875,1208.5343636071623,1178.183703418074,1180.1804557743023,5249372,AXISBANK.NS
2025-05-05,1171.2947998046875,1188.0675671485594,1162.4093499514113,1188.0675671485594,7236056,AXISBANK.NS
2025-05-06,1159.5140380859375,1176.8858067677252,1155.819973357097,1176.0870571311964,5348267,AXISBANK.NS
2025-05-07,1159.414306640625,1166.702379631733,1151.0279223537887,1157.1179926776738,4263817,AXISBANK.NS
2025-05-08,1170.29638671875,1177.0853927796272,1163.7071289961807,1168.1000081019201,9912347,AXISBANK.NS
2025-05-09,1149.230712890625,1170.2964243830247,1146.6349593857183,1158.1162846211869,5379571,AXISBANK.NS
2025-05-12,1201.0465087890625,1207.0367656907536,1173.2916030623917,1183.0757380839893,7616208,AXISBANK.NS
2025-05-13,1191.6617431640625,1212.8273905767053,1188.0676134138669,1203.2428820800658,5569926,AXISBANK.NS
2025-05-14,1193.55859375,1197.4522848041524,1183.9742078358338,1193.9579685531069,4084921,AXISBANK.NS
2025-05-15,1207.136474609375,1215.0236698893996,1183.0756358413628,1195.0561486093766,6705748,AXISBANK.NS
2025-05-16,1206.8370361328125,1211.329728425357,1201.2460326710943,1204.0415344019534,4016269,AXISBANK.NS
2025-05-19,1200.8468017578125,1217.0204455586522,1199.149489292932,1206.0383086422082,4550022,AXISBANK.NS
2025-05-20,1193.858154296875,1208.7338602551959,1190.962839316932,1206.0382936126746,4724482,AXISBANK.NS
2025-05-21,1195.85498046875,1202.9434266363357,1180.7794033676655,1195.1560440526246,3712472,AXISBANK.NS
2025-05-22,1186.5699462890625,1194.7565812251876,1175.5878096385115,1194.7565812251876,4795583,AXISBANK.NS
2025-05-23,1208.1348876953125,1211.1300159790983,1186.1706136142166,1186.5699884264711,3676469,AXISBANK.NS
2025-05-26,1213.2266845703125,1222.2120701857439,1206.737239403612,1214.225060749805,3607612,AXISBANK.NS
2025-05-27,1193.6585693359375,1214.7242829401805,1188.4670618056741,1213.2267186289012,7249163,AXISBANK.NS
2025-05-28,1192.7598876953125,1200.2477085066719,1189.7647593707686,1193.6584505670924,3525421,AXISBANK.NS
2025-05-29,1199.74853515625,1207.036729584128,1187.0692071757885,1198.051344500375,7788068,AXISBANK.NS
2025-05-30,1190.263916015625,1206.837056471761,1187.6681625772683,1199.449049091761,9998488,AXISBANK.NS
2025-06-02,1192.46044921875,1198.9498939286364,1177.285059235458,1187.8679434907856,3761853,AXISBANK.NS
2025-06-03,1179.5814208984375,1196.953190278046,1172.9921626846794,1193.0594989197061,8155665,AXISBANK.NS
2025-06-04,1169.0985107421875,1189.3655960137116,1166.7023835276484,1179.8810222715674,4306355,AXISBANK.NS
2025-06-05,1157.117919921875,1173.5911258569147,1155.1211676873247,1170.5959975050891,10481600,AXISBANK.NS
2025-06-06,1192.66015625,1199.2494146414624,1149.3306058090322,1157.0181754924818,14715421,AXISBANK.NS
2025-06-09,1217.9190673828125,1222.5115732140175,1204.2412412558594,1210.5310596341333,9138108,AXISBANK.NS
2025-06-10,1230.798095703125,1233.893037215761,1216.4214555953035,1222.4117121508891,7747558,AXISBANK.NS
2025-06-11,1229.400390625,1239.7835267494627,1226.1057006477856,1230.59839323194,4135775,AXISBANK.NS
2025-06-12,1210.9305419921875,1235.0911977749258,1208.8339763039494,1229.0011272054353,3461744,AXISBANK.NS
2025-06-13,1203.8419189453125,1209.7322402850675,1193.6584098658498,1196.0545368181986,3906868,AXISBANK.NS
2025-06-16,1213.4263916015625,1216.0221452054159,1194.0578700046613,1204.141444699681,5697424,AXISBANK.NS
2025-06-17,1213.1268310546875,1225.0075315706626,1209.333074821813,1213.4263926474275,4492946,AXISBANK.NS
2025-06-18,1219.0172119140625,1221.313525681243,1201.9450050651124,1207.8354483996377,3135662,AXISBANK.NS
2025-06-19,1215.52294921875,1225.8062721991687,1211.8290062533267,1216.0221372882443,4243763,AXISBANK.NS
2025-06-20,1218.7176513671875,1224.009093423643,1212.2282067446315,1215.5228966095312,4652390,AXISBANK.NS
2025-06-23,1212.12841796875,1220.9141765377137,1203.6422209833972,1210.6308537948642,2312469,AXISBANK.NS
2025-06-24,1219.2169189453125,1236.3890620360896,1213.6260368186765,1220.9142315421007,6745788,AXISBANK.NS
2025-06-25,1211.329833984375,1224.3087239605243,1209.033520085913,1224.3087239605243,4229259,AXISBANK.NS
2025-06-26,1231.4970703125,1236.9881395356201,1209.2332318044646,1213.2267366940066,8678448,AXISBANK.NS
2025-06-27,1223.110595703125,1244.975057739528,1218.4182765518997,1234.8914830095598,6068274,AXISBANK.NS
2025-06-30,1197.2525634765625,1233.9928524938196,1191.1624936760497,1226.9044065990563,6559872,AXISBANK.NS
2025-07-01,1171.394775390625,1200.048121898433,1165.1049569513073,1200.048121898433,8702198,AXISBANK.NS
2025-07-02,1173.3916015625,1179.9808601358986,1170.096911339753,1178.0839209734715,5471100,AXISBANK.NS
2025-07-03,1169.1982421875,1179.0821900859225,1166.1033006099556,1176.0870617453147,6237185,AXISBANK.NS
2025-07-04,1176.6925048828125,1178.5910651184386,1161.104550799174,1173.095303475241,3926186,AXISBANK.NS
2025-07-07,1174.1944580078125,1176.6925315385822,1166.700237415503,1176.6925315385822,5783402,AXISBANK.NS
2025-07-08,1164.501953125,1179.090677793982,1161.0046502671364,1179.090677793982,9973619,AXISBANK.NS
2025-07-09,1163.8023681640625,1170.0975618217456,1157.7070935609217,1159.1060390377668,8674795,AXISBANK.NS
2025-07-10,1163.40283203125,1175.6932803896598,1162.1037850287682,1169.1982893297397,4339755,AXISBANK.NS
2025-07-11,1172.8955078125,1174.9938651381117,1159.7056066670582,1161.1045522095474,4468654,AXISBANK.NS
2025-07-14,1171.7962646484375,1178.9907894899875,1162.1037882915339,1178.091458637763,4772502,AXISBANK.NS
2025-07-15,1165.0015869140625,1178.091467715654,1161.4043854536912,1173.0953206939591,4776756,AXISBANK.NS
2025-07-16,1167.4996337890625,1173.0952939304498,1156.2082929871394,1164.002330953665,4388279,AXISBANK.NS
2025-07-17,1158.90625,1171.9961301019453,1153.9101032453461,1169.098340588998,5694428,AXISBANK.NS
2025-07-18,1098.452880859375,1115.0400637891007,1085.1630816217619,1089.1599990494663,38053695,AXISBANK.NS
2025-07-21,1098.7525634765625,1100.6511236274998,1071.0739594077916,1085.163068778452,15905500,AXISBANK.NS
2025-07-22,1097.15380859375,1109.7440738053162,1094.1561205921278,1101.1507259292464,9999957,AXISBANK.NS
2025-07-23,1103.9486083984375,1109.6441667673976,1097.2536987270212,1098.6526441789765,6633979,AXISBANK.NS
2025-07-24,1094.256103515625,1104.1484990790943,1088.560544663815,1103.149269668163,9901209,AXISBANK.NS
2025-07-25,1085.262939453125,1100.151480708091,1075.37054479538,1085.262939453125,11779887,AXISBANK.NS
2025-07-28,1072.7725830078125,1091.3582241283038,1066.5774099597274,1080.06700589857,9029557,AXISBANK.NS
2025-07-29,1063.3798828125,1077.8687091686768,1054.5867372441537,1070.0747930042048,15599773,AXISBANK.NS
2025-07-30,1072.472900390625,1079.767201393535,1061.181560047832,1069.675009445578,8247433,AXISBANK.NS
2025-07-31,1067.57666015625,1080.466743145018,1063.080128088743,1065.1784853249985,7634413,AXISBANK.NS
2025-08-01,1061.581298828125,1070.0747484070778,1059.1831239635255,1064.1792707746743,5545447,AXISBANK.NS
2025-08-04,1067.7764892578125,1069.1754347826832,1058.183911621366,1063.5797746594428,4465845,AXISBANK.NS
2025-08-05,1069.974853515625,1079.0678163476823,1061.6812009903335,1067.1769625013424,5318081,AXISBANK.NS
2025-08-06,1070.1746826171875,1076.8694707767693,1064.7788194860536,1073.1723708037903,4216651,AXISBANK.NS
2025-08-07,1075.37060546875,1078.8679082841259,1063.6796705621337,1066.977176292842,5321131,AXISBANK.NS
2025-08-08,1057.2845458984375,1079.5674090897921,1053.3875270564029,1072.1730875391024,5084903,AXISBANK.NS
2025-08-11,1072.472900390625,1074.5712576112912,1051.7887798480178,1057.2845412230301,5452775,AXISBANK.NS
2025-08-12,1069.1754150390625,1075.7703044188218,1065.478315198115,1070.274542939649,4573025,AXISBANK.NS
2025-08-13,1065.178466796875,1071.9732750378564,1062.3805758797093,1070.2745119894926,4966778,AXISBANK.NS
2025-08-14,1067.376708984375,1071.5735453068455,1061.1815360016017,1066.1776825929462,6761305,AXISBANK.NS
2025-08-18,1081.7657470703125,1089.1600691829508,1078.5682617127516,1079.1677749702633,7964987,AXISBANK.NS
2025-08-19,1082.365234375,1094.1561900537483,1074.9710344159066,1077.1692902994891,5661531,AXISBANK.NS
2025-08-20,1079.3675537109375,1082.8648566259114,1076.969500721666,1080.1669860248583,3034728,AXISBANK.NS
2025-08-21,1078.068603515625,1089.1600252490596,1075.570530063219,1089.1600252490596,6459262,AXISBANK.NS
2025-08-22,1070.07470703125,1077.6688254953115,1068.6757615829724,1075.1707521863284,3853718,AXISBANK.NS
2025-08-25,1069.1754150390625,1073.6719471583856,1067.3767534008373,1072.1731031186114,2711278,AXISBANK.NS
2025-08-26,1049.290771484375,1068.9756639052698,1047.1924141337454,1067.1770021897328,7197666,AXISBANK.NS
2025-08-28,1051.08935546875,1058.6834739731687,1046.193107361876,1056.1854006509102,8564803,AXISBANK.NS
2025-08-29,1044.39453125,1062.1808635505645,1041.6966606316682,1051.2892385789264,4718016,AXISBANK.NS
2025-09-01,1060.6820068359375,1063.1800803329604,1046.792693797241,1046.792693797241,3190426,AXISBANK.NS
2025-09-02,1055.385986328125,1064.0793548230254,1048.1915838282832,1060.6819506517852,4933541,AXISBANK.NS
2025-09-03,1053.88720703125,1064.079420170901,1044.1947305714677,1055.3860511421183,8303296,AXISBANK.NS
2025-09-04,1049.590576171875,1061.3814097939771,1046.4929894565873,1057.3844922319947,8088417,AXISBANK.NS
2025-09-05,1055.0863037109375,1057.1846609678942,1046.9925703048245,1055.7857154711764,2849589,AXISBANK.NS
2025-09-08,1054.6866455078125,1062.1808661059258,1053.1878013881899,1055.0863616682946,2260147,AXISBANK.NS
2025-09-09,1051.3890380859375,1058.1838462289877,1047.891735478004,1056.6850022541591,4310419,AXISBANK.NS
2025-09-10,1069.2752685546875,1073.2721858257835,1054.2868287880779,1057.1846182048694,5241075,AXISBANK.NS
2025-09-11,1086.56201171875,1092.1576716429909,1068.176167416612,1068.176167416612,5227539,AXISBANK.NS
2025-09-12,1104.4482421875,1107.8455243744909,1087.5612418866979,1087.5612418866979,6014850,AXISBANK.NS
2025-09-15,1103.5489501953125,1109.1446103206003,1099.1523165339283,1104.1484634272642,3881807,AXISBANK.NS
2025-09-16,1120.3359375,1126.2314152658462,1103.1492408711283,1104.847882034871,7965606,AXISBANK.NS
2025-09-17,1125.13232421875,1127.6303977627526,1115.2399285892504,1120.435994746524,5590739,AXISBANK.NS
2025-09-18,1132.1268310546875,1133.5257765121382,1120.3358761684776,1128.129913734106,5713032,AXISBANK.NS
2025-09-19,1135.024658203125,1143.2182901919443,1125.731776333649,1132.1268686542164,8910732,AXISBANK.NS
2025-09-22,1143.51806640625,1146.715551462693,1130.3281661018914,1135.124515662792,7689900,AXISBANK.NS
2025-09-23,1169.8978271484375,1171.896285943036,1141.020073171241,1145.1168893049187,16079093,AXISBANK.NS
2025-09-24,1158.0069580078125,1171.8962708465979,1153.110709628871,1167.0999210108505,12812055,AXISBANK.NS
2025-09-25,1165.700927734375,1170.8969935063292,1152.5111491906418,1153.8100741514515,11188302,AXISBANK.NS
2025-09-26,1153.1107177734375,1168.798570429251,1147.1153414245289,1160.704836753473,5618932,AXISBANK.NS
2025-09-29,1131.327392578125,1157.4073755324762,1125.8316312925506,1154.5095860957442,9693881,AXISBANK.NS
2025-09-30,1130.7279052734375,1136.1237681453651,1124.5327321092266,1129.129162712632,8165203,AXISBANK.NS
2025-10-01,1158.6064453125,1163.9024097219321,1130.1284084936935,1131.6272525367885,9655009,AXISBANK.NS
2025-10-03,1180.08984375,1187.0844490897546,1168.5987064061178,1170.0975504074936,11095015,AXISBANK.NS
2025-10-06,1211.865478515625,1214.263531521155,1181.1890624105488,1184.086852097852,20128505,AXISBANK.NS
2025-10-07,1185.885498046875,1211.0660300798188,1183.0876069426613,1211.0660300798188,8620156,AXISBANK.NS
2025-10-08,1179.690185546875,1193.879315975699,1173.195194555325,1179.1905708552174,5160430,AXISBANK.NS
2025-10-09,1166.5003662109375,1186.3850546477581,1162.2036312205041,1177.092172913211,7194651,AXISBANK.NS
2025-10-10,1179.4903564453125,1190.7815749845481,1164.301997045437,1167.099888033273,6933035,AXISBANK.NS
2025-10-13,1188.6832275390625,1192.6801449968107,1166.600282980252,1170.0975857557814,4138448,AXISBANK.NS
2025-10-14,1175.8931884765625,1190.881629244145,1165.7009755688605,1190.881629244145,5742538,AXISBANK.NS
2025-10-15,1168.6986083984375,1180.7892589833573,1163.1029485053432,1179.0906179006056,6328142,AXISBANK.NS
2025-10-16,1195.378173828125,1215.9622749664172,1184.386650484972,1215.4626602690012,17747171,AXISBANK.NS
2025-10-17,1199.2750244140625,1211.9653104224176,1190.681676346755,1195.378127506221,6404414,AXISBANK.NS
2025-10-20,1225.05517578125,1230.7507342517279,1206.0698182446727,1206.9691490495477,7418616,AXISBANK.NS
2025-10-21,1236.3465576171875,1237.8454016834933,1221.0582993503724,1224.8554197755107,1940248,AXISBANK.NS
2025-10-23,1257.8299560546875,1275.1165506443417,1240.3434424090542,1245.0397715691,14611221,AXISBANK.NS
2025-10-24,1240.9429931640625,1255.0321030466466,1239.1443314870335,1253.2334413696176,4882046,AXISBANK.NS
2025-10-27,1253.133544921875,1257.5301786026632,1241.6424070164871,1242.441839313446,6185072,AXISBANK.NS
2025-10-28,1245.339599609375,1257.9298651445754,1235.6470016359046,1248.0374700896894,8146777,AXISBANK.NS
2025-10-29,1247.837646484375,1250.0359022381838,1238.244947255514,1245.9390863463195,4578825,AXISBANK.NS
2025-10-30,1237.6455078125,1247.0382885477723,1234.0483063753995,1242.042141558398,4017532,AXISBANK.NS
2025-10-31,1231.8499755859375,1244.4402408383398,1230.0513139886355,1242.0420660340162,4106607,AXISBANK.NS
2025-11-03,1232.749267578125,1240.043691021692,1221.35814994748,1225.0552499537425,6118907,AXISBANK.NS
2025-11-04,1225.6546630859375,1234.947544579493,1221.8576648446217,1229.1519657161218,3299345,AXISBANK.NS
2025-11-06,1227.55322265625,1238.6446437404365,1224.0559200275998,1224.0559200275998,3733721,AXISBANK.NS
2025-11-07,1221.857666015625,1227.8530419588296,1216.0620871466992,1226.0543803853739,3461466,AXISBANK.NS
2025-11-10,1216.0621337890625,1231.8500065022106,1214.5632897457729,1221.0582806000282,4140568,AXISBANK.NS
2025-11-11,1221.557861328125,1224.0559346641744,1208.467981442474,1217.1612278614307,5615453,AXISBANK.NS
2025-11-12,1220.6585693359375,1231.7499909053392,1215.562523963644,1226.9537631333974,6782513,AXISBANK.NS
2025-11-13,1224.2557373046875,1233.8484365397046,1212.264985237154,1218.0605641936236,3345231,AXISBANK.NS
2025-11-14,1240.6431884765625,1245.039822195777,1221.058316792327,1223.056775575948,5197740,AXISBANK.NS
2025-11-17,1248.636962890625,1260.028201798564,1239.44410172351,1242.9414044247746,4088026,AXISBANK.NS
2025-11-18,1264.4249267578125,1272.5186606280417,1246.6385943715704,1249.0367693639987,10175969,AXISBANK.NS
2025-11-19,1269.4210205078125,1272.0189924837014,1256.8307547967806,1267.0228456161299,4101288,AXISBANK.NS
2025-11-20,1284.2095947265625,1286.3080740780129,1261.6270343540828,1274.017503489148,4617594,AXISBANK.NS
2025-11-21,1274.81689453125,1283.5101413654154,1272.0190034707464,1283.0105266743428,6363593,AXISBANK.NS
2025-11-24,1268.0220947265625,1289.9052427423878,1265.623919797552,1278.2141857045526,10491953,AXISBANK.NS
2025-11-25,1265.32421875,1275.7161067708207,1262.7261247685515,1268.1219878416657,5290156,AXISBANK.NS
2025-11-26,1289.2056884765625,1291.8037824278044,1268.3218921582525,1270.9198641332523,4842021,AXISBANK.NS
2025-11-27,1286.3079833984375,1302.9950646537377,1280.0127897403665,1296.0004592453204,5924706,AXISBANK.NS
2025-11-28,1278.7137451171875,1288.0066268242583,1274.0174159821017,1286.3079857267776,3093636,AXISBANK.NS
2025-12-01,1274.7169189453125,1288.0067189868003,1267.522515930765,1287.0074895694327,4098016,AXISBANK.NS
2025-12-02,1257.030517578125,1280.012792541795,1254.1327280787623,1269.7206814849603,8115347,AXISBANK.NS
2025-12-03,1269.720703125,1271.9190809099528,1254.0328509120545,1254.0328509120545,3582794,AXISBANK.NS
2025-12-04,1279.0135498046875,1281.8114407353803,1268.421743240615,1269.7206681913929,3216108,AXISBANK.NS
2025-12-05,1281.51171875,1284.0097922758284,1266.3234805034615,1274.2172952640824,2728214,AXISBANK.NS
2025-12-08,1272.8184814453125,1287.806922715388,1264.1251123229204,1283.0105727184648,2969478,AXISBANK.NS
2025-12-09,1274.916748046875,1280.4125094545745,1262.22646215608,1271.0197291988948,4239279,AXISBANK.NS
2025-12-10,1277.6146240234375,1283.010486915057,1267.3226348920275,1272.0189640520778,2928746,AXISBANK.NS
2025-12-11,1271.7191162109375,1281.0119977463942,1270.020475144826,1276.4155672355312,2017404,AXISBANK.NS
2025-12-12,1285.10888671875,1290.0051350969381,1276.9152545582056,1277.0151531013842,2281078,AXISBANK.NS
2025-12-15,1283.8099365234375,1289.4055965703628,1279.0135867825068,1284.009733605876,1634472,AXISBANK.NS
2025-12-16,1218.66015625,1276.6154616594986,1215.9622856507456,1276.1158469576924,11542048,AXISBANK.NS
2025-12-17,1223.756103515625,1235.0474436599686,1219.3595920738758,1219.6592876851394,5147181,AXISBANK.NS
2025-12-18,1228.852294921875,1237.5455414162577,1219.259595647226,1225.1550731667012,3441592,AXISBANK.NS
2025-12-19,1229.651611328125,1240.5432356172332,1228.152767306034,1235.746885956047,5055047,AXISBANK.NS
2025-12-22,1232.2496337890625,1235.946855714303,1225.8546632801215,1234.0482954798545,2405809,AXISBANK.NS
2025-12-23,1224.0560302734375,1238.045242047991,1222.5571861547353,1238.045242047991,2920318,AXISBANK.NS
2025-12-24,1225.35498046875,1234.447943008406,1223.756115954151,1229.0520802122269,3155506,AXISBANK.NS
2025-12-26,1227.25341796875,1228.9521810205488,1221.058244894803,1224.0559328937265,1665983,AXISBANK.NS
2025-12-29,1231.050537109375,1232.949097235554,1218.0605557924741,1227.2534168570169,2209655,AXISBANK.NS
2025-12-30,1245.039794921875,1251.1350696831464,1231.0505837429776,1232.0498131128988,5673233,AXISBANK.NS
2025-12-31,1268.4217529296875,1270.5201101556172,1244.0405325550478,1245.0397618984655,3711090,AXISBANK.NS
2026-01-01,1273.41796875,1278.214196672934,1262.8261615302456,1269.021335005127,2022412,AXISBANK.NS
2026-01-02,1265.9237060546875,1280.8122479783322,1263.3257341026986,1272.918311604941,5860547,AXISBANK.NS
2026-01-05,1284.8092041015625,1288.7061011587011,1269.0213308796485,1273.2180455456032,6177100,AXISBANK.NS
2026-01-06,1292.802978515625,1303.5945822822944,1284.409427601834,1303.5945822822944,6751769,AXISBANK.NS
2026-01-07,1294.501708984375,1297.999011941878,1283.0105706954362,1292.0036354433014,5440002,AXISBANK.NS
2026-01-08,1285.808349609375,1302.1956130273209,1282.810661621765,1290.1049625392075,3949654,AXISBANK.NS
2026-01-09,1271.019775390625,1294.3018688089537,1269.1212151673558,1285.8084190520194,5531427,AXISBANK.NS
2026-01-12,1273.218017578125,1278.613880584573,1265.5240002008,1273.7176322643472,6489750,AXISBANK.NS
2026-01-13,1261.0274658203125,1283.0105119756586,1257.729960106514,1273.018218268683,5163166,AXISBANK.NS
2026-01-14,1297.7991943359375,1306.9920560312862,1252.5340536966494,1254.0328977976028,7776704,AXISBANK.NS
2026-01-15,1297.7991943359375,1297.7991943359375,1297.7991943359375,1297.7991943359375,0,AXISBANK.NS
2026-01-16,1293.20263671875,1307.9912805838399,1285.5086191528724,1297.7991895256325,5175495,AXISBANK.NS
2026-01-19,1306.492431640625,1325.9774048084967,1296.1004215558446,1305.992816944013,8833223,AXISBANK.NS
2026-01-20,1292.503173828125,1309.889789042553,1289.0058710771407,1305.0934393364212,6268527,AXISBANK.NS
2026-01-21,1283.9097900390625,1296.699852272607,1266.423276770507,1289.005835224937,3854702,AXISBANK.NS
2026-01-22,1293.80224609375,1297.8990621440864,1280.4125480470777,1289.0058962937878,5949677,AXISBANK.NS
2026-01-23,1257.030517578125,1297.9989207742324,1247.03822411566,1296.0004620817394,8885549,AXISBANK.NS
2026-01-27,1314.7860107421875,1332.172503629323,1277.4148091338427,1287.8068186364756,22715357,AXISBANK.NS
2026-01-28,1318.782958984375,1368.344710877668,1309.1902595410845,1346.96117816438,15426403,AXISBANK.NS
2026-01-29,1362.6490478515625,1365.9465535746094,1304.9935617911046,1316.9843142731056,16107684,AXISBANK.NS
2026-01-30,1369.343994140625,1377.6375249747894,1350.9581487855723,1350.9581487855723,14758482,AXISBANK.NS
2026-02-02,1310.4893798828125,1351.657583056608,1301.8960312952238,1337.9681888395623,8647298,AXISBANK.NS
2026-02-03,1355.15478515625,1417.2070248903838,1344.4630799847705,1401.9187671636068,10384723,AXISBANK.NS
2026-02-04,1337.6683349609375,1368.8443650997315,1335.5699776381928,1368.6444460360808,6672251,AXISBANK.NS
2026-02-05,1329.5745849609375,1338.9673655022464,1316.38480597186,1338.9673655022464,3766488,AXISBANK.NS
2026-02-06,1340.5660400390625,1345.3623895967637,1323.6790400259413,1323.978857614386,5876574,AXISBANK.NS
2026-02-09,1340.3663330078125,1348.9596813977641,1329.6745053102466,1348.9596813977641,4077536,AXISBANK.NS
2026-02-10,1355.6544189453125,1359.0518231520896,1342.2648431514538,1351.5576029795986,5478998,AXISBANK.NS
2026-02-11,1346.2618408203125,1358.9520056116282,1343.7637672805854,1356.9535467798464,3866272,AXISBANK.NS
2026-02-12,1338.9674072265625,1356.6537189643552,1335.1702866842277,1346.8613439479982,4152620,AXISBANK.NS
2026-02-13,1331.2733154296875,1345.4623234479259,1315.0857267297542,1340.2663796042373,4624549,AXISBANK.NS
2026-02-16,1357.2532958984375,1360.8504972188548,1322.9796798725715,1322.9796798725715,5082167,AXISBANK.NS
2026-02-17,1356.154052734375,1359.851274590649,1349.3593662013097,1357.2533026228227,4513065,AXISBANK.NS
2026-02-18,1375.9388427734375,1377.4376868287463,1352.7567701751589,1361.9496315905558,5556076,AXISBANK.NS
2026-02-19,1355.5545654296875,1381.7344486208985,1349.9589052436156,1380.0356854729655,2744704,AXISBANK.NS
2026-02-20,1367.24560546875,1375.439237570427,1349.95888845452,1349.95888845452,3791536,AXISBANK.NS
2026-02-23,1385.63134765625,1400.9196061284633,1379.1363566149982,1379.4361742227843,6160153,AXISBANK.NS
2026-02-24,1386.5306396484375,1396.9226494184725,1382.4338236555484,1396.9226494184725,7888492,AXISBANK.NS
2026-02-25,1401.9188232421875,1403.2178702295591,1386.5306663608878,1392.9257588022874,4379373,AXISBANK.NS
2026-02-26,1394.424560546875,1404.616651145543,1384.9318817040264,1401.918780685966,8979547,AXISBANK.NS
2026-02-27,1382.83349609375,1394.4245319425252,1379.935706637497,1385.9310826257845,5840317,AXISBANK.NS
2026-03-02,1371.2425537109375,1383.6329006836204,1352.5568907547233,1368.0449464468218,5132511,AXISBANK.NS
2026-03-04,1350.2586669921875,1356.5537387000065,1325.977345040809,1343.4638586340375,5832353,AXISBANK.NS
2026-03-05,1348.060302734375,1354.7552126199696,1334.2710107771431,1353.8558818023537,6057499,AXISBANK.NS
2026-03-06,1314.7860107421875,1346.8612480726197,1312.4877344760207,1345.9619172738485,11629935,AXISBANK.NS
2026-03-09,1287.3072509765625,1290.005121495157,1259.8284431987802,1281.21185421577,7926265,AXISBANK.NS
2026-03-10,1313.686767578125,1318.483117211831,1283.609988769071,1294.2017954025807,6289277,AXISBANK.NS
2026-03-11,1254.832275390625,1316.4846779309364,1251.7345668027367,1308.9904577529614,6859908,AXISBANK.NS
2026-03-12,1233.5487060546875,1250.1358898575004,1230.8508354394771,1242.2419531270289,9663320,AXISBANK.NS
2026-03-13,1196.3773193359375,1233.548601426835,1193.3796313616317,1223.0566935167647,9098187,AXISBANK.NS
2026-03-16,1213.763916015625,1218.9599821354238,1179.1906028112269,1198.2758601545113,8743794,AXISBANK.NS
2026-03-17,1227.153564453125,1231.3504009913356,1209.0675372579854,1218.7600133529452,5707317,AXISBANK.NS
2026-03-18,1252.2342529296875,1259.0290617359037,1223.25659992148,1227.0537204854681,6018952,AXISBANK.NS
2026-03-19,1206.06982421875,1240.543236758557,1201.0736774738505,1220.0590351044686,8264698,AXISBANK.NS
2026-03-20,1202.9722900390625,1230.850814485364,1198.7754534047704,1207.6686193933658,7518686,AXISBANK.NS
2026-03-23,1169.6978759765625,1184.1867018397022,1164.1022159005292,1180.0898858184764,6697446,AXISBANK.NS
2026-03-24,1191.78076171875,1201.8730754363555,1168.698588811437,1186.0852033826384,8274701,AXISBANK.NS
2026-03-25,1221.158203125,1238.0452040729795,1197.0767994184255,1199.0752581820623,9645791,AXISBANK.NS
2026-03-27,1204.271240234375,1212.5648931560606,1201.0737549020064,1208.5679755024764,9479301,AXISBANK.NS
2026-03-30,1160.4051513671875,1187.883959875634,1153.0108294096656,1184.1867379087505,18534887,AXISBANK.NS
2026-04-01,1192.1805419921875,1207.0690840633831,1174.0945147139696,1174.0945147139696,6595695,AXISBANK.NS
2026-04-02,1196.9769287109375,1201.3735624884298,1149.4136334255566,1173.694834782652,9501543,AXISBANK.NS
2026-04-06,1244.34033203125,1248.8368640111612,1195.4779934543012,1201.1735518383607,7847086,AXISBANK.NS
2026-04-07,1249.1365966796875,1254.5324596108962,1220.0590467422576,1236.846148755743,9248545,AXISBANK.NS
2026-04-08,1331.9727783203125,1334.5707503418926,1299.0981069582683,1299.0981069582683,13519723,AXISBANK.NS
2026-04-09,1317.48388671875,1337.5683720869056,1311.788328262907,1321.281007006804,6542529,AXISBANK.NS
2026-04-10,1349.759033203125,1357.552948822845,1325.077995466752,1327.775987854385,6755589,AXISBANK.NS
2026-04-13,1352.556884765625,1365.846684510496,1314.286472120357,1316.9843426965365,8974851,AXISBANK.NS
2026-04-15,1354.4554443359375,1383.4330967783883,1347.9604532712501,1365.946582373461,6789879,AXISBANK.NS
2026-04-16,1348.5599365234375,1363.448478566647,1341.9650470611996,1360.950405135781,5232398,AXISBANK.NS
2026-04-17,1358.0526123046875,1363.248678214176,1343.0641717554277,1351.957337543237,4062181,AXISBANK.NS
2026-04-20,1353.656005859375,1372.941181877113,1346.9612177367892,1358.4523557219322,4878641,AXISBANK.NS
2026-04-21,1376.6383056640625,1379.236399704072,1353.656029295873,1359.9512233524406,5145338,AXISBANK.NS
2026-04-22,1378.536865234375,1389.928104867213,1364.947369697062,1368.944287324286,3997911,AXISBANK.NS
2026-04-23,1368.5445556640625,1383.1332804429271,1364.347840993514,1367.945042422019,5671255,AXISBANK.NS
2026-04-24,1364.847412109375,1373.9403749227063,1348.9596408332025,1367.9449987412254,3648313,AXISBANK.NS
2026-04-27,1323.179443359375,1326.2771518946506,1298.8982435808812,1323.9788756219436,10768267,AXISBANK.NS
2026-04-28,1288.0067138671875,1320.3817712564608,1284.5094109203021,1310.9889903752908,9939787,AXISBANK.NS
2026-04-29,1295.4010009765625,1308.1910639372534,1278.014385257251,1294.0020554402972,6228275,AXISBANK.NS
2026-04-30,1267.3226318359375,1287.0074012162179,1256.3311089994636,1287.0074012162179,16481853,AXISBANK.NS
2026-05-01,1267.3226318359375,1267.3226318359375,1267.3226318359375,1267.3226318359375,0,AXISBANK.NS
2026-05-04,1274.1173095703125,1293.4024846611255,1263.525502940515,1267.3226232305547,9759479,AXISBANK.NS
2026-05-05,1258.729248046875,1272.7184598875697,1251.0352303249917,1267.0229010000714,10163714,AXISBANK.NS
2026-05-06,1293.20263671875,1299.9974454083847,1254.2326902384063,1274.0174810881558,7277673,AXISBANK.NS
2026-05-07,1291.7037353515625,1307.0918917772797,1280.212597796342,1297.9989290636138,6785048,AXISBANK.NS
2026-05-08,1267.3226318359375,1281.0120251235958,1263.625410059744,1279.0135664260551,6358595,AXISBANK.NS
2026-05-11,1271.319580078125,1282.011285578894,1250.735357413012,1257.7299630241207,7341360,AXISBANK.NS
2026-05-12,1259.12890625,1273.0182189048855,1255.9314210526663,1269.421017563825,5727828,AXISBANK.NS
2026-05-13,1254.7322998046875,1274.3172934854406,1246.538667573858,1255.1320159570741,6045406,AXISBANK.NS
2026-05-14,1253.6331787109375,1268.022106441695,1234.8477392086593,1255.631637507536,5822618,AXISBANK.NS
2026-05-15,1243.8408203125,1262.4264629724478,1241.0429291696062,1258.6293424179842,4805485,AXISBANK.NS
2026-05-18,1236.946044921875,1241.0428608886589,1221.1581722972078,1238.0451728188796,6052023,AXISBANK.NS
2026-05-19,1237.3458251953125,1248.8369633917555,1230.351219336608,1237.5456222864914,9200314,AXISBANK.NS
2026-05-20,1248.8369140625,1253.1335271630967,1225.6547195178894,1233.0490412431207,3562641,AXISBANK.NS
2026-05-21,1252.334228515625,1261.726887089914,1243.8407788007414,1255.9314298819743,5171528,AXISBANK.NS
2026-05-22,1284.409423828125,1287.8068279947058,1253.1334965544734,1253.1334965544734,5016900,AXISBANK.NS
2026-05-25,1310.189453125,1313.4869587156177,1292.9028588434312,1299.39784951034,5671455,AXISBANK.NS
2026-05-26,1298.298828125,1315.985139985791,1290.50478989495,1308.7907369859347,6455265,AXISBANK.NS
2026-05-27,1303.094970703125,1313.4869803364859,1292.103447855121,1295.3010549602839,7243174,AXISBANK.NS
2026-05-28,1303.094970703125,1303.094970703125,1303.094970703125,1303.094970703125,0,AXISBANK.NS
2026-05-29,1285.6085205078125,1311.5884848848368,1276.4156588264402,1295.1011997994176,15215715,AXISBANK.NS
2026-06-01,1274.916748046875,1292.2033425617142,1266.0235824646225,1288.0066280954209,4311076,AXISBANK.NS
2026-06-02,1250.1358642578125,1274.8169033533427,1243.9406908361375,1262.0267183828762,11884695,AXISBANK.NS
2026-06-03,1254.232666015625,1263.8253656219047,1229.3519520935338,1244.1404736967706,7953326,AXISBANK.NS
2026-06-04,1252.334228515625,1258.929118016639,1243.1412450502407,1245.0398052641103,6392593,AXISBANK.NS
2026-06-05,1271.319580078125,1275.0166799677856,1251.1350735574667,1259.0290099995375,7825303,AXISBANK.NS
2026-06-08,1267.1226806640625,1278.2141017590434,1261.0274061863013,1261.0274061863013,5034388,AXISBANK.NS
2026-06-09,1291.404052734375,1297.3994289105083,1270.520134658929,1274.916768250008,7533504,AXISBANK.NS
2026-06-10,1313.487060546875,1325.477813476934,1282.5109488108894,1282.5109488108894,12262606,AXISBANK.NS
2026-06-11,1316.284912109375,1338.4677555724868,1306.2926183014429,1307.7914623726329,8196686,AXISBANK.NS
2026-06-12,1355.2548828125,1357.4531387000588,1317.4839627353902,1330.9735596234657,8535670,AXISBANK.NS
2026-06-15,1367.24560546875,1376.9380816360685,1359.5514660793779,1370.9427053735023,7522828,AXISBANK.NS
2026-06-16,1364.6474609375,1370.4430399003772,1348.1601768264127,1362.4492051798502,7709061,AXISBANK.NS
2026-06-17,1349.8590087890625,1364.647530591123,1348.2602661586025,1363.048787960663,4761917,AXISBANK.NS
2026-06-18,1359.0518798828125,1364.8474591819588,1343.9635403676145,1346.561512407277,5186573,AXISBANK.NS
2026-06-19,1356.8536376953125,1361.9496832815275,1349.4593156798994,1355.7545097416184,4640277,AXISBANK.NS
2026-06-22,1357.552978515625,1365.0471986847929,1354.1555743103543,1359.9511533650066,3153284,AXISBANK.NS
2026-06-23,1362.44921875,1370.8427696854017,1355.0548971646165,1357.5529705396623,5745853,AXISBANK.NS
2026-06-24,1383.43310546875,1385.0318481148515,1354.9550675446912,1354.9550675446912,8343829,AXISBANK.NS
2026-06-25,1376.138671875,1399.021049380356,1371.6421396044548,1385.831270177255,7995552,AXISBANK.NS
2026-06-26,1376.138671875,1376.138671875,1376.138671875,1376.138671875,0,AXISBANK.NS
2026-06-29,1355.7545166015625,1391.5268564078813,1351.1579637199086,1391.5268564078813,12602010,AXISBANK.NS
2026-06-30,1344.6629638671875,1373.9404342753348,1342.5646065082708,1356.6537167481358,7781221,AXISBANK.NS
2026-07-01,1367.6451416015625,1376.6382056137847,1344.6628669036613,1344.6628669036613,3187785,AXISBANK.NS
2026-07-02,1361.5499267578125,1374.440010135796,1357.053394554533,1372.941166068036,4013561,AXISBANK.NS
2026-07-03,1341.065673828125,1371.941884852612,1337.3685740578373,1371.941884852612,3500465,AXISBANK.NS
2026-07-06,1338.567626953125,1369.9434532686023,1334.470810970254,1354.6551952621983,5154081,AXISBANK.NS
2026-07-07,1339.966552734375,1355.8543237280394,1335.1702030839804,1345.762131730582,6198988,AXISBANK.NS
2026-07-08,1308.4908447265625,1342.9642575887744,1302.9950832557752,1342.9642575887744,6917968,AXISBANK.NS
2026-07-09,1296.5999755859375,1320.5814799012492,1291.2041127197447,1311.8882333774443,5609851,AXISBANK.NS
2026-07-10,1323.699951171875,1326.5999755859375,1303.9000244140625,1304.0,3549139,AXISBANK.NS
2026-07-13,1319.4000244140625,1329.9000244140625,1313.5,1315.9000244140625,3674483,AXISBANK.NS
2026-07-14,1317.5999755859375,1323.699951171875,1298.5999755859375,1320.0999755859375,6005505,AXISBANK.NS
2026-07-15,1312.300048828125,1348.0,1303.300048828125,1328.0,9442403,AXISBANK.NS
2026-07-16,1307.5999755859375,1315.5,1299.4000244140625,1315.0999755859375,5001226,AXISBANK.NS
2026-07-17,1328.5,1333.0,1305.0,1307.0,11192836,AXISBANK.NS
2026-07-20,1256.0,1284.0,1249.0999755859375,1275.0,25314148,AXISBANK.NS
2026-07-21,1258.199951171875,1267.699951171875,1244.5,1245.0,15014867,AXISBANK.NS
2026-07-22,1238.4000244140625,1258.199951171875,1230.5,1258.199951171875,8358923,AXISBANK.NS
2026-07-23,1223.0,1239.4000244140625,1219.199951171875,1230.0999755859375,8240787,AXISBANK.NS
2026-07-24,1227.300048828125,1233.9000244140625,1210.5999755859375,1216.800048828125,8088828,AXISBANK.NS
2026-07-27,1227.5,1237.0,1221.5999755859375,1237.0,5967502,AXISBANK.NS
2026-07-28,1223.5,1233.9000244140625,1219.699951171875,1222.5,6093182,AXISBANK.NS
2026-07-29,1235.4000244140625,1237.0999755859375,1214.4000244140625,1229.5,10110233,AXISBANK.NS
2026-07-30,1228.9000244140625,1232.199951171875,1220.199951171875,1229.0,6878684,AXISBANK.NS
