Date,Close,High,Low,Open,Volume,Ticker
2020-01-01,427.93084716796875,434.72790583972085,424.57951351372674,430.5269325138728,5154996,BHARTIARTL.NS
2020-01-02,429.72454833984375,433.68948483751984,428.1196895966712,428.68609651753195,4933053,BHARTIARTL.NS
2020-01-03,429.6300964355469,433.5006412823277,426.23159645595473,430.19653266584436,5154587,BHARTIARTL.NS
2020-01-06,424.485107421875,431.8485727188383,419.76492306073453,428.49723918087926,7538915,BHARTIARTL.NS
2020-01-07,420.1897888183594,429.8189413133177,418.30172660771274,426.70364453586086,4353883,BHARTIARTL.NS
2020-01-08,433.1702575683594,434.9639283356116,415.7056241303646,417.8296940307979,14118818,BHARTIARTL.NS
2020-01-09,434.3503112792969,448.36922006321123,429.8189385227245,442.185792883049,18180867,BHARTIARTL.NS
2020-01-10,431.4237976074219,439.8729111726456,428.7805163976685,438.78726366748157,37724966,BHARTIARTL.NS
2020-01-13,442.65777587890625,443.9794310608017,428.8276802020275,433.3118275934288,15206224,BHARTIARTL.NS
2020-01-14,443.0826110839844,446.1979370707375,440.4865256620562,442.6577912357409,8238486,BHARTIARTL.NS
2020-01-15,441.66656494140625,445.5843055950835,438.97605880014805,443.2242279363741,10875259,BHARTIARTL.NS
2020-01-16,447.3779602050781,450.2572489746482,441.80816539138016,442.9409791462255,16290593,BHARTIARTL.NS
2020-01-17,472.0644836425781,475.60460009453107,448.5108149271613,448.5108149271613,61915666,BHARTIARTL.NS
2020-01-20,480.2303771972656,484.0065308670146,466.58909287349843,471.0732405025476,45298836,BHARTIARTL.NS
2020-01-21,483.10968017578125,486.1777810879943,476.17100499805235,481.4576258384358,65202963,BHARTIARTL.NS
2020-01-22,485.70574951171875,494.43809513591793,478.34228408531203,485.9417572663972,20285793,BHARTIARTL.NS
2020-01-23,494.34368896484375,496.56217966612496,483.67611402578825,486.17780818771905,15772863,BHARTIARTL.NS
2020-01-24,494.91009521484375,497.8365795413951,485.375335262234,491.3699496544944,23824625,BHARTIARTL.NS
2020-01-27,485.61138916015625,494.7684964965437,483.2512821121124,491.98359894339063,11856786,BHARTIARTL.NS
2020-01-28,463.7569885253906,485.6114086742674,458.89521653296424,485.5641836379801,31674769,BHARTIARTL.NS
2020-01-29,462.8128967285156,473.3388833930177,460.92483474219523,465.5034026693504,20037283,BHARTIARTL.NS
2020-01-30,462.3880920410156,465.31460582589716,453.2309558870799,464.4649661640336,15337903,BHARTIARTL.NS
2020-01-31,468.66595458984375,471.4508520709117,459.7448259035733,465.59782431196805,18356252,BHARTIARTL.NS
2020-02-03,481.5048522949219,484.6201490886266,468.2883580503637,468.2883580503637,15212799,BHARTIARTL.NS
2020-02-04,489.8595275878906,493.35244844011146,475.27421223922755,485.2337635740645,14646591,BHARTIARTL.NS
2020-02-05,503.50079345703125,507.4185633710253,486.932995843485,489.00987000542546,30647706,BHARTIARTL.NS
2020-02-06,516.1980590820312,521.862245151891,504.20883001350444,505.10566534467506,17180298,BHARTIARTL.NS
2020-02-07,509.2594299316406,518.2749792140736,508.126557460539,518.1805291489924,8967847,BHARTIARTL.NS
2020-02-10,508.5513610839844,513.2243791642671,506.0968921931724,509.9674076018868,8570467,BHARTIARTL.NS
2020-02-11,504.3976135253906,514.1684108226254,502.9343713251613,509.3066100142813,6622800,BHARTIARTL.NS
2020-02-12,509.4010314941406,511.9971462842708,505.0585003172434,506.0025313861819,5160923,BHARTIARTL.NS
2020-02-13,509.73150634765625,512.3748170615792,501.990415657513,509.49546920840055,5729055,BHARTIARTL.NS
2020-02-14,533.3795166015625,535.786789807469,504.3504162851024,514.404387634524,37517890,BHARTIARTL.NS
2020-02-17,533.2379150390625,536.8724523397985,525.3552378404491,533.3323064076842,23354434,BHARTIARTL.NS
2020-02-18,517.56689453125,537.0139797537968,507.22969068988664,531.821809344127,21865560,BHARTIARTL.NS
2020-02-19,512.9884033203125,522.6175560125918,508.5986174998328,518.3694159515838,22088140,BHARTIARTL.NS
2020-02-20,515.0652465820312,521.1070568112369,508.4569707836069,513.2715759153944,16010058,BHARTIARTL.NS
2020-02-24,500.2438659667969,511.7138838816537,497.6005556462392,511.66668820104684,9834434,BHARTIARTL.NS
2020-02-25,505.2945251464844,507.843444487402,501.2351676967474,503.1704843968237,9804202,BHARTIARTL.NS
2020-02-26,505.9553527832031,509.21226595109965,491.18119561424226,502.88722235502786,18965240,BHARTIARTL.NS
2020-02-27,501.89599609375,505.8609032408451,497.50621037963674,504.77528508411206,11381143,BHARTIARTL.NS
2020-02-28,494.2020568847656,498.82782060595696,484.7617173689685,495.52371204811965,16934165,BHARTIARTL.NS
2020-03-02,489.3403015136719,506.00251994500655,483.20407035376815,504.1144578498204,10096159,BHARTIARTL.NS
2020-03-03,491.6531982421875,503.5008117263651,485.37537984660054,494.67410355548157,10563605,BHARTIARTL.NS
2020-03-04,487.8298645019531,502.9816165871286,479.0031560488424,495.61815047848637,18066379,BHARTIARTL.NS
2020-03-05,497.4118347167969,500.99917649733493,487.73548626729973,493.54131881743905,14344961,BHARTIARTL.NS
2020-03-06,490.09552001953125,494.3436597296946,482.82644573926,488.7738648139276,9503868,BHARTIARTL.NS
2020-03-09,468.4771423339844,483.3456901388861,463.5681456314349,481.45762803046654,15664232,BHARTIARTL.NS
2020-03-11,466.1642761230469,480.04156830921403,459.74484125720227,459.74484125720227,21401999,BHARTIARTL.NS
2020-03-12,438.92889404296875,454.55266207542684,433.5006856949294,451.720568685433,14471096,BHARTIARTL.NS
2020-03-13,464.3233642578125,480.5607619229084,396.49448493635373,428.40284405991883,24254296,BHARTIARTL.NS
2020-03-16,438.7872619628906,465.36183711515207,430.6213812398151,445.8203288508656,14936276,BHARTIARTL.NS
2020-03-17,429.25250244140625,454.0806008450141,419.4817342676601,438.97604558296075,12629709,BHARTIARTL.NS
2020-03-18,401.7339172363281,452.0037483664445,384.6468783711823,434.25591122551737,29342689,BHARTIARTL.NS
2020-03-19,419.859375,426.3732011393295,341.5045024907214,393.1431841208387,24017236,BHARTIARTL.NS
2020-03-20,436.757568359375,445.584305767237,412.212672647667,420.0953789916805,19758966,BHARTIARTL.NS
2020-03-23,384.5524597167969,420.7561840905409,377.1417693012762,393.09596386787604,14907385,BHARTIARTL.NS
2020-03-24,381.4371337890625,413.34549356307286,377.75540109785163,387.9037638389537,12947855,BHARTIARTL.NS
2020-03-25,405.08526611328125,413.72319253596874,382.9004745925072,383.79728073668974,14093189,BHARTIARTL.NS
2020-03-26,444.3570251464844,465.8337883216403,396.7304809438012,402.630703831178,22302573,BHARTIARTL.NS
2020-03-27,423.8243408203125,448.2276513976329,413.01514907042105,444.3571061218136,16378409,BHARTIARTL.NS
2020-03-30,406.9260559082031,424.1547098093574,404.0467672116818,419.00970560898327,10210726,BHARTIARTL.NS
2020-03-31,416.2248229980469,421.9834299453657,400.27062800015244,416.31921436171257,17059457,BHARTIARTL.NS
2020-04-01,397.76898193359375,415.37523337082905,389.31989724775144,415.37523337082905,9646905,BHARTIARTL.NS
2020-04-03,400.2234191894531,407.8228922833487,392.34074266330214,407.8228922833487,14419445,BHARTIARTL.NS
2020-04-07,443.8850402832031,458.56477564644473,408.90854970153373,408.90854970153373,15553539,BHARTIARTL.NS
2020-04-08,435.8135070800781,463.6153432551894,427.6476272037189,447.8027653309331,13639333,BHARTIARTL.NS
2020-04-09,461.3497009277344,464.7482304550126,444.64028609819553,444.64028609819553,11962829,BHARTIARTL.NS
2020-04-13,483.5345153808594,491.74759164614073,463.5209625651195,463.5209625651195,24416550,BHARTIARTL.NS
2020-04-15,481.9296875,505.9553739420612,476.78468256477566,504.06731166148785,26277115,BHARTIARTL.NS
2020-04-16,472.44207763671875,484.2897201730859,469.51556376450293,472.0172577931093,17401120,BHARTIARTL.NS
2020-04-17,474.33013916015625,483.8177040543485,470.3180071931295,482.4016574777508,16430317,BHARTIARTL.NS
2020-04-20,462.8601379394531,479.28634927759407,459.65042050675083,479.28634927759407,11688508,BHARTIARTL.NS
2020-04-21,472.4892883300781,475.604614381821,452.33414841339965,456.9127167724629,15781695,BHARTIARTL.NS
2020-04-22,473.33892822265625,488.11308510617755,464.51221999030804,487.12182898904047,18447565,BHARTIARTL.NS
2020-04-23,468.2411804199219,478.9087558574847,463.56819102335254,473.7637802381432,12767355,BHARTIARTL.NS
2020-04-24,466.5890808105469,471.07322832366526,457.3375236367041,467.2026833862232,12161869,BHARTIARTL.NS
2020-04-27,466.4002990722656,474.8966084741046,463.6154014075666,470.1764235395048,10074370,BHARTIARTL.NS
2020-04-28,458.4703369140625,469.60995547319175,457.00709474361054,469.60995547319175,11729091,BHARTIARTL.NS
2020-04-29,468.2411804199219,470.50686691209756,459.7920664367609,463.4737996489084,8371711,BHARTIARTL.NS
2020-04-30,485.5169677734375,487.07463079185885,467.48592722852857,474.9437844825617,20170888,BHARTIARTL.NS
2020-05-04,502.6983947753906,509.7786273999024,471.9228486216599,474.3301218438844,34658164,BHARTIARTL.NS
2020-05-05,498.4974060058594,522.7119020451277,496.6093439202919,507.8905794527645,30498970,BHARTIARTL.NS
2020-05-06,515.4427490234375,520.5877819915354,500.38545032203115,501.99027936906964,26074684,BHARTIARTL.NS
2020-05-07,498.4974060058594,514.8292252275542,495.0989059920573,514.8292252275542,15823732,BHARTIARTL.NS
2020-05-08,500.385498046875,515.2540154671158,498.73341446636215,509.77861225307674,13847608,BHARTIARTL.NS
2020-05-11,506.1912841796875,517.8029478223705,502.32076876619,503.217604098746,14490804,BHARTIARTL.NS
2020-05-12,528.5177001953125,532.4354111615907,500.81025585186035,503.17039200874046,23041211,BHARTIARTL.NS
2020-05-13,524.8360595703125,537.8637128890132,518.5582113473354,536.5893119303907,21509772,BHARTIARTL.NS
2020-05-14,509.6370544433594,531.0193986511283,505.1528776400181,520.2574330242064,13428330,BHARTIARTL.NS
2020-05-15,523.0895385742188,525.7328490369698,509.21224669642305,513.0827623231598,14758117,BHARTIARTL.NS
2020-05-18,507.937744140625,527.715257851335,505.2472382225358,525.732804522677,21991328,BHARTIARTL.NS
2020-05-19,565.2879028320312,569.7248842394342,525.8272618204882,527.2433084758316,73259076,BHARTIARTL.NS
2020-05-20,560.8036499023438,577.7490704909753,555.6586752135721,571.1408536596658,36412918,BHARTIARTL.NS
2020-05-21,561.2756958007812,570.6688690911336,552.6378295136034,557.4523760113387,20673544,BHARTIARTL.NS
2020-05-22,560.0013427734375,563.9662499448174,554.148314685804,563.5886257615667,11630640,BHARTIARTL.NS
2020-05-26,527.9513549804688,544.1887249925284,526.3464669025192,539.9877807606899,77933211,BHARTIARTL.NS
2020-05-27,531.5858764648438,533.8987584427513,522.8535597685276,529.6033642687098,22948762,BHARTIARTL.NS
2020-05-28,531.2554931640625,536.2116860242628,524.8832535868197,533.0491640792036,16574283,BHARTIARTL.NS
2020-05-29,521.6734619140625,532.4354271763714,513.3659655393797,526.7712411121136,55206200,BHARTIARTL.NS
2020-06-01,527.762451171875,530.2169786832466,519.3605637011088,527.7152554929363,40024637,BHARTIARTL.NS
2020-06-02,526.86572265625,540.2710592246623,524.9776603116522,531.4914871407356,32573015,BHARTIARTL.NS
2020-06-03,520.7767333984375,536.4948940414154,518.5110467678085,536.2117199007787,29783799,BHARTIARTL.NS
2020-06-04,540.4125366210938,552.637802392635,518.7941567212679,521.3902125677043,30007267,BHARTIARTL.NS
2020-06-05,551.6466064453125,556.9804234416818,535.6924685449866,551.3162366392775,48771843,BHARTIARTL.NS
2020-06-08,552.4017944335938,560.4733125754792,546.7848039319229,555.0923004808889,20813563,BHARTIARTL.NS
2020-06-09,536.0228271484375,558.5380455288723,534.0403735492488,547.540041959951,15219451,BHARTIARTL.NS
2020-06-10,535.3619995117188,543.7638877061614,531.5386795796259,539.0437323948001,19489440,BHARTIARTL.NS
2020-06-11,520.9654541015625,541.6870598407203,516.1037115886913,538.0997182111221,27803048,BHARTIARTL.NS
2020-06-12,528.7537841796875,530.5474551444908,509.7787106850645,509.7787106850645,19224358,BHARTIARTL.NS
2020-06-15,519.8798828125,532.1995425029316,518.275053292096,524.8832715308744,13838935,BHARTIARTL.NS
2020-06-16,514.4044799804688,527.9985994091145,506.9466219208157,526.7713353950949,19430678,BHARTIARTL.NS
2020-06-17,531.916259765625,533.8515763278358,510.7226972598256,516.2452967372981,20916747,BHARTIARTL.NS
2020-06-18,529.509033203125,540.8374659671954,526.9601725193999,532.6715552393676,19692591,BHARTIARTL.NS
2020-06-19,540.4598388671875,545.840851738975,529.603421747147,530.4530615375455,41924711,BHARTIARTL.NS
2020-06-22,548.5313110351562,555.09233295113,538.4773388813004,543.5751184844935,12954502,BHARTIARTL.NS
2020-06-23,546.4071655273438,551.8825688419491,542.2062216810195,548.5312646411458,9944839,BHARTIARTL.NS
2020-06-24,526.1575927734375,549.4280549540391,523.9391024810188,548.4839653243995,12619809,BHARTIARTL.NS
2020-06-25,527.7153930664062,532.1523750542809,519.2191120228133,522.900845548592,15881470,BHARTIARTL.NS
2020-06-26,529.0369262695312,534.7011123229914,525.9687961400263,528.6593021257482,11317405,BHARTIARTL.NS
2020-06-29,535.3619995117188,537.1084745872519,520.3518351802719,527.6209095804272,13162970,BHARTIARTL.NS
2020-06-30,528.5177001953125,544.7078726327755,526.204818418532,539.9877177212019,13182057,BHARTIARTL.NS
2020-07-01,528.8009033203125,542.8197802319688,527.054428490628,542.8197802319688,13894655,BHARTIARTL.NS
2020-07-02,527.1961059570312,535.2676246188527,526.3936619190747,533.190720997277,13795692,BHARTIARTL.NS
2020-07-03,548.908935546875,550.7970566225246,529.2258089808212,530.3586816262109,21005887,BHARTIARTL.NS
2020-07-06,544.330322265625,556.3196112875236,542.8670799148523,554.7147231794429,16114629,BHARTIARTL.NS
2020-07-07,535.4091186523438,549.9944610505297,534.3706963725173,546.5959027513308,12759442,BHARTIARTL.NS
2020-07-08,529.8865966796875,541.8758264095219,527.7153017527046,539.9877642820927,9581306,BHARTIARTL.NS
2020-07-09,536.8252563476562,538.3356943480376,528.9425791535631,532.4354706982638,8611659,BHARTIARTL.NS
2020-07-10,542.5366821289062,546.5960396132087,533.9932059676356,537.2501193524714,13532330,BHARTIARTL.NS
2020-07-13,553.95947265625,556.0363763113762,538.0997265853449,542.3478665649336,16660491,BHARTIARTL.NS
2020-07-14,556.3667602539062,563.3997973047808,546.1711429378398,551.7881921433478,32935464,BHARTIARTL.NS
2020-07-15,532.0579223632812,555.989187523266,528.3289348748392,555.989187523266,20062926,BHARTIARTL.NS
2020-07-16,531.2554931640625,534.5124064833706,522.3343342754812,534.2291736595207,11528871,BHARTIARTL.NS
2020-07-17,535.0315551757812,541.7814181617878,530.3114000042855,531.5858595109183,12189475,BHARTIARTL.NS
2020-07-20,543.5278930664062,549.9001318970768,535.8339990477874,539.0437163039202,9789671,BHARTIARTL.NS
2020-07-21,535.9756469726562,551.127399621871,534.6539916345845,547.5400578044053,12005925,BHARTIARTL.NS
2020-07-22,537.2973022460938,543.2919176030998,531.3026868890877,536.2116840440348,11034525,BHARTIARTL.NS
2020-07-23,535.4563598632812,543.5278778091829,532.4354254183281,538.0996701649783,9718786,BHARTIARTL.NS
2020-07-24,528.1400756835938,535.6451278577256,524.3167560780689,533.3795004626688,9960443,BHARTIARTL.NS
2020-07-27,528.1873168945312,532.1994782629048,513.6964224668833,526.9601117332675,10895560,BHARTIARTL.NS
2020-07-28,533.001953125,542.1118945011376,524.222440250372,527.2433163464258,14210206,BHARTIARTL.NS
2020-07-29,534.5123291015625,537.297226445351,528.8953387336935,533.6154937738276,9979767,BHARTIARTL.NS
2020-07-30,521.767822265625,547.9647693075439,512.6578824629252,543.7638256894437,45326361,BHARTIARTL.NS
2020-07-31,523.797607421875,527.9985516616431,515.7260887345753,520.0686200281592,13917435,BHARTIARTL.NS
2020-08-03,516.71728515625,525.355210252433,515.8204497992393,523.4671481747466,9392745,BHARTIARTL.NS
2020-08-04,518.2749633789062,522.3815158966229,515.3012245965828,517.3309323657136,12035116,BHARTIARTL.NS
2020-08-05,527.6680297851562,529.1312718522645,515.9620345472003,521.1070089707506,12920232,BHARTIARTL.NS
2020-08-06,526.1048583984375,532.1683646896295,523.5941514650586,532.1683646896295,10620956,BHARTIARTL.NS
2020-08-07,531.315673828125,533.7789566891931,523.025710475967,526.7680293831608,7346008,BHARTIARTL.NS
2020-08-10,529.4682006835938,535.2948812157231,525.6311514300813,534.6316511522206,9594610,BHARTIARTL.NS
2020-08-11,522.1256713867188,531.0314410121757,521.2729806619179,528.6628883943357,8290695,BHARTIARTL.NS
2020-08-12,518.9044189453125,531.7420269296065,516.6779618500152,521.0835108802727,12613101,BHARTIARTL.NS
2020-08-13,507.2037048339844,519.4728722774847,496.6873429245753,505.9247276503349,37464752,BHARTIARTL.NS
2020-08-14,500.8086242675781,514.3094032503676,497.3978614681263,514.3094032503676,18550546,BHARTIARTL.NS
2020-08-17,493.98712158203125,504.5035713438512,490.86063815051756,502.656094489247,19369462,BHARTIARTL.NS
2020-08-18,498.62957763671875,501.2823802967628,492.8028965998175,494.6030084825692,13771669,BHARTIARTL.NS
2020-08-19,507.6773986816406,511.5145068422037,499.3874352815499,501.1875470060853,17395288,BHARTIARTL.NS
2020-08-20,497.9189758300781,505.5457686498375,495.2188080413166,503.082485590286,13690809,BHARTIARTL.NS
2020-08-21,492.8976135253906,501.9455078605501,488.87104472136014,501.9455078605501,22244899,BHARTIARTL.NS
2020-08-24,499.197998046875,504.40881391321955,481.48115929822103,490.6711789914555,29714401,BHARTIARTL.NS
2020-08-25,500.85601806640625,507.48796558161604,498.345310983037,506.3984490205425,19881871,BHARTIARTL.NS
2020-08-26,487.4499206542969,500.61911431516387,485.08136806031433,500.61911431516387,26386996,BHARTIARTL.NS
2020-08-27,484.2760314941406,491.2396230916361,481.29164351119834,487.3551792522552,22268191,BHARTIARTL.NS
2020-08-28,495.9294128417969,501.70872874991557,485.1761360996355,485.1761360996355,22217757,BHARTIARTL.NS
2020-08-31,486.1235046386719,494.83984272258743,481.8127449398817,491.2396193244424,190329697,BHARTIARTL.NS
2020-09-01,517.5306396484375,526.2469482589318,487.1656844451188,490.292167876657,75732733,BHARTIARTL.NS
2020-09-02,521.6045532226562,529.6102663101618,516.4411030450857,521.0834775803569,35680638,BHARTIARTL.NS
2020-09-03,509.7143859863281,523.8310296583044,507.4879289505052,521.6045726224814,25084656,BHARTIARTL.NS
2020-09-04,495.6451110839844,509.7143896993774,492.1870420633246,503.55615312061747,28610361,BHARTIARTL.NS
2020-09-07,488.3500061035156,500.24016441008,483.4707756820687,497.397901125186,16450037,BHARTIARTL.NS
2020-09-08,471.9122009277344,489.67640529309995,468.02775678167365,488.87107969230755,33745174,BHARTIARTL.NS
2020-09-09,477.7388610839844,480.0126835256497,465.28023227498505,467.3171994396414,32068518,BHARTIARTL.NS
2020-09-10,471.20159912109375,481.29167483710665,465.3749477107548,481.29167483710665,21400064,BHARTIARTL.NS
2020-09-11,465.80126953125,476.0334402179093,462.86424666528467,473.0490521916428,15888599,BHARTIARTL.NS
2020-09-14,449.1739807128906,471.10684840710195,443.67891513518975,469.92257211120875,53032505,BHARTIARTL.NS
2020-09-15,460.0220031738281,462.0115756388024,445.3369176743296,450.1687828057548,31436333,BHARTIARTL.NS
2020-09-16,456.42181396484375,464.9012685294874,455.2849027037092,461.39580441430115,13379581,BHARTIARTL.NS
2020-09-17,453.8163757324219,456.99025401995783,449.07924088249325,454.76379681121824,13750507,BHARTIARTL.NS
2020-09-18,468.5487976074219,471.48582044397216,450.3108840544264,457.6060318020575,55830089,BHARTIARTL.NS
2020-09-21,443.1578063964844,469.92256828980214,436.99956970791857,469.92256828980214,23162880,BHARTIARTL.NS
2020-09-22,446.1896057128906,453.3426583140204,436.76273077477373,443.86841821387185,18950065,BHARTIARTL.NS
2020-09-23,410.9927978515625,442.44727254284805,401.61328774940137,442.44727254284805,86810146,BHARTIARTL.NS
2020-09-24,397.2550964355469,410.7085101259166,394.27070847139476,402.8922573367537,36458719,BHARTIARTL.NS
2020-09-25,416.53521728515625,421.5565725253505,399.9552896336129,402.65542790312,34232784,BHARTIARTL.NS
2020-09-28,420.32489013671875,424.1146037729433,411.22963043048253,422.5513472662,21445626,BHARTIARTL.NS
2020-09-29,412.6981506347656,421.1776048176131,406.9188642575285,420.6565291043735,18187111,BHARTIARTL.NS
2020-09-30,398.818359375,417.2457631241619,396.16555693882833,414.97194088057057,27686374,BHARTIARTL.NS
2020-10-01,409.6190185546875,411.7507159570528,401.37641991840565,403.6028771011107,13593932,BHARTIARTL.NS
2020-10-05,402.1343688964844,414.49826740479364,400.76060239556114,409.61903690508456,15282146,BHARTIARTL.NS
2020-10-06,404.3134460449219,407.3925645389413,400.8553473384905,404.5503013136926,11078299,BHARTIARTL.NS
2020-10-07,400.239501953125,409.05054129811873,398.96046585984556,405.308222252958,10393534,BHARTIARTL.NS
2020-10-08,402.1343688964844,412.60342518447135,397.0656482835535,403.60289518199255,17018635,BHARTIARTL.NS
2020-10-09,402.8449401855469,412.1297202115926,401.0448282694794,405.49774289468803,20948615,BHARTIARTL.NS
2020-10-12,393.228515625,407.9609649006569,390.1967625945273,405.4976821323663,14326607,BHARTIARTL.NS
2020-10-13,393.46539306640625,405.02399449004616,391.38106089937855,399.007853247581,28303313,BHARTIARTL.NS
2020-10-14,391.5232238769531,397.44463537366806,389.6757467890443,394.5076122078788,14374547,BHARTIARTL.NS
2020-10-15,378.21185302734375,393.6548683279042,374.2326789413442,391.66529601287664,28378188,BHARTIARTL.NS
2020-10-16,380.5330505371094,385.886020561535,377.4065670488051,383.1858529693145,23786283,BHARTIARTL.NS
2020-10-19,376.7907409667969,383.3753525950251,373.28527719934226,382.3331717690543,17237471,BHARTIARTL.NS
2020-10-20,383.7069091796875,391.4757965303113,376.08014675784653,376.79071248987316,26395238,BHARTIARTL.NS
2020-10-21,396.9709167480469,398.10782796797344,382.3331958374733,384.3701630005061,23929199,BHARTIARTL.NS
2020-10-22,408.0083923339844,409.6190140224735,396.0234747216341,396.9708957788693,27014551,BHARTIARTL.NS
2020-10-23,411.56121826171875,414.59297151368946,404.8345111314171,412.03492878684085,18512271,BHARTIARTL.NS
2020-10-26,411.2296142578125,416.34569948236367,405.497693595807,411.5138346689665,11956996,BHARTIARTL.NS
2020-10-27,410.5664367675781,415.82464722160745,405.024005886399,411.2296374015585,13021129,BHARTIARTL.NS
2020-10-28,428.0937805175781,462.34318110015136,418.7616360404117,422.5513496984503,125905730,BHARTIARTL.NS
2020-10-29,427.0989685058594,433.0677443283547,421.60390318001004,424.1619457530874,25537340,BHARTIARTL.NS
2020-10-30,410.9454040527344,430.98346045208,407.866285480174,430.98346045208,23483928,BHARTIARTL.NS
2020-11-02,433.3520202636719,435.8153328354398,412.1297166002969,412.1297166002969,28703578,BHARTIARTL.NS
2020-11-03,430.6991882324219,436.4784743118444,423.9251159415414,433.92043158527684,16337850,BHARTIARTL.NS
2020-11-04,429.2306823730469,431.59923494805616,423.6408865136468,429.1833172127358,10191499,BHARTIARTL.NS
2020-11-05,433.2572326660156,437.61538718739905,428.8043478216234,432.973012241043,9407770,BHARTIARTL.NS
2020-11-06,426.246337890625,436.1469240127223,425.1567918124367,432.97304556440554,12195207,BHARTIARTL.NS
2020-11-09,446.994873046875,449.78977089810047,428.75695981949315,432.30978858225143,24953555,BHARTIARTL.NS
2020-11-10,441.8788146972656,449.22135737575326,440.5524134295248,449.0792324342287,9800899,BHARTIARTL.NS
2020-11-11,453.4373779296875,456.0427857953136,439.65234874721756,443.3473025935748,16032885,BHARTIARTL.NS
2020-11-12,454.6216735839844,457.795551883507,450.07405827977647,451.779410336861,14785276,BHARTIARTL.NS
2020-11-13,450.7372131347656,452.8689399487863,445.28954210857484,451.92151890075314,8428163,BHARTIARTL.NS
2020-11-14,456.1849060058594,461.3957511390496,453.81635342529364,461.3957511390496,4014491,BHARTIARTL.NS
2020-11-17,459.0745544433594,468.9277742177535,455.94804153542697,465.09069555000826,19050384,BHARTIARTL.NS
2020-11-18,453.2478942871094,459.5009203832068,446.33169701688894,458.5061047101297,10504589,BHARTIARTL.NS
2020-11-19,443.915771484375,456.13754412632636,442.447245309105,450.9740641164187,11541941,BHARTIARTL.NS
2020-11-20,458.2692565917969,460.40095400000695,440.8840328219913,445.76326311649524,12090462,BHARTIARTL.NS
2020-11-23,452.15838623046875,461.15891588294625,450.1214191404541,461.15891588294625,10193531,BHARTIARTL.NS
2020-11-24,449.31610107421875,455.94807815439,446.4264726434249,453.24791037667325,9346208,BHARTIARTL.NS
2020-11-25,439.69970703125,452.7741702277016,434.53625654166694,451.44779846314924,14497115,BHARTIARTL.NS
2020-11-26,443.7736511230469,444.9579274340621,435.9100328531488,444.0578715465013,11535113,BHARTIARTL.NS
2020-11-27,438.8944396972656,447.8002391750512,437.7101633356354,443.6789397630096,18491882,BHARTIARTL.NS
2020-12-01,454.24273681640625,457.1323653154666,436.28904194930846,443.1578450080994,18534936,BHARTIARTL.NS
2020-12-02,459.4061584472656,462.2484216005506,449.12659291337127,455.71120456561675,20948620,BHARTIARTL.NS
2020-12-03,454.6690673828125,463.43274183491695,449.07924176855926,461.4905050547947,20094168,BHARTIARTL.NS
2020-12-04,467.7909240722656,471.62797378410113,457.9850681794609,461.2536769917462,31622330,BHARTIARTL.NS
2020-12-07,482.19171142578125,483.6602376021415,468.5961723759378,471.8174156934466,22541162,BHARTIARTL.NS
2020-12-08,477.1230163574219,489.1079343807054,473.38069716183867,486.97623692883553,19661141,BHARTIARTL.NS
2020-12-09,476.6019287109375,480.2495174885598,472.85960960909506,478.35467535658347,11826802,BHARTIARTL.NS
2020-12-10,478.5915222167969,482.00222621206774,468.1224666008092,475.1333941483557,13441906,BHARTIARTL.NS
2020-12-11,477.88092041015625,481.765364332694,471.15421337861585,481.765364332694,14019094,BHARTIARTL.NS
2020-12-14,476.6019287109375,485.08138259866723,474.8018169031814,480.34424781277994,14147649,BHARTIARTL.NS
2020-12-15,477.69146728515625,480.1547502360121,471.9121811990005,479.2546943461411,13320211,BHARTIARTL.NS
2020-12-16,489.060546875,491.52385926930543,475.7018629907158,477.69146486180244,17707777,BHARTIARTL.NS
2020-12-17,488.0184326171875,495.02936067634363,485.0814094763202,489.818515068737,20023766,BHARTIARTL.NS
2020-12-18,483.80230712890625,487.8288757877428,478.49673191741095,486.8814547988269,11000487,BHARTIARTL.NS
2020-12-21,465.0907287597656,484.32342971937624,454.9059226859251,480.81796582947,15539470,BHARTIARTL.NS
2020-12-22,473.99652099609375,478.44940589946236,460.022001354489,468.0277447128834,21632475,BHARTIARTL.NS
2020-12-23,480.53375244140625,482.7128150678523,472.1964232439558,473.99653510612063,13326963,BHARTIARTL.NS
2020-12-24,490.1027526855469,495.50305881674325,483.61287105707527,492.6607955325291,21241048,BHARTIARTL.NS
2020-12-28,494.1766052246094,499.292690377362,489.43950025204,492.75547373283854,13124256,BHARTIARTL.NS
2020-12-29,492.8976135253906,497.3504982250504,488.0183834741563,495.50302133885754,11457626,BHARTIARTL.NS
2020-12-30,489.0131530761719,495.88198471653664,486.3129855783848,495.88198471653664,10691466,BHARTIARTL.NS
2020-12-31,482.90228271484375,491.192246363129,479.681039360585,489.9132397272609,15816475,BHARTIARTL.NS
2021-01-01,488.0657958984375,489.2500722919715,481.4811838032509,485.31826288305945,10377082,BHARTIARTL.NS
2021-01-04,489.9132385253906,493.13448187174697,484.70239330418616,489.81847874700014,13489114,BHARTIARTL.NS
2021-01-05,486.9762268066406,489.7237596920977,484.2286939211836,486.9762268066406,10689423,BHARTIARTL.NS
2021-01-06,497.6820983886719,503.7929696961602,486.1234974493379,487.9236091217884,30837593,BHARTIARTL.NS
2021-01-07,516.5831909179688,525.2994990606829,499.38740041560754,504.0298337944748,39444841,BHARTIARTL.NS
2021-01-08,511.84613037109375,520.8466302313046,509.05117350615825,520.4202848730529,14538362,BHARTIARTL.NS
2021-01-11,518.3833618164062,525.2048288273674,513.030391564107,513.030391564107,19892197,BHARTIARTL.NS
2021-01-12,536.0054931640625,539.0846413805072,516.3464157868981,520.1361593270988,25857074,BHARTIARTL.NS
2021-01-13,547.8482666015625,570.0653555129238,537.1897501000664,557.0856514969854,85239439,BHARTIARTL.NS
2021-01-14,550.0272827148438,554.0537922537037,540.0793039334459,552.0642200621783,16974338,BHARTIARTL.NS
2021-01-15,570.9654541015625,578.5448821457502,562.5807593253976,577.5026717605421,57451072,BHARTIARTL.NS
2021-01-18,556.0908813476562,571.2970429931497,553.2959832170197,570.96542793524,21359539,BHARTIARTL.NS
2021-01-19,561.1595458984375,566.0387463932827,555.6644805129459,560.0226053470137,11034273,BHARTIARTL.NS
2021-01-20,564.8071899414062,570.8233315789031,558.033087861806,561.1596010456135,13333007,BHARTIARTL.NS
2021-01-21,550.7852783203125,572.2918315945343,544.2006957702876,568.6916078422114,17380638,BHARTIARTL.NS
2021-01-22,546.5219116210938,554.7645109817613,542.6374377725558,553.2012248443149,12662954,BHARTIARTL.NS
2021-01-25,550.216796875,556.9435333327002,539.6056459679079,548.5587806128111,12503932,BHARTIARTL.NS
2021-01-27,540.7898559570312,551.1641803552104,532.7841428897125,549.5061642059856,15567653,BHARTIARTL.NS
2021-01-28,540.8846435546875,545.5743832213226,533.163121453763,536.7159795274688,15201598,BHARTIARTL.NS
2021-01-29,524.4942016601562,548.0850554231005,521.6519386398337,548.0850554231005,25521965,BHARTIARTL.NS
2021-02-01,548.7009887695312,550.5484658544136,520.3256023616791,529.6103529511495,14212955,BHARTIARTL.NS
2021-02-02,567.8389282226562,573.8077048472064,548.7957165690422,554.1486282268736,21711996,BHARTIARTL.NS
2021-02-03,576.8394775390625,589.7718168440043,567.9336484692435,577.3605532549526,30641248,BHARTIARTL.NS
2021-02-04,569.023193359375,590.2454956364385,564.3334532568098,582.5713379792184,51976676,BHARTIARTL.NS
2021-02-05,550.5484008789062,574.0445244818288,545.9533912915311,572.0548932246886,35465208,BHARTIARTL.NS
2021-02-08,565.8966064453125,571.9127470188029,553.9590556088671,558.0329891688457,21646080,BHARTIARTL.NS
2021-02-09,567.4598999023438,575.7972875337388,563.7175809019217,567.4125347415173,20927436,BHARTIARTL.NS
2021-02-10,559.1699829101562,575.7973354849188,549.7431368828137,573.1445327863684,31642664,BHARTIARTL.NS
2021-02-11,566.6546020507812,571.8180523273207,558.0330239292172,560.8752868936303,19253595,BHARTIARTL.NS
2021-02-12,555.4276733398438,566.4178056449708,553.8644461392962,566.4178056449708,15905053,BHARTIARTL.NS
2021-02-15,562.4859619140625,571.2970010443435,558.9804687612892,560.9700411388682,17972742,BHARTIARTL.NS
2021-02-16,562.7227783203125,569.9705903060456,561.8227224670268,563.7175644924936,15064854,BHARTIARTL.NS
2021-02-17,562.6280517578125,567.3177916933428,559.0278283206329,565.5650451345168,16436661,BHARTIARTL.NS
2021-02-18,558.0804443359375,566.5598689103999,554.432855496939,565.61244782847,22193564,BHARTIARTL.NS
2021-02-19,550.7852783203125,564.6650387028031,545.2428472000983,558.980512090859,19465126,BHARTIARTL.NS
2021-02-22,540.316162109375,554.1485557915836,538.13712916396,551.4010820304903,20227667,BHARTIARTL.NS
2021-02-23,535.8159790039062,546.6639560605963,534.3474233363445,544.769113935618,23764401,BHARTIARTL.NS
2021-02-24,542.826904296875,543.9164208404493,535.4843616384496,538.231894490143,8888950,BHARTIARTL.NS
2021-02-25,548.7009887695312,553.7223442966341,546.7113572775755,549.4115251573107,16230241,BHARTIARTL.NS
2021-02-26,527.0523071289062,555.1434419103222,522.7414882541738,544.2954058921566,198547005,BHARTIARTL.NS
2021-03-01,504.21929931640625,529.7049939756292,493.60814915858504,528.6628426962425,55091122,BHARTIARTL.NS
2021-03-02,512.7462158203125,515.3989595323388,501.04548874175447,512.0829857083849,30622757,BHARTIARTL.NS
2021-03-03,517.5780639648438,521.7940938185565,511.6092873744908,519.899251588209,24669015,BHARTIARTL.NS
2021-03-04,511.23028564453125,517.2937923090011,509.7144237063872,511.60926585704067,17678275,BHARTIARTL.NS
2021-03-05,504.7878112792969,510.1881468896491,496.82946226691666,506.8721730438153,16658703,BHARTIARTL.NS
2021-03-08,498.0611267089844,507.2985117568242,497.1610707857644,503.08248203138635,15293359,BHARTIARTL.NS
2021-03-09,494.3187255859375,504.0298796364309,487.26043293028135,502.22976787385295,20181762,BHARTIARTL.NS
2021-03-10,498.20318603515625,502.60867609332337,489.2026569122273,492.8502455034668,19013738,BHARTIARTL.NS
2021-03-12,496.6399230957031,504.740426191473,494.12927495653116,502.65612342112536,11624491,BHARTIARTL.NS
2021-03-15,495.3609619140625,500.05070221083713,489.2500605232844,500.05070221083713,10875944,BHARTIARTL.NS
2021-03-16,501.4718017578125,505.6878312387687,496.45044672659185,496.45044672659185,13252045,BHARTIARTL.NS
2021-03-17,495.4083251953125,503.0824831411755,491.71337116802556,500.9981213994753,8482758,BHARTIARTL.NS
2021-03-18,499.48223876953125,504.21934401567825,488.2552522066491,501.9928868764215,12465338,BHARTIARTL.NS
2021-03-19,502.0876159667969,506.6352605566945,497.87158641688336,500.24013903414425,49597558,BHARTIARTL.NS
2021-03-22,500.2401428222656,505.9247280586308,495.50303755187167,505.0246721660667,13581706,BHARTIARTL.NS
2021-03-23,501.4244384765625,504.4561622236744,494.69770199884147,501.85078383348315,15239339,BHARTIARTL.NS
2021-03-24,496.1188659667969,505.40367519269444,494.08192828211276,500.2401654117137,10801499,BHARTIARTL.NS
2021-03-25,481.0547790527344,496.1188141580531,473.28589152262174,495.8819883645165,17572322,BHARTIARTL.NS
2021-03-26,495.0293273925781,497.3031497064349,483.7549756023404,485.1761071845143,11148490,BHARTIARTL.NS
2021-03-30,494.0819091796875,500.14541574755117,489.1079191575229,500.0506854239065,10691124,BHARTIARTL.NS
2021-03-31,490.1027526855469,498.2505917738626,489.10793697131396,494.88725277873203,7712521,BHARTIARTL.NS
2021-04-01,493.4187316894531,496.35575478749723,487.49732032932087,492.61340607691534,7111516,BHARTIARTL.NS
2021-04-05,500.4770202636719,501.187556587952,487.54465236929116,493.4186981662933,9376649,BHARTIARTL.NS
2021-04-06,504.21929931640625,509.57226900833365,496.9714876939987,500.7138063978858,13115141,BHARTIARTL.NS
2021-04-07,513.1251220703125,518.1464772782791,507.1089806355409,508.7669969548113,21391503,BHARTIARTL.NS
2021-04-08,514.4515380859375,519.7097781667246,512.0829853561709,518.0517617999407,11367448,BHARTIARTL.NS
2021-04-09,516.5831909179688,520.8465852201558,508.2932280966619,511.1354909647866,11641539,BHARTIARTL.NS
2021-04-12,494.9819641113281,510.5197401630575,491.2396450395315,509.2880692224044,9869735,BHARTIARTL.NS
2021-04-13,507.96160888671875,511.6091972108725,495.59771249195046,498.7242251857802,6657701,BHARTIARTL.NS
2021-04-15,510.993408203125,517.4358944291839,502.3718301592229,511.60921416630094,9989813,BHARTIARTL.NS
2021-04-16,512.31982421875,515.541067425224,509.71438699331577,511.65659416665534,6273393,BHARTIARTL.NS
2021-04-19,498.77166748046875,506.8721708611145,495.73994354209117,504.2667333946599,7368743,BHARTIARTL.NS
2021-04-20,502.3244934082031,508.7669799985888,498.25055940076936,501.18755282125153,7369109,BHARTIARTL.NS
2021-04-22,502.9403381347656,505.3562560642235,498.39269326055336,502.1350125209811,6675147,BHARTIARTL.NS
2021-04-23,495.1240539550781,504.4561689473746,491.8080802885247,501.1875604420113,7123670,BHARTIARTL.NS
2021-04-26,499.81378173828125,500.7138376025398,495.26619616885387,495.26619616885387,5929161,BHARTIARTL.NS
2021-04-27,506.2089538574219,510.23552307025096,498.5822197385195,499.7191015168802,9875033,BHARTIARTL.NS
2021-04-28,515.6832275390625,519.1887210518012,507.4406283971341,507.77224346474645,12195400,BHARTIARTL.NS
2021-04-29,512.41455078125,521.083494170879,510.7565345750556,520.7992443060805,8846896,BHARTIARTL.NS
2021-04-30,508.5301513671875,518.2412474842164,505.4510621257207,505.4510621257207,8331737,BHARTIARTL.NS
2021-05-03,529.4682006835938,532.9262697453748,501.23491279824043,502.1349686616434,14556346,BHARTIARTL.NS
2021-05-04,523.4047241210938,536.1949086642288,517.9570234708485,536.1949086642288,14196229,BHARTIARTL.NS
2021-05-05,530.5104370117188,535.2475428874918,524.8732751283587,527.6208083186872,12095639,BHARTIARTL.NS
2021-05-06,529.3734741210938,534.7263852676357,523.546793547607,530.5103557924668,9169742,BHARTIARTL.NS
2021-05-07,538.61083984375,542.7795040132763,527.6207091481201,531.6946430003162,12894499,BHARTIARTL.NS
2021-05-10,542.4478759765625,546.6639052036047,539.1792677238693,541.9268003318592,8365615,BHARTIARTL.NS
2021-05-11,538.5161743164062,544.6270463739676,534.3948748097031,535.7686413119375,8033470,BHARTIARTL.NS
2021-05-12,532.2157592773438,539.2266869731964,528.8524203722044,538.1371704169677,6815070,BHARTIARTL.NS
2021-05-14,530.9367065429688,539.4161307397969,526.9101376681441,534.3474105036407,7697716,BHARTIARTL.NS
2021-05-17,520.7518920898438,534.3000362933622,517.1043034750714,534.3000362933622,13677009,BHARTIARTL.NS
2021-05-18,508.1512451171875,523.8311184314553,506.44586345403474,518.7149734419968,34968901,BHARTIARTL.NS
2021-05-19,500.4296569824219,512.1303245476555,498.53481489470266,509.61967645499504,19583966,BHARTIARTL.NS
2021-05-20,493.2765808105469,503.0824653138596,492.6607747984524,503.0824653138596,14036583,BHARTIARTL.NS
2021-05-21,503.0350646972656,505.2615219535872,494.5556399696338,495.7399457993862,10492773,BHARTIARTL.NS
2021-05-24,499.1032409667969,504.97728661200875,498.34528058938565,503.08244458037075,6386039,BHARTIARTL.NS
2021-05-25,498.4400329589844,502.8929472774593,496.92417104899204,502.0402565431222,9412913,BHARTIARTL.NS
2021-05-26,498.10845947265625,502.89292975631815,497.39786424816873,501.1875483470606,6908901,BHARTIARTL.NS
2021-05-27,492.4712829589844,499.29272042113723,491.42910212874165,498.4400296923883,22783169,BHARTIARTL.NS
2021-05-28,496.0715026855469,500.7138778601642,493.0397492728956,494.79246652636164,10248988,BHARTIARTL.NS
2021-05-31,506.77740478515625,507.81955613346514,497.4925962351155,497.8715764286526,12803471,BHARTIARTL.NS
2021-06-01,504.88250732421875,510.0933819257378,502.41922441695476,509.19332605179477,8435896,BHARTIARTL.NS
2021-06-02,501.6612243652344,506.49311838859336,500.2400929258668,502.04020453144307,10567595,BHARTIARTL.NS
2021-06-03,504.0772705078125,505.3562477417065,500.7138726157132,502.1350042515135,6290021,BHARTIARTL.NS
2021-06-04,504.69305419921875,507.63004766746667,503.2719226263351,505.87735996590123,4878809,BHARTIARTL.NS
2021-06-07,508.2459411621094,512.5567012843613,504.9773324695191,505.92475357137437,9674473,BHARTIARTL.NS
2021-06-08,518.0517578125,519.1886984611738,505.92474436467865,509.80915902921856,12822963,BHARTIARTL.NS
2021-06-09,511.6092529296875,522.5046539325336,507.20370380241206,520.9887331208001,12674395,BHARTIARTL.NS
2021-06-10,516.4884643554688,519.0464773906027,511.9408201686898,515.3041586958732,7018193,BHARTIARTL.NS
2021-06-11,512.41455078125,520.8466094648987,511.65659041638014,516.8200407583473,7777365,BHARTIARTL.NS
2021-06-14,510.993408203125,512.4145396725303,501.4717743374108,512.4145396725303,5714387,BHARTIARTL.NS
2021-06-15,513.977783203125,515.0673586031548,510.0933688437649,512.5566516878549,7264778,BHARTIARTL.NS
2021-06-16,508.5301513671875,515.2095234084431,506.7774635008331,515.2095234084431,10045600,BHARTIARTL.NS
2021-06-17,500.85601806640625,512.7935707232988,499.3400972191291,511.1355543885495,10214732,BHARTIARTL.NS
2021-06-18,510.42498779296875,513.4094055807442,491.71339108254745,503.4614248373553,15000348,BHARTIARTL.NS
2021-06-21,511.23028564453125,513.4093776825403,504.9773183297535,506.872160480407,5742834,BHARTIARTL.NS
2021-06-22,508.198486328125,520.1360372346733,507.3457957045309,519.2359814555333,9114558,BHARTIARTL.NS
2021-06-23,505.9721374511719,510.85133863263945,504.69310124278707,509.71445683311805,4767421,BHARTIARTL.NS
2021-06-24,500.95074462890625,507.2985011214958,499.67170851558274,506.87215575038795,6419922,BHARTIARTL.NS
2021-06-25,506.9669189453125,507.72487941240286,501.5192180038563,503.36669509447904,5504204,BHARTIARTL.NS
2021-06-28,503.27197265625,508.76703884908443,502.5613773432223,508.76703884908443,5265796,BHARTIARTL.NS
2021-06-29,497.35052490234375,504.26672230655237,496.45046899095183,503.31930123265494,8713975,BHARTIARTL.NS
2021-06-30,498.013671875,502.51395121314795,496.7820598859527,499.2927079361406,5760552,BHARTIARTL.NS
2021-07-01,495.17144775390625,503.0824905442403,494.5556417109281,501.1875894275856,6575188,BHARTIARTL.NS
2021-07-02,497.39788818359375,504.9773156579999,492.6607828320233,497.9663290434035,13309063,BHARTIARTL.NS
2021-07-05,496.403076171875,500.7138359267495,495.7872701817188,500.24012541619305,6373586,BHARTIARTL.NS
2021-07-06,498.4400329589844,499.9559537808693,493.70292767032544,495.97674999126025,10494366,BHARTIARTL.NS
2021-07-07,501.75604248046875,502.7034634945971,495.69247729577944,495.69247729577944,6669192,BHARTIARTL.NS
2021-07-08,497.6820983886719,504.78775584948517,496.02408219187106,502.13495349935937,5400962,BHARTIARTL.NS
2021-07-09,508.0563659667969,509.2406716703924,495.5030082857514,497.87156078105346,7303645,BHARTIARTL.NS
2021-07-12,501.8034362792969,510.61447577831683,500.8560152110966,510.61447577831683,8932790,BHARTIARTL.NS
2021-07-13,502.182373046875,507.34582331308343,500.4296265487606,505.49834649872247,8138019,BHARTIARTL.NS
2021-07-14,502.182373046875,503.46135013998014,498.96112991127416,501.1875279906214,6666859,BHARTIARTL.NS
2021-07-15,497.82421875,504.50359011775873,497.3978733898498,504.50359011775873,6886797,BHARTIARTL.NS
2021-07-16,512.69873046875,514.8304571281759,498.2978962358722,499.29268237297504,11251138,BHARTIARTL.NS
2021-07-19,510.1407165527344,516.0621271197509,501.4717733678025,510.66179219932,9130551,BHARTIARTL.NS
2021-07-20,498.10845947265625,508.577455904656,495.50302219872276,508.2458997843264,7646460,BHARTIARTL.NS
2021-07-22,517.95703125,519.188702233706,496.1188631583595,503.1772150931076,20220601,BHARTIARTL.NS
2021-07-23,519.4727783203125,531.1735027978899,504.7403305852352,518.9043375735165,33200836,BHARTIARTL.NS
2021-07-26,515.4463500976562,524.7311597389479,513.598872984932,516.346406071132,5214592,BHARTIARTL.NS
2021-07-27,512.1302490234375,517.1042382261285,507.9615852628327,517.1042382261285,5835018,BHARTIARTL.NS
2021-07-28,538.0424194335938,540.6952221812443,509.57236125364005,511.1355884557032,32532037,BHARTIARTL.NS
2021-07-29,537.331787109375,546.3797103707282,535.2948497025843,543.9163687254381,15844335,BHARTIARTL.NS
2021-07-30,532.1209716796875,538.6108229800519,528.4733832815705,536.1474813352612,10125413,BHARTIARTL.NS
2021-08-02,535.43701171875,539.9846564932078,530.55775189085,536.2423373148694,6372299,BHARTIARTL.NS
2021-08-03,549.6957397460938,551.4011212262427,532.5473713562516,538.1371674168586,21680353,BHARTIARTL.NS
2021-08-04,544.2006225585938,556.0434436521499,540.3161494334964,544.7690633609363,21816567,BHARTIARTL.NS
2021-08-05,567.22314453125,586.4558765143946,547.1377217235661,547.1377217235661,72423461,BHARTIARTL.NS
2021-08-06,575.9393920898438,584.5136056604532,557.5593529239505,563.2438792553801,29055626,BHARTIARTL.NS
2021-08-09,567.744140625,580.4870182148153,566.1335484471949,577.9289461000834,10078649,BHARTIARTL.NS
2021-08-10,589.487548828125,594.9826146259046,566.9388447745902,570.5390684230517,34514358,BHARTIARTL.NS
2021-08-11,588.20849609375,596.1668438814672,581.4343950413605,589.4874731420022,18731287,BHARTIARTL.NS
2021-08-12,590.3875732421875,595.8826387467972,584.5609516174618,590.2454777621377,8430316,BHARTIARTL.NS
2021-08-13,603.5568237304688,605.2147811424242,585.6031297006755,590.3876001997178,21079044,BHARTIARTL.NS
2021-08-16,600.714599609375,610.1414457342092,598.7723332741981,605.1674553509608,10506327,BHARTIARTL.NS
2021-08-17,593.4193725585938,604.4568690382999,590.2454943649722,600.7145499965994,11311229,BHARTIARTL.NS
2021-08-18,590.1981201171875,600.6671755876376,588.2085477235955,592.9930180650966,7136872,BHARTIARTL.NS
2021-08-20,581.4344482421875,599.7197567851422,575.0866919290291,586.9295138372331,12770173,BHARTIARTL.NS
2021-08-23,589.9138793945312,597.3511523174774,575.655139558141,585.8873104723612,12790616,BHARTIARTL.NS
2021-08-24,587.4979248046875,594.9351972617574,584.6082966717127,594.9351972617574,5885050,BHARTIARTL.NS
2021-08-25,580.2501220703125,589.6296607276396,578.8763557198876,589.6296607276396,8127668,BHARTIARTL.NS
2021-08-26,556.04345703125,579.35006069507,553.5801153086818,577.9289291990756,26316897,BHARTIARTL.NS
2021-08-27,563.8597412109375,573.5708364319478,554.290741473897,557.8435998682812,16444274,BHARTIARTL.NS
2021-08-30,587.82958984375,592.1403498308214,559.0752248067874,564.665020914823,40506274,BHARTIARTL.NS
2021-08-31,629.13720703125,632.9743151038333,592.1403050305036,593.1350911898029,60781970,BHARTIARTL.NS
2021-09-01,631.3637084960938,637.9009845537123,619.6156754810343,632.8796293330511,30796359,BHARTIARTL.NS
2021-09-02,631.45849609375,638.3272693568292,629.1372496821692,634.7271046581309,18951106,BHARTIARTL.NS
2021-09-03,623.8317260742188,634.3955125661003,619.6156962925971,632.8796505901216,7920313,BHARTIARTL.NS
2021-09-06,620.18408203125,630.7478675839429,619.047200378316,629.4688315404746,10223448,BHARTIARTL.NS
2021-09-07,635.2954711914062,644.7223155734473,613.931016749403,623.3579200433303,28185127,BHARTIARTL.NS
2021-09-08,632.7374877929688,647.8489189242109,630.0373200231464,642.3538530583047,20876941,BHARTIARTL.NS
2021-09-09,650.0753784179688,652.0175857606828,631.9795884750104,632.7374899996408,19784500,BHARTIARTL.NS
2021-09-13,656.8494873046875,660.354921808447,649.7911353095876,655.6178163104503,19704664,BHARTIARTL.NS
2021-09-14,657.7020874023438,662.912902731749,652.8701933310219,658.4599888303977,11694600,BHARTIARTL.NS
2021-09-15,687.3564453125,696.3095793489097,659.5495633236357,660.3548299079007,56796797,BHARTIARTL.NS
2021-09-16,680.8192138671875,698.2518299843115,677.7874314899932,696.3569880905222,45001991,BHARTIARTL.NS
2021-09-17,689.8671875,696.1202138713616,683.093144328236,683.093144328236,26649321,BHARTIARTL.NS
2021-09-20,686.8353881835938,695.1253513307726,682.4298393265013,686.8827533420691,14330899,BHARTIARTL.NS
2021-09-21,688.446044921875,701.8047293104755,684.0405545631917,684.8932453195547,14216876,BHARTIARTL.NS
2021-09-22,688.5408325195312,693.5621878080127,686.0301254193434,688.7776583335711,16348622,BHARTIARTL.NS
2021-09-23,688.588134765625,701.1888575423541,685.1773720599407,694.841101539565,26497345,BHARTIARTL.NS
2021-09-24,700.5257568359375,713.4107307707692,689.7250857313256,690.7198719831936,72175065,BHARTIARTL.NS
2021-09-27,697.414306640625,706.4390792063025,693.1674068260986,705.5703643584753,11282248,BHARTIARTL.NS
2021-09-28,671.9326171875,701.5163410798086,662.1356880344796,699.199866731194,21944239,BHARTIARTL.NS
2021-09-29,669.9539794921875,677.5791818844202,665.1762246981606,672.7531193353859,16729859,BHARTIARTL.NS
2021-09-30,664.355712890625,685.1077804200011,662.9078942257848,671.594806214826,13911568,BHARTIARTL.NS
2021-10-01,652.3870849609375,663.4387198154268,644.4240826580547,663.4387198154268,14952128,BHARTIARTL.NS
2021-10-04,657.6957397460938,662.3287473908813,646.4027431100006,651.518356945118,8917898,BHARTIARTL.NS
2021-10-05,674.9248046875,678.9787087540223,656.7305735960406,660.5914233904632,25598885,BHARTIARTL.NS
2021-10-06,667.3479614257812,683.3222168860977,664.2592695723066,681.1987375548402,10406502,BHARTIARTL.NS
2021-10-07,668.4096069335938,677.7721792751863,667.2513402366735,671.5465473271449,8121590,BHARTIARTL.NS
2021-10-08,671.3052368164062,675.2143353274953,664.9348584214382,670.9674360348135,6297352,BHARTIARTL.NS
2021-10-11,666.8170166015625,671.8361332675845,661.1705471722217,668.9887446762158,8792050,BHARTIARTL.NS
2021-10-12,662.4735107421875,674.104367354323,660.398339418148,666.9617719911095,8579567,BHARTIARTL.NS
2021-10-13,665.9000854492188,672.5600159333675,659.3365937323529,665.0313706890771,7062149,BHARTIARTL.NS
2021-10-14,661.9426879882812,669.8574418793204,658.1300870194137,668.8922294270446,9820591,BHARTIARTL.NS
2021-10-18,656.9235229492188,677.5308426308704,656.006618316772,675.6486667055274,8574445,BHARTIARTL.NS
2021-10-19,657.4061889648438,674.6835157219077,651.9527738630119,674.6835157219077,7328862,BHARTIARTL.NS
2021-10-20,683.8048095703125,689.0652294943308,657.6958231451067,659.6262481512127,21217306,BHARTIARTL.NS
2021-10-21,671.8360595703125,687.5690094473687,665.2243783886186,686.2177474740593,8908979,BHARTIARTL.NS
2021-10-22,670.3400268554688,680.7643092272144,660.4465995332678,674.2008765421813,6587256,BHARTIARTL.NS
2021-10-25,667.0582885742188,679.5095525189389,651.5183919748349,668.8922157608305,9540441,BHARTIARTL.NS
2021-10-26,671.98095703125,685.156072363008,665.0314152204423,670.8226902441328,10953878,BHARTIARTL.NS
2021-10-27,677.9168701171875,689.7890291457327,669.8573705634909,675.0695408156272,11878571,BHARTIARTL.NS
2021-10-28,665.7553100585938,681.4882617469725,660.5914468400048,678.3030723358851,8884507,BHARTIARTL.NS
2021-10-29,661.50830078125,676.6138985431535,653.4970495708917,668.1200411284135,8602343,BHARTIARTL.NS
2021-11-01,687.7138671875,697.6555435904286,665.6104786282255,665.9483383311723,17121001,BHARTIARTL.NS
2021-11-02,689.1134033203125,697.9450614146972,684.866445204444,687.7138335608633,7725455,BHARTIARTL.NS
2021-11-03,674.780029296875,707.0181500803122,671.7878941377437,700.502965762166,23261507,BHARTIARTL.NS
2021-11-04,676.7103881835938,680.2816858359886,674.8765199758539,679.509527700525,1064714,BHARTIARTL.NS
2021-11-08,684.3355712890625,690.0303478447986,679.509509432299,682.8395038958433,7565546,BHARTIARTL.NS
2021-11-09,688.3894653320312,691.5264054947295,680.6195176344946,686.9416467954013,5278131,BHARTIARTL.NS
2021-11-10,709.865478515625,712.3267583780491,682.7429744551804,692.5399039786589,15180490,BHARTIARTL.NS
2021-11-11,703.2537841796875,712.9059089085434,699.0551334873928,709.431167570913,7421118,BHARTIARTL.NS
2021-11-12,717.635498046875,719.0833168055439,700.0203698164037,707.5007667361929,9207508,BHARTIARTL.NS
2021-11-15,711.8923950195312,720.0484515954502,710.5893818421238,714.2571771858353,5454742,BHARTIARTL.NS
2021-11-16,704.8946533203125,716.2358998148444,701.7577128005483,715.5602393051317,4639931,BHARTIARTL.NS
2021-11-17,695.0011596679688,706.8732601122965,691.3333644209577,699.3446153606658,8002927,BHARTIARTL.NS
2021-11-18,689.49951171875,698.2829806363773,683.3704360337699,695.5320897204606,4469597,BHARTIARTL.NS
2021-11-22,716.2841796875,729.6524082903227,707.5972671025784,714.2572569824434,36884348,BHARTIARTL.NS
2021-11-23,732.4998168945312,734.5267396547063,710.1068742843078,719.0833390837795,18240414,BHARTIARTL.NS
2021-11-24,732.4998168945312,754.6031486145315,729.9419801102124,737.4223772617551,21653712,BHARTIARTL.NS
2021-11-25,738.5322875976562,741.7657255561446,726.6118791722944,732.6444566410333,8483653,BHARTIARTL.NS
2021-11-26,713.0505981445312,736.4569967976681,707.5971249966755,736.4569967976681,11142921,BHARTIARTL.NS
2021-11-29,713.6297607421875,728.7353582900415,701.8059089023822,725.839721104783,15885643,BHARTIARTL.NS
2021-11-30,702.9159545898438,724.1023792843362,697.5107885278196,714.25720068175,14272616,BHARTIARTL.NS
2021-12-01,697.1246948242188,711.7476870654548,693.2638450086467,707.5007287035685,10488561,BHARTIARTL.NS
2021-12-02,707.0663452148438,710.1067878971227,689.3064720659726,698.717293144019,11507427,BHARTIARTL.NS
2021-12-03,693.3603515625,709.0933618918122,691.3816777890761,704.6051003590144,11024093,BHARTIARTL.NS
2021-12-06,673.3322143554688,696.786925162539,669.7126674916487,693.0225728594079,8804487,BHARTIARTL.NS
2021-12-07,674.5386352539062,681.1503752771606,669.9538765368874,677.9168785190781,10238693,BHARTIARTL.NS
2021-12-08,690.2716674804688,693.987711634479,677.8686528642071,680.4747381116936,8296393,BHARTIARTL.NS
2021-12-09,689.1134033203125,698.7655273001141,686.2660149638931,691.8642350898001,9069515,BHARTIARTL.NS
2021-12-10,685.9764404296875,693.8911936147778,682.4051428924274,686.2659923571653,4251339,BHARTIARTL.NS
2021-12-13,678.6408081054688,693.4086048076645,674.056049251204,690.1268591156456,9896899,BHARTIARTL.NS
2021-12-14,667.5409545898438,681.729590401825,664.4523216584955,676.6139758333956,9275631,BHARTIARTL.NS
2021-12-15,661.6048583984375,670.7261274578186,660.3017862974457,667.6856848007282,7674319,BHARTIARTL.NS
2021-12-16,657.6957397460938,665.9000449816989,654.0278855700772,665.9000449816989,9633006,BHARTIARTL.NS
2021-12-17,642.8796997070312,661.8461467096172,638.1018866006199,657.3096367003792,13850460,BHARTIARTL.NS
2021-12-20,635.35107421875,638.1502137960158,622.6585073558904,636.2197889598024,11812939,BHARTIARTL.NS
2021-12-21,643.7966918945312,647.5610439426292,636.2680467102269,640.8528057604503,8084499,BHARTIARTL.NS
2021-12-22,660.9292602539062,662.1357758805107,643.7967383561233,643.7967383561233,8522226,BHARTIARTL.NS
2021-12-23,655.1378784179688,665.031304942881,652.0009383003136,665.031304942881,5602466,BHARTIARTL.NS
2021-12-24,653.4970703125,659.095290678634,649.250170926281,658.371381349085,3756020,BHARTIARTL.NS
2021-12-27,652.2423706054688,654.7518996320143,645.3893851708956,651.4702123597546,3658572,BHARTIARTL.NS
2021-12-28,656.3927001953125,659.7226948558954,651.566638052987,656.1996459272411,3892590,BHARTIARTL.NS
2021-12-29,653.3040161132812,659.7227024007373,651.5183966649563,656.2962100228777,3847574,BHARTIARTL.NS
2021-12-30,655.717041015625,661.9426729739707,650.7462323462897,653.9314215841739,5701612,BHARTIARTL.NS
2021-12-31,660.0122680664062,669.9539446175205,656.3444725024477,656.8270787322289,4598628,BHARTIARTL.NS
2022-01-03,667.2513427734375,668.5061071532501,659.3365890449321,663.8730992598466,2939833,BHARTIARTL.NS
2022-01-04,673.1873779296875,678.7855978824227,666.3826425167987,668.1682618330709,6473875,BHARTIARTL.NS
2022-01-05,675.6487426757812,678.3030770220075,667.6857396371024,676.5174574811224,4586105,BHARTIARTL.NS
2022-01-06,685.6869506835938,695.4355729013538,675.6487176002049,677.5791425076342,21642414,BHARTIARTL.NS
2022-01-07,680.1852416992188,690.2717238273206,677.0483011610753,689.0652082357269,4315015,BHARTIARTL.NS
2022-01-10,680.4264526367188,686.6037762816685,679.1716883738294,680.8608099732267,3565324,BHARTIARTL.NS
2022-01-11,678.978759765625,684.8665325797101,670.4365936065574,678.5444023487407,10642484,BHARTIARTL.NS
2022-01-12,704.7981567382812,707.2111879110965,679.7026325410018,683.3221793002248,12366953,BHARTIARTL.NS
2022-01-13,706.3424072265625,710.058510233144,700.8889926319075,703.6398243475231,5829874,BHARTIARTL.NS
2022-01-14,695.5320434570312,705.4737784720896,693.4568721096099,704.5568148944427,5344096,BHARTIARTL.NS
2022-01-17,703.2537841796875,709.1898644526916,694.5186230824517,694.952980477629,4340924,BHARTIARTL.NS
2022-01-18,689.49951171875,705.2807711183615,687.7621410366363,701.70947315897,4312058,BHARTIARTL.NS
2022-01-19,679.219970703125,690.1268589289956,677.289545922904,689.1616465388852,5879490,BHARTIARTL.NS
2022-01-20,690.5131225585938,694.6152761380232,680.7161910335485,681.4401004887419,4812496,BHARTIARTL.NS
2022-01-21,671.06396484375,689.1616985234627,665.3691877477763,684.9147401218661,6704622,BHARTIARTL.NS
2022-01-24,665.9000854492188,682.4051945967743,653.7866222062829,666.2861350778102,11091633,BHARTIARTL.NS
2022-01-25,687.0864868164062,695.3873495699885,658.4197230190127,660.2053425591296,14128764,BHARTIARTL.NS
2022-01-27,682.6466064453125,691.0922166346323,677.096634035188,681.9226970005136,8937312,BHARTIARTL.NS
2022-01-28,690.8990478515625,727.7701745794794,677.2413272699181,690.0303920088811,21450677,BHARTIARTL.NS
2022-01-31,703.9293823242188,709.4311047145871,694.5185615473926,702.6746180030196,10745370,BHARTIARTL.NS
2022-02-01,697.8968505859375,709.4311511523578,693.3120914458373,707.5007262512629,4814511,BHARTIARTL.NS
2022-02-02,699.8272705078125,706.294205662847,695.4355656714469,700.840731791298,3286577,BHARTIARTL.NS
2022-02-03,696.5455932617188,703.6398812569597,693.5051504569623,700.7442438855319,3651578,BHARTIARTL.NS
2022-02-04,695.14599609375,698.0898821899468,691.5746983603137,696.0146519238999,3284198,BHARTIARTL.NS
2022-02-07,681.922607421875,695.0494733984303,675.166120157964,693.0225507840145,6833983,BHARTIARTL.NS
2022-02-08,684.2391967773438,689.8374177564721,676.6139941063925,686.4591738486655,7167684,BHARTIARTL.NS
2022-02-09,694.3255004882812,700.8406840392064,677.7238947176568,682.5016488588245,10185173,BHARTIARTL.NS
2022-02-10,698.8619995117188,701.6611389286288,683.9494567238945,697.8002894773804,6074014,BHARTIARTL.NS
2022-02-11,690.2716674804688,700.1650945239367,686.1695148039089,696.5937968819654,5646980,BHARTIARTL.NS
2022-02-14,665.70703125,679.5095573513203,661.17052100235,679.5095573513203,7441445,BHARTIARTL.NS
2022-02-15,686.7969360351562,688.2930036134928,662.71487260771,671.7878935858402,4650249,BHARTIARTL.NS
2022-02-16,696.6903076171875,702.8676906224497,683.3703881059746,692.4434083489739,5433910,BHARTIARTL.NS
2022-02-17,692.0572509765625,702.1919805933741,690.126826287646,699.2480947251537,5107708,BHARTIARTL.NS
2022-02-18,687.7621459960938,694.5186334067307,686.6038792290342,687.2795397524768,4099366,BHARTIARTL.NS
2022-02-21,685.2525634765625,691.6229418290986,678.5443254327934,683.4186363295555,4307430,BHARTIARTL.NS
2022-02-22,674.9248046875,678.0617451454684,663.5835584163837,670.05049360442,9148804,BHARTIARTL.NS
2022-02-23,679.8956298828125,684.2873344671967,675.1660656153902,675.7451694836142,4124469,BHARTIARTL.NS
2022-02-24,647.5610961914062,664.5970616370249,622.9964260421344,658.274931482149,14139461,BHARTIARTL.NS
2022-02-25,664.6935424804688,670.9674230772191,653.9314006612873,653.9314006612873,6452099,BHARTIARTL.NS
2022-02-28,662.6182861328125,665.9965293978742,643.2657900681937,657.3096181448584,8301523,BHARTIARTL.NS
2022-03-02,650.79443359375,660.2052541017798,642.8314316254172,660.2052541017798,10220908,BHARTIARTL.NS
2022-03-03,648.6709594726562,656.1513553170525,645.3409650240636,651.5183477377394,6517030,BHARTIARTL.NS
2022-03-04,630.9594116210938,644.7136894973393,627.3881136533038,641.866300891457,7094874,BHARTIARTL.NS
2022-03-07,651.904541015625,655.7170832315795,616.7707827229848,617.7359952155091,12615451,BHARTIARTL.NS
2022-03-08,659.2401123046875,662.9561567229067,644.3758168080235,651.518412599801,8462985,BHARTIARTL.NS
2022-03-09,667.4444580078125,673.7183393918339,650.8427908707919,658.2749390619351,9896395,BHARTIARTL.NS
2022-03-10,673.4769897460938,682.8878111721409,666.5756971355686,675.6004689271701,5989327,BHARTIARTL.NS
2022-03-11,670.6778564453125,677.9652576715043,667.4444182585643,672.4635348492503,3353880,BHARTIARTL.NS
2022-03-14,676.0347900390625,680.3299380991718,664.2109381125772,664.2109381125772,4016137,BHARTIARTL.NS
2022-03-15,678.6408081054688,684.8181909686022,671.3052175034007,674.6834608697011,6006439,BHARTIARTL.NS
2022-03-16,687.2312622070312,690.6095057712513,680.4747750785914,685.3008373131913,3843706,BHARTIARTL.NS
2022-03-17,697.7521362304688,702.6264475480507,690.1269339548804,694.9529964300895,8168953,BHARTIARTL.NS
2022-03-21,683.5634765625,699.1516224582317,682.2121555525405,696.8833967399712,6317305,BHARTIARTL.NS
2022-03-22,694.2290649414062,695.9181867539157,681.2951943551475,683.8530309502764,3000133,BHARTIARTL.NS
2022-03-23,680.4264526367188,694.8080811930266,678.5442767864417,694.2289773522734,7974713,BHARTIARTL.NS
2022-03-24,681.7777709960938,684.1908020520889,673.5734654057105,673.7182708338266,3597143,BHARTIARTL.NS
2022-03-25,684.6734619140625,689.5960810011618,681.2952181709514,687.5208505656353,2930336,BHARTIARTL.NS
2022-03-28,707.5489501953125,711.3615510232017,685.3973134523069,690.3681809624762,7960258,BHARTIARTL.NS
2022-03-29,728.6870727539062,736.4570203606552,711.3614993522973,714.6432448950678,15833573,BHARTIARTL.NS
2022-03-30,723.4266967773438,743.1170533831375,718.6971324331229,736.2157611299787,9938988,BHARTIARTL.NS
2022-03-31,728.6870727539062,732.5961709747539,713.9675844701579,726.8048968959022,7371181,BHARTIARTL.NS
2022-04-01,732.1136474609375,739.9801525376349,723.1854322479993,733.3684118706475,5920139,BHARTIARTL.NS
2022-04-04,741.090087890625,748.0396291307339,729.8936473290375,731.4862124826328,5783224,BHARTIARTL.NS
2022-04-05,739.931884765625,746.8814266027639,734.5267182877926,741.0901515571309,3990794,BHARTIARTL.NS
2022-04-06,748.6670532226562,753.5413642660012,736.4570922825723,737.4223047233096,7490027,BHARTIARTL.NS
2022-04-07,735.8779296875,750.7904135779224,733.127039103681,748.0395819059909,5818505,BHARTIARTL.NS
2022-04-08,735.58837890625,741.6209566722174,731.2449229147535,741.6209566722174,5583587,BHARTIARTL.NS
2022-04-11,731.67919921875,738.58049098304,729.7005257131483,730.6657380487477,4927865,BHARTIARTL.NS
2022-04-12,715.849853515625,733.513229973118,714.3537270543173,733.513229973118,3904026,BHARTIARTL.NS
2022-04-13,714.8845825195312,730.1831753855231,712.2784972757643,716.1875956854701,6343030,BHARTIARTL.NS
2022-04-18,704.1224365234375,714.4019720127641,698.2346645257627,711.0237286572712,8950327,BHARTIARTL.NS
2022-04-19,698.3312377929688,713.2920314153474,691.9125511579642,713.2920314153474,9957060,BHARTIARTL.NS
2022-04-20,713.6297607421875,718.6006281416369,698.7655252049944,704.6532972502642,6632292,BHARTIARTL.NS
2022-04-21,710.1550903320312,718.021595699312,704.6051185081656,718.021595699312,6111830,BHARTIARTL.NS
2022-04-22,713.0505981445312,715.1258281878106,703.6397780674969,705.5702026986834,5182247,BHARTIARTL.NS
2022-04-25,713.6297607421875,717.1528095490077,703.7846414418203,704.5567995755114,3571031,BHARTIARTL.NS
2022-04-26,729.9901733398438,732.4997610885636,713.3885072085266,719.0832842999547,4987848,BHARTIARTL.NS
2022-04-27,726.3223876953125,735.0575488147842,720.4346151604803,723.909356506956,4571399,BHARTIARTL.NS
2022-04-28,721.3514404296875,728.0596781768223,718.6971064148555,724.8744891414015,6101866,BHARTIARTL.NS
2022-04-29,713.2920532226562,734.5267286907191,709.9620582418761,725.8398159992388,7219115,BHARTIARTL.NS
2022-05-02,715.5601806640625,717.1045558328268,704.9428443903497,708.4658931732008,3938533,BHARTIARTL.NS
2022-05-04,697.2694702148438,713.6297734739236,692.0572996236334,711.3615478697599,6785271,BHARTIARTL.NS
2022-05-05,693.939453125,707.5971729694631,689.402943151774,700.7441886288946,4836692,BHARTIARTL.NS
2022-05-06,685.5421142578125,698.7172872201317,683.1290832326179,686.5073266678904,5912312,BHARTIARTL.NS
2022-05-09,686.7486572265625,695.4355692645654,679.9439212458387,681.5364864390037,4819274,BHARTIARTL.NS
2022-05-10,694.615234375,703.1573418679361,685.4457151605245,686.2661222623233,6746893,BHARTIARTL.NS
2022-05-11,697.7037963867188,709.4311512268587,691.9608294348727,694.6151636741569,6919703,BHARTIARTL.NS
2022-05-12,680.8609008789062,697.6555625338483,676.8552455579057,690.3682201572793,6754953,BHARTIARTL.NS
2022-05-13,665.9000854492188,688.1964692326734,660.9292178219819,688.1964692326734,11938252,BHARTIARTL.NS
2022-05-16,669.085205078125,673.718212522262,656.0065896689883,661.9908590403937,5412233,BHARTIARTL.NS
2022-05-17,682.4534912109375,685.3008798886286,666.8170368170149,670.8226922853478,4847812,BHARTIARTL.NS
2022-05-18,671.9326171875,701.8542007575712,665.2243794111871,695.9181210974632,18992703,BHARTIARTL.NS
2022-05-19,650.79443359375,668.892165339961,644.6170509262885,661.1704664615777,7322668,BHARTIARTL.NS
2022-05-20,663.9696044921875,667.4443454154961,659.2400403742354,664.5487083421099,5577407,BHARTIARTL.NS
2022-05-23,661.990966796875,669.760974518957,655.958388697057,658.081867970572,3788601,BHARTIARTL.NS
2022-05-24,654.6071166992188,665.2727028368208,652.3388320206833,665.2727028368208,4053608,BHARTIARTL.NS
2022-05-25,664.2592163085938,665.9000892471689,655.9101050961301,657.5509780347053,4188088,BHARTIARTL.NS
2022-05-26,669.5195922851562,671.3052116269571,652.3870725060355,665.9965435263845,5780597,BHARTIARTL.NS
2022-05-27,660.5913696289062,675.6486590369751,652.4835621557074,672.8012707629418,7131633,BHARTIARTL.NS
2022-05-30,674.7317504882812,679.2682607795963,659.2401024688658,663.5353096480034,4675033,BHARTIARTL.NS
2022-05-31,675.8418579101562,682.019183053187,668.5062069809379,673.2357721709852,44593174,BHARTIARTL.NS
2022-06-01,670.4849243164062,681.6331175346477,667.2031780674811,677.1448555930145,3749781,BHARTIARTL.NS
2022-06-02,671.7396850585938,672.7048976073058,659.2884196154477,664.9349483725529,3466993,BHARTIARTL.NS
2022-06-03,662.6182861328125,676.4208111191157,661.4117706810048,672.8012647636924,6673615,BHARTIARTL.NS
2022-06-06,659.1918334960938,665.8035150030688,652.9662016096765,658.4679241816706,6407024,BHARTIARTL.NS
2022-06-07,661.4601440429688,663.3423202845042,649.8775935250873,654.5589097065367,8349903,BHARTIARTL.NS
2022-06-08,640.2254028320312,663.8731077288397,637.4745709292002,658.7574935539494,13904149,BHARTIARTL.NS
2022-06-09,652.8213500976562,655.7652948980023,632.3105876369093,637.0401517220245,6774925,BHARTIARTL.NS
2022-06-10,649.9259033203125,652.9180978318475,644.7620392949127,644.7620392949127,3221484,BHARTIARTL.NS
2022-06-13,647.9471435546875,649.9258174097893,635.1098290060925,637.1367517041194,5982102,BHARTIARTL.NS
2022-06-14,658.3231811523438,665.4175284532536,645.8236673561756,645.8236673561756,8878530,BHARTIARTL.NS
2022-06-15,658.3713989257812,661.1705386395236,650.0705952901009,658.2266524031423,6005970,BHARTIARTL.NS
2022-06-16,631.4420166015625,660.1088390582455,627.3881124005951,659.3366219442369,9525587,BHARTIARTL.NS
2022-06-17,621.259033203125,638.7293554388093,615.805559153699,633.1793837066247,11085830,BHARTIARTL.NS
2022-06-20,618.6046752929688,624.9268049816776,612.1377401737531,622.5137738858427,3883001,BHARTIARTL.NS
2022-06-21,631.5385131835938,635.2546165746231,618.218592756695,619.7629091582302,3515991,BHARTIARTL.NS
2022-06-22,620.48681640625,627.7259099736181,619.1355542874778,626.0367881412321,4348884,BHARTIARTL.NS
2022-06-23,637.2333374023438,641.4802372759373,625.2164293703903,625.6025379552165,4336533,BHARTIARTL.NS
2022-06-24,647.8505859375,652.194041813093,639.0671175974996,639.0671175974996,5621332,BHARTIARTL.NS
2022-06-27,660.1571044921875,663.1009908496795,647.850645055021,651.5184407911698,5284297,BHARTIARTL.NS
2022-06-28,657.4544677734375,661.0740143722521,652.7731521585026,659.2400871974296,3216376,BHARTIARTL.NS
2022-06-29,663.8731689453125,665.1279334568352,651.5184602954233,653.4488853629653,5011798,BHARTIARTL.NS
2022-06-30,661.1222534179688,667.5408806109858,655.3792277838762,665.8035100516688,6505666,BHARTIARTL.NS
2022-07-01,650.0223388671875,661.9426891082027,642.8314943031892,661.0257254946108,4488771,BHARTIARTL.NS
2022-07-04,658.1784057617188,661.6531470831749,642.8797527905587,647.1749600572848,4229588,BHARTIARTL.NS
2022-07-05,660.6396484375,665.3209050798844,656.3926902518328,659.529630596824,3494504,BHARTIARTL.NS
2022-07-06,669.8092041015625,670.7744165697795,660.3983825364469,660.6879344945331,4697006,BHARTIARTL.NS
2022-07-07,662.9078979492188,672.2704704834849,661.6048847083007,667.927014464568,3485283,BHARTIARTL.NS
2022-07-08,670.9674682617188,672.3669792057284,662.7631623134713,664.0661755757885,2732170,BHARTIARTL.NS
2022-07-11,637.5711059570312,657.3097133911717,636.0267895196957,651.51843838332,18687521,BHARTIARTL.NS
2022-07-12,639.9358520507812,643.7002041570134,637.040214711185,640.1771551624142,7416645,BHARTIARTL.NS
2022-07-13,621.1141967773438,646.6923260929609,618.7011657098327,646.6923260929609,12030163,BHARTIARTL.NS
2022-07-14,619.32861328125,629.5115931945136,606.8773486858013,627.3881139495362,11379990,BHARTIARTL.NS
2022-07-15,629.1254272460938,634.6271496796871,620.8728730516483,626.3745954852418,5567877,BHARTIARTL.NS
2022-07-18,639.9840698242188,646.6923077843599,626.5676528158262,634.1445465885439,8982417,BHARTIARTL.NS
2022-07-19,649.4915161132812,653.4488638064348,640.0323864648531,651.5184388025754,7836419,BHARTIARTL.NS
2022-07-20,647.3197631835938,656.3444761661204,644.954980862087,656.3444761661204,4458819,BHARTIARTL.NS
2022-07-21,654.7518310546875,656.2962062962591,647.8505974985587,648.1401494463872,3550107,BHARTIARTL.NS
2022-07-22,655.2344360351562,658.1783810828838,651.7114460047561,656.0549019496624,2415220,BHARTIARTL.NS
2022-07-25,654.8001098632812,662.6665555057306,653.014431592132,656.3444261247014,2913348,BHARTIARTL.NS
2022-07-26,660.3018798828125,661.5083955666445,646.9337096707135,658.8540610622141,5016687,BHARTIARTL.NS
2022-07-27,651.4219360351562,660.157097327095,646.4028192818984,660.157097327095,6237523,BHARTIARTL.NS
2022-07-28,643.6519165039062,655.7653802156542,641.0941387878623,655.1862173825144,7374170,BHARTIARTL.NS
2022-07-29,654.3657836914062,656.9718690546599,647.6575454693675,649.3949160742393,7669970,BHARTIARTL.NS
2022-08-01,673.2711181640625,676.5189283288264,656.4017486091443,657.274324652026,8812526,BHARTIARTL.NS
2022-08-02,665.8543701171875,678.9426551439072,660.376715962102,678.6518162002842,6236599,BHARTIARTL.NS
2022-08-03,672.0108032226562,675.5979157831704,666.0483380985632,667.017840774107,5237250,BHARTIARTL.NS
2022-08-04,673.1256713867188,677.1975943110979,659.9404591469385,676.9067553537304,6352142,BHARTIARTL.NS
2022-08-05,682.1905517578125,688.3468698112746,675.1131351939966,676.7128382088306,5811092,BHARTIARTL.NS
2022-08-08,682.869140625,688.2014049873479,677.6823253238499,686.3593855300555,5918607,BHARTIARTL.NS
2022-08-10,693.436767578125,696.1028998547273,684.4688681022807,692.1279626754729,12201239,BHARTIARTL.NS
2022-08-11,688.1528930664062,697.4601529818234,684.1779563102965,696.8784159518815,7142902,BHARTIARTL.NS
2022-08-12,688.0560302734375,690.770625810294,685.099059078402,688.2014201640981,4540159,BHARTIARTL.NS
2022-08-16,682.6268310546875,694.1639369159466,679.1366449855036,693.1944342107568,6679663,BHARTIARTL.NS
2022-08-17,700.9019165039062,702.5500827586528,680.8816641444332,685.4383381991763,8812954,BHARTIARTL.NS
2022-08-18,710.8392944335938,713.5538897882575,698.9144246862827,702.8893615441395,10354897,BHARTIARTL.NS
2022-08-19,709.9667358398438,715.1050877394601,703.8588813488378,707.9308040674225,13743828,BHARTIARTL.NS
2022-08-22,705.4100952148438,712.0027604873383,702.3077341145463,709.5304814232803,8118490,BHARTIARTL.NS
2022-08-23,715.1051025390625,719.9526155963331,700.5141000714267,702.889393304238,8229797,BHARTIARTL.NS
2022-08-24,716.2200317382812,731.1988584499926,696.1028531818422,700.8049170303566,14922081,BHARTIARTL.NS
2022-08-25,718.4014282226562,731.0534253464849,712.8267882600649,722.0855262762291,9849958,BHARTIARTL.NS
2022-08-26,708.5609741210938,718.8862008096377,705.797915292537,718.8862008096377,5928897,BHARTIARTL.NS
2022-08-29,698.6234741210938,702.7923821879477,693.2912103994059,695.8119523902637,5878942,BHARTIARTL.NS
2022-08-30,704.4406127929688,707.8338721208225,690.0919851842216,699.9809242030022,8894800,BHARTIARTL.NS
2022-09-01,712.6328735351562,723.2489388285817,704.3436381487461,704.3436381487461,11869518,BHARTIARTL.NS
2022-09-02,712.58447265625,718.3045621606768,697.7026301280982,702.8894458173895,5693707,BHARTIARTL.NS
2022-09-05,717.81982421875,719.322541572076,710.887856230062,712.5844859585346,3660135,BHARTIARTL.NS
2022-09-06,738.0338134765625,741.6694480257081,717.8197090528085,717.8197090528085,10166270,BHARTIARTL.NS
2022-09-07,730.13232421875,738.6639937346312,665.2726411282197,732.4591539364881,126794211,BHARTIARTL.NS
2022-09-08,746.3230590820312,752.3339867906219,733.9619014382421,735.8524432655696,10648073,BHARTIARTL.NS
2022-09-09,742.3966064453125,751.1705930282332,739.6335477401842,749.4255002053236,4627905,BHARTIARTL.NS
2022-09-12,745.6929321289062,747.8743129311342,741.1847214681385,743.6084779150585,2654087,BHARTIARTL.NS
2022-09-13,760.3323974609375,764.8406081220737,746.5169857123645,750.3949960277535,8335652,BHARTIARTL.NS
2022-09-14,759.4598388671875,764.355874341511,752.0916427686642,752.334018418928,6645392,BHARTIARTL.NS
2022-09-15,761.156494140625,766.537281097308,758.1510596452887,763.9680754481936,5485310,BHARTIARTL.NS
2022-09-16,755.872802734375,763.9681265992714,752.7703822636892,763.9681265992714,20211162,BHARTIARTL.NS
2022-09-19,758.878173828125,762.029057334917,748.6499330485184,749.9102746164864,5760313,BHARTIARTL.NS
2022-09-20,767.9915161132812,772.6451168061222,761.0595487828951,762.7077150544984,7936714,BHARTIARTL.NS
2022-09-21,756.4059448242188,772.693576765711,755.2425298625958,767.9915127974243,9966193,BHARTIARTL.NS
2022-09-22,760.18701171875,770.5607020111631,752.6733661068906,767.0705161061205,7721133,BHARTIARTL.NS
2022-09-23,747.8258056640625,763.9680475981654,745.2566592823497,763.9680475981654,9271829,BHARTIARTL.NS
2022-09-26,732.0228881835938,747.6319147351792,730.2293321364696,746.4684998410021,13144297,BHARTIARTL.NS
2022-09-27,737.4036254882812,741.6694604334732,734.1073522794878,735.7069960036296,5965026,BHARTIARTL.NS
2022-09-28,738.2277221679688,747.486459605901,731.9744189396307,732.4591702104517,5546932,BHARTIARTL.NS
2022-09-29,741.3302001953125,745.5475129122497,736.1433256870603,740.6515365282639,5413233,BHARTIARTL.NS
2022-09-30,775.505126953125,784.3275766426499,738.2277414200952,742.5905029712595,7469164,BHARTIARTL.NS
2022-10-03,778.8499145507812,790.6778584777533,773.7115624438268,778.8984370213025,12619046,BHARTIARTL.NS
2022-10-04,784.0367431640625,791.8412270473816,782.8733282409067,788.205592396108,5772140,BHARTIARTL.NS
2022-10-06,764.5496826171875,790.968626944238,762.6591999951606,785.8302752951926,6503205,BHARTIARTL.NS
2022-10-07,768.9124755859375,772.4996469809495,760.7686893858001,767.8460464131937,6025982,BHARTIARTL.NS
2022-10-10,768.1853637695312,770.5606569814813,755.9211913465936,761.0110800120254,3519416,BHARTIARTL.NS
2022-10-11,756.5029296875,773.1783876252647,752.3340799964958,773.1783876252647,3699862,BHARTIARTL.NS
2022-10-12,751.8977661132812,757.5208696316345,745.7414479737794,756.5029036869427,5984299,BHARTIARTL.NS
2022-10-13,745.4506225585938,755.2425758025818,744.2387442277167,751.3645651437752,2842056,BHARTIARTL.NS
2022-10-14,742.5905151367188,756.163551296034,739.7789339770782,756.163551296034,3608210,BHARTIARTL.NS
2022-10-17,742.6389770507812,747.4864899558124,736.6765125080963,737.7914641457501,4566333,BHARTIARTL.NS
2022-10-18,759.2659912109375,761.6412252618128,745.2082033933408,746.3715591840784,4391263,BHARTIARTL.NS
2022-10-19,759.5083618164062,764.5982504751646,755.727278000403,763.9195868192483,5219180,BHARTIARTL.NS
2022-10-20,768.7186889648438,769.7851182299205,754.5639145107759,758.15108621637,4756732,BHARTIARTL.NS
2022-10-21,773.1298217773438,778.3651000528855,765.6646402936423,765.9070159315953,4807736,BHARTIARTL.NS
2022-10-24,777.6380004882812,782.8733381216878,775.6020687273686,775.6020687273686,522406,BHARTIARTL.NS
2022-10-25,777.8319091796875,781.7583827993933,774.3417235563361,781.5645296221171,3184277,BHARTIARTL.NS
2022-10-27,792.1805419921875,797.1250407015173,779.6739940953365,781.9038382158224,8159181,BHARTIARTL.NS
2022-10-28,791.9381713867188,799.2579633210171,786.557443816972,794.0226256363355,3905093,BHARTIARTL.NS
2022-10-31,806.6260986328125,808.3711913383762,794.99206836407,797.9005759312556,5487233,BHARTIARTL.NS
2022-11-01,810.0679321289062,815.7880214669889,796.0101436213687,802.748198913179,10488759,BHARTIARTL.NS
2022-11-02,785.151611328125,804.6871112527322,782.6309283840579,804.6871112527322,11729925,BHARTIARTL.NS
2022-11-03,793.683349609375,799.2579897170575,779.6740248083631,785.0547525558121,5897840,BHARTIARTL.NS
2022-11-04,791.501953125,796.7372317058346,784.5215225101441,790.8232894644076,3768226,BHARTIARTL.NS
2022-11-07,797.6098022460938,798.9186070888798,784.3276047681758,792.0836255817054,7171570,BHARTIARTL.NS
2022-11-09,794.0711059570312,800.3244096662162,789.611417592047,799.0640680999157,3969171,BHARTIARTL.NS
2022-11-10,800.5667724609375,805.3658221687489,792.6168393011152,794.7982201525074,4425290,BHARTIARTL.NS
2022-11-11,801.6817016601562,811.376727394715,798.6762081781984,805.4142628984649,4325441,BHARTIARTL.NS
2022-11-14,796.834228515625,805.4627663452762,792.0836419993747,793.053144621161,10406576,BHARTIARTL.NS
2022-11-15,809.7770385742188,813.1702976403783,797.5613296055412,797.5613296055412,6229710,BHARTIARTL.NS
2022-11-16,815.5455932617188,818.3086519829337,802.7966104912177,811.9584218320109,3445345,BHARTIARTL.NS
2022-11-17,820.3447265625,823.4956103117197,812.831080698976,816.127354347757,4545534,BHARTIARTL.NS
2022-11-18,811.7644653320312,825.8707154616649,805.753537746138,824.0286961389444,7405949,BHARTIARTL.NS
2022-11-21,825.2406005859375,826.7917810306351,809.5346470949754,811.4736522377179,5527122,BHARTIARTL.NS
2022-11-22,821.7503662109375,834.3054365036278,819.3266097518753,827.373528534955,7601660,BHARTIARTL.NS
2022-11-23,817.5330810546875,825.8707798839393,815.9333780685696,825.8707798839393,4596816,BHARTIARTL.NS
2022-11-24,822.4775390625,825.0467447220254,812.2008347718881,820.1992315332943,3455310,BHARTIARTL.NS
2022-11-25,821.0232543945312,833.7722372735011,815.933365736757,826.0162164616546,2991065,BHARTIARTL.NS
2022-11-28,811.8615112304688,826.5494403029468,810.5526471995839,814.6245700060977,3668846,BHARTIARTL.NS
2022-11-29,810.3587646484375,819.0358251826489,809.5347110671488,813.4127216590873,2680296,BHARTIARTL.NS
2022-11-30,822.8652954101562,826.0161787210052,807.2078054421341,809.3407229026876,6874390,BHARTIARTL.NS
2022-12-01,822.7199096679688,827.1796572784522,815.9333912454349,826.9857449173451,4506664,BHARTIARTL.NS
2022-12-02,822.7684326171875,825.9677794692086,813.5096351392058,825.4345648561625,3505272,BHARTIARTL.NS
2022-12-05,818.357177734375,825.6284477385559,815.2062940658966,825.0467698077201,3311316,BHARTIARTL.NS
2022-12-06,807.9349975585938,819.2297269307463,804.396348443554,819.1328003367022,5567349,BHARTIARTL.NS
2022-12-07,808.565185546875,815.933381793632,806.6261803057554,812.0069080151135,3771882,BHARTIARTL.NS
2022-12-08,807.2078857421875,814.5761414140171,801.1000308590726,807.5957104731375,4822179,BHARTIARTL.NS
2022-12-09,809.4378051757812,811.0859123805142,798.8217390740612,804.9780573767325,4615843,BHARTIARTL.NS
2022-12-12,803.135986328125,811.4252218143943,800.2274784961888,807.2078499538409,3149823,BHARTIARTL.NS
2022-12-13,812.4916381835938,814.3821800792405,796.9311333632568,796.9311333632568,3832999,BHARTIARTL.NS
2022-12-14,803.9115600585938,816.3211813850431,802.8935941730876,815.01237655707,7491333,BHARTIARTL.NS
2022-12-15,801.1483764648438,805.6565868114424,799.2093714424335,803.7175817890321,2996482,BHARTIARTL.NS
2022-12-16,797.6582641601562,807.3048268650276,794.8952054196182,799.839645010184,4309644,BHARTIARTL.NS
2022-12-19,814.77001953125,819.2781711768815,796.9311477848175,797.6098114485801,6397169,BHARTIARTL.NS
2022-12-20,803.6691284179688,814.139743833476,796.9310740471775,814.139743833476,2828863,BHARTIARTL.NS
2022-12-21,789.1751708984375,807.6441848691122,787.575467828469,807.595721570514,5079337,BHARTIARTL.NS
2022-12-22,791.69580078125,799.5488073582989,784.8123559795246,794.0226306945407,3626834,BHARTIARTL.NS
2022-12-23,783.98828125,793.0046433662797,780.4495731803689,789.175096358783,2804496,BHARTIARTL.NS
2022-12-26,786.2666625976562,790.3385856320482,776.7170850013265,780.4981098967465,6023206,BHARTIARTL.NS
2022-12-27,789.9507446289062,794.4589556051742,780.4496305268073,790.1446569929788,1782053,BHARTIARTL.NS
2022-12-28,779.2861938476562,789.0782058104647,777.0078863609536,788.2056297832735,2907741,BHARTIARTL.NS
2022-12-29,795.71923828125,799.597248580519,736.918883449088,782.4370411715056,6110313,BHARTIARTL.NS
2022-12-30,781.5160522460938,799.6457633980757,780.4011597174627,799.5488368038452,3113243,BHARTIARTL.NS
2023-01-02,788.6903686523438,791.3080375188825,781.0312744083493,781.6614747706849,1626846,BHARTIARTL.NS
2023-01-03,792.665283203125,793.828698130152,783.8428334228406,785.6363895206073,1717603,BHARTIARTL.NS
2023-01-04,787.042236328125,795.4284578870157,781.6130451790569,793.9742039177569,2970216,BHARTIARTL.NS
2023-01-05,782.4855346679688,799.8396550965302,779.2377245864681,799.8396550965302,5297349,BHARTIARTL.NS
2023-01-06,771.7240600585938,787.47847711381,767.8460497065405,782.921803115399,3199618,BHARTIARTL.NS
2023-01-09,794.410400390625,796.4463320434561,776.6199933793855,778.219696230709,4340729,BHARTIARTL.NS
2023-01-10,768.6701049804688,800.9060661050337,766.1978852101753,800.9060661050337,8392344,BHARTIARTL.NS
2023-01-11,742.20263671875,755.8726576512522,728.7265872972611,751.3644472979695,28389020,BHARTIARTL.NS
2023-01-12,733.8165893554688,745.8383868734246,730.5687199298997,741.6695372569259,12732671,BHARTIARTL.NS
2023-01-13,740.9907836914062,742.5904865609781,729.065914216496,733.9134269439993,12279288,BHARTIARTL.NS
2023-01-16,735.9979248046875,744.6749257633419,731.635163090786,743.0268186770844,5779293,BHARTIARTL.NS
2023-01-17,742.3480834960938,745.4505033618145,735.6100292190761,735.9978538924425,6594428,BHARTIARTL.NS
2023-01-18,752.8671875,756.211983106179,742.6389475119656,744.7718649400898,5800899,BHARTIARTL.NS
2023-01-19,748.4559936523438,752.8187552733742,742.2996759232751,752.3340039821486,4169463,BHARTIARTL.NS
2023-01-20,741.1362915039062,752.1885858946541,735.173826706846,752.1885858946541,6289718,BHARTIARTL.NS
2023-01-23,749.1347045898438,752.3340514791685,740.5545706892169,744.481103735031,2685320,BHARTIARTL.NS
2023-01-24,751.9946899414062,753.8367093148988,737.7914536619912,749.4254844687506,5012125,BHARTIARTL.NS
2023-01-25,752.8187255859375,756.6967357628129,744.5779539600773,751.3160084771462,6560514,BHARTIARTL.NS
2023-01-27,750.8796997070312,755.1455344529768,742.4450159711201,751.3159876745976,6745926,BHARTIARTL.NS
2023-01-30,746.7109375,751.3160749927421,739.7305067288842,748.0682056778247,5420851,BHARTIARTL.NS
2023-01-31,746.8079223632812,755.2426077375908,744.9659027267073,751.3645969148047,8537557,BHARTIARTL.NS
2023-02-01,745.6444702148438,760.7202838779879,733.525686996076,752.2855989229762,4472974,BHARTIARTL.NS
2023-02-02,754.0305786132812,757.1814617768854,741.7178848776804,741.7663481685269,2841909,BHARTIARTL.NS
2023-02-03,768.7186889648438,770.7061575990759,754.6609002818036,756.1151542834974,5493687,BHARTIARTL.NS
2023-02-06,765.179931640625,770.415269381531,755.0486175750946,765.616219647991,2407975,BHARTIARTL.NS
2023-02-07,761.9320678710938,771.5785707799788,759.1204868429206,769.6880881708937,4126502,BHARTIARTL.NS
2023-02-08,751.46142578125,757.1815146704078,741.6694733967503,754.273006931597,9951783,BHARTIARTL.NS
2023-02-09,743.2691650390625,751.4614143733536,738.0822908126801,746.5169749619331,5913945,BHARTIARTL.NS
2023-02-10,748.4075927734375,749.6194711025694,737.7915267754929,745.499084783521,2954992,BHARTIARTL.NS
2023-02-13,745.15966796875,755.82419647255,743.3176485496116,747.4864978572577,3705892,BHARTIARTL.NS
2023-02-14,751.5584716796875,753.8852425526687,742.8329477650791,745.5475433704303,3502010,BHARTIARTL.NS
2023-02-15,761.4473876953125,763.1440172943005,748.6499411710541,751.3645366946861,3602838,BHARTIARTL.NS
2023-02-16,760.5263061523438,766.3917848914007,756.7936857374958,765.5677313728419,3399428,BHARTIARTL.NS
2023-02-17,753.1095581054688,763.4347837830272,746.8077916216745,761.9805299790747,3093216,BHARTIARTL.NS
2023-02-20,755.3880004882812,769.5911785634418,753.4004727508019,757.4239323489373,3381774,BHARTIARTL.NS
2023-02-21,755.291015625,763.9680760391274,754.4184987581361,759.1690261632697,2769616,BHARTIARTL.NS
2023-02-22,748.6015014648438,757.8117767210191,743.1237877745673,753.3035656892874,3261898,BHARTIARTL.NS
2023-02-23,739.6820678710938,753.7883197696543,738.6155794385544,750.3950604523633,4062194,BHARTIARTL.NS
2023-02-24,734.0104370117188,752.1401485093113,731.9745051041064,752.0432219132331,4357223,BHARTIARTL.NS
2023-02-27,729.9385375976562,731.3927915103834,715.9292130703031,730.0354641890075,6719439,BHARTIARTL.NS
2023-02-28,719.6133422851562,734.0104329746132,717.0926590635243,731.9745010781986,10562614,BHARTIARTL.NS
2023-03-01,727.3209228515625,730.4718065636455,718.4014863549165,719.7588137773129,3744982,BHARTIARTL.NS
2023-03-02,717.5288696289062,728.872062184627,713.3600201730414,728.0964719187965,4910541,BHARTIARTL.NS
2023-03-03,741.0877685546875,742.5420223711812,720.8736050011814,722.2793955252065,5759333,BHARTIARTL.NS
2023-03-06,743.2206420898438,752.2370632764253,741.7663882434584,743.3176278505138,4597345,BHARTIARTL.NS
2023-03-08,743.1721801757812,746.4200492763146,737.5006138338476,740.6999604670856,3546995,BHARTIARTL.NS
2023-03-09,749.8132934570312,770.7545248009965,746.710873472141,770.7545248009965,5240056,BHARTIARTL.NS
2023-03-10,750.1526489257812,755.1940743623575,744.7719212431948,749.4255219639792,4113931,BHARTIARTL.NS
2023-03-13,741.9603271484375,754.0791096354228,739.8759320649216,753.7398073952842,3447889,BHARTIARTL.NS
2023-03-14,748.2620849609375,753.0611346022921,740.6999766155792,740.6999766155792,3753502,BHARTIARTL.NS
2023-03-15,733.57421875,742.2027570066934,729.5507590009611,734.883023684689,8101060,BHARTIARTL.NS
2023-03-16,723.2005615234375,735.8525601095433,720.8252680387951,727.1270356813669,7465693,BHARTIARTL.NS
2023-03-17,734.1558837890625,736.2888014598446,716.6079094439262,727.1269895566812,9306857,BHARTIARTL.NS
2023-03-20,731.780517578125,736.6280303590794,725.9635022409798,731.9259666310496,3566109,BHARTIARTL.NS
2023-03-21,733.8650512695312,742.6390385191136,732.1199583140268,736.822022551601,5332221,BHARTIARTL.NS
2023-03-22,733.6226806640625,739.9244480056649,730.180958027629,737.7915303014502,2680654,BHARTIARTL.NS
2023-03-23,740.263671875,742.4450526468511,733.7679928529618,734.8829444725153,2454948,BHARTIARTL.NS
2023-03-24,739.197265625,743.6084905988889,735.7070207776568,740.2636948103384,2336818,BHARTIARTL.NS
2023-03-27,738.5186157226562,746.2261733335719,736.1917857811085,739.7304939893492,2258853,BHARTIARTL.NS
2023-03-28,725.624267578125,742.2512024606756,720.1465539561249,742.2512024606756,4166723,BHARTIARTL.NS
2023-03-29,720.9220581054688,731.8774840405556,716.3169210849858,728.0964005016111,4891868,BHARTIARTL.NS
2023-03-31,726.157470703125,730.0354812275742,719.4194155821455,729.2114276606266,5796532,BHARTIARTL.NS
2023-04-03,737.355224609375,738.6640886839983,729.114452129229,731.9744967659111,2120667,BHARTIARTL.NS
2023-04-05,740.1668090820312,744.5780342994468,732.944002513518,744.5780342994468,3197932,BHARTIARTL.NS
2023-04-06,742.5905151367188,745.2566472394413,735.9493869402373,739.3426459800661,1777379,BHARTIARTL.NS
2023-04-10,746.274658203125,752.6248886694224,743.0753113213163,745.4990679247692,1701065,BHARTIARTL.NS
2023-04-11,750.5404663085938,752.3340224606845,744.7234506710112,752.3340224606845,3485481,BHARTIARTL.NS
2023-04-12,747.5834350585938,750.9282308806487,741.7664194284957,750.3950162826383,3794841,BHARTIARTL.NS
2023-04-13,743.656982421875,747.6319787193585,742.1058018793781,746.5170270224893,4292170,BHARTIARTL.NS
2023-04-17,736.482666015625,764.9375433569343,731.3442549506595,764.9375433569343,9083437,BHARTIARTL.NS
2023-04-18,736.5796508789062,741.6695398780695,729.5992198453044,741.6695398780695,4051481,BHARTIARTL.NS
2023-04-19,741.3302001953125,743.4630586149741,732.9439788838241,738.1307942183325,3429794,BHARTIARTL.NS
2023-04-20,748.7468872070312,750.1526778888742,739.3426996365507,740.7000270204845,2355441,BHARTIARTL.NS
2023-04-21,741.8634033203125,751.6068926413793,741.136276368386,746.1291792673691,4524208,BHARTIARTL.NS
2023-04-24,737.0643310546875,743.9962981204891,732.6046428887988,741.8633806253393,5271105,BHARTIARTL.NS
2023-04-25,749.0377197265625,753.303555033315,738.5186396996495,741.6210599978563,5773233,BHARTIARTL.NS
2023-04-26,749.86181640625,756.1151201661215,743.7054392392857,756.1151201661215,5057352,BHARTIARTL.NS
2023-04-27,762.5137939453125,765.1314627967837,747.8258059042053,748.4560062629133,4129769,BHARTIARTL.NS
2023-04-28,774.92333984375,777.5894717305458,763.1923832113433,765.761529343468,6572656,BHARTIARTL.NS
2023-05-02,766.1010131835938,782.1947336578447,764.5013101263129,775.8445030744277,6301210,BHARTIARTL.NS
2023-05-03,755.5333862304688,770.2698380120818,753.4974543809918,770.2698380120818,3908267,BHARTIARTL.NS
2023-05-04,765.0345458984375,768.524791072493,750.0557767378482,755.5334314098241,2457671,BHARTIARTL.NS
2023-05-05,763.2893676757812,766.8280757542876,756.4543863369626,765.0344604810927,1438467,BHARTIARTL.NS
2023-05-08,769.5426635742188,771.0453807203085,761.2534284501517,765.8101023558274,2489174,BHARTIARTL.NS
2023-05-09,769.397216796875,774.0023540098479,766.3917824957996,772.5966226206699,2486331,BHARTIARTL.NS
2023-05-10,771.7725219726562,773.2267758520748,764.0165012824242,772.6935612643697,2737334,BHARTIARTL.NS
2023-05-11,764.5496826171875,770.3182345894014,759.7991556552824,770.3182345894014,4808171,BHARTIARTL.NS
2023-05-12,767.797607421875,769.4942369973248,760.5748011087828,763.4833089524111,2576010,BHARTIARTL.NS
2023-05-15,772.7420043945312,778.0258051866215,765.4707351871797,768.8155308573095,7569060,BHARTIARTL.NS
2023-05-16,763.337890625,776.8140011792301,760.0900804050127,776.4261764483006,4846217,BHARTIARTL.NS
2023-05-17,768.0885009765625,773.3238391367822,759.993177239114,763.9681145718287,6529233,BHARTIARTL.NS
2023-05-18,774.9718627929688,778.5105708755359,770.4152480110216,773.6145946867207,11383252,BHARTIARTL.NS
2023-05-19,781.1766967773438,783.6973797930737,769.0579146368326,774.9718566519057,3432240,BHARTIARTL.NS
2023-05-22,777.3956909179688,779.4801453243423,775.1173833169299,776.5716373194007,9996762,BHARTIARTL.NS
2023-05-23,775.5536499023438,784.2791736758401,773.6146446193445,784.2791736758401,6516636,BHARTIARTL.NS
2023-05-24,776.95947265625,778.4137266785611,770.7546318248902,778.4137266785611,9104329,BHARTIARTL.NS
2023-05-25,797.6098022460938,800.3243976960805,773.5176270898219,775.2142566427815,9570396,BHARTIARTL.NS
2023-05-26,793.004638671875,804.0569324615277,788.5934138147607,802.6512010745422,6150206,BHARTIARTL.NS
2023-05-29,796.2039184570312,804.1053874055817,793.0530353702911,804.1053874055817,3684829,BHARTIARTL.NS
2023-05-30,793.4894409179688,801.148476205777,788.0117273782038,796.2040364525558,5148256,BHARTIARTL.NS
2023-05-31,823.9802856445312,861.6454380872003,793.0531289511447,794.0226315537745,47342125,BHARTIARTL.NS
2023-06-01,802.6996459960938,812.3946714705952,797.9005965514676,812.3946714705952,9713155,BHARTIARTL.NS
2023-06-02,810.9889526367188,813.7035481748123,801.7302143248082,807.401781059285,6834131,BHARTIARTL.NS
2023-06-05,809.0499267578125,815.6909959562494,806.7716192974345,812.9279371916426,5298053,BHARTIARTL.NS
2023-06-06,804.1539306640625,812.6855415741426,800.9545839695002,809.049906881744,2722174,BHARTIARTL.NS
2023-06-07,818.5026245117188,821.653508171373,802.0210792150658,803.6207822810044,4110739,BHARTIARTL.NS
2023-06-08,810.504150390625,823.4955085281051,809.0983598261323,821.847342320553,4050621,BHARTIARTL.NS
2023-06-09,808.0804443359375,814.1882990870511,803.669219192008,812.9764207962053,3332436,BHARTIARTL.NS
2023-06-12,810.843505859375,817.3876486516508,806.3838174037664,809.389251905536,1569715,BHARTIARTL.NS
2023-06-13,808.9044799804688,818.2602038479911,807.3532994720553,812.5401147724474,3224345,BHARTIARTL.NS
2023-06-14,802.6996459960938,808.5166612807947,794.0225863616671,806.626119478519,5108720,BHARTIARTL.NS
2023-06-15,804.3963012695312,808.3712381721482,799.0640370874277,801.7786324726594,3865201,BHARTIARTL.NS
2023-06-16,812.249267578125,814.3821851358484,795.7677233551376,797.4158896121849,4907797,BHARTIARTL.NS
2023-06-19,802.8935546875,814.3821361530202,802.2633543650288,814.3821361530202,3017364,BHARTIARTL.NS
2023-06-20,805.8505249023438,808.2742812578166,801.6331533395776,802.8450315173139,2691557,BHARTIARTL.NS
2023-06-21,813.4127197265625,815.1093493565047,805.075020643202,806.6262012067938,3022724,BHARTIARTL.NS
2023-06-22,817.0967407226562,817.7754043452427,809.2437937043081,811.1827988124178,4380046,BHARTIARTL.NS
2023-06-23,828.7307739257812,836.4383310890227,815.6909526988021,818.2601581444627,7667340,BHARTIARTL.NS
2023-06-26,825.9677124023438,831.2029906877177,820.5384625977553,831.2029906877177,4431992,BHARTIARTL.NS
2023-06-27,838.5227661132812,844.7760101244608,827.5673401298056,830.3789211505406,5533649,BHARTIARTL.NS
2023-06-28,845.6001586914062,846.957426793673,837.2624010328767,842.982489901243,6272649,BHARTIARTL.NS
2023-06-30,851.950439453125,856.0708256467817,840.6072468028977,853.162317745377,5217511,BHARTIARTL.NS
2023-07-03,852.3381958007812,857.1857085809171,847.9269118318657,853.1622493039084,3333167,BHARTIARTL.NS
2023-07-04,838.7651977539062,847.1513597366053,827.2765564438464,847.1513597366053,7397493,BHARTIARTL.NS
2023-07-05,840.219482421875,844.4367952152777,836.7292374310897,841.528287309829,4284477,BHARTIARTL.NS
2023-07-06,843.1279296875,851.1263258522197,837.1170019471442,837.9895187517784,6365222,BHARTIARTL.NS
2023-07-07,843.9035034179688,856.6524263999327,836.1959463387076,838.6197027049067,18763997,BHARTIARTL.NS
2023-07-10,858.3976440429688,862.4695077109405,838.6197669110601,840.5587721524729,4310681,BHARTIARTL.NS
2023-07-11,864.6994018554688,865.911280118427,859.2701517331698,862.857323226275,3353977,BHARTIARTL.NS
2023-07-12,862.8088989257812,868.3835391873391,856.1677702403734,862.8088989257812,3033186,BHARTIARTL.NS
2023-07-13,858.0582275390625,866.0566236464394,856.3131347685646,864.166081822675,4228714,BHARTIARTL.NS
2023-07-14,859.4639892578125,863.0996237301383,852.8229206245261,858.0097354688822,3860080,BHARTIARTL.NS
2023-07-17,851.3202514648438,869.3045729226673,849.28431957372,858.9793460528722,5614592,BHARTIARTL.NS
2023-07-18,848.7510375976562,853.356174809803,836.826167809372,850.302218041725,4731911,BHARTIARTL.NS
2023-07-19,844.1943969726562,850.2537882802407,840.752674544697,848.7510710707083,6641825,BHARTIARTL.NS
2023-07-20,857.8643188476562,859.6579340927116,841.5282243373321,844.4367320251339,3779959,BHARTIARTL.NS
2023-07-21,858.979248046875,864.6993366864343,848.120807794379,851.3201543327177,7001587,BHARTIARTL.NS
2023-07-24,861.0637817382812,865.3780210889284,853.9379019264227,858.0098247940927,4125577,BHARTIARTL.NS
2023-07-25,856.7009887695312,867.4139805723717,852.2897046385892,860.9183013736554,3652262,BHARTIARTL.NS
2023-07-26,862.2756958007812,869.1591410677927,856.3616940271372,859.4641143966517,2845581,BHARTIARTL.NS
2023-07-27,867.8502197265625,873.9096105832419,861.0637019670814,862.2270576725728,3445446,BHARTIARTL.NS
2023-07-28,867.8017578125,872.455417654135,863.3905327957872,872.455417654135,2314339,BHARTIARTL.NS
2023-07-31,862.7603759765625,870.4194109108225,858.2521652768063,866.7353129143912,4424817,BHARTIARTL.NS
2023-08-01,864.45703125,870.0316712921554,861.0637720939054,867.2200900361795,2087412,BHARTIARTL.NS
2023-08-02,851.3202514648438,863.4875570351761,845.9879869013101,856.2647504734587,3328903,BHARTIARTL.NS
2023-08-03,845.115478515625,855.1498073528916,838.7167254708315,848.3148254511487,4642067,BHARTIARTL.NS
2023-08-04,862.51806640625,865.7174133542032,839.7832171610844,842.4978127783252,7066276,BHARTIARTL.NS
2023-08-07,864.214599609375,873.0855124670898,857.1371836318807,858.155208651753,4086452,BHARTIARTL.NS
2023-08-08,858.3976440429688,867.0261818630096,853.5985942357231,864.7963376701335,3282856,BHARTIARTL.NS
2023-08-09,856.7494506835938,870.0801112971183,851.9988643227318,858.0097922159422,3185159,BHARTIARTL.NS
2023-08-10,848.120849609375,856.943358638016,841.7221562172219,855.1012800568323,3439922,BHARTIARTL.NS
2023-08-11,847.8773803710938,850.9453655365079,842.4719364827722,849.2896284543091,2812690,BHARTIARTL.NS
2023-08-14,844.468505859375,847.9260376390342,835.2646101195944,847.8286658209527,2665905,BHARTIARTL.NS
2023-08-16,834.631591796875,851.2375294234035,830.9792568594177,847.3417054901156,3962408,BHARTIARTL.NS
2023-08-17,834.3881225585938,837.4560483113703,827.8626054267071,834.8751005617859,3013019,BHARTIARTL.NS
2023-08-18,833.9498291015625,839.5500761291058,830.0540050824019,834.3881211928294,4929835,BHARTIARTL.NS
2023-08-21,849.2409057617188,851.2375035777961,831.8557563199429,833.365435604699,3220142,BHARTIARTL.NS
2023-08-22,854.79248046875,857.0325673096432,843.6406727280962,848.3156494929071,3333869,BHARTIARTL.NS
2023-08-23,845.5399169921875,854.1594037305159,844.2250407375834,854.1594037305159,1860153,BHARTIARTL.NS
2023-08-24,846.8060302734375,851.9192991175547,841.6927614293203,850.2635620789201,2842728,BHARTIARTL.NS
2023-08-25,850.75048828125,853.136692152374,838.6734112063066,846.8059787307047,3124339,BHARTIARTL.NS
2023-08-28,847.6825561523438,852.9419421775066,843.2997542798929,851.2862051365809,3094455,BHARTIARTL.NS
2023-08-29,832.9271240234375,847.3416599121427,826.4016073970726,847.3416599121427,14064286,BHARTIARTL.NS
2023-08-30,835.4107055664062,840.134368086054,834.1445747365004,837.4559892573654,3261665,BHARTIARTL.NS
2023-08-31,834.0958862304688,837.1151258497277,824.9893625739633,833.2193021110438,12528190,BHARTIARTL.NS
2023-09-01,843.3971557617188,844.9554614831179,830.540925500741,830.9305316538671,4427899,BHARTIARTL.NS
2023-09-04,842.7640991210938,846.8060402235877,837.3099694015035,843.2023912019934,3102649,BHARTIARTL.NS
2023-09-05,843.3484497070312,845.1989302762921,836.0437803520641,840.6213255914024,2216754,BHARTIARTL.NS
2023-09-06,857.3734741210938,859.4188174342554,843.2511118046698,844.5659881014648,4235096,BHARTIARTL.NS
2023-09-07,852.503662109375,860.6849161647449,850.4096924081529,857.3734420362485,4532834,BHARTIARTL.NS
2023-09-08,862.7788696289062,867.4539058271677,855.2794562391008,858.8343598514836,3741470,BHARTIARTL.NS
2023-09-11,867.5999755859375,869.0609095567643,860.5874806368574,864.8729107295051,2733894,BHARTIARTL.NS
2023-09-12,867.21044921875,873.1515570613575,861.9510630220874,871.5932512341166,4106031,BHARTIARTL.NS
2023-09-13,891.3157958984375,894.0915465293764,862.4866646131653,864.9215544457617,5222561,BHARTIARTL.NS
2023-09-14,891.1210327148438,896.6238483155203,886.3973105608121,896.3316734116396,5513106,BHARTIARTL.NS
2023-09-15,911.7689208984375,923.9920566447039,886.2999480632333,888.8322098509059,14003428,BHARTIARTL.NS
2023-09-18,896.2343139648438,911.4280036319391,894.0915988975468,905.1947209627322,2977375,BHARTIARTL.NS
2023-09-20,886.981689453125,895.3576867872904,881.2353256094291,887.2738643470045,5241903,BHARTIARTL.NS
2023-09-21,894.0428466796875,896.1855615880683,879.8230546117438,886.4946883163486,4896202,BHARTIARTL.NS
2023-09-22,887.6635131835938,898.3282837190831,880.2614119912647,894.0429130298404,6112928,BHARTIARTL.NS
2023-09-25,886.6895751953125,889.562697868085,878.5570068452753,888.2478810329368,5278045,BHARTIARTL.NS
2023-09-26,888.9296264648438,896.9647632241839,884.3520215128359,886.2999334544942,5355047,BHARTIARTL.NS
2023-09-27,896.282958984375,897.0621118517843,883.8163347691661,891.1210043615408,4713145,BHARTIARTL.NS
2023-09-28,901.5423583984375,907.7269549679048,894.6759213221188,901.8832192063088,7386917,BHARTIARTL.NS
2023-09-29,902.2728271484375,912.0123867703094,897.7925940550438,907.726956758464,5608557,BHARTIARTL.NS
2023-10-03,901.201416015625,904.0745979169683,892.1923236043867,894.3350385534674,4338272,BHARTIARTL.NS
2023-10-04,900.1787719726562,901.8345089495174,894.3837222764186,894.3837222764186,5603669,BHARTIARTL.NS
2023-10-05,904.6589965820312,905.3894635737631,895.4551600426539,900.9579757130341,7063132,BHARTIARTL.NS
2023-10-06,901.9319458007812,904.9999309922357,900.2275227934304,904.9999309922357,2420855,BHARTIARTL.NS
2023-10-09,900.4710083007812,903.8798543022572,892.6793602974075,894.0916083871303,2248103,BHARTIARTL.NS
2023-10-10,923.651123046875,929.2026839810675,897.062136877964,900.4709827828386,7897875,BHARTIARTL.NS
2023-10-11,930.7122802734375,931.8810393003275,923.3102388457227,923.7972168197974,5645289,BHARTIARTL.NS
2023-10-12,925.5990600585938,931.8810881425253,922.3363312395065,930.7123290543776,5544735,BHARTIARTL.NS
2023-10-13,929.3487548828125,931.0531777503863,921.6544793024011,921.6544793024011,4421671,BHARTIARTL.NS
2023-10-16,921.8980102539062,933.7802849607709,919.2683172493909,933.0011320749472,1881721,BHARTIARTL.NS
2023-10-17,928.8131713867188,935.2412572653051,921.3623841426489,921.8980480582716,3863410,BHARTIARTL.NS
2023-10-18,928.033935546875,933.9264168063335,925.8912799385872,928.1800527226927,2334392,BHARTIARTL.NS
2023-10-19,918.3917846679688,926.5242931583757,916.8334194641325,921.1675353766442,4306963,BHARTIARTL.NS
2023-10-20,920.5831909179688,922.8232777505742,912.5967401079557,913.3758929916157,3125104,BHARTIARTL.NS
2023-10-23,914.8368530273438,924.3816098768477,912.5967661308616,917.0769399238259,2180066,BHARTIARTL.NS
2023-10-25,898.57177734375,915.1777746174395,895.0655595394459,900.5196893340426,6365249,BHARTIARTL.NS
2023-10-26,881.9171752929688,900.5197114795118,876.6091030997748,897.6465887796198,6595332,BHARTIARTL.NS
2023-10-27,890.7800903320312,894.481170507782,882.8423849869006,887.0303836933224,3508393,BHARTIARTL.NS
2023-10-30,902.1267700195312,907.6783312626092,886.6408454118229,890.9749616211362,3686768,BHARTIARTL.NS
2023-10-31,890.5853881835938,899.4970498963005,888.6374761879565,896.3316929033899,5697563,BHARTIARTL.NS
2023-11-01,889.6600952148438,890.7314230066676,872.1288877050039,879.482243410298,4821458,BHARTIARTL.NS
2023-11-02,899.7892456054688,901.8345889155006,892.5333208104419,896.0395387054137,6611573,BHARTIARTL.NS
2023-11-03,906.509521484375,909.3827034926146,898.1822098078761,900.9092746420058,3895154,BHARTIARTL.NS
2023-11-06,914.739501953125,916.2004359768644,905.779094718412,909.8697218739937,2760800,BHARTIARTL.NS
2023-11-07,912.742919921875,914.4960288918131,908.1653146785776,911.6715326184539,3616946,BHARTIARTL.NS
2023-11-08,912.353271484375,917.2717373331833,910.0644986914863,917.2717373331833,1808553,BHARTIARTL.NS
2023-11-09,908.06787109375,912.8889652798705,906.3147621475856,912.3533013582032,3914416,BHARTIARTL.NS
2023-11-10,911.1358032226562,912.5967371668936,904.8050894642947,904.8050894642947,1345614,BHARTIARTL.NS
2023-11-13,910.6488037109375,915.8107583027553,909.4800446940695,913.570671530331,1656368,BHARTIARTL.NS
2023-11-15,925.2581787109375,927.8878717395428,911.8175981093002,923.3102667557565,4816316,BHARTIARTL.NS
2023-11-16,924.8198852539062,929.056629417445,918.68397449334,924.2842213561406,5310736,BHARTIARTL.NS
2023-11-17,922.6284790039062,929.1539958956386,921.3623481313145,924.089412959717,3249469,BHARTIARTL.NS
2023-11-20,936.361328125,939.1857648756039,917.4178719155799,924.2842498700766,4646962,BHARTIARTL.NS
2023-11-21,945.5651245117188,950.9218823173476,935.9716820380419,941.8154178260005,5704644,BHARTIARTL.NS
2023-11-22,944.4938354492188,950.8732353901588,940.7928145208957,948.9253233809827,3309732,BHARTIARTL.NS
2023-11-23,951.214111328125,955.4507959724109,938.601369767411,944.7372804212422,2749555,BHARTIARTL.NS
2023-11-24,947.8052978515625,951.7011218214473,945.711268689527,949.6070926594117,2322104,BHARTIARTL.NS
2023-11-28,959.2492065429688,962.2684461077989,945.9059985894081,948.68174917496,5096984,BHARTIARTL.NS
2023-11-29,969.4757690429688,980.8710060149546,965.1416532092849,969.9627470142691,5647918,BHARTIARTL.NS
2023-11-30,988.2730712890625,991.6819169655184,966.8460413227681,969.0861280210432,9934052,BHARTIARTL.NS
2023-12-01,988.2730712890625,995.918601385179,981.9423578899301,988.56524617222,5544950,BHARTIARTL.NS
2023-12-04,1005.9991455078125,1016.8100329999928,998.4996132017866,1009.0183852375408,5164902,BHARTIARTL.NS
2023-12-05,1004.2460327148438,1018.7092558951329,995.4804284975636,1011.7455654354088,4266159,BHARTIARTL.NS
2023-12-06,997.7691040039062,1008.0443866122897,987.0556482294245,1002.2980228524142,4121251,BHARTIARTL.NS
2023-12-07,973.9559936523438,993.1429386164061,972.0080816650391,988.565333557129,13805235,BHARTIARTL.NS
2023-12-08,974.1994018554688,977.8517365287585,965.4824845461071,972.6897820796194,6630766,BHARTIARTL.NS
2023-12-11,974.7838134765625,978.4361483815986,966.213012788522,970.1575225968501,6195119,BHARTIARTL.NS
2023-12-12,969.3296508789062,974.7837803736535,961.2945143606937,973.2254746453123,7119331,BHARTIARTL.NS
2023-12-13,973.8585815429688,975.9038652668033,965.6773277565226,967.3330647663454,4153219,BHARTIARTL.NS
2023-12-14,979.0205078125,984.8642433631768,973.128086354678,979.7996606634798,6541673,BHARTIARTL.NS
2023-12-15,966.7000122070312,984.5233950496307,962.5120133121887,973.6151354478703,10119597,BHARTIARTL.NS
2023-12-18,964.4598999023438,972.7872115619983,956.5708803185773,969.086190762769,5750263,BHARTIARTL.NS
2023-12-19,962.706787109375,971.9593687924065,960.2232112835669,969.5244788758192,3912964,BHARTIARTL.NS
2023-12-20,946.2468872070312,967.7713492755003,943.7633114344723,967.0408823161857,3990591,BHARTIARTL.NS
2023-12-21,952.4315795898438,955.9864832605945,934.997743715264,942.7893915795579,4294277,BHARTIARTL.NS
2023-12-22,963.778076171875,972.9332856686277,950.1426931868274,956.3273489938053,4605120,BHARTIARTL.NS
2023-12-26,973.8098754882812,976.3908826470671,963.8755719195391,969.0862127020765,2460643,BHARTIARTL.NS
2023-12-27,994.6038208007812,997.3796309054401,972.0080310358865,973.95594292173,4791379,BHARTIARTL.NS
2023-12-28,1009.7000122070312,1014.8132805718024,995.5777114070222,997.2334482904389,5288328,BHARTIARTL.NS
2023-12-29,1005.3173217773438,1016.0795829853465,997.7205364167932,1006.2426512992488,4631749,BHARTIARTL.NS
2024-01-01,986.6660766601562,1005.0738086978541,980.7736549717309,1005.0738086978541,3804406,BHARTIARTL.NS
2024-01-02,995.0908813476562,998.7431569911356,989.5393201232077,990.9028823346716,6865791,BHARTIARTL.NS
2024-01-03,1008.2392578125,1009.9924262631365,994.7499902659945,1005.0739006424371,3604276,BHARTIARTL.NS
2024-01-04,1020.6085205078125,1031.2246647310706,1000.7885396019556,1008.2879532773239,4664043,BHARTIARTL.NS
2024-01-05,1019.3423461914062,1035.948343879691,1011.8915588642936,1026.354900866207,4008221,BHARTIARTL.NS
2024-01-08,1021.7285766601562,1031.4193911832901,1018.0274963497017,1022.653787292214,4489695,BHARTIARTL.NS
2024-01-09,1036.776123046875,1040.087597100681,1020.7545950052714,1029.4714533213216,3371125,BHARTIARTL.NS
2024-01-10,1035.02294921875,1045.346977488517,1027.815770240984,1039.1622620410842,3111573,BHARTIARTL.NS
2024-01-11,1035.1690673828125,1045.9313282876392,1029.812309607599,1037.9935634425103,2604325,BHARTIARTL.NS
2024-01-12,1048.3173828125,1050.4601570732514,1024.2119748939601,1030.5426880846878,3394013,BHARTIARTL.NS
2024-01-15,1073.6890869140625,1075.9291143141684,1046.564436882113,1049.9732827828525,3312897,BHARTIARTL.NS
2024-01-16,1067.3583984375,1087.908846148748,1064.5339022744688,1078.1692862011316,5025540,BHARTIARTL.NS
2024-01-17,1056.9857177734375,1080.068426735059,1050.7037493154712,1063.5599205792155,4568700,BHARTIARTL.NS
2024-01-18,1058.739013671875,1067.4558731084185,1047.1975389090353,1047.1975389090353,4407330,BHARTIARTL.NS
2024-01-19,1095.700439453125,1106.754815664053,1061.4172377040122,1062.5859372829862,11753391,BHARTIARTL.NS
2024-01-23,1127.841064453125,1142.0121720163006,1105.440076126336,1115.179636268418,18194595,BHARTIARTL.NS
2024-01-24,1158.9588623046875,1162.903431551066,1110.4071808376661,1110.4071808376661,9546592,BHARTIARTL.NS
2024-01-25,1130.3245849609375,1169.3801933828981,1126.91573925768,1155.111715446756,11424697,BHARTIARTL.NS
2024-01-29,1131.8829345703125,1139.2849760349768,1127.840993587094,1127.840993587094,4015858,BHARTIARTL.NS
2024-01-30,1128.47412109375,1150.095896314162,1124.4809253501203,1131.8829670270381,3902023,BHARTIARTL.NS
2024-01-31,1140.210205078125,1144.4470086551455,1116.3482838433536,1128.8149678000045,5981966,BHARTIARTL.NS
2024-02-01,1121.218017578125,1139.7231802236747,1119.0266167385205,1134.7074023036857,3606209,BHARTIARTL.NS
2024-02-02,1120.8284912109375,1144.5929199294526,1115.4717337899262,1124.9190584123605,4969983,BHARTIARTL.NS
2024-02-05,1084.5487060546875,1129.4480520010127,1081.0911148426662,1124.2860378601854,7809331,BHARTIARTL.NS
2024-02-06,1104.5147705078125,1125.9904274400494,1093.752509919659,1095.7004217806023,9863065,BHARTIARTL.NS
2024-02-07,1104.7581787109375,1118.3448153911254,1102.3232890627967,1109.1409800775912,2770694,BHARTIARTL.NS
2024-02-08,1112.40380859375,1116.6404931847862,1087.1295804355839,1114.5952094744005,6519392,BHARTIARTL.NS
2024-02-09,1091.0740966796875,1116.1047157464723,1087.178273080742,1116.1047157464723,4203171,BHARTIARTL.NS
2024-02-12,1089.5645751953125,1099.5963699711601,1082.3573956068903,1093.655261901001,3887976,BHARTIARTL.NS
2024-02-13,1088.736572265625,1095.7003806855353,1075.0525632903903,1082.0649981703375,3211554,BHARTIARTL.NS
2024-02-14,1086.7886962890625,1091.9507102534951,1075.9290639355402,1081.0910778999728,4653070,BHARTIARTL.NS
2024-02-15,1091.512451171875,1101.9824782632727,1080.5068196104696,1093.0708758983699,5056712,BHARTIARTL.NS
2024-02-16,1090.8306884765625,1097.6971256345778,1087.7627033870003,1094.7265123639788,3091952,BHARTIARTL.NS
2024-02-19,1112.4525146484375,1115.1796390514723,1089.2236874298242,1091.8534400094181,4711035,BHARTIARTL.NS
2024-02-20,1114.15673828125,1121.607524253322,1105.4398810488005,1115.179439472138,5397418,BHARTIARTL.NS
2024-02-21,1110.21240234375,1128.9610542319738,1103.1024764089161,1124.9191132934343,4570259,BHARTIARTL.NS
2024-02-22,1105.975830078125,1109.0924418533402,1069.0628723405234,1107.9723686278003,8642368,BHARTIARTL.NS
2024-02-23,1096.4310302734375,1102.3721384380674,1086.2532370425372,1097.6484753436944,6709844,BHARTIARTL.NS
2024-02-26,1081.1397705078125,1096.5769474041383,1075.588150665588,1088.9800439952412,3186134,BHARTIARTL.NS
2024-02-27,1098.1353759765625,1101.5442219330307,1072.6177766588735,1084.0130141569084,7149094,BHARTIARTL.NS
2024-02-28,1099.352783203125,1122.6303542846065,1094.2395144440407,1103.881702167964,5302711,BHARTIARTL.NS
2024-02-29,1094.093505859375,1108.3132404224596,1070.3776998012384,1089.7107036308896,13818650,BHARTIARTL.NS
2024-03-01,1099.3040771484375,1111.0402943714844,1088.2984458081996,1098.6223555126314,5927490,BHARTIARTL.NS
2024-03-04,1103.9791259765625,1119.318932976237,1102.5181919765935,1102.5181919765935,5855090,BHARTIARTL.NS
2024-03-05,1138.4571533203125,1149.0245517814026,1103.540855690301,1103.540855690301,5375008,BHARTIARTL.NS
2024-03-06,1162.6112060546875,1165.4357021756023,1127.207929951227,1143.3755754449699,5464839,BHARTIARTL.NS
2024-03-07,1168.454833984375,1181.9928446371614,1158.4717861092452,1178.3405100486991,8903981,BHARTIARTL.NS
2024-03-11,1165.4356689453125,1186.5705844485385,1155.1117596273702,1155.1117596273702,6679208,BHARTIARTL.NS
2024-03-12,1172.886474609375,1176.5388094898276,1166.60450617144,1168.7471617448618,4249548,BHARTIARTL.NS
2024-03-13,1138.3109130859375,1180.4345040942515,1121.7049180915394,1180.4345040942515,7528096,BHARTIARTL.NS
2024-03-14,1163.48779296875,1168.4549447015017,1133.246531045428,1143.3755781509958,8569080,BHARTIARTL.NS
2024-03-15,1188.226318359375,1190.953442712055,1156.9136092243868,1159.0076383997182,10115416,BHARTIARTL.NS
2024-03-18,1193.3883056640625,1198.5015745411251,1183.551255187682,1193.0960713146433,4141080,BHARTIARTL.NS
2024-03-19,1196.3587646484375,1208.0949813753457,1182.966870366786,1184.525176104975,7703719,BHARTIARTL.NS
2024-03-20,1199.718994140625,1206.7314294672847,1191.7812293211134,1196.26140294043,6596032,BHARTIARTL.NS
2024-03-21,1189.0054931640625,1210.5298962763454,1182.4799168444927,1205.7574882554325,9952250,BHARTIARTL.NS
2024-03-22,1203.906982421875,1212.575214561218,1190.1742266616934,1194.9952612836244,7840007,BHARTIARTL.NS
2024-03-26,1181.5059814453125,1201.8616853069343,1178.4867416704947,1193.0960814432694,10898138,BHARTIARTL.NS
2024-03-27,1192.9013671875,1196.261467861563,1179.0224940614855,1179.0224940614855,5779169,BHARTIARTL.NS
2024-03-28,1196.6021728515625,1206.2443598616192,1188.5184103655909,1194.9951218680364,10518377,BHARTIARTL.NS
2024-04-01,1185.645263671875,1199.8163704408694,1176.5387992275982,1196.0179184201083,5461473,BHARTIARTL.NS
2024-04-02,1176.7823486328125,1195.774490820555,1171.8638232277463,1193.0961117940785,3625577,BHARTIARTL.NS
2024-04-03,1193.77783203125,1208.289800335749,1158.4719267240346,1163.877430127516,9532291,BHARTIARTL.NS
2024-04-04,1175.418701171875,1200.8876727542518,1170.013317045236,1199.8649714618873,7327626,BHARTIARTL.NS
2024-04-05,1159.9815673828125,1179.8015477156234,1157.9849100756255,1174.4935352030195,4227519,BHARTIARTL.NS
2024-04-08,1173.3245849609375,1179.0223218935434,1152.2871620201602,1157.0595695448187,4827733,BHARTIARTL.NS
2024-04-09,1173.0811767578125,1183.3077140613948,1167.0914428785984,1183.3077140613948,3372798,BHARTIARTL.NS
2024-04-10,1197.3814697265625,1198.647541127975,1177.2692555637361,1181.6520573424636,6442196,BHARTIARTL.NS
2024-04-12,1193.6318359375,1199.7676874675049,1187.7880998759063,1194.1674404084774,7877073,BHARTIARTL.NS
2024-04-15,1192.6578369140625,1202.8356292978308,1178.8275907324091,1179.0710797261943,4281602,BHARTIARTL.NS
2024-04-16,1184.7686767578125,1201.812906011378,1180.483365658374,1192.0247199747096,5235632,BHARTIARTL.NS
2024-04-18,1232.7847900390625,1248.4654576451017,1184.1357360648326,1188.2263036521085,19939924,BHARTIARTL.NS
2024-04-19,1255.42919921875,1262.7338687254532,1220.7076463853323,1246.6635958107058,13103862,BHARTIARTL.NS
2024-04-22,1263.756591796875,1271.4021222341269,1254.6987538959859,1270.0385601244834,7894656,BHARTIARTL.NS
2024-04-23,1307.3897705078125,1315.8145134133665,1268.1880427765852,1275.882318705781,12074766,BHARTIARTL.NS
2024-04-24,1301.5947265625,1318.7363271250476,1298.8189759446304,1316.7884152681422,6277492,BHARTIARTL.NS
2024-04-25,1303.8348388671875,1308.802109539023,1289.8585941609256,1296.3354252856163,8512627,BHARTIARTL.NS
2024-04-26,1291.465576171875,1310.6524606294493,1287.5697524126838,1303.1530474494486,5289771,BHARTIARTL.NS
2024-04-29,1297.74755859375,1310.9447092785167,1285.6218545673419,1290.0046563442759,3195888,BHARTIARTL.NS
2024-04-30,1287.862060546875,1300.0365104919558,1285.5731688443097,1288.689899364918,5272565,BHARTIARTL.NS
2024-05-02,1270.0872802734375,1285.5244580124624,1259.909369452641,1280.9955391518947,7995432,BHARTIARTL.NS
2024-05-03,1244.13134765625,1276.3692656506628,1225.382695718993,1271.9864638990962,11290875,BHARTIARTL.NS
2024-05-06,1249.97509765625,1264.633063458771,1240.0406755708013,1241.7938438479712,5555467,BHARTIARTL.NS
2024-05-07,1252.653564453125,1260.7373281202838,1237.898106906504,1252.8483081015418,5767030,BHARTIARTL.NS
2024-05-08,1255.0396728515625,1265.5584451663512,1241.501660726953,1242.913968256028,2682816,BHARTIARTL.NS
2024-05-09,1242.2320556640625,1261.565176178905,1236.972788702863,1249.5854705648264,4809145,BHARTIARTL.NS
2024-05-10,1267.2628173828125,1274.421369889411,1238.6284884653103,1241.842590680244,5532513,BHARTIARTL.NS
2024-05-13,1252.458740234375,1268.9673666863177,1248.0273115228179,1267.2629435916142,3703942,BHARTIARTL.NS
2024-05-14,1250.8516845703125,1266.0453737387672,1247.345348008193,1256.9389093085642,3262908,BHARTIARTL.NS
2024-05-15,1275.784912109375,1283.9174204462504,1247.150583638478,1248.1732849339446,6891004,BHARTIARTL.NS
2024-05-16,1310.068115234375,1321.5120975653526,1286.8880351241648,1293.4134923862373,11932181,BHARTIARTL.NS
2024-05-17,1309.43505859375,1324.5801215101071,1304.3705350973612,1318.346779513014,6614017,BHARTIARTL.NS
2024-05-21,1309.2891845703125,1327.2586263971161,1300.9618126655278,1320.684422964219,5422220,BHARTIARTL.NS
2024-05-22,1312.7952880859375,1315.8145278431066,1294.9232196466014,1307.1950412057763,3026723,BHARTIARTL.NS
2024-05-23,1338.26416015625,1341.4295168506565,1309.288971953605,1315.5709399906789,7147341,BHARTIARTL.NS
2024-05-24,1352.337890625,1361.3469835225737,1338.264274141451,1339.6764627689502,5622368,BHARTIARTL.NS
2024-05-27,1348.2958984375,1370.356024529577,1342.1113019202255,1359.6425090570644,6553974,BHARTIARTL.NS
2024-05-28,1335.34228515625,1350.8280888638621,1331.300344390291,1348.7341787903242,2068963,BHARTIARTL.NS
2024-05-29,1341.2347412109375,1354.0422859822663,1320.1973160575162,1320.1973160575162,4445083,BHARTIARTL.NS
2024-05-30,1341.283447265625,1350.3411661777993,1327.988924899303,1342.8904983457046,7100303,BHARTIARTL.NS
2024-05-31,1336.998046875,1351.8508752959387,1303.1530771945002,1344.0592275997085,24825643,BHARTIARTL.NS
2024-06-03,1354.8701171875,1383.4557009409755,1348.929009587754,1378.439922841316,6017122,BHARTIARTL.NS
2024-06-04,1265.8504638671875,1360.6164226043009,1187.3010138955774,1354.8700588880947,19924421,BHARTIARTL.NS
2024-06-05,1309.337646484375,1313.6230764062013,1246.5174882428921,1291.1247179304962,12175520,BHARTIARTL.NS
2024-06-06,1334.9041748046875,1340.4070504156812,1294.3876257965053,1323.6063080943948,10279789,BHARTIARTL.NS
2024-06-07,1388.130615234375,1393.39000075423,1327.6479789837895,1334.9039027190506,12280748,BHARTIARTL.NS
2024-06-10,1388.909912109375,1399.2338212677698,1384.0401324222921,1384.0401324222921,5318477,BHARTIARTL.NS
2024-06-11,1390.07861328125,1397.237165651298,1376.1997411570546,1388.861168358075,4416792,BHARTIARTL.NS
2024-06-12,1400.938232421875,1410.1420683969143,1385.0627032185396,1387.8871991916067,4876138,BHARTIARTL.NS
2024-06-13,1388.6177978515625,1418.0312221486088,1383.4557833804304,1411.2622753546652,7990376,BHARTIARTL.NS
2024-06-14,1390.2247314453125,1396.6528168660566,1383.9426443025695,1396.6528168660566,3978442,BHARTIARTL.NS
2024-06-18,1391.1500244140625,1406.3924595439912,1381.0696036242239,1406.3924595439912,8671131,BHARTIARTL.NS
2024-06-19,1356.087646484375,1397.4321510453508,1352.1431959211286,1396.6041933119077,8640918,BHARTIARTL.NS
2024-06-20,1345.1793212890625,1370.307314158704,1340.4069132239758,1369.3333581817928,8742855,BHARTIARTL.NS
2024-06-21,1379.17041015625,1386.8645672692987,1337.0954405734203,1348.8802841285958,43929578,BHARTIARTL.NS
2024-06-24,1382.82275390625,1386.718577843001,1353.1657228530653,1365.486289831263,6195831,BHARTIARTL.NS
2024-06-25,1378.098876953125,1396.652784725056,1373.1317255555452,1396.652784725056,6353748,BHARTIARTL.NS
2024-06-26,1421.48876953125,1441.4061220000974,1372.255246606662,1378.0989825554032,9579826,BHARTIARTL.NS
2024-06-27,1437.3642578125,1450.220428968199,1402.5453321337807,1425.8715298921716,19675528,BHARTIARTL.NS
2024-06-28,1406.441162109375,1496.2398547362907,1399.2338641732695,1496.2398547362907,29145832,BHARTIARTL.NS
2024-07-01,1416.1319580078125,1428.5986417833064,1411.505667223399,1412.236134189359,6011806,BHARTIARTL.NS
2024-07-02,1381.994873046875,1435.0268506691887,1380.095706328558,1423.9237280538828,7792632,BHARTIARTL.NS
2024-07-03,1382.871337890625,1395.0945326731442,1371.7682162337367,1390.7603573419824,8261388,BHARTIARTL.NS
2024-07-04,1385.988037109375,1403.567870353912,1374.73879853411,1381.0695120944865,9570938,BHARTIARTL.NS
2024-07-05,1392.4647216796875,1396.2631735197538,1379.949411972083,1385.4522866604134,4881198,BHARTIARTL.NS
2024-07-08,1397.77294921875,1401.3765387902226,1386.085477452533,1393.7310081213777,3261797,BHARTIARTL.NS
2024-07-09,1398.16259765625,1404.1037055387903,1390.9552994043142,1398.6008303042868,2897480,BHARTIARTL.NS
2024-07-10,1407.4151611328125,1411.0187507655528,1389.0073690098313,1403.4705917882047,3416762,BHARTIARTL.NS
2024-07-11,1400.5,1413.0640563339296,1390.8091852363468,1412.2362175018927,4178558,BHARTIARTL.NS
2024-07-12,1395.92236328125,1409.898607364941,1384.4296355317363,1404.4444778311965,6342135,BHARTIARTL.NS
2024-07-15,1400.1590576171875,1402.4965756882227,1388.909937667686,1395.9223729896842,3324806,BHARTIARTL.NS
2024-07-16,1428.306396484375,1434.9293444813864,1407.3663436208128,1414.1840352508098,6967651,BHARTIARTL.NS
2024-07-18,1445.009765625,1447.2497929701105,1421.0504730891105,1427.8194193693778,6470342,BHARTIARTL.NS
2024-07-19,1423.6800537109375,1441.454749096759,1414.1352382212883,1441.454749096759,3858596,BHARTIARTL.NS
2024-07-22,1427.2352294921875,1433.6633156892003,1411.3110717408474,1412.2362824384109,3560584,BHARTIARTL.NS
2024-07-23,1427.527099609375,1431.715157490447,1391.2472427273892,1431.715157490447,2936143,BHARTIARTL.NS
2024-07-24,1417.30078125,1437.1695082357905,1399.136596224604,1427.8195540339827,4529339,BHARTIARTL.NS
2024-07-25,1411.408203125,1416.1318654178092,1402.5938547556086,1407.3662623994044,4277756,BHARTIARTL.NS
2024-07-26,1474.9588623046875,1480.4129916536117,1411.408238814294,1412.4795665431911,9564987,BHARTIARTL.NS
2024-07-29,1442.7696533203125,1485.2828552167043,1438.5817139812525,1485.2828552167043,4589313,BHARTIARTL.NS
2024-07-30,1432.0560302734375,1446.2271361401113,1425.9201794531516,1445.740158191306,4263689,BHARTIARTL.NS
2024-07-31,1452.7042236328125,1464.976046335472,1434.7834081682183,1439.3609541403532,5634305,BHARTIARTL.NS
2024-08-01,1466.2906494140625,1471.6474070173686,1446.3245528926489,1446.3245528926489,4531379,BHARTIARTL.NS
2024-08-02,1454.8955078125,1465.9498845389678,1444.9610853634856,1455.1876232753134,3335905,BHARTIARTL.NS
2024-08-05,1427.527099609375,1449.246363500534,1413.6969735356352,1443.4026281638382,5111901,BHARTIARTL.NS
2024-08-06,1405.9542236328125,1454.0189281905457,1393.828400164758,1444.474111886535,8249573,BHARTIARTL.NS
2024-08-07,1412.0263671875,1424.9052860027007,1393.2711465147477,1422.065049527484,5700734,BHARTIARTL.NS
2024-08-08,1421.8692626953125,1436.2661548508695,1400.5186508262825,1405.415569185815,5986360,BHARTIARTL.NS
2024-08-09,1433.91552734375,1451.446517969499,1427.255790491473,1434.7969965083105,3615910,BHARTIARTL.NS
2024-08-12,1428.5289306640625,1447.0393050762789,1415.2093372827228,1435.776393395482,4028226,BHARTIARTL.NS
2024-08-13,1429.606201171875,1447.920746327499,1420.4489883708943,1437.7351329192459,4495208,BHARTIARTL.NS
2024-08-14,1441.3587646484375,1449.5856106185206,1423.1422539991775,1423.1422539991775,5891784,BHARTIARTL.NS
2024-08-16,1452.964599609375,1460.2609596682103,1437.8330511321242,1449.487739979176,7176426,BHARTIARTL.NS
2024-08-19,1439.3511962890625,1458.400160343048,1434.1115177044917,1456.3434786014188,4404075,BHARTIARTL.NS
2024-08-20,1419.2738037109375,1454.1398368411508,1416.6784131946285,1449.4877646236089,10046892,BHARTIARTL.NS
2024-08-21,1433.2789306640625,1436.3640130204067,1417.8536384360075,1423.0444195151686,6175510,BHARTIARTL.NS
2024-08-22,1455.706787109375,1468.9774826849505,1434.7969712008999,1443.3175606828124,6781325,BHARTIARTL.NS
2024-08-23,1475.686279296875,1478.8692760831466,1448.8511440188054,1462.2197544318794,6238112,BHARTIARTL.NS
2024-08-26,1482.34619140625,1489.3486889558953,1473.9724132635838,1477.889947916776,4307432,BHARTIARTL.NS
2024-08-27,1491.3564453125,1494.8822025235036,1471.034234680266,1486.7043729990971,3965066,BHARTIARTL.NS
2024-08-28,1524.263671875,1532.2456722824425,1490.279108109249,1496.4491531781878,6225319,BHARTIARTL.NS
2024-08-29,1533.616943359375,1539.2972970264957,1514.0781670208744,1532.7354741280556,8036748,BHARTIARTL.NS
2024-08-30,1556.28955078125,1575.240599449903,1529.4053993434138,1543.5085470341537,37820442,BHARTIARTL.NS
2024-09-02,1538.954345703125,1571.9106266778504,1533.2249757409188,1571.9106266778504,4890314,BHARTIARTL.NS
2024-09-03,1528.4261474609375,1546.4468310879597,1526.4673801004715,1546.4468310879597,4546295,BHARTIARTL.NS
2024-09-04,1529.6993408203125,1533.7147898587623,1510.2095823513482,1525.8797206896243,5213811,BHARTIARTL.NS
2024-09-05,1515.3023681640625,1530.7766779895196,1509.7199290600413,1526.8591433049655,5652812,BHARTIARTL.NS
2024-09-06,1507.516357421875,1523.529256976365,1498.6528871318862,1520.7870543536687,5497805,BHARTIARTL.NS
2024-09-09,1510.84619140625,1514.861640406891,1491.8461249392576,1491.8461249392576,3912508,BHARTIARTL.NS
2024-09-10,1545.3204345703125,1553.302435054624,1513.2946377345995,1513.2946377345995,6163457,BHARTIARTL.NS
2024-09-11,1545.271484375,1565.9364543236159,1541.990453688051,1545.90798806897,5994914,BHARTIARTL.NS
2024-09-12,1612.7999267578125,1618.7252452985024,1557.3178224761496,1563.2431410168394,12204496,BHARTIARTL.NS
2024-09-13,1600.7535400390625,1620.782007177514,1597.4237313112744,1616.9623870768355,5609618,BHARTIARTL.NS
2024-09-16,1601.73291015625,1618.8721236843983,1596.4932316455206,1600.7535265260701,3762063,BHARTIARTL.NS
2024-09-17,1627.49072265625,1631.7021200233282,1604.7200536014839,1615.9829651769596,4223072,BHARTIARTL.NS
2024-09-18,1620.781982421875,1636.5010178466666,1613.877280054815,1621.0757257767227,3171195,BHARTIARTL.NS
2024-09-19,1630.5267333984375,1676.4108303273815,1613.7302810479948,1613.7302810479948,8498240,BHARTIARTL.NS
2024-09-20,1676.4599609375,1687.869804357462,1631.6531590021177,1636.5500772464218,21646275,BHARTIARTL.NS
2024-09-23,1714.362060546875,1718.0837662344907,1683.560492607718,1683.560492607718,5001827,BHARTIARTL.NS
2024-09-24,1720.4342041015625,1731.1095091235463,1710.1016594247126,1715.8800465057552,7579205,BHARTIARTL.NS
2024-09-25,1724.1070556640625,1730.4730495895321,1709.0245230683695,1719.3570687227157,4017103,BHARTIARTL.NS
2024-09-26,1734.5863037109375,1742.3234582118184,1710.1507302382015,1733.5090056407637,7417423,BHARTIARTL.NS
2024-09-27,1698.8388671875,1727.0940617756617,1686.9883488508633,1719.014146607,7116861,BHARTIARTL.NS
2024-09-30,1674.3052978515625,1697.2717956784875,1669.0654998965256,1678.6635070934378,6907288,BHARTIARTL.NS
2024-10-01,1663.678955078125,1687.3310940886556,1661.0346670499255,1669.849119882148,3649090,BHARTIARTL.NS
2024-10-03,1638.949462890625,1660.0552276177916,1630.6737191643795,1630.6737191643795,7200276,BHARTIARTL.NS
2024-10-04,1607.0706787109375,1651.9263788050805,1596.5423043193828,1635.6197364369107,8576527,BHARTIARTL.NS
2024-10-07,1627.7845458984375,1635.570597628558,1608.5885318641795,1616.9623093920654,5387707,BHARTIARTL.NS
2024-10-08,1623.2794189453125,1644.8748767291975,1617.941825755662,1628.3232687656362,5224335,BHARTIARTL.NS
2024-10-09,1643.503662109375,1669.4573285652077,1626.8052427822563,1632.3876817078933,3414614,BHARTIARTL.NS
2024-10-10,1643.503662109375,1663.9237870893628,1630.6737603381684,1651.8284230480383,5047657,BHARTIARTL.NS
2024-10-11,1652.612060546875,1655.4032801494823,1624.454779491234,1643.5037444187114,2367678,BHARTIARTL.NS
2024-10-14,1660.6429443359375,1674.7951102478792,1644.7279595317334,1651.2408849161884,2069815,BHARTIARTL.NS
2024-10-15,1681.8465576171875,1697.0270040536798,1664.9031728053133,1672.7872589373453,5891334,BHARTIARTL.NS
2024-10-16,1698.2021484375,1706.3310801535117,1681.6995586587009,1684.539795014516,3299887,BHARTIARTL.NS
2024-10-17,1666.0784912109375,1702.1197371736191,1659.467651688099,1700.9445246354699,4373392,BHARTIARTL.NS
2024-10-18,1672.640380859375,1680.7202961560074,1650.4573167706142,1674.7460796655953,4154915,BHARTIARTL.NS
2024-10-21,1657.6558837890625,1673.7176803855682,1627.7356647532665,1670.38787153984,3836168,BHARTIARTL.NS
2024-10-22,1657.3619384765625,1677.5862342322007,1652.5629348060213,1657.1170925704498,3070057,BHARTIARTL.NS
2024-10-23,1651.044921875,1666.2742651336275,1645.4623636188348,1655.1582851764588,2764757,BHARTIARTL.NS
2024-10-24,1643.846435546875,1658.0965154413911,1623.2304814964168,1652.2202135555979,3669575,BHARTIARTL.NS
2024-10-25,1631.653076171875,1650.016518655802,1621.7123087298432,1646.4417446081984,3434386,BHARTIARTL.NS
2024-10-28,1629.0577392578125,1643.2588019120608,1611.7226968047826,1623.964992196376,2811651,BHARTIARTL.NS
2024-10-29,1603.348876953125,1633.562837277717,1576.8076051498447,1616.4726411800116,6990747,BHARTIARTL.NS
2024-10-30,1599.67626953125,1616.9624149586525,1584.4469254229866,1594.24076197634,4622628,BHARTIARTL.NS
2024-10-31,1579.35400390625,1605.0139265182734,1569.119492884427,1600.3128373142442,4921681,BHARTIARTL.NS
2024-11-01,1583.1246337890625,1592.8205557157842,1572.2534993182333,1586.6014935253534,279441,BHARTIARTL.NS
2024-11-04,1558.4442138671875,1590.372096553199,1540.6194794782016,1585.769041276362,6094029,BHARTIARTL.NS
2024-11-05,1545.8592529296875,1561.0397002496277,1533.7148711630005,1550.6092399545469,6473278,BHARTIARTL.NS
2024-11-06,1565.838623046875,1577.5422098100612,1534.2044834191904,1550.364313598837,6631728,BHARTIARTL.NS
2024-11-07,1543.312744140625,1575.387557444631,1537.2895110140255,1563.0472282862656,5160994,BHARTIARTL.NS
2024-11-08,1537.534423828125,1546.936483004981,1526.71218661938,1538.6117219378443,3096384,BHARTIARTL.NS
2024-11-11,1528.377197265625,1548.9931512908813,1519.8075903593187,1528.8178720850538,3664301,BHARTIARTL.NS
2024-11-12,1523.5782470703125,1562.1169710021709,1518.1426198199647,1536.457166384607,4479934,BHARTIARTL.NS
2024-11-13,1518.4853515625,1540.0808091401138,1514.469902457352,1527.7405989044787,5816699,BHARTIARTL.NS
2024-11-14,1518.5343017578125,1535.6735150959369,1504.871948089745,1518.044609948152,5139154,BHARTIARTL.NS
2024-11-18,1505.3126220703125,1536.6038808689812,1497.918227927031,1536.6038808689812,4816078,BHARTIARTL.NS
2024-11-19,1494.0496826171875,1525.8796496345974,1487.9775521153313,1505.3125940233479,6238241,BHARTIARTL.NS
2024-11-21,1493.7069091796875,1510.2585157944457,1479.8486074428033,1506.2919644255667,7356679,BHARTIARTL.NS
2024-11-22,1536.94677734375,1542.5292162095182,1488.858945500254,1501.3951037772642,7640321,BHARTIARTL.NS
2024-11-25,1546.201904296875,1576.0731049816286,1530.3359373284065,1549.3358840882354,12155641,BHARTIARTL.NS
2024-11-26,1544.73291015625,1571.763875828849,1533.71484375,1557.2200520833335,4030593,BHARTIARTL.NS
2024-11-27,1545.1246337890625,1551.0988501218922,1522.109118096646,1536.799872793933,4982785,BHARTIARTL.NS
2024-11-28,1528.230224609375,1555.750880421554,1524.8512793880643,1538.6116670709862,6714728,BHARTIARTL.NS
2024-11-29,1593.6041259765625,1614.9057203101715,1519.1709687648715,1519.1709687648715,10775801,BHARTIARTL.NS
2024-12-02,1609.71484375,1612.2612171719022,1583.8590930771338,1593.6040315246044,3790108,BHARTIARTL.NS
2024-12-03,1587.1402587890625,1618.8232966936391,1579.8927956995556,1618.8232966936391,9131055,BHARTIARTL.NS
2024-12-04,1551.4415283203125,1596.8849510212226,1549.7766240309302,1596.1504133252606,8772014,BHARTIARTL.NS
2024-12-05,1582.04736328125,1588.6093055023152,1552.6658536296206,1567.0138480869002,10324005,BHARTIARTL.NS
2024-12-06,1564.908203125,1591.155733804408,1561.92115460658,1584.6428083636251,4296866,BHARTIARTL.NS
2024-12-09,1569.51123046875,1572.792141606452,1556.289551915358,1562.9983056409765,4264409,BHARTIARTL.NS
2024-12-10,1546.10400390625,1578.6194928635823,1537.6813285309088,1577.346365866492,14645786,BHARTIARTL.NS
2024-12-11,1553.3023681640625,1555.261135337031,1538.807443262631,1555.261135337031,3853182,BHARTIARTL.NS
2024-12-12,1577.3463134765625,1584.5447590654203,1545.9570211024627,1545.9570211024627,13120939,BHARTIARTL.NS
2024-12-13,1647.078369140625,1650.261365840317,1573.6736161491926,1584.6426646466664,12900707,BHARTIARTL.NS
2024-12-16,1628.2742919921875,1652.220173778838,1625.9237473837254,1647.0784097525554,4375126,BHARTIARTL.NS
2024-12-17,1581.9984130859375,1624.4546692062916,1575.3385566321442,1616.4726687729897,6182486,BHARTIARTL.NS
2024-12-18,1568.874755859375,1589.539727793647,1563.1942826397521,1587.9727378014427,3905144,BHARTIARTL.NS
2024-12-19,1567.3076171875,1576.5627443522937,1552.7636751375935,1553.6941612863984,5865855,BHARTIARTL.NS
2024-12-20,1545.5653076171875,1588.8541364962953,1540.9622523031237,1576.8076698307793,9738879,BHARTIARTL.NS
2024-12-23,1554.183837890625,1574.310098868295,1545.8100604015522,1553.3023687517234,4363599,BHARTIARTL.NS
2024-12-24,1551.2457275390625,1565.8385672740658,1542.5291894782622,1557.2199436637693,3610076,BHARTIARTL.NS
2024-12-26,1566.524169921875,1573.722615938572,1548.503486600974,1551.2458086805107,3400479,BHARTIARTL.NS
2024-12-27,1566.866943359375,1594.877292461064,1563.3902030568186,1566.524182984992,2559578,BHARTIARTL.NS
2024-12-30,1554.183837890625,1579.7947425976101,1548.5033652654029,1571.9106569019648,4438130,BHARTIARTL.NS
2024-12-31,1555.016357421875,1564.2714848972985,1531.1193729562094,1550.3642851826976,2249626,BHARTIARTL.NS
2025-01-01,1562.802490234375,1573.4288988044955,1551.3927660061897,1560.158202120047,1405565,BHARTIARTL.NS
2025-01-02,1576.5137939453125,1586.2097158702666,1555.6529941923711,1566.915906027072,3728040,BHARTIARTL.NS
2025-01-03,1565.8875732421875,1583.6634109492913,1560.4520655490544,1581.7046435888099,3669685,BHARTIARTL.NS
2025-01-06,1555.701904296875,1576.660738227019,1534.7920873704866,1563.2432301014803,4584188,BHARTIARTL.NS
2025-01-07,1558.0523681640625,1569.9519027538083,1551.3926314503917,1561.1374503989834,2830856,BHARTIARTL.NS
2025-01-08,1566.230224609375,1580.186441081448,1545.3204084022998,1565.7895498054065,3674564,BHARTIARTL.NS
2025-01-09,1573.9185791015625,1586.7973787551834,1559.5705843851574,1567.0138763872626,4684859,BHARTIARTL.NS
2025-01-10,1582.5860595703125,1591.4984268499386,1558.9829375813024,1574.84890484597,4145892,BHARTIARTL.NS
2025-01-13,1564.271484375,1581.4106978820362,1545.5652809723395,1547.4261337781222,3705039,BHARTIARTL.NS
2025-01-14,1567.1116943359375,1599.7252164512684,1545.957032218217,1571.6168350423754,7284572,BHARTIARTL.NS
2025-01-15,1574.3101806640625,1580.5782598563335,1560.1581349201829,1574.89790648964,2960985,BHARTIARTL.NS
2025-01-16,1596.5911865234375,1601.2922758887987,1567.552556796279,1585.6711544133693,5299325,BHARTIARTL.NS
2025-01-17,1593.9468994140625,1605.209811452933,1589.5396729640697,1596.493273007769,2678801,BHARTIARTL.NS
2025-01-20,1607.3155517578125,1611.086155018398,1584.740710092469,1604.2304692523621,3933044,BHARTIARTL.NS
2025-01-21,1592.624755859375,1622.5448548131687,1586.895385383429,1619.900566763861,7958844,BHARTIARTL.NS
2025-01-22,1598.1092529296875,1607.168551590389,1589.0989712724024,1593.9468724639598,3262136,BHARTIARTL.NS
2025-01-23,1602.271728515625,1611.4779591794445,1583.8592671879856,1591.008815998553,2457080,BHARTIARTL.NS
2025-01-24,1610.8902587890625,1627.6376951212437,1600.3618846597449,1600.3618846597449,3620058,BHARTIARTL.NS
2025-01-27,1569.5601806640625,1613.2406666273066,1560.8436424511233,1605.1607516842503,6622807,BHARTIARTL.NS
2025-01-28,1584.9854736328125,1596.6891797430176,1564.075657043929,1574.5061166137216,5216471,BHARTIARTL.NS
2025-01-29,1567.4544677734375,1593.3592362705992,1560.3050390752305,1586.601465377702,5009227,BHARTIARTL.NS
2025-01-30,1606.9237060546875,1611.037069517956,1562.3127334666256,1573.5756453176868,4283637,BHARTIARTL.NS
2025-01-31,1592.7716064453125,1605.3076448713791,1541.7946419255927,1605.3076448713791,8340866,BHARTIARTL.NS
2025-02-01,1589.7845458984375,1610.1067570965847,1576.024157482561,1593.457234669187,2741589,BHARTIARTL.NS
2025-02-03,1618.2845458984375,1626.7562383593265,1574.9468195002435,1586.503594361229,4146970,BHARTIARTL.NS
2025-02-04,1627.1968994140625,1633.9057729850488,1595.4649651491256,1627.8825396936547,6385876,BHARTIARTL.NS
2025-02-05,1626.217529296875,1640.6634380941864,1615.1015488110334,1635.5706909498217,3920893,BHARTIARTL.NS
2025-02-06,1586.3565673828125,1632.926304834808,1579.990574057924,1631.5551439002536,5229162,BHARTIARTL.NS
2025-02-07,1642.1815185546875,1672.3465824915468,1601.292251580089,1601.3412685835613,14873255,BHARTIARTL.NS
2025-02-10,1658.1455078125,1664.9521762409597,1643.4547533162563,1663.8258611521812,6782878,BHARTIARTL.NS
2025-02-11,1661.7691650390625,1671.4650868333297,1651.4366199780725,1670.828463566607,8965266,BHARTIARTL.NS
2025-02-12,1676.26416015625,1678.369739393697,1649.771784188566,1668.8697656618085,7148192,BHARTIARTL.NS
2025-02-13,1679.2510986328125,1692.766640150242,1668.7717419218989,1674.7459579782233,5356002,BHARTIARTL.NS
2025-02-14,1681.6507568359375,1688.555339888717,1670.093981856629,1678.663588859265,5125863,BHARTIARTL.NS
2025-02-17,1641.0062255859375,1681.5037132090663,1631.8979103578247,1676.4598637989536,4906462,BHARTIARTL.NS
2025-02-18,1634.493408203125,1660.985664378593,1621.6635062140265,1657.1171467569811,7529598,BHARTIARTL.NS
2025-02-19,1611.281982421875,1638.949571380284,1604.671142582255,1635.570745505947,7776555,BHARTIARTL.NS
2025-02-20,1609.616943359375,1615.7871078484175,1593.7019598914164,1606.0421693158396,5524503,BHARTIARTL.NS
2025-02-21,1605.45458984375,1624.5035533216353,1595.611736697941,1609.6169702047907,5447583,BHARTIARTL.NS
2025-02-24,1568.2869873046875,1603.7896423701136,1565.0549736427845,1593.4570976951254,4673190,BHARTIARTL.NS
2025-02-25,1607.560302734375,1615.1505258127734,1564.0756459615916,1564.0756459615916,6286808,BHARTIARTL.NS
2025-02-27,1616.3748779296875,1621.859402723816,1604.8671194864478,1609.5191920486086,7568745,BHARTIARTL.NS
2025-02-28,1537.8282470703125,1614.4650220513863,1527.3488892394184,1608.0990279635016,13640211,BHARTIARTL.NS
2025-03-03,1562.9005126953125,1569.7071813990185,1540.3256712184098,1546.4468191727033,6993525,BHARTIARTL.NS
2025-03-04,1542.8720703125,1557.7097571092486,1535.673624110218,1556.2406815759798,5219668,BHARTIARTL.NS
2025-03-05,1584.8875732421875,1592.5757108948412,1544.5859126010873,1545.467381786604,6295425,BHARTIARTL.NS
2025-03-06,1593.3592529296875,1598.1092396285444,1557.6606478532499,1584.642714704449,5174009,BHARTIARTL.NS
2025-03-07,1597.0809326171875,1608.5397935019837,1582.2922628352603,1595.416028168622,3035558,BHARTIARTL.NS
2025-03-10,1597.32568359375,1620.7819932654293,1593.0653887138053,1606.1891532670866,3778450,BHARTIARTL.NS
2025-03-11,1628.6658935546875,1641.838674575503,1590.567967537595,1596.3952520780103,6078564,BHARTIARTL.NS
2025-03-12,1608.9803466796875,1681.2589052292008,1600.3128256047398,1655.1583080000062,9907628,BHARTIARTL.NS
2025-03-13,1598.84375,1622.7407340944999,1596.0035136084095,1616.766517959291,8317331,BHARTIARTL.NS
2025-03-17,1605.356689453125,1614.4159879653216,1578.9622290826883,1578.9622290826883,6405522,BHARTIARTL.NS
2025-03-18,1605.356689453125,1605.356689453125,1605.356689453125,1605.356689453125,0,BHARTIARTL.NS
2025-03-19,1603.3978271484375,1608.1968305270643,1593.9467518366469,1601.2921285732214,6283464,BHARTIARTL.NS
2025-03-20,1670.0938720703125,1674.4031837905209,1612.1633086299164,1625.7767644842215,12074465,BHARTIARTL.NS
2025-03-21,1690.2203369140625,1695.7048613976497,1657.1171219983034,1674.4032671875652,14715349,BHARTIARTL.NS
2025-03-24,1683.3646240234375,1704.1275090711138,1679.4959869689217,1704.1275090711138,4120999,BHARTIARTL.NS
2025-03-25,1694.8233642578125,1704.6172005147198,1670.9263798802256,1689.4367543165135,4857399,BHARTIARTL.NS
2025-03-26,1702.70751953125,1728.61216966309,1690.5631381679254,1703.295125819835,7142394,BHARTIARTL.NS
2025-03-27,1689.142822265625,1710.395517805376,1677.9289280319506,1704.0784219460495,6222339,BHARTIARTL.NS
2025-03-28,1697.6636962890625,1709.7590608367752,1625.776910204237,1697.5657818317122,4133264,BHARTIARTL.NS
2025-04-01,1688.6043701171875,1728.612168926364,1673.2279748426943,1679.6429856706595,6773056,BHARTIARTL.NS
2025-04-02,1718.426513671875,1724.1069866147252,1681.552695654231,1684.5398635826323,6431226,BHARTIARTL.NS
2025-04-03,1710.00390625,1718.7693423695034,1699.6713605986702,1711.962673611111,2341989,BHARTIARTL.NS
2025-04-04,1707.50634765625,1734.292585669951,1704.1275219428298,1718.3285846256867,7817334,BHARTIARTL.NS
2025-04-07,1651.87744140625,1738.161116236426,1634.9830736051072,1694.333698317519,14870388,BHARTIARTL.NS
2025-04-08,1684.9315185546875,1706.380042658806,1671.611925906969,1685.2252618936348,7206935,BHARTIARTL.NS
2025-04-09,1680.181640625,1691.2486039536727,1676.3130035396634,1684.1970896124594,5600666,BHARTIARTL.NS
2025-04-11,1720.38525390625,1730.5708675296646,1696.6352009704297,1723.7151821461289,8340002,BHARTIARTL.NS
2025-04-15,1761.71533203125,1782.4782172903078,1744.380169944084,1770.9214425655305,10313411,BHARTIARTL.NS
2025-04-16,1785.0245361328125,1788.8441561064058,1757.112103365754,1765.2410351158712,6180958,BHARTIARTL.NS
2025-04-17,1850.153564453125,1858.5762396371617,1788.0606193088586,1796.1895511403925,10894325,BHARTIARTL.NS
2025-04-21,1844.5711669921875,1865.040308929045,1830.0762413340394,1859.2619215563914,3501123,BHARTIARTL.NS
2025-04-22,1814.0142822265625,1849.0762634330401,1798.9318702122537,1849.0762634330401,6155127,BHARTIARTL.NS
2025-04-23,1842.8082275390625,1847.0196249997905,1798.2462720538554,1828.5092503490482,6855027,BHARTIARTL.NS
2025-04-24,1807.5504150390625,1839.0866398565374,1801.5761987690448,1835.8546260356482,5180688,BHARTIARTL.NS
2025-04-25,1779.73583984375,1823.3184102823932,1768.7667912851523,1808.6276562019516,4570083,BHARTIARTL.NS
2025-04-28,1784.2412109375,1800.9886477190944,1776.0143642305343,1798.1484111763282,3301891,BHARTIARTL.NS
2025-04-29,1786.199951171875,1809.7051588045153,1780.1277008012419,1786.1019171638043,4684155,BHARTIARTL.NS
2025-04-30,1826.060791015625,1838.2051720240217,1789.3339046315616,1799.127741000645,9139821,BHARTIARTL.NS
2025-05-02,1810.0968017578125,1844.767006641983,1794.3287490111354,1813.8185074238856,3866806,BHARTIARTL.NS
2025-05-05,1827.5299072265625,1834.875284667184,1811.0762139381034,1829.4886745440615,3548839,BHARTIARTL.NS
2025-05-06,1861.808349609375,1872.5815699385191,1843.7876662389815,1849.3702248690129,8597920,BHARTIARTL.NS
2025-05-07,1857.6949462890625,1877.4784481033216,1846.6278632753329,1861.808309777994,5554616,BHARTIARTL.NS
2025-05-08,1836.246337890625,1866.509315079921,1824.0040428750249,1857.8906915674736,5500724,BHARTIARTL.NS
2025-05-09,1810.292724609375,1832.5246851767095,1798.638035508037,1816.7566326530948,3686209,BHARTIARTL.NS
2025-05-12,1832.23095703125,1844.5711669541938,1815.7772640982137,1830.3701042090893,3936019,BHARTIARTL.NS
2025-05-13,1783.0657958984375,1844.8648784525835,1779.1482614157194,1831.4473706707397,8817763,BHARTIARTL.NS
2025-05-14,1796.385498046875,1832.1330023671208,1782.6741265267808,1792.2721344123156,7401614,BHARTIARTL.NS
2025-05-15,1828.705078125,1831.3494856755672,1787.3751364890218,1811.7618129469204,8788351,BHARTIARTL.NS
2025-05-16,1776.601806640625,1796.1894781581623,1772.7821867839734,1796.1894781581623,100662047,BHARTIARTL.NS
2025-05-19,1780.813232421875,1790.9987261315525,1771.7049171985607,1784.4369038893187,5799804,BHARTIARTL.NS
2025-05-20,1771.6070556640625,1787.2771935976427,1762.4008257173512,1772.4885248335593,12512596,BHARTIARTL.NS
2025-05-21,1784.9266357421875,1788.8441701964914,1768.0812854101466,1775.622491413216,6849562,BHARTIARTL.NS
2025-05-22,1793.6431884765625,1798.83384993875,1778.8545197014028,1782.380276828366,6496923,BHARTIARTL.NS
2025-05-23,1793.9368896484375,1803.8287596367545,1783.9472247646597,1787.375067359596,3460945,BHARTIARTL.NS
2025-05-26,1809.3133544921875,1811.8597280370739,1793.1535244853703,1796.189589848645,3254715,BHARTIARTL.NS
2025-05-27,1805.78759765625,1819.3030201141573,1795.895727279977,1805.9834265621762,5847725,BHARTIARTL.NS
2025-05-28,1817.8338623046875,1828.5091673747042,1807.0606427861435,1809.900879115401,3713699,BHARTIARTL.NS
2025-05-29,1825.1793212890625,1828.5092495642944,1812.3494195601106,1819.6947968347397,5786774,BHARTIARTL.NS
2025-05-30,1817.9317626953125,1828.5091532350082,1805.0039471944938,1815.7771666297294,16712960,BHARTIARTL.NS
2025-06-02,1815.8751220703125,1820.6741256559856,1793.7410764598912,1805.983371549025,3199499,BHARTIARTL.NS
2025-06-03,1803.339111328125,1830.9576816519302,1794.2307958204526,1828.5092225964984,5596977,BHARTIARTL.NS
2025-06-04,1836.736083984375,1845.7463655607316,1811.8597158666082,1816.7566340175993,5892170,BHARTIARTL.NS
2025-06-05,1840.06591796875,1850.0555826635211,1830.0761337203191,1845.158664763406,8999675,BHARTIARTL.NS
2025-06-06,1831.643310546875,1843.1021713352804,1828.8031935177623,1833.5041634496422,4644174,BHARTIARTL.NS
2025-06-09,1826.6484375,1836.3443596295779,1810.5865215903727,1835.3649759711088,3649505,BHARTIARTL.NS
2025-06-10,1818.813232421875,1836.9318287506421,1812.1534957737676,1828.1173764825933,7925901,BHARTIARTL.NS
2025-06-11,1821.849365234375,1828.0195298724475,1809.70510396843,1819.5968546367014,8907265,BHARTIARTL.NS
2025-06-12,1806.17919921875,1844.1793309710038,1793.838989688041,1833.30819684999,7346031,BHARTIARTL.NS
2025-06-13,1802.4576416015625,1806.5710049919535,1777.581273695314,1777.581273695314,4613000,BHARTIARTL.NS
2025-06-16,1822.9267578125,1831.447347382601,1800.8906266274153,1804.1225208023632,5722187,BHARTIARTL.NS
2025-06-17,1816.560791015625,1840.2618268610227,1809.509157200723,1840.2618268610227,6561555,BHARTIARTL.NS
2025-06-18,1827.4320068359375,1832.4268396232678,1805.1020114231221,1809.5092379214143,5069427,BHARTIARTL.NS
2025-06-19,1838.3031005859375,1840.2618678747876,1825.66902766212,1833.406182363812,4712312,BHARTIARTL.NS
2025-06-20,1896.772216796875,1908.8186831936525,1835.3649113929732,1841.2412131370274,16228526,BHARTIARTL.NS
2025-06-23,1896.3804931640625,1908.8186169357662,1887.3700924037444,1890.210328725515,2946463,BHARTIARTL.NS
2025-06-24,1893.7362060546875,1922.5301093411883,1889.3289796196211,1910.6795910598546,6837210,BHARTIARTL.NS
2025-06-25,1925.076416015625,1929.3857278464209,1898.045452064144,1901.9629865369286,4152765,BHARTIARTL.NS
2025-06-26,1972.7725830078125,1976.7880321617974,1925.7621666403675,1929.3858384138896,9413241,BHARTIARTL.NS
2025-06-27,1985.3084716796875,1996.9631604305985,1967.1898750794098,1968.5610360301632,6405854,BHARTIARTL.NS
2025-06-30,1968.1693115234375,1982.174545201148,1958.963081525383,1976.3961578951812,5597484,BHARTIARTL.NS
2025-07-01,1977.767333984375,1988.9323313203035,1965.5250385620116,1967.5817202822354,3769165,BHARTIARTL.NS
2025-07-02,1991.3807373046875,2003.6230324006106,1976.6899831895798,1995.0044088316156,6513288,BHARTIARTL.NS
2025-07-03,1977.66943359375,2002.7416308862903,1971.4013543821982,1999.7055655106897,5558647,BHARTIARTL.NS
2025-07-04,1975.6126708984375,1994.5148233556847,1963.7621525245636,1985.2106785867777,2178315,BHARTIARTL.NS
2025-07-07,1991.9683837890625,1994.0250654959825,1969.1486974479224,1976.3961602018137,4165432,BHARTIARTL.NS
2025-07-08,1988.148681640625,1993.0455995757004,1973.26209893946,1984.2311472925646,3624619,BHARTIARTL.NS
2025-07-09,1978.06103515625,1998.6280910271873,1957.2981503841977,1993.0456522551126,2937734,BHARTIARTL.NS
2025-07-10,1923.9991455078125,1986.7776124227605,1921.844549338382,1986.7776124227605,5695845,BHARTIARTL.NS
2025-07-11,1882.27734375,1918.7103654420487,1874.736018381942,1901.9629299796338,13103980,BHARTIARTL.NS
2025-07-14,1881.2979736328125,1887.7618814562495,1861.02466146163,1875.5195865051714,5269381,BHARTIARTL.NS
2025-07-15,1894.32373046875,1902.9423540574337,1883.5505107597269,1885.1176201785156,4163140,BHARTIARTL.NS
2025-07-16,1896.67431640625,1903.9217791883793,1889.0351958145457,1903.9217791883793,4211258,BHARTIARTL.NS
2025-07-17,1890.112548828125,1904.8033037241096,1887.8599185892729,1903.6279716002293,6256455,BHARTIARTL.NS
2025-07-18,1877.372802734375,1892.186370351953,1868.287196150176,1891.297532184274,4643961,BHARTIARTL.NS
2025-07-21,1885.4708251953125,1896.03790902182,1869.0771679217364,1871.2498968225996,5109654,BHARTIARTL.NS
2025-07-22,1883.100830078125,1887.5449005198893,1859.5965870759885,1885.4709045378984,4513541,BHARTIARTL.NS
2025-07-23,1919.640869140625,1924.776190951675,1883.5945217985336,1896.1366273100134,5194282,BHARTIARTL.NS
2025-07-24,1912.0364990234375,1945.9102380372574,1909.6663041284937,1919.640869288336,4150685,BHARTIARTL.NS
2025-07-25,1913.814208984375,1928.4301900794749,1901.0745166840238,1912.0365326436295,3896884,BHARTIARTL.NS
2025-07-28,1866.805908203125,1906.0124370549743,1861.5717325640553,1906.0124370549743,3575044,BHARTIARTL.NS
2025-07-29,1894.4578857421875,1899.6919407829134,1856.6338604698753,1856.6338604698753,3748040,BHARTIARTL.NS
2025-07-30,1908.580078125,1915.098023938185,1898.2105805189387,1909.9627019164334,5044683,BHARTIARTL.NS
2025-07-31,1890.507568359375,1902.5558885995397,1872.039914861235,1889.2236775971553,4674966,BHARTIARTL.NS
2025-08-01,1860.9791259765625,1895.840315741839,1854.6586464148972,1890.2112083270038,5192594,BHARTIARTL.NS
2025-08-04,1890.8037109375,1896.0378862849125,1855.1524163208508,1868.4846269252325,3074380,BHARTIARTL.NS
2025-08-05,1907.7900390625,1913.5178795305437,1888.3348146343578,1896.1366510069379,5167672,BHARTIARTL.NS
2025-08-06,1905.716064453125,1940.3799094341891,1897.7167619779266,1906.0123840294045,5461349,BHARTIARTL.NS
2025-08-07,1898.704345703125,1909.2714297675527,1885.3721346386885,1904.1359872478954,4268534,BHARTIARTL.NS
2025-08-08,1835.499755859375,1870.262333439792,1832.932094923232,1862.8555496510396,93801105,BHARTIARTL.NS
2025-08-11,1834.314697265625,1842.8077851336448,1822.7600423581562,1839.8450716527227,5266532,BHARTIARTL.NS
2025-08-12,1827.302978515625,1841.820226449231,1824.1426784493622,1834.3147096906787,4645011,BHARTIARTL.NS
2025-08-13,1844.1904296875,1849.227018551301,1828.784343523411,1829.9693807079097,6697206,BHARTIARTL.NS
2025-08-14,1850.5108642578125,1859.5964705928338,1843.597866225869,1849.7207591186288,3958631,BHARTIARTL.NS
2025-08-18,1868.781005859375,1888.828628628729,1847.0544397398173,1868.9784718755761,7146376,BHARTIARTL.NS
2025-08-19,1885.964599609375,1907.7900187292848,1876.3852075604461,1877.4715117278834,5706265,BHARTIARTL.NS
2025-08-20,1904.4322509765625,1927.7389062654595,1902.0620560795467,1912.9253388505097,6962619,BHARTIARTL.NS
2025-08-21,1905.9136962890625,1916.7769795648605,1903.7409673020275,1906.0124292991263,3376913,BHARTIARTL.NS
2025-08-22,1909.2713623046875,1923.4922904951002,1893.5689568285607,1909.962613891984,3271920,BHARTIARTL.NS
2025-08-25,1906.70361328125,1915.9868064073212,1889.4211177737689,1915.8880734007598,2451388,BHARTIARTL.NS
2025-08-26,1881.0267333984375,1901.8645812412458,1872.6323785689278,1898.2104956306462,5984656,BHARTIARTL.NS
2025-08-28,1857.7200927734375,1876.1877458749298,1854.8561122867761,1869.472213737456,5494113,BHARTIARTL.NS
2025-08-29,1865.324462890625,1876.483944712588,1849.2270046952606,1849.2270046952606,4339042,BHARTIARTL.NS
2025-09-01,1876.977783203125,1881.1256545409544,1860.7815915454387,1865.5219814877794,3421488,BHARTIARTL.NS
2025-09-02,1863.7442626953125,1893.6677173497806,1854.6586561579597,1880.8292921474092,4423049,BHARTIARTL.NS
2025-09-03,1860.4853515625,1868.5833869365088,1846.7580881867443,1867.4970827599643,3803044,BHARTIARTL.NS
2025-09-04,1857.0289306640625,1879.8418015446011,1853.276111838205,1875.397731091777,5205333,BHARTIARTL.NS
2025-09-05,1871.74365234375,1886.952151639917,1852.3871613247754,1863.5467635620546,2620140,BHARTIARTL.NS
2025-09-08,1864.238037109375,1875.3976394781234,1860.682805031415,1874.4100683146278,2547552,BHARTIARTL.NS
2025-09-09,1870.1634521484375,1880.335483288737,1859.5964889877582,1868.4846294024633,4517793,BHARTIARTL.NS
2025-09-10,1867.8922119140625,1881.3231562681335,1859.5965896340658,1880.3355850574942,3566139,BHARTIARTL.NS
2025-09-11,1889.2236328125,1892.1863462983536,1858.7076597975863,1860.5840691159176,4718266,BHARTIARTL.NS
2025-09-12,1878.952880859375,1901.0744991418314,1877.9653096909897,1901.0744991418314,3192824,BHARTIARTL.NS
2025-09-15,1880.829345703125,1889.2237008821623,1874.8051855087938,1880.3355601043581,3553258,BHARTIARTL.NS
2025-09-16,1915.394287109375,1917.8632150381059,1878.8541537641588,1879.6442589226012,5427586,BHARTIARTL.NS
2025-09-17,1917.1719970703125,1925.8625512000215,1908.5800553957365,1914.0116969342262,4234637,BHARTIARTL.NS
2025-09-18,1916.974365234375,1925.566306706066,1896.630423335774,1920.3321313076867,5080814,BHARTIARTL.NS
2025-09-19,1938.009765625,1952.2308151523634,1903.8398258870736,1906.2099003473625,11287603,BHARTIARTL.NS
2025-09-22,1931.88671875,1941.5649646587653,1919.8383984214852,1929.7141103475217,4469137,BHARTIARTL.NS
2025-09-23,1914.604248046875,1930.701706919165,1906.111159789467,1925.7638508912387,4348633,BHARTIARTL.NS
2025-09-24,1907.0986328125,1913.2216463037748,1894.9515799410397,1902.0620440339374,5237977,BHARTIARTL.NS
2025-09-25,1911.542724609375,1925.7637735089886,1904.8273130131136,1906.0123501909477,7133365,BHARTIARTL.NS
2025-09-26,1892.7789306640625,1920.5296571686774,1888.1373942628345,1907.0987130100048,3239306,BHARTIARTL.NS
2025-09-29,1878.557861328125,1904.0372461419377,1873.9163249763105,1904.0372461419377,5072608,BHARTIARTL.NS
2025-09-30,1855.0537109375,1883.8907408973337,1851.893410859755,1872.4349394291717,5945625,BHARTIARTL.NS
2025-10-01,1844.387939453125,1853.6711327956514,1832.833404694242,1844.7829920417032,5675393,BHARTIARTL.NS
2025-10-03,1873.126220703125,1876.6815734160555,1825.1302851629223,1828.1917317296138,5828332,BHARTIARTL.NS
2025-10-06,1879.4466552734375,1883.2982069178736,1864.0405692488132,1869.0771580670203,2809218,BHARTIARTL.NS
2025-10-07,1905.0247802734375,1921.8134901047742,1876.3852164435102,1876.3852164435102,5713060,BHARTIARTL.NS
2025-10-08,1919.3446044921875,1938.2071900783988,1903.642198487338,1905.024822261605,4957406,BHARTIARTL.NS
2025-10-09,1917.86328125,1924.578813669242,1907.2963175714692,1920.8259948667612,3945737,BHARTIARTL.NS
2025-10-10,1915.789306640625,1923.3935563086916,1911.3452364455711,1912.9253261820775,2512581,BHARTIARTL.NS
2025-10-13,1930.6029052734375,1941.4661881486695,1911.9377860408238,1913.8141953753518,3672419,BHARTIARTL.NS
2025-10-14,1922.406005859375,1939.5897682426169,1915.0979551270627,1939.5897682426169,4454239,BHARTIARTL.NS
2025-10-15,1944.0338134765625,1951.4405971194756,1927.3438368905747,1932.874211233326,3447352,BHARTIARTL.NS
2025-10-16,1942.947509765625,1962.2051472416201,1937.6146014308795,1937.9109209979117,3700674,BHARTIARTL.NS
2025-10-17,1986.9931640625,2009.016049042492,1945.8114951160508,1949.0704075960111,6743801,BHARTIARTL.NS
2025-10-20,2026.0023193359375,2031.4339609427361,1994.5975069153783,2000.819253704416,7387180,BHARTIARTL.NS
2025-10-21,2018.1016845703125,2032.9152521105889,2013.1638287235537,2026.2985734971805,240850,BHARTIARTL.NS
2025-10-23,1982.9442138671875,2041.3096470077273,1978.6976095346013,2038.248079880311,8790128,BHARTIARTL.NS
2025-10-24,2004.0782470703125,2007.7322122210348,1981.9566284915368,1983.0429326806875,3236799,BHARTIARTL.NS
2025-10-27,2054.246826171875,2067.973968584839,2004.7694155812908,2004.7694155812908,5796831,BHARTIARTL.NS
2025-10-28,2064.22119140625,2076.4672184599,2045.9511249374389,2065.998867716355,9891522,BHARTIARTL.NS
2025-10-29,2074.4921875,2084.170192507201,2055.7283344436864,2057.110837700071,2742750,BHARTIARTL.NS
2025-10-30,2040.618408203125,2062.0486549107854,2033.0141582237939,2044.2723734029337,4222189,BHARTIARTL.NS
2025-10-31,2028.9649658203125,2048.0251375948988,2026.1997183270773,2030.4463225731627,4659723,BHARTIARTL.NS
2025-11-03,2048.22265625,2055.135654607642,2021.75570003092,2029.458803564971,2979629,BHARTIARTL.NS
2025-11-04,2087.0341796875,2109.0570647665995,2077.355934102712,2080.8124331611193,12263078,BHARTIARTL.NS
2025-11-06,2068.86279296875,2096.90995947568,2054.6418642513268,2088.7130703636412,9546299,BHARTIARTL.NS
2025-11-07,1976.327392578125,2022.5457719154097,1970.7970180936684,2022.5457719154097,70392750,BHARTIARTL.NS
2025-11-10,1994.6962890625,2003.584429555406,1967.4392284417588,1970.2044759274668,7457061,BHARTIARTL.NS
2025-11-11,2016.9166259765625,2031.3350202322856,1992.3260800101352,1994.9924739178298,14825625,BHARTIARTL.NS
2025-11-12,2048.025146484375,2053.950573521495,2029.359906653702,2034.396616077751,8210277,BHARTIARTL.NS
2025-11-13,2065.801513671875,2080.812547903464,2053.160553911391,2073.800695841544,5958875,BHARTIARTL.NS
2025-11-14,2074.5908203125,2081.7012848981435,2056.0244330954692,2064.0238564457277,6312655,BHARTIARTL.NS
2025-11-17,2085.94775390625,2095.625999486105,2074.7881515878325,2085.75028789569,5998770,BHARTIARTL.NS
2025-11-18,2122.488037109375,2132.1662833746614,2084.0716127444325,2095.626147902284,10972556,BHARTIARTL.NS
2025-11-19,2132.956298828125,2139.276657985165,2120.0190198303203,2128.2159089072215,7419461,BHARTIARTL.NS
2025-11-20,2131.474853515625,2142.338136126123,2123.179111222048,2126.339531775546,7452899,BHARTIARTL.NS
2025-11-21,2135.820068359375,2147.4734560986562,2121.8954598702126,2123.3768165886067,6720938,BHARTIARTL.NS
2025-11-24,2125.35205078125,2138.8817278396996,2113.7972749931514,2135.227762664242,9686848,BHARTIARTL.NS
2025-11-25,2134.73388671875,2143.720639488166,2112.118362800138,2132.166105295353,7102592,BHARTIARTL.NS
2025-11-26,2100.366455078125,2108.3656370532426,2071.4305709903592,2077.849783725252,43174047,BHARTIARTL.NS
2025-11-27,2089.3056640625,2110.340737102211,2077.652276033199,2105.501734810856,4444877,BHARTIARTL.NS
2025-11-28,2075.479736328125,2103.032876444822,2070.3441731883636,2091.675807612178,6263457,BHARTIARTL.NS
2025-12-01,2063.7275390625,2092.663424153835,2057.209713646303,2088.4168196683736,5058900,BHARTIARTL.NS
2025-12-02,2077.849853515625,2088.5156709469375,2061.1599962868277,2063.8263903680922,6591396,BHARTIARTL.NS
2025-12-03,2060.073486328125,2083.6763411431734,2055.728269568397,2073.9983364413933,4357641,BHARTIARTL.NS
2025-12-04,2077.65234375,2082.2938801798505,2048.3215272611046,2068.764202928744,4611819,BHARTIARTL.NS
2025-12-05,2082.590087890625,2085.65141378975,2064.02370206231,2066.5914834930163,2938290,BHARTIARTL.NS
2025-12-08,2060.27099609375,2088.120455805432,2053.061678088443,2088.120455805432,4327091,BHARTIARTL.NS
2025-12-09,2063.7275390625,2074.294502940563,2054.543078455864,2060.863678954721,5139229,BHARTIARTL.NS
2025-12-10,2041.3095703125,2070.837851302198,2036.5691805636764,2046.247426070392,3987451,BHARTIARTL.NS
2025-12-11,2027.68115234375,2043.4822916429123,2012.670118230796,2040.3221120043302,3254850,BHARTIARTL.NS
2025-12-12,2057.505615234375,2061.1598213348784,2025.1134747493904,2027.5824025977115,2706420,BHARTIARTL.NS
2025-12-15,2043.97607421875,2053.0616810810616,2035.8780385611733,2044.3712473643945,3233614,BHARTIARTL.NS
2025-12-16,2075.87451171875,2080.417435351493,2044.371089167985,2044.371089167985,5756692,BHARTIARTL.NS
2025-12-17,2081.800048828125,2101.551472441295,2070.344126689988,2091.280828604945,6412516,BHARTIARTL.NS
2025-12-18,2065.9990234375,2090.2933722588573,2062.1475920638436,2072.9120220818895,3760341,BHARTIARTL.NS
2025-12-19,2071.6279296875,2088.712958610383,2056.123111029228,2087.6265339151837,10127415,BHARTIARTL.NS
2025-12-22,2120.907958984375,2124.9568561517053,2075.578297236128,2091.6757556638554,7670853,BHARTIARTL.NS
2025-12-23,2096.5146484375,2137.1039181875285,2092.8606834899415,2130.1909203006003,4110853,BHARTIARTL.NS
2025-12-24,2097.304931640625,2110.637142983157,2084.76282548779,2084.76282548779,3145464,BHARTIARTL.NS
2025-12-26,2079.232177734375,2096.6135262076054,2075.6770663009197,2096.6135262076054,1297870,BHARTIARTL.NS
2025-12-29,2055.728271484375,2086.441590619533,2053.55542199624,2079.232272760599,2371034,BHARTIARTL.NS
2025-12-30,2073.701904296875,2076.66461768302,2045.8524466883603,2051.1852343409278,6983390,BHARTIARTL.NS
2025-12-31,2079.429931640625,2094.6384310672643,2064.1225786554564,2069.9491520589277,2991434,BHARTIARTL.NS
2026-01-01,2084.170166015625,2097.502377228279,2080.8125203749382,2088.5156239634994,2097756,BHARTIARTL.NS
2026-01-02,2080.121337890625,2098.5888717406915,2071.9244484291626,2081.800160766766,2927138,BHARTIARTL.NS
2026-01-05,2078.83740234375,2085.8492543951065,2070.4430470373736,2075.973542269958,2642580,BHARTIARTL.NS
2026-01-06,2079.133544921875,2095.4284685411026,2061.5547306144313,2080.614901614532,9119265,BHARTIARTL.NS
2026-01-07,2058.2958984375,2077.6523908854297,2051.185433840431,2069.554355063594,4171371,BHARTIARTL.NS
2026-01-08,2040.618408203125,2065.998939690308,2029.4588054797239,2062.0486549107854,5534929,BHARTIARTL.NS
2026-01-09,2001.905517578125,2058.0983419068393,1998.0539658602852,2044.4698113831362,4165409,BHARTIARTL.NS
2026-01-12,2018.595458984375,2023.3358487922794,1976.426218507662,1998.350250124698,4689135,BHARTIARTL.NS
2026-01-13,2001.7080078125,2024.422023933682,1989.8571538954727,2021.5581640128967,7388496,BHARTIARTL.NS
2026-01-14,1997.3626708984375,2008.7197392372914,1983.7341406705648,1990.054620204551,4842964,BHARTIARTL.NS
2026-01-15,1997.3626708984375,1997.3626708984375,1997.3626708984375,1997.3626708984375,0,BHARTIARTL.NS
2026-01-16,1991.3385009765625,2004.473125005689,1963.9827076522358,1994.893733023803,7310676,BHARTIARTL.NS
2026-01-19,1985.01806640625,1997.8564917113652,1971.4883894982622,1997.8564917113652,4272071,BHARTIARTL.NS
2026-01-20,1971.1920166015625,1992.918581914806,1952.5268977445612,1992.918581914806,6076838,BHARTIARTL.NS
2026-01-21,1971.290771484375,1982.154054261563,1942.552474793529,1952.4281864091545,7952295,BHARTIARTL.NS
2026-01-22,1977.31494140625,1993.807452219183,1965.2666213958255,1983.8330075478484,6722567,BHARTIARTL.NS
2026-01-23,1960.032470703125,1986.6968925356227,1955.4896673904352,1984.030498573622,4340925,BHARTIARTL.NS
2026-01-27,1948.873046875,1978.895235722646,1938.3059626126596,1947.5891560827586,10510891,BHARTIARTL.NS
2026-01-28,1933.3680419921875,1970.2044950583875,1914.9005092321872,1970.2044950583875,9426909,BHARTIARTL.NS
2026-01-29,1943.44140625,1946.0090672827064,1914.9005742000345,1939.5898544243773,6065044,BHARTIARTL.NS
2026-01-30,1944.2313232421875,1949.4654986888927,1901.6670297269297,1901.6670297269297,7683747,BHARTIARTL.NS
2026-02-02,1940.972412109375,1945.317749391463,1902.5558692783113,1912.0365284508803,5326225,BHARTIARTL.NS
2026-02-03,1972.4759521484375,2024.5209047467765,1955.4896556401525,2024.5209047467765,6915795,BHARTIARTL.NS
2026-02-04,2000.6217041015625,2009.3122579774831,1973.5622302075833,1983.0428892327334,7464725,BHARTIARTL.NS
2026-02-05,1967.6368408203125,1997.7577617747622,1960.3287899863135,1986.9932118148427,7708690,BHARTIARTL.NS
2026-02-06,2013.0650634765625,2024.2245451796375,1963.7852388045374,1969.2168801489804,13870403,BHARTIARTL.NS
2026-02-09,2012.8675537109375,2029.656263961574,2003.4856273944054,2025.7059791967183,7570161,BHARTIARTL.NS
2026-02-10,1986.302001953125,2031.4339575530587,1983.438021363694,2026.4961015551173,9077763,BHARTIARTL.NS
2026-02-11,1987.0919189453125,1995.8813264331036,1971.8832988786914,1987.8820240993398,7423601,BHARTIARTL.NS
2026-02-12,1989.462158203125,2001.8067980529831,1984.1292496773617,1994.1036945654223,7437690,BHARTIARTL.NS
2026-02-13,1979.783935546875,1999.041573938394,1967.2418295336483,1988.8696629147487,4808543,BHARTIARTL.NS
2026-02-16,2004.177001953125,2006.942128959951,1970.2045288241784,1985.0180967100746,3455964,BHARTIARTL.NS
2026-02-17,1995.1900634765625,2013.1638103736861,1989.1657829559306,2002.7943131900101,4471158,BHARTIARTL.NS
2026-02-18,1996.6715087890625,2003.3869206454656,1989.9559763795341,1994.9925654101178,2182669,BHARTIARTL.NS
2026-02-19,1963.884033203125,2006.7446467170569,1950.2556231901685,2006.7446467170569,4712417,BHARTIARTL.NS
2026-02-20,1952.8232421875,1968.9205798155008,1946.5027626325084,1956.4772072700266,5180301,BHARTIARTL.NS
2026-02-23,1972.4759521484375,1975.6361316809398,1959.2424743189804,1969.2169190561328,3728878,BHARTIARTL.NS
2026-02-24,1916.8756103515625,1972.475914555702,1897.914292411682,1972.475914555702,10006761,BHARTIARTL.NS
2026-02-25,1889.6187744140625,1937.417245015064,1880.335580943736,1930.7017125761574,8285195,BHARTIARTL.NS
2026-02-26,1905.6173095703125,1910.9502180102677,1880.8292972612687,1890.2112233962027,10795028,BHARTIARTL.NS
2026-02-27,1855.942626953125,1891.1988710006594,1846.8568994707498,1886.2610149406055,13754648,BHARTIARTL.NS
2026-03-02,1849.9183349609375,1872.3362736702609,1824.932855779622,1827.1054642116926,11785758,BHARTIARTL.NS
2026-03-04,1882.2119140625,1896.1366434270433,1792.7379903114106,1837.9686774946206,20565585,BHARTIARTL.NS
2026-03-05,1883.2982177734375,1905.1235164802192,1873.6199721037467,1895.1490717919385,11398717,BHARTIARTL.NS
2026-03-06,1847.5482177734375,1878.4591234760856,1843.894132063681,1876.385248101966,10896859,BHARTIARTL.NS
2026-03-09,1843.4990234375,1849.1282513425515,1795.5030895031166,1808.2427814898845,8073518,BHARTIARTL.NS
2026-03-10,1827.4017333984375,1857.6213873596932,1823.5501816904166,1857.4239213451783,11741600,BHARTIARTL.NS
2026-03-11,1784.5411376953125,1824.7352368477207,1777.134353781248,1818.1185581057389,9548404,BHARTIARTL.NS
2026-03-12,1778.9119873046875,1795.206911523239,1768.7399560864042,1775.554221233877,12922735,BHARTIARTL.NS
2026-03-13,1780.98583984375,1793.4292122498375,1754.5188847456875,1758.9629549302274,8970772,BHARTIARTL.NS
2026-03-16,1766.5673828125,1782.467254770144,1748.8898345017506,1775.6529894874043,14261268,BHARTIARTL.NS
2026-03-17,1804.2926025390625,1811.6993866217351,1768.8387719527107,1774.6654662083718,7181491,BHARTIARTL.NS
2026-03-18,1832.339599609375,1845.770543606319,1804.09508784673,1804.09508784673,6428092,BHARTIARTL.NS
2026-03-19,1804.2926025390625,1838.1663432984026,1793.7256388023666,1803.897549944028,7145082,BHARTIARTL.NS
2026-03-20,1823.1551513671875,1837.771253213415,1811.2055640682022,1811.2055640682022,7691633,BHARTIARTL.NS
2026-03-23,1773.5791015625,1807.2552546004413,1769.727549860104,1804.2925410683094,6874051,BHARTIARTL.NS
2026-03-24,1779.7020263671875,1804.0951072151279,1758.8642982636834,1793.7256096678125,7535860,BHARTIARTL.NS
2026-03-25,1812.0943603515625,1826.2165557226956,1787.6025471628632,1791.4540988288527,12473682,BHARTIARTL.NS
2026-03-27,1820.9825439453125,1833.8209694335987,1795.7994785644432,1817.032259179686,24490425,BHARTIARTL.NS
2026-03-30,1760.2469482421875,1801.8236720590414,1752.4451115750994,1795.404459196129,14240129,BHARTIARTL.NS
2026-04-01,1759.7530517578125,1794.713094488286,1754.4201434509405,1788.4913480380824,10694662,BHARTIARTL.NS
2026-04-02,1767.4560546875,1777.035567259756,1725.1880814226272,1743.0630952863276,10857093,BHARTIARTL.NS
2026-04-06,1770.5177001953125,1791.7504810506462,1741.4830827290216,1789.577752073109,8183498,BHARTIARTL.NS
2026-04-07,1807.5516357421875,1817.1310282677834,1749.9761859187568,1765.8760583054745,10057628,BHARTIARTL.NS
2026-04-08,1838.4625244140625,1848.2395034185392,1817.3284765934955,1840.8327194080457,11587604,BHARTIARTL.NS
2026-04-09,1836.2899169921875,1846.6594146125253,1823.155171785176,1846.6594146125253,10113053,BHARTIARTL.NS
2026-04-10,1846.758056640625,1851.3008598351064,1836.783612103083,1844.7829143340575,5857988,BHARTIARTL.NS
2026-04-13,1847.64697265625,1870.1635235681833,1815.1558562332882,1815.1558562332882,10371983,BHARTIARTL.NS
2026-04-15,1832.6357421875,1867.398319138862,1830.561866874802,1857.127555027025,11049107,BHARTIARTL.NS
2026-04-16,1817.7235107421875,1841.7215389139549,1800.5397479015621,1840.338915135399,15871247,BHARTIARTL.NS
2026-04-17,1823.9451904296875,1828.389260627552,1806.958894230423,1814.266944888646,7344787,BHARTIARTL.NS
2026-04-20,1823.1551513671875,1841.8202709853854,1816.3408860395123,1841.8202709853854,9243641,BHARTIARTL.NS
2026-04-21,1831.944580078125,1845.6718438993087,1807.2553000231637,1807.2553000231637,10485373,BHARTIARTL.NS
2026-04-22,1806.2677001953125,1834.808531597159,1802.6137350263361,1827.2041611288694,5687058,BHARTIARTL.NS
2026-04-23,1818.3160400390625,1823.056430006809,1789.577742311552,1799.1572552561386,7489947,BHARTIARTL.NS
2026-04-24,1791.9478759765625,1827.6979038701402,1784.8374118213812,1822.0687964600484,6306448,BHARTIARTL.NS
2026-04-27,1797.478271484375,1805.675160458021,1791.4541114275748,1793.5279867844245,4413769,BHARTIARTL.NS
2026-04-28,1820.8837890625,1828.981824513503,1790.071495928887,1803.304973845387,10558455,BHARTIARTL.NS
2026-04-29,1864.6331787109375,1876.7803528231393,1822.4639362375847,1825.03159727464,7713013,BHARTIARTL.NS
2026-04-30,1863.349365234375,1882.310683817584,1836.8824091819024,1836.8824091819024,12709188,BHARTIARTL.NS
2026-05-01,1863.349365234375,1863.349365234375,1863.349365234375,1863.349365234375,0,BHARTIARTL.NS
2026-05-04,1804.3912353515625,1871.7436605351234,1799.0583269975498,1849.9182415409805,10707858,BHARTIARTL.NS
2026-05-05,1783.65234375,1823.0564592606802,1778.6157546741522,1805.280177426069,11407461,BHARTIARTL.NS
2026-05-06,1810.9091796875,1818.6122829219387,1791.2566101348034,1794.416789611275,5507749,BHARTIARTL.NS
2026-05-07,1803.8974609375,1820.9824902664523,1798.5645525504826,1812.1930828114023,7914845,BHARTIARTL.NS
2026-05-08,1811.6993408203125,1817.9210875137167,1792.6391687081764,1797.379558622496,4839183,BHARTIARTL.NS
2026-05-11,1737.9278564453125,1797.1821288020824,1734.1750376414666,1791.4541675863443,15803791,BHARTIARTL.NS
2026-05-12,1734.965087890625,1754.4201918104775,1729.7309124435978,1729.7309124435978,11945399,BHARTIARTL.NS
2026-05-13,1766.9622802734375,1775.652954747063,1718.8676127570984,1718.8676127570984,9825413,BHARTIARTL.NS
2026-05-14,1860.09033203125,1865.7194395798856,1774.9617438728374,1797.3795616123573,21279151,BHARTIARTL.NS
2026-05-15,1881.7181396484375,1899.0006351989316,1857.0288602905885,1859.7939872467946,15807294,BHARTIARTL.NS
2026-05-18,1914.01171875,1929.5166589230141,1866.904620727789,1881.1256701194588,13888648,BHARTIARTL.NS
2026-05-19,1889.7174072265625,1917.8631851758478,1884.0882998579534,1904.432241563304,8962228,BHARTIARTL.NS
2026-05-20,1881.224365234375,1890.2112388633832,1874.1137804052098,1890.2112388633832,5778742,BHARTIARTL.NS
2026-05-21,1861.8680419921875,1891.4951781578525,1857.423971567338,1887.248573752857,6419014,BHARTIARTL.NS
2026-05-22,1848.1407470703125,1873.0274928100464,1846.0668716841888,1867.7934378406026,5099120,BHARTIARTL.NS
2026-05-25,1851.49853515625,1868.9784971860931,1839.9438797770422,1868.9784971860931,5903841,BHARTIARTL.NS
2026-05-26,1823.9451904296875,1850.7083446217582,1821.8713151146414,1850.7083446217582,5803034,BHARTIARTL.NS
2026-05-27,1829.1793212890625,1846.1656181947292,1817.5260535063592,1817.5260535063592,8653155,BHARTIARTL.NS
2026-05-28,1829.1793212890625,1829.1793212890625,1829.1793212890625,1829.1793212890625,0,BHARTIARTL.NS
2026-05-29,1806.2677001953125,1836.8824069782838,1795.8982027365641,1836.8824069782838,52886264,BHARTIARTL.NS
2026-06-01,1788.0963134765625,1819.1060719295247,1781.4796349432352,1807.255218040733,6391656,BHARTIARTL.NS
2026-06-02,1791.651611328125,1802.3174284409706,1755.3090637330802,1762.8145806943191,10791294,BHARTIARTL.NS
2026-06-03,1801.4285888671875,1812.686924576928,1782.4672701846632,1807.1565500072857,5832363,BHARTIARTL.NS
2026-06-04,1796.293212890625,1807.057762680342,1776.0480040446246,1792.4416612434447,6735759,BHARTIARTL.NS
2026-06-05,1775.8504638671875,1805.0826675045578,1768.443679949568,1802.2186869457869,3926715,BHARTIARTL.NS
2026-06-08,1790.7628173828125,1797.478228881691,1748.9885094496947,1753.0375270605523,6324919,BHARTIARTL.NS
2026-06-09,1776.6405029296875,1814.1682067158622,1766.9622574162158,1814.1682067158622,10377475,BHARTIARTL.NS
2026-06-10,1753.1363525390625,1785.232416658435,1748.9886017048862,1776.6405954077302,7999362,BHARTIARTL.NS
2026-06-11,1760.4443359375,1773.6778136690402,1746.61833961714,1750.9636768570203,5020731,BHARTIARTL.NS
2026-06-12,1799.8485107421875,1802.3174387404622,1761.8270195687587,1761.8270195687587,5910557,BHARTIARTL.NS
2026-06-15,1818.3160400390625,1833.9197131758635,1793.4292940912053,1818.118574020875,5307277,BHARTIARTL.NS
2026-06-16,1829.9693603515625,1836.0922533252306,1814.365687794883,1817.3284012762938,5957732,BHARTIARTL.NS
2026-06-17,1852.38720703125,1854.6586689578253,1818.6123210254714,1829.9693895521034,7653632,BHARTIARTL.NS
2026-06-18,1851.49853515625,1855.448819958757,1838.6601095481026,1855.448819958757,4262944,BHARTIARTL.NS
2026-06-19,1887.051025390625,1893.6677039576514,1843.9928262662233,1851.0046779619659,15918432,BHARTIARTL.NS
2026-06-22,1892.7789306640625,1900.5807672252354,1877.372844112846,1891.9889460389197,3798060,BHARTIARTL.NS
2026-06-23,1877.96533203125,1903.74091572211,1873.1262091379713,1883.890759112051,5155908,BHARTIARTL.NS
2026-06-24,1853.9674072265625,1870.5585305646887,1849.6220699642718,1867.694550058648,8957457,BHARTIARTL.NS
2026-06-25,1827.6978759765625,1865.521899178507,1825.031482097343,1861.5716145852227,8521503,BHARTIARTL.NS
2026-06-26,1827.6978759765625,1827.6978759765625,1827.6978759765625,1827.6978759765625,0,BHARTIARTL.NS
2026-06-29,1818.21728515625,1826.809226800286,1810.316715673802,1814.2670004150261,10940130,BHARTIARTL.NS
2026-06-30,1828.9818115234375,1853.276038257023,1820.2911369839348,1829.9693826959665,7233634,BHARTIARTL.NS
2026-07-01,1847.7457275390625,1863.546866844581,1822.661394780927,1822.661394780927,4307333,BHARTIARTL.NS
2026-07-02,1851.6959228515625,1860.3865972707272,1827.2041098907312,1837.6724606170815,5282404,BHARTIARTL.NS
2026-07-03,1886.656005859375,1889.2236668160383,1861.5716737837074,1866.5095296823379,5087043,BHARTIARTL.NS
2026-07-06,1901.7657470703125,1908.6787452356762,1891.7913023994834,1892.9764601311326,2740217,BHARTIARTL.NS
2026-07-07,1901.8646240234375,1932.1830109860744,1893.1739494302603,1899.5931620913436,5767438,BHARTIARTL.NS
2026-07-08,1864.6331787109375,1900.284475304649,1851.7947529725336,1887.2485835453665,6188780,BHARTIARTL.NS
2026-07-09,1907.0986328125,1941.564890223635,1875.2001568461908,1878.360336320119,11145066,BHARTIARTL.NS
2026-07-10,1896.53173828125,1906.0123975990975,1882.310689027917,1906.0123975990975,6420887,BHARTIARTL.NS
2026-07-13,1878.1629638671875,1893.1739979457682,1873.1262542846123,1890.2112843339596,7862506,BHARTIARTL.NS
2026-07-14,1912.431640625,1916.9744440624643,1861.5717235105217,1861.5717235105217,6964062,BHARTIARTL.NS
2026-07-15,1894.4578857421875,1929.417809863854,1892.7789423662703,1929.417809863854,5763065,BHARTIARTL.NS
2026-07-16,1897.914306640625,1911.9377689145142,1893.1739168435556,1904.037199621479,4644787,BHARTIARTL.NS
2026-07-17,1885.075927734375,1901.2719987394955,1879.0516470583107,1894.1615344227657,4715613,BHARTIARTL.NS
2026-07-20,1915.98681640625,1918.3570113416981,1877.570273509941,1877.570273509941,6437294,BHARTIARTL.NS
2026-07-21,1924.1837158203125,1927.7389479661829,1914.6042030195495,1922.208573455593,5061312,BHARTIARTL.NS
2026-07-22,1924.7762451171875,1931.6892434321287,1915.3943188326245,1918.2582993880105,6589708,BHARTIARTL.NS
2026-07-23,1907.0,1924.6775487092787,1901.864677946781,1923.7887105126877,5612121,BHARTIARTL.NS
2026-07-24,1898.199951171875,1905.0,1878.0,1900.199951171875,4483600,BHARTIARTL.NS
2026-07-27,1905.300048828125,1917.0,1890.0,1892.0,5230299,BHARTIARTL.NS
2026-07-28,1901.800048828125,1908.4000244140625,1892.4000244140625,1901.0,6309089,BHARTIARTL.NS
2026-07-29,1950.199951171875,1957.0,1913.0999755859375,1915.199951171875,6315728,BHARTIARTL.NS
2026-07-30,1956.800048828125,1963.199951171875,1943.9000244140625,1954.0,5356472,BHARTIARTL.NS
