Date,Close,High,Low,Open,Volume,Ticker
2020-01-01,595.6771850585938,596.3294317486501,591.9501261101647,594.5124791372097,3673698,HDFCBANK.NS
2020-01-02,599.4741821289062,600.056535132723,595.8635935052428,595.8635935052428,6137166,HDFCBANK.NS
2020-01-03,590.92529296875,598.6589300292867,588.6890345286461,597.3544364608236,10855550,HDFCBANK.NS
2020-01-06,578.13671875,587.850411903554,575.8306237090371,587.0118008684359,10890186,HDFCBANK.NS
2020-01-07,587.2913208007812,592.3461332836704,583.4012142757196,586.4993434976219,14724494,HDFCBANK.NS
2020-01-08,585.75390625,588.0134242921156,577.717435646002,580.9319783912775,11332110,HDFCBANK.NS
2020-01-09,592.3228759765625,594.3727698457291,588.4560294308527,589.3412173369028,9546316,HDFCBANK.NS
2020-01-10,597.5873413085938,599.544081542198,594.0466463859336,598.2395880531285,9214580,HDFCBANK.NS
2020-01-13,599.124755859375,604.0165209733124,594.4659319413395,597.5873212182596,7451568,HDFCBANK.NS
2020-01-14,600.7552490234375,602.1762128414088,595.164661207787,600.522307864452,7886290,HDFCBANK.NS
2020-01-15,598.3094482421875,600.0331903050004,593.5807306974551,599.3111067361606,11787448,HDFCBANK.NS
2020-01-16,599.8934326171875,601.4541271501188,596.0265862785172,597.2845027735764,7150400,HDFCBANK.NS
2020-01-17,595.4675903320312,598.612296476041,592.555825383874,597.1447555680879,16918814,HDFCBANK.NS
2020-01-20,584.6357421875,607.9065416196968,583.5176132311803,607.9065416196968,22178450,HDFCBANK.NS
2020-01-21,579.720703125,582.3529498323231,576.9487258319602,582.3529498323231,14984804,HDFCBANK.NS
2020-01-22,578.0902099609375,584.682457811541,575.0852909936576,581.4445976260095,18368310,HDFCBANK.NS
2020-01-23,579.9536743164062,580.885439084355,573.501214672443,577.6941561282123,11508920,HDFCBANK.NS
2020-01-24,579.8139038085938,584.216469285912,577.2748108684818,580.4894104706909,11831756,HDFCBANK.NS
2020-01-27,565.20849609375,575.364755003102,564.5329893724769,575.364755003102,18888552,HDFCBANK.NS
2020-01-28,569.8673706054688,572.0104752985192,565.2318631346444,567.817533391895,13412158,HDFCBANK.NS
2020-01-29,575.7607421875,578.6259302694377,569.4247530368923,570.8457170791959,13788350,HDFCBANK.NS
2020-01-30,571.1951293945312,577.2049667543175,567.0720247294748,577.2049667543175,12111984,HDFCBANK.NS
2020-01-31,571.3116455078125,576.6692934420341,568.4930340638174,573.7108945211547,11178268,HDFCBANK.NS
2020-02-03,555.7044677734375,558.1037162843933,548.6695990713132,557.6611508176194,13077010,HDFCBANK.NS
2020-02-04,572.942138671875,574.8988218001807,558.1270571447459,558.1270571447459,20897704,HDFCBANK.NS
2020-02-05,579.8604736328125,581.4211681186657,571.7774262994742,575.3181207568854,18020682,HDFCBANK.NS
2020-02-06,577.6009521484375,581.7472595087551,576.3896125591639,579.8604701400541,11827550,HDFCBANK.NS
2020-02-07,578.7191162109375,580.9553745628729,573.7807739600269,580.4894921454207,6815448,HDFCBANK.NS
2020-02-10,577.8339233398438,579.0684661177814,571.1950996008843,579.0684661177814,9219834,HDFCBANK.NS
2020-02-11,577.9735717773438,584.6822882919848,576.7856060309416,579.2314881134379,11613520,HDFCBANK.NS
2020-02-12,581.8871459960938,583.704098818843,579.5810507517203,580.1167700415353,6297930,HDFCBANK.NS
2020-02-13,578.346435546875,586.9652601378181,574.7125299982047,586.9652601378181,9112140,HDFCBANK.NS
2020-02-14,568.07373046875,581.6076378280069,566.0471532693991,579.1850150662517,14688858,HDFCBANK.NS
2020-02-17,567.0487670898438,574.4329916588214,565.7908505041116,570.7059325077503,10152690,HDFCBANK.NS
2020-02-18,565.2317504882812,567.6776327796997,560.6893976613612,566.9322324078242,10529116,HDFCBANK.NS
2020-02-19,571.7308349609375,573.0353283753209,565.5346334186361,569.5412105193737,10012268,HDFCBANK.NS
2020-02-20,567.0254516601562,573.0353459305833,565.6278044749597,573.0353459305833,11123414,HDFCBANK.NS
2020-02-24,563.6943969726562,565.9306552798603,559.0588897598949,563.228514564523,16568084,HDFCBANK.NS
2020-02-25,559.1986083984375,563.2517621021274,558.1270562434645,560.9223503481898,13886680,HDFCBANK.NS
2020-02-26,558.7094116210938,561.2484476958087,552.3734229968032,557.8941175036563,13814786,HDFCBANK.NS
2020-02-27,558.8026733398438,560.2236375387319,550.2071650172493,556.7295192172844,20655098,HDFCBANK.NS
2020-02-28,548.6463623046875,552.0705862121758,545.1289278047099,547.6447038754537,24313056,HDFCBANK.NS
2020-03-02,549.5548095703125,559.5945969771311,543.2887147008902,559.1519746216763,14664898,HDFCBANK.NS
2020-03-03,550.5798950195312,552.2337435733383,544.1506945447236,547.4118716524403,22369550,HDFCBANK.NS
2020-03-04,535.22900390625,549.7412525837075,527.8913558315098,548.9725352208427,34288870,HDFCBANK.NS
2020-03-05,536.3936767578125,542.7529827364892,532.3870995898052,537.162394073109,19549708,HDFCBANK.NS
2020-03-06,528.7298583984375,531.5251523293091,512.936436314933,524.1176120384192,23053566,HDFCBANK.NS
2020-03-09,515.8716430664062,521.0429267212518,496.16479331610776,517.1295028928447,34420590,HDFCBANK.NS
2020-03-11,518.8998413085938,521.7882894484478,508.7435822122366,514.800053429049,35538240,HDFCBANK.NS
2020-03-12,475.8056945800781,503.15299744295385,467.48970502420036,500.823585417755,59000770,HDFCBANK.NS
2020-03-13,498.4010009765625,503.8284852954916,428.23909634655143,456.58802825644625,66342364,HDFCBANK.NS
2020-03-16,465.6494140625,483.1200023840045,463.55294346391946,482.18823767352427,31986322,HDFCBANK.NS
2020-03-17,454.28192138671875,470.5412286826058,444.7779373932626,469.6094638733333,42676838,HDFCBANK.NS
2020-03-18,408.53228759765625,462.621222819032,402.9882756681397,458.8941636221013,61181406,HDFCBANK.NS
2020-03-19,417.22100830078125,428.5885510704343,370.3765352245202,394.6024218052435,67220048,HDFCBANK.NS
2020-03-20,411.30426025390625,426.0960262664663,384.1433223651283,407.6470948343316,88637464,HDFCBANK.NS
2020-03-23,359.4515380859375,390.7588391414496,356.40001423929533,370.1901210632312,50276954,HDFCBANK.NS
2020-03-24,357.6578674316406,377.36468413849997,344.17056840409487,370.4929198285705,61057272,HDFCBANK.NS
2020-03-25,399.14471435546875,404.12966132480113,351.85765452812115,358.93907213019304,47228042,HDFCBANK.NS
2020-03-26,419.8066101074219,436.8579226365537,391.8070898523411,405.36425602249614,57043156,HDFCBANK.NS
2020-03-27,421.3672790527344,460.59457692551337,406.2959686162143,440.2355134176088,55235936,HDFCBANK.NS
2020-03-30,387.45111083984375,413.2376904059768,385.7506286991531,409.9765135933028,39268444,HDFCBANK.NS
2020-03-31,401.5440368652344,406.9948379925167,390.4094365490034,397.77037250572664,35211092,HDFCBANK.NS
2020-04-01,386.5193176269531,402.4524718496196,382.02354140583975,402.4524718496196,29103504,HDFCBANK.NS
2020-04-03,379.15838623046875,393.204752200333,377.3647503344428,392.73886979251273,34996280,HDFCBANK.NS
2020-04-07,417.47723388671875,422.695122786483,393.8337005790682,407.18124356426796,60412638,HDFCBANK.NS
2020-04-08,414.1228942871094,440.2588866608284,403.5007523687148,409.95324094333324,56219352,HDFCBANK.NS
2020-04-09,430.9645080566406,433.68993715538386,414.6353356379403,425.3506308285837,44457146,HDFCBANK.NS
2020-04-13,417.12774658203125,441.0508220795697,412.8649401827196,435.13411060591784,34158056,HDFCBANK.NS
2020-04-15,402.1962890625,433.50359349524865,392.7388815867755,433.50359349524865,57978752,HDFCBANK.NS
2020-04-16,409.86004638671875,414.9614644158281,398.91180985351286,402.98828090311076,53854396,HDFCBANK.NS
2020-04-17,424.0927429199219,428.61180788575837,413.35415928982513,426.2823958863792,55883462,HDFCBANK.NS
2020-04-20,440.18890380859375,447.6896263091394,435.599974277187,443.0540914840693,66232986,HDFCBANK.NS
2020-04-21,429.3805236816406,435.13415992541616,423.02121757203196,430.94121834155237,33178006,HDFCBANK.NS
2020-04-22,432.61834716796875,434.6682409215296,422.69505860889075,428.2157816238388,38289354,HDFCBANK.NS
2020-04-23,444.8943786621094,446.5482554024853,425.14095463381267,435.60001961536125,40901222,HDFCBANK.NS
2020-04-24,437.0209655761719,446.50168917234726,431.40708852378333,434.66826521888754,33284568,HDFCBANK.NS
2020-04-27,433.130859375,446.035807137072,431.5468478906257,440.32874791616473,27421072,HDFCBANK.NS
2020-04-28,433.9228820800781,439.6998068235012,429.54357611222713,439.6998068235012,29441436,HDFCBANK.NS
2020-04-29,455.2136535644531,462.481435616918,435.1807116011362,435.60001710933346,55877778,HDFCBANK.NS
2020-04-30,466.7209777832031,474.73416066697814,462.2019128631203,466.5346418862624,43793134,HDFCBANK.NS
2020-05-04,430.00946044921875,447.2471094596425,427.44710721793956,446.08240344542463,26722324,HDFCBANK.NS
2020-05-05,424.6285400390625,439.79300721740964,423.0445284271206,436.99771268001086,29672858,HDFCBANK.NS
2020-05-06,440.91107177734375,442.5882368798602,421.92636582697077,428.1458838869384,33785846,HDFCBANK.NS
2020-05-07,430.9411926269531,439.46683431837005,429.24071060088437,438.16236936826965,21831730,HDFCBANK.NS
2020-05-08,432.8280334472656,439.76969250780274,431.03439760035076,438.8612161503868,20807484,HDFCBANK.NS
2020-05-11,426.65509033203125,444.45180345293176,425.81650771067046,436.5318027624707,28550784,HDFCBANK.NS
2020-05-12,420.0162658691406,423.6734597165937,405.8301413102837,419.7600362399419,49568418,HDFCBANK.NS
2020-05-13,432.17578125,447.2470641738611,429.5901114120828,443.0541229472311,44346966,HDFCBANK.NS
2020-05-14,416.3591003417969,424.41886005424936,414.63532980052906,418.36238894480346,39554890,HDFCBANK.NS
2020-05-15,413.7734375,415.75343756872167,407.6470729721093,414.8682496933295,24349628,HDFCBANK.NS
2020-05-18,389.780517578125,413.7035672135185,387.28802970101975,413.7035672135185,46649964,HDFCBANK.NS
2020-05-19,386.9852294921875,404.0598025039332,384.8654418100109,401.0548553170285,47460692,HDFCBANK.NS
2020-05-20,399.3077392578125,402.5223387538858,387.70728613956777,389.6872860697807,40014306,HDFCBANK.NS
2020-05-21,400.4491882324219,411.8400179452096,397.07154102642323,401.3343761156615,48478908,HDFCBANK.NS
2020-05-22,390.8053894042969,405.4573946794399,388.10327752024034,395.9999888676412,42047432,HDFCBANK.NS
2020-05-26,397.1181640625,406.1329770132901,395.41768195013475,399.26121170104915,38005152,HDFCBANK.NS
2020-05-27,420.99462890625,423.8597885151024,399.33109798692743,400.6122745466723,56025754,HDFCBANK.NS
2020-05-28,440.3753356933594,442.58827707875315,425.7932223566478,428.6118051710031,75488806,HDFCBANK.NS
2020-05-29,443.3569641113281,444.9176586602962,430.21907572876887,439.7929526443137,53025166,HDFCBANK.NS
2020-06-01,460.12872314453125,463.55294710838655,450.08893556201167,454.2352999303285,39190230,HDFCBANK.NS
2020-06-02,466.34820556640625,468.2117348593789,454.3284473137727,459.6860940310691,41623594,HDFCBANK.NS
2020-06-03,476.248291015625,487.4294687944218,473.080296332007,475.2000555988628,50546088,HDFCBANK.NS
2020-06-04,466.6744079589844,484.0284990052905,461.73603743466606,478.9504263177672,54275882,HDFCBANK.NS
2020-06-05,481.4194641113281,485.63572168132214,467.18676551029597,467.3265245134827,35195984,HDFCBANK.NS
2020-06-08,473.2899169921875,496.93344756617995,468.8640344216865,493.83531839274775,49812664,HDFCBANK.NS
2020-06-09,459.9656677246094,478.3447332881716,456.35507928245374,475.2000272256489,61844146,HDFCBANK.NS
2020-06-10,462.0854187011719,465.8124776723893,455.7261413926541,461.22354768815916,36497730,HDFCBANK.NS
2020-06-11,451.253662109375,460.47815598594246,449.57649691465576,458.8941445191046,30897714,HDFCBANK.NS
2020-06-12,457.84588623046875,459.6628387964081,432.3388271909183,432.3388271909183,42644876,HDFCBANK.NS
2020-06-15,442.51837158203125,453.7694425427741,439.32708862200815,450.97414823552907,32009936,HDFCBANK.NS
2020-06-16,461.40997314453125,463.0638500950959,443.5200763383147,454.2353723002698,45399970,HDFCBANK.NS
2020-06-17,456.2153015136719,465.3699012714585,453.4200073507084,460.7576545284876,36957838,HDFCBANK.NS
2020-06-18,475.1767578125,477.4828813710259,452.8376911279437,456.5647503141819,40870126,HDFCBANK.NS
2020-06-19,481.4194641113281,485.91523968769565,471.54278208347665,474.24489374081713,47877752,HDFCBANK.NS
2020-06-22,479.2764892578125,487.28964329238073,476.97036583388126,484.2614078803022,29694474,HDFCBANK.NS
2020-06-23,485.5892028808594,486.847062495125,473.5927037669493,484.051768356397,28830512,HDFCBANK.NS
2020-06-24,481.0235900878906,492.67065038057564,479.88220092737214,488.47770867520904,39429246,HDFCBANK.NS
2020-06-25,479.2764892578125,488.7106072723648,469.1435476866267,476.08520638993417,70646790,HDFCBANK.NS
2020-06-26,492.18145751953125,495.2330101041801,478.92712548174705,484.98359691293643,39969138,HDFCBANK.NS
2020-06-29,501.3128356933594,504.364331634574,483.1201031775149,483.1201031775149,46005956,HDFCBANK.NS
2020-06-30,496.5606689453125,502.4774086453141,492.11152682600886,500.3576213003967,35746130,HDFCBANK.NS
2020-07-01,505.29595947265625,510.6070293638422,494.4409353976547,496.56066585899566,34846718,HDFCBANK.NS
2020-07-02,507.5323181152344,517.7118375859235,505.57557783518183,507.95162366598936,36954496,HDFCBANK.NS
2020-07-03,500.33441162109375,510.5139881858807,498.4941987756482,509.2094946371808,27597254,HDFCBANK.NS
2020-07-06,513.8683471679688,521.7417720208723,512.4706998048646,516.174442568924,35558216,HDFCBANK.NS
2020-07-07,514.869873046875,517.9213682138314,509.2327081767887,516.8498729673468,24349850,HDFCBANK.NS
2020-07-08,517.29248046875,524.0710917307265,514.8000211521851,515.7317858963519,30056350,HDFCBANK.NS
2020-07-09,524.0942993164062,526.3072403625031,515.8482049033214,520.8564399023828,20114484,HDFCBANK.NS
2020-07-10,514.8466186523438,521.7882776487165,512.2610055058834,520.809936002207,17562978,HDFCBANK.NS
2020-07-13,503.26947021484375,518.5271190457034,499.09984541991827,517.0828949579333,29922114,HDFCBANK.NS
2020-07-14,493.2995300292969,497.98167053833555,489.1764824796212,495.0465888952955,26612674,HDFCBANK.NS
2020-07-15,490.64404296875,502.687091193702,489.2230789526157,498.58730347565495,20974394,HDFCBANK.NS
2020-07-16,495.02337646484375,496.3977068233229,481.76898780564386,490.87701165037896,23662456,HDFCBANK.NS
2020-07-17,511.7485656738281,514.3342360761825,493.0434303925727,493.39284223773313,28405738,HDFCBANK.NS
2020-07-20,527.8680419921875,537.1157956611263,523.7216775257698,528.7764898653795,65124096,HDFCBANK.NS
2020-07-21,530.430419921875,539.4684928262943,528.310632291062,536.7198322110544,47512422,HDFCBANK.NS
2020-07-22,524.74658203125,533.2023581945233,520.6468514072179,530.4070640493358,24718012,HDFCBANK.NS
2020-07-23,526.6334838867188,532.9228963769175,520.041236458095,524.1177075165571,20149122,HDFCBANK.NS
2020-07-24,521.3689575195312,523.1393333029866,513.0529684515155,523.1393333029866,19598440,HDFCBANK.NS
2020-07-27,502.9200439453125,513.8682801960905,500.9866206375826,512.4007392820107,37970094,HDFCBANK.NS
2020-07-28,506.2510986328125,509.8616870709068,493.6023806659232,502.68708705854755,35596450,HDFCBANK.NS
2020-07-29,495.9783935546875,507.112994331172,491.7621919408776,503.6188763178658,33592086,HDFCBANK.NS
2020-07-30,489.4793701171875,504.8534897940756,487.63910045785826,500.35771312053953,26956266,HDFCBANK.NS
2020-07-31,481.16339111328125,492.7638179952344,475.2233617614836,492.7638179952344,37726696,HDFCBANK.NS
2020-08-03,466.81414794921875,478.4378906614677,462.62120650057307,477.9720082782848,31783542,HDFCBANK.NS
2020-08-04,485.28643798828125,494.324568381531,467.2800709394146,469.6094830577566,60306168,HDFCBANK.NS
2020-08-05,478.7174072265625,491.87858294697986,475.19997291418434,488.2213611885253,33221360,HDFCBANK.NS
2020-08-06,484.84375,491.5058905057279,478.11177263649597,483.120008013687,33646888,HDFCBANK.NS
2020-08-07,486.3113098144531,487.8720044096025,475.4795445056124,482.1183684045793,24836784,HDFCBANK.NS
2020-08-10,489.4793701171875,495.698888976028,486.28808695227946,486.3812406870049,22172854,HDFCBANK.NS
2020-08-11,496.9333801269531,498.95995681275696,488.4776047788755,488.4776047788755,20136148,HDFCBANK.NS
2020-08-12,495.55908203125,496.63063429054733,488.2447511599377,496.16475189440234,20666432,HDFCBANK.NS
2020-08-13,493.39276123046875,499.1230804280221,492.2047384038107,497.53906894928076,19892740,HDFCBANK.NS
2020-08-14,481.9320068359375,496.5840418576167,478.6009933042525,496.5840418576167,20924512,HDFCBANK.NS
2020-08-17,481.1400451660156,487.77886931863316,475.2932267747865,487.77886931863316,19561012,HDFCBANK.NS
2020-08-18,492.20477294921875,494.60407876787144,476.13182958268015,478.9271240812086,24040824,HDFCBANK.NS
2020-08-19,496.9101257324219,498.4009834424596,492.08825456473284,496.1647253126064,17715624,HDFCBANK.NS
2020-08-20,493.3694763183594,498.00498358848324,490.10829942107085,491.48262979390626,19216734,HDFCBANK.NS
2020-08-21,505.78521728515625,507.2527581564237,495.97837043675077,496.3510990889611,28924302,HDFCBANK.NS
2020-08-24,520.4138793945312,523.1625396447868,505.78516286070334,505.9482103020979,36779740,HDFCBANK.NS
2020-08-25,521.6483764648438,525.0493399241348,515.3589655606949,521.322281610565,27601738,HDFCBANK.NS
2020-08-26,521.0661010742188,527.262359189932,516.8964767141415,522.2541238364602,25190062,HDFCBANK.NS
2020-08-27,518.1077270507812,526.4004552606473,515.3823267984022,524.4903490845594,20645996,HDFCBANK.NS
2020-08-28,519.2258911132812,524.117655901697,510.1411850776518,518.0378683450753,38696610,HDFCBANK.NS
2020-08-31,519.8548583984375,535.2057174156104,512.7967287494497,526.2141644558503,38501166,HDFCBANK.NS
2020-09-01,525.189208984375,532.7830573562773,516.1976566572553,525.5153038893357,28877884,HDFCBANK.NS
2020-09-02,528.3805541992188,530.6400725458099,522.1144015732478,523.698413163885,19761682,HDFCBANK.NS
2020-09-03,526.8663940429688,533.8778897281048,525.5153237691262,529.8247357769847,19833362,HDFCBANK.NS
2020-09-04,521.462158203125,524.304029279035,514.5204995331633,517.1294294246478,23661370,HDFCBANK.NS
2020-09-07,517.3623657226562,521.5553070027138,512.0047185314716,520.0645061846334,17615466,HDFCBANK.NS
2020-09-08,518.2708740234375,521.2292728790193,513.8683079141333,518.9930145207112,14624918,HDFCBANK.NS
2020-09-09,510.8399353027344,517.129346270894,508.39405325956125,512.9364056254542,15728872,HDFCBANK.NS
2020-09-10,508.06805419921875,514.7301381364395,505.0165018503913,513.8682671042266,15188088,HDFCBANK.NS
2020-09-11,502.52398681640625,514.7300811188078,498.9599756164938,510.8166581712648,20794730,HDFCBANK.NS
2020-09-14,492.8802795410156,509.6753633955891,490.2713493840055,506.8800688979899,21650590,HDFCBANK.NS
2020-09-15,498.7271728515625,501.3594201215931,492.95021898017933,497.5624667029134,16505110,HDFCBANK.NS
2020-09-16,509.5122375488281,510.60704968456383,497.72539148221836,498.5872624456527,18710112,HDFCBANK.NS
2020-09-17,504.830078125,509.6752656995144,502.2211484680772,505.0164424298662,18318686,HDFCBANK.NS
2020-09-18,492.57745361328125,508.83670286508107,487.8719961697908,508.7435491390424,23481778,HDFCBANK.NS
2020-09-21,488.85040283203125,499.12307516251644,485.21649752916113,491.5059096430773,19842878,HDFCBANK.NS
2020-09-22,482.3746337890625,492.97345806947664,479.6259163378624,491.06335166115406,18620678,HDFCBANK.NS
2020-09-23,487.89532470703125,491.505913168697,481.88543060320916,487.3129717293432,16079828,HDFCBANK.NS
2020-09-24,480.0451965332031,487.77883235792,477.5294204077058,483.58589110555965,19809510,HDFCBANK.NS
2020-09-25,486.3812255859375,490.08496791766635,477.83229492026675,489.1765199858567,20321544,HDFCBANK.NS
2020-09-28,491.1331787109375,493.3694368669961,485.75227138293275,488.68729623355154,16152422,HDFCBANK.NS
2020-09-29,495.02337646484375,498.4476007971448,489.6424118923626,492.9035887555848,12644446,HDFCBANK.NS
2020-09-30,502.5007629394531,506.3676097436187,490.1083020376779,493.8353613687629,18813842,HDFCBANK.NS
2020-10-01,515.7084350585938,517.1293989480084,507.85832898017526,507.85832898017526,21203080,HDFCBANK.NS
2020-10-05,519.156005859375,527.3788410358259,517.5953112992955,518.0611936677017,16940126,HDFCBANK.NS
2020-10-06,533.0159912109375,534.8329437703007,524.6766856787656,528.7997900186148,19371990,HDFCBANK.NS
2020-10-07,541.4717407226562,542.6830234125715,529.9877298572328,533.3886936312274,21248778,HDFCBANK.NS
2020-10-08,555.2385864257812,560.4564457997797,541.984199948591,549.7411521560599,35060674,HDFCBANK.NS
2020-10-09,574.689208984375,576.2964803811725,555.1687266903496,559.5247153902895,44972388,HDFCBANK.NS
2020-10-12,565.418212890625,578.975379998091,561.6678366449868,573.7575196193371,19220546,HDFCBANK.NS
2020-10-13,558.3367309570312,569.5179083853134,556.7294594498794,565.3017068523109,18353952,HDFCBANK.NS
2020-10-14,564.4165649414062,565.7210584958747,547.6447974317978,556.9857629179536,22582918,HDFCBANK.NS
2020-10-15,544.7329711914062,566.9788547701016,542.2870887036962,565.6743613618266,28246896,HDFCBANK.NS
2020-10-16,558.7560424804688,560.6894658056045,546.4800526713536,549.7412294562637,25822848,HDFCBANK.NS
2020-10-19,560.7127075195312,575.3646842197186,555.6112618246535,575.3646842197186,42359556,HDFCBANK.NS
2020-10-20,570.2166748046875,571.824003021098,561.8075325791795,562.5529329589159,27411978,HDFCBANK.NS
2020-10-21,580.8155517578125,582.8188687791578,569.1684920300116,573.3148566671905,35640752,HDFCBANK.NS
2020-10-22,574.57275390625,582.3529667944613,569.7741427117008,577.670826193271,21913060,HDFCBANK.NS
2020-10-23,575.7374267578125,581.6307929468126,573.5943224668267,579.324698078978,15866230,HDFCBANK.NS
2020-10-26,564.136962890625,578.6258929585825,561.2018812651366,572.9421508966846,19571976,HDFCBANK.NS
2020-10-27,574.4795532226562,575.8306235030151,558.0571992756649,571.1717996882658,24317780,HDFCBANK.NS
2020-10-28,563.5313110351562,573.9670876390384,559.7576751609615,572.1035581337169,16571186,HDFCBANK.NS
2020-10-29,553.0955200195312,561.131990801828,549.0423661992309,559.3383550737734,23060024,HDFCBANK.NS
2020-10-30,551.3951416015625,558.7327894592289,548.0407541729544,550.9292591979012,11522716,HDFCBANK.NS
2020-11-02,566.16357421875,570.7059275194147,548.5765140033558,556.4266208976022,21926080,HDFCBANK.NS
2020-11-03,581.3978271484375,582.7023204120117,570.938791656942,571.3813571193683,28164230,HDFCBANK.NS
2020-11-04,585.8004760742188,589.2480168254118,573.0352883578572,583.2847000195425,23404822,HDFCBANK.NS
2020-11-05,591.2979736328125,594.4659969919073,583.4478658459915,589.807172564071,21433928,HDFCBANK.NS
2020-11-06,609.2110595703125,610.3058717065451,589.5741073623152,589.9235191209258,35705724,HDFCBANK.NS
2020-11-09,624.53857421875,627.054293280216,612.7284117705964,612.7284117705964,26288440,HDFCBANK.NS
2020-11-10,649.2770385742188,649.9059684599363,629.6634002908364,632.2024367026047,41517356,HDFCBANK.NS
2020-11-11,647.5531616210938,659.1303837292211,638.4917724940213,652.1887252116443,36116194,HDFCBANK.NS
2020-11-12,639.05078125,646.9009441534586,633.5999806353424,641.7063447028456,27053948,HDFCBANK.NS
2020-11-13,633.041015625,637.6998395348973,627.5435806631576,637.6998395348973,22472480,HDFCBANK.NS
2020-11-14,638.1190185546875,640.5649008404727,636.0225480240146,637.2338876047256,1835066,HDFCBANK.NS
2020-11-17,656.172119140625,658.1055426974898,643.1973041796572,645.619927061055,31059900,HDFCBANK.NS
2020-11-18,656.2885131835938,661.0871246448245,651.7927935264175,653.6330062555946,18862776,HDFCBANK.NS
2020-11-19,640.2854614257812,651.9790982252188,637.327119576682,647.4367448510429,20266882,HDFCBANK.NS
2020-11-20,653.9359130859375,656.148854726041,635.9528618688637,639.4935571189461,20405362,HDFCBANK.NS
2020-11-23,649.7195434570312,663.253449087629,640.7513078120443,659.223555202943,25246636,HDFCBANK.NS
2020-11-24,670.0320434570312,673.2000665182222,653.1904402304294,655.962417756164,40154400,HDFCBANK.NS
2020-11-25,653.539794921875,682.2381368168991,650.8376544957778,676.1350892977126,24152602,HDFCBANK.NS
2020-11-26,664.6510620117188,667.1435211951758,646.1788155710258,659.2235212927192,27943126,HDFCBANK.NS
2020-11-27,671.2666625976562,673.6659683958317,659.4798716850385,667.0504608872737,17994580,HDFCBANK.NS
2020-12-01,667.7492065429688,675.0635368162108,664.1153014020073,671.2665842240124,17147574,HDFCBANK.NS
2020-12-02,655.4732055664062,667.0504284490065,649.8127800267889,666.6776997890113,17892150,HDFCBANK.NS
2020-12-03,641.61328125,667.1436620137773,640.1457970428805,665.7460146771563,37933222,HDFCBANK.NS
2020-12-04,645.5265502929688,652.9107739090895,639.7962317098804,643.3835029317227,26912322,HDFCBANK.NS
2020-12-07,639.30712890625,642.8944006689825,632.71488151539,640.5883055172845,24316318,HDFCBANK.NS
2020-12-08,641.1939697265625,647.0174997252765,635.9993695936276,640.5882998585322,19457896,HDFCBANK.NS
2020-12-09,655.5896606445312,656.9174709203267,640.6115876636862,641.5200355541075,22069074,HDFCBANK.NS
2020-12-10,645.64306640625,653.1670780012442,640.9376658774692,651.3035485347642,19727966,HDFCBANK.NS
2020-12-11,644.2221069335938,649.9058485960943,639.6564373637545,647.5997538169785,21356384,HDFCBANK.NS
2020-12-14,639.2605590820312,646.644783892893,637.3271357099983,644.3153718471693,17222050,HDFCBANK.NS
2020-12-15,648.1822509765625,649.8826763585706,636.3954026881263,643.2904854361341,21561436,HDFCBANK.NS
2020-12-16,657.2202758789062,660.062204002033,649.673003782129,654.0988865615698,16832092,HDFCBANK.NS
2020-12-17,671.7092895507812,673.2000905325154,654.3318527009812,660.9007833867663,21924478,HDFCBANK.NS
2020-12-18,657.5230712890625,670.7308250997335,655.1703994436521,668.5412007096832,22995918,HDFCBANK.NS
2020-12-21,639.4935302734375,663.3466879919946,636.7214956867946,660.3883459292866,23761824,HDFCBANK.NS
2020-12-22,639.7030639648438,645.1539217572246,626.6117808832962,645.1539217572246,22851558,HDFCBANK.NS
2020-12-23,640.8911743164062,643.3603170658873,634.0893022325179,637.094221149004,15467394,HDFCBANK.NS
2020-12-24,650.8842163085938,654.0988158803772,641.5199924980623,647.296944981058,14952188,HDFCBANK.NS
2020-12-28,658.2218627929688,662.0188152963,654.098815394796,654.5646977419433,11699194,HDFCBANK.NS
2020-12-29,664.9072875976562,668.4247221963727,661.5529573227735,662.0421565534632,14495346,HDFCBANK.NS
2020-12-30,667.37646484375,670.8240055999206,658.2917590395942,670.8240055999206,16216726,HDFCBANK.NS
2020-12-31,669.1469116210938,672.7341833408832,663.9057346386942,668.5412417549636,22145750,HDFCBANK.NS
2021-01-01,663.9057006835938,672.2682665596484,661.8324899943431,670.8706194358238,8810938,HDFCBANK.NS
2021-01-04,659.6895141601562,669.9389275157519,651.7695129308323,669.9389275157519,15740192,HDFCBANK.NS
2021-01-05,664.6743774414062,666.5612238531063,656.4282819563354,661.1802595459679,14386824,HDFCBANK.NS
2021-01-06,661.8092041015625,670.8705931849613,658.3383464243002,668.5411814030691,22134050,HDFCBANK.NS
2021-01-07,659.8059692382812,667.4231353378412,658.0822270535729,667.3765584704946,19894842,HDFCBANK.NS
2021-01-08,666.98046875,671.8023396333432,662.9971519630973,667.1435161962187,13768764,HDFCBANK.NS
2021-01-11,676.2049560546875,682.4711081726593,669.1468835112166,675.5294493534971,17331392,HDFCBANK.NS
2021-01-12,689.9717407226562,693.0931296307018,675.1100828063389,676.6707772603617,20388156,HDFCBANK.NS
2021-01-13,685.1499633789062,697.379376386846,681.1666461081561,695.5158467856361,16934650,HDFCBANK.NS
2021-01-14,684.2647094726562,693.2329448138298,678.3247094414894,685.3828384996627,12297166,HDFCBANK.NS
2021-01-15,683.286376953125,685.6157887609149,673.2000124513131,684.4277659907799,14165236,HDFCBANK.NS
2021-01-18,690.9501342773438,700.1513111208578,683.4494394650668,684.8005097174363,42825632,HDFCBANK.NS
2021-01-19,700.6172485351562,704.2511540690322,683.4494931587943,695.0033996358874,17360254,HDFCBANK.NS
2021-01-20,695.0965576171875,699.2894993186317,692.301263149558,699.2894993186317,13346052,HDFCBANK.NS
2021-01-21,687.0833129882812,696.1912788146382,683.9851839846258,695.0964666654859,26333054,HDFCBANK.NS
2021-01-22,672.5245971679688,683.868822839449,670.9405855493311,683.868822839449,15392364,HDFCBANK.NS
2021-01-25,681.5159912109375,689.9717673229738,677.9287198278455,682.5642265090312,20344718,HDFCBANK.NS
2021-01-27,656.707763671875,685.7322574652719,655.1004922770827,683.9153048861119,23556276,HDFCBANK.NS
2021-01-28,638.9343872070312,652.8410221795793,625.2141734367799,647.5299515080465,42704446,HDFCBANK.NS
2021-01-29,647.8095092773438,656.3118634983516,635.6965662775516,648.2054979628697,28704502,HDFCBANK.NS
2021-02-01,687.9918212890625,690.6706450387913,652.7012301513299,657.010642270459,26370544,HDFCBANK.NS
2021-02-02,727.0328369140625,735.3954036467072,697.6123505698883,699.289515916191,42420206,HDFCBANK.NS
2021-02-03,733.671630859375,736.886173943163,718.3906652955849,735.6283142034556,20237254,HDFCBANK.NS
2021-02-04,735.6748657226562,739.8212303398263,719.0661472568776,729.5718178288212,24484684,HDFCBANK.NS
2021-02-05,744.2936401367188,753.9141221565797,721.1858866666988,721.1858866666988,27054716,HDFCBANK.NS
2021-02-08,747.857666015625,760.1569718191174,743.4084666840961,754.7294308956938,17447580,HDFCBANK.NS
2021-02-09,750.9324951171875,758.4565068510009,739.2155420064337,750.07062409712,18421366,HDFCBANK.NS
2021-02-10,736.9094848632812,752.3301809012268,730.0377194757463,749.3019453067199,19788006,HDFCBANK.NS
2021-02-11,732.5302124023438,744.3869541247504,728.7332593016877,737.0259891336575,13648618,HDFCBANK.NS
2021-02-12,737.002685546875,741.9177679192464,732.8330605569699,733.2523661170039,9910106,HDFCBANK.NS
2021-02-15,753.1455078125,757.0589315094622,743.8744362925478,745.4584478925578,10355244,HDFCBANK.NS
2021-02-16,757.8275756835938,764.5129763820796,749.3484823473618,755.2884826208972,13897358,HDFCBANK.NS
2021-02-17,739.1223754882812,755.5680457969456,737.4917872032456,754.7294347879077,12794426,HDFCBANK.NS
2021-02-18,724.1210327148438,748.1838130338533,721.185950864325,748.1838130338533,14720560,HDFCBANK.NS
2021-02-19,717.03955078125,728.7331869999819,714.1976796726159,719.7882681632038,17139508,HDFCBANK.NS
2021-02-22,721.1859130859375,733.2522779153973,717.2025960503815,719.8115828343564,29451838,HDFCBANK.NS
2021-02-23,712.4039916992188,725.7048983861081,709.3757564887336,723.8646858909743,18239906,HDFCBANK.NS
2021-02-24,748.4166870117188,751.9108046768805,706.3941213068686,711.1694154492563,14314332,HDFCBANK.NS
2021-02-25,748.3934326171875,762.3000096545275,746.3435388642035,749.9541271452258,20109570,HDFCBANK.NS
2021-02-26,714.849853515625,740.2404403226598,708.6070189633014,739.3785693922811,27912846,HDFCBANK.NS
2021-03-01,726.2640380859375,732.6233438115595,717.7849448283059,728.640026799245,13536018,HDFCBANK.NS
2021-03-02,730.5966796875,739.5882318050076,722.5835260028767,734.0907973180748,16110038,HDFCBANK.NS
2021-03-03,739.285400390625,743.5482352941176,729.1058823529412,737.9576470588236,11222410,HDFCBANK.NS
2021-03-04,723.0726318359375,731.9010784941854,717.0394220507461,721.4420438189231,16291438,HDFCBANK.NS
2021-03-05,712.800048828125,720.0678026577812,708.653684228834,713.26593121298,17445822,HDFCBANK.NS
2021-03-08,707.9082641601562,724.4470883639638,704.6470875565886,718.3906175287667,15117050,HDFCBANK.NS
2021-03-09,727.9412231445312,729.432024021368,716.6435753613281,719.7882814453125,15066696,HDFCBANK.NS
2021-03-10,724.7965087890625,733.7647445558563,723.1193436041591,732.3670974233689,11055016,HDFCBANK.NS
2021-03-12,723.0260620117188,745.4117308004815,715.1526961014602,745.4117308004815,15631204,HDFCBANK.NS
2021-03-15,712.1710815429688,721.3722581601378,705.9515634062038,721.3722581601378,12230386,HDFCBANK.NS
2021-03-16,704.4840698242188,717.645247386773,703.482411308208,713.219364666622,13722366,HDFCBANK.NS
2021-03-17,696.6571044921875,716.9928788030799,694.2577992091824,710.1211146949931,21064428,HDFCBANK.NS
2021-03-18,694.630615234375,709.0962856036157,690.0416852536216,704.2976744336461,18065540,HDFCBANK.NS
2021-03-19,697.6589965820312,704.0415636523439,686.7340754438223,691.8354657257539,21235020,HDFCBANK.NS
2021-03-22,684.4510498046875,696.4475200354932,680.3745793379089,696.4475200354932,14015632,HDFCBANK.NS
2021-03-23,698.8934326171875,702.2943397175386,684.4277626140187,684.8470681114331,19761428,HDFCBANK.NS
2021-03-24,688.9468383789062,701.8284397937207,685.3129333194655,694.5840034107844,16368900,HDFCBANK.NS
2021-03-25,681.7489624023438,696.7504090066333,675.645914661059,694.257892802887,23964356,HDFCBANK.NS
2021-03-26,694.7704467773438,698.357718513874,686.7106584986326,696.0283065108258,12021258,HDFCBANK.NS
2021-03-30,723.8414306640625,727.9645352211458,699.5457100566057,701.9216988192317,25607644,HDFCBANK.NS
2021-03-31,695.8651733398438,721.1858673203236,693.2329267265126,721.1858673203236,30774506,HDFCBANK.NS
2021-04-01,692.6506958007812,698.5441198547899,682.517753050711,698.5441198547899,35763762,HDFCBANK.NS
2021-04-05,675.3432006835938,691.8354510938539,666.6777983268047,689.5060388006086,16006586,HDFCBANK.NS
2021-04-06,670.9871215820312,681.4228986380695,667.4464267425923,680.1882989132204,15075734,HDFCBANK.NS
2021-04-07,674.2249755859375,678.6508583140842,662.2751377162687,670.5445501820166,25088180,HDFCBANK.NS
2021-04-08,667.5162963867188,680.6075798822934,666.4447441652386,676.9270977085577,17613592,HDFCBANK.NS
2021-04-09,662.3682861328125,667.5163092761001,659.2701568738823,664.3482862847833,28157816,HDFCBANK.NS
2021-04-12,636.8844604492188,651.7693781089064,630.3387909802361,648.9740841356015,22549128,HDFCBANK.NS
2021-04-13,652.3984375,655.2403088967475,634.0659755901213,637.3271525402541,18600682,HDFCBANK.NS
2021-04-15,666.25830078125,669.3331127483524,648.0423132704456,654.564665812348,34444984,HDFCBANK.NS
2021-04-16,665.5828857421875,673.2000514205108,663.1835800671953,668.517910667658,15606526,HDFCBANK.NS
2021-04-19,658.0123291015625,660.4814717592332,639.3304557823059,647.5765517142435,24069242,HDFCBANK.NS
2021-04-20,648.2286376953125,664.5345180469318,644.7577804696579,663.8822714587876,23186270,HDFCBANK.NS
2021-04-22,662.7177124023438,664.7210294656783,638.748085728293,642.9177104500769,38485312,HDFCBANK.NS
2021-04-23,658.82763671875,668.3549094755161,652.3285428266348,656.4283308776554,22713528,HDFCBANK.NS
2021-04-26,654.4716186523438,665.7459499907978,653.5165369836191,658.2918315864222,30170952,HDFCBANK.NS
2021-04-27,670.2649536132812,671.8023882068552,654.4715865158399,655.6129755923002,20592906,HDFCBANK.NS
2021-04-28,688.01513671875,689.04005522921,666.6777004956049,669.1235830445929,24103940,HDFCBANK.NS
2021-04-29,686.0118408203125,700.524089098675,680.6541931670469,692.3944070156037,24078552,HDFCBANK.NS
2021-04-30,657.9656982421875,677.299816724806,655.729440103264,673.2000290935819,35232902,HDFCBANK.NS
2021-05-03,658.9674072265625,662.438265593792,641.6599197428953,648.9742514438809,22473700,HDFCBANK.NS
2021-05-04,646.8077392578125,662.9505738100507,644.4550675488944,656.8707864882977,21486328,HDFCBANK.NS
2021-05-05,653.4465942382812,656.7077707955938,643.7096414287955,652.7011938278339,14421612,HDFCBANK.NS
2021-05-06,652.6546630859375,657.2669102027188,649.9059455621662,655.776052406065,11477044,HDFCBANK.NS
2021-05-07,659.1070556640625,663.8590328931218,657.0105850858768,658.2684446846265,12048334,HDFCBANK.NS
2021-05-10,661.4830932617188,666.2118108456489,658.1986565682562,664.8141636900286,11060050,HDFCBANK.NS
2021-05-11,653.8892211914062,663.5096466065934,649.9292210583383,650.3717865603421,14519034,HDFCBANK.NS
2021-05-12,652.0023803710938,656.2418985871353,647.0407217294511,652.1188509642291,13774926,HDFCBANK.NS
2021-05-14,646.1090087890625,651.7229145764641,644.0125379445341,649.6031268632764,10604142,HDFCBANK.NS
2021-05-17,670.9871215820312,672.0819338397616,643.5233770555826,649.975836873246,15120692,HDFCBANK.NS
2021-05-18,687.9684448242188,690.7870557953187,677.8588205578747,679.6990330957635,22165280,HDFCBANK.NS
2021-05-19,679.3496704101562,688.9701530253018,676.7174804337463,684.940259024818,10130916,HDFCBANK.NS
2021-05-20,667.5162963867188,682.9369917808087,665.5129794058325,679.4195570658875,10684184,HDFCBANK.NS
2021-05-21,697.5657958984375,699.7088437352617,672.2683568128244,672.2683568128244,19341646,HDFCBANK.NS
2021-05-24,703.4590454101562,708.3508101809515,698.1247151463558,700.3376563521917,22146102,HDFCBANK.NS
2021-05-25,689.0167846679688,705.2295156875977,685.0801009536664,703.7153978174179,19236974,HDFCBANK.NS
2021-05-26,688.1316528320312,692.7671601737984,684.8471590151202,689.5059832261073,12283990,HDFCBANK.NS
2021-05-27,690.740478515625,693.698820067959,681.3296209109294,686.2912793190759,20439496,HDFCBANK.NS
2021-05-28,700.4308471679688,704.8800466813714,688.9235750364031,694.5840573735902,17750020,HDFCBANK.NS
2021-05-31,706.2078247070312,707.9083068412123,693.0000700403444,698.8236000406835,15661054,HDFCBANK.NS
2021-06-01,704.2743530273438,711.4023760066137,702.2011992377004,708.2809868888664,11030162,HDFCBANK.NS
2021-06-02,700.6870727539062,703.5755206514051,695.5623667696689,703.4823669271267,10624016,HDFCBANK.NS
2021-06-03,708.3975219726562,710.4473590823497,693.1165561614135,702.5506749732225,10287260,HDFCBANK.NS
2021-06-04,699.2661743164062,708.4440918339504,698.450880106164,706.2777272726534,9424476,HDFCBANK.NS
2021-06-07,698.7537231445312,705.3459706378511,696.9600872352875,703.4824409928369,8091668,HDFCBANK.NS
2021-06-08,690.9269409179688,699.4292950237635,690.2048004238322,697.2163535441731,9872540,HDFCBANK.NS
2021-06-09,689.6456909179688,699.7553155380998,685.8021613885485,691.3228560658164,10223442,HDFCBANK.NS
2021-06-10,689.9951171875,693.6988593363984,686.5475762237011,690.484259561094,11483540,HDFCBANK.NS
2021-06-11,692.4641723632812,697.2162061317158,689.9950301987733,694.6305365172441,7205974,HDFCBANK.NS
2021-06-14,689.249755859375,692.3013086017143,681.3763880882988,688.6907196773109,8881964,HDFCBANK.NS
2021-06-15,694.2811889648438,696.9600125424635,687.083329230532,692.3011889292118,7569602,HDFCBANK.NS
2021-06-16,691.6489868164062,696.0282926691292,688.6207512726651,693.2329983210603,7702098,HDFCBANK.NS
2021-06-17,683.0300903320312,688.923513333274,680.1882194194961,682.983513471905,9283802,HDFCBANK.NS
2021-06-18,689.4127197265625,694.1646969170276,677.8588147746814,684.614108805082,11938060,HDFCBANK.NS
2021-06-21,693.55908203125,695.0033629173906,679.722397980227,680.8172102081012,7260472,HDFCBANK.NS
2021-06-22,691.2762451171875,702.5505750994012,689.5058694609507,697.425869312867,14366824,HDFCBANK.NS
2021-06-23,692.068359375,697.798736091737,688.8537591892796,694.1648303391114,7844868,HDFCBANK.NS
2021-06-24,701.7353515625,705.089682030104,693.2329979253112,694.1647627074689,14785024,HDFCBANK.NS
2021-06-25,705.8583984375,709.0729983058726,702.0847624487187,703.9948688755924,10383176,HDFCBANK.NS
2021-06-28,702.7136840820312,709.5388723967646,701.152989466271,708.1412252416824,9356786,HDFCBANK.NS
2021-06-29,702.8073120117188,705.6848435152247,698.1751031497531,705.1233878844295,10971692,HDFCBANK.NS
2021-06-30,700.865478515625,706.0591426946432,699.087440597942,700.912256962608,9679022,HDFCBANK.NS
2021-07-01,695.6483764648438,702.7838314781875,693.8937563795953,702.7838314781875,16911442,HDFCBANK.NS
2021-07-02,692.67724609375,696.8181381606023,691.0863790923012,694.8295686879264,14827036,HDFCBANK.NS
2021-07-05,699.7191162109375,703.9536224628647,694.619065869047,697.1456732574342,7373882,HDFCBANK.NS
2021-07-06,718.0841064453125,720.5639923825959,699.9764497430932,700.4443484394454,17669032,HDFCBANK.NS
2021-07-07,720.3301391601562,723.0673354757794,714.8089109597926,717.7566959868007,9629190,HDFCBANK.NS
2021-07-08,711.4165649414062,719.4878176227463,708.1412739982538,713.5455269010719,8420922,HDFCBANK.NS
2021-07-09,702.7838134765625,709.3343949603653,700.6782694281974,707.7201673699005,10695842,HDFCBANK.NS
2021-07-12,695.765380859375,702.7838615001891,694.3616847312122,702.7838615001891,14458978,HDFCBANK.NS
2021-07-13,702.7136840820312,704.7022536501623,694.408481768072,700.0232664310304,18178142,HDFCBANK.NS
2021-07-14,701.4503784179688,705.2871250803108,697.683770870483,700.6783341056623,9788494,HDFCBANK.NS
2021-07-15,711.5335693359375,714.3643794730821,701.6843354297325,704.187582188956,10438802,HDFCBANK.NS
2021-07-16,712.3055419921875,715.8615605264835,710.6445359529665,714.9257631692194,5170628,HDFCBANK.NS
2021-07-19,688.279052734375,696.6310338952321,685.93955901332,695.765432641751,25111600,HDFCBANK.NS
2021-07-20,675.248046875,680.3247365462768,671.9727558462353,674.7099519255372,24174250,HDFCBANK.NS
2021-07-22,677.8448486328125,687.1092660782373,676.113646226117,681.3073105627461,13207114,HDFCBANK.NS
2021-07-23,675.0609130859375,681.9390017779525,671.5750902888267,679.1550270970288,13126684,HDFCBANK.NS
2021-07-26,671.22412109375,675.645741081775,668.2061401271644,669.0951591045279,13167166,HDFCBANK.NS
2021-07-27,673.6572265625,678.4064103071216,671.9493846985216,671.9493846985216,22401430,HDFCBANK.NS
2021-07-28,663.1528930664062,673.1658801980516,656.9298171089981,671.4580955262957,20670342,HDFCBANK.NS
2021-07-29,663.5973510742188,669.0717431809376,661.281275286732,668.2763382138219,13702230,HDFCBANK.NS
2021-07-30,667.4341430664062,669.9140292656406,658.7780162695392,663.9483202569891,11655488,HDFCBANK.NS
2021-08-02,665.6560668945312,671.434604155067,662.6615039265599,671.434604155067,13258786,HDFCBANK.NS
2021-08-03,671.2943725585938,673.7274805415707,659.7372952682458,659.7372952682458,12033120,HDFCBANK.NS
2021-08-04,685.6119995117188,689.9166447776518,673.7741393555907,674.2420380634766,22053948,HDFCBANK.NS
2021-08-05,694.7593383789062,705.1467232671466,681.9155425555743,686.454136871017,18822408,HDFCBANK.NS
2021-08-06,698.4089965820312,701.8480405574549,689.6826745211256,694.151129892624,13339270,HDFCBANK.NS
2021-08-09,703.6729736328125,705.2872015472958,690.6185864892784,698.1049668306257,10998048,HDFCBANK.NS
2021-08-10,705.4275512695312,711.0891146362193,696.7012282897388,696.7012282897388,14838346,HDFCBANK.NS
2021-08-11,699.4852294921875,710.6680212967121,697.6604700186167,708.8198440384862,12585786,HDFCBANK.NS
2021-08-12,702.5031127929688,705.4040618582296,696.8415500011622,700.4443471096191,8597674,HDFCBANK.NS
2021-08-13,714.10693359375,716.3528700761359,702.315909852567,702.4094667407759,16658428,HDFCBANK.NS
2021-08-16,716.1658325195312,718.2245984922649,711.884547430942,714.0837058786648,6252778,HDFCBANK.NS
2021-08-17,708.7028198242188,713.0776615079304,704.3279781405072,709.8959273107525,8282666,HDFCBANK.NS
2021-08-18,707.9307250976562,732.4252103424661,705.7549847439424,728.3778752099084,22985932,HDFCBANK.NS
2021-08-20,708.7496337890625,711.1125453306043,695.3209624684945,695.3209624684945,13150406,HDFCBANK.NS
2021-08-23,713.3583984375,717.3589554598426,705.8954364767717,715.8148667910151,10843054,HDFCBANK.NS
2021-08-24,729.3839111328125,732.0275503345746,714.6918798434089,715.8850444307441,18381314,HDFCBANK.NS
2021-08-25,728.7055053710938,732.1679674526881,724.3072458142872,726.2256192151633,7727974,HDFCBANK.NS
2021-08-26,727.4888916015625,735.0688273823142,722.1781958823681,725.2429550875793,11119002,HDFCBANK.NS
2021-08-27,724.517822265625,729.2904239546797,723.0205690591855,726.1788857336068,6382138,HDFCBANK.NS
2021-08-30,733.7821655273438,734.6009882849862,725.9916404384651,727.8632353130765,9049166,HDFCBANK.NS
2021-08-31,739.93505859375,740.8474382651433,730.9513687618706,731.5596599538288,12062576,HDFCBANK.NS
2021-09-01,738.8588256835938,747.7021225361466,736.7065030870856,736.9404524370657,12422558,HDFCBANK.NS
2021-09-02,743.4910278320312,744.8947239198199,735.185825979282,736.5193258393732,9618524,HDFCBANK.NS
2021-09-03,737.4317626953125,747.7021162261457,733.8055478012244,742.1341103203025,10735334,HDFCBANK.NS
2021-09-06,732.5890502929688,739.7245062330459,730.834429979835,739.2566074828768,7876896,HDFCBANK.NS
2021-09-07,734.2501831054688,740.215892734014,727.6761821975882,731.0918662432977,7245496,HDFCBANK.NS
2021-09-08,737.5955200195312,739.5138932608036,732.5421912271912,735.5133365404894,6724080,HDFCBANK.NS
2021-09-09,733.9459228515625,739.0226125546611,730.3899039927794,736.4725873700415,8250948,HDFCBANK.NS
2021-09-13,727.83984375,741.1515388839704,726.9508247989902,730.8577675105819,8959164,HDFCBANK.NS
2021-09-14,724.5646362304688,732.0275984882848,723.6521993929138,729.9220541014536,9758506,HDFCBANK.NS
2021-09-15,723.7457885742188,727.4889784667846,718.2245606360663,718.2245606360663,14822998,HDFCBANK.NS
2021-09-16,729.898681640625,731.9340870341888,718.8329211470495,719.5113515338705,10260550,HDFCBANK.NS
2021-09-17,740.2860107421875,743.4911057217695,729.547700275712,734.1331308228171,20498102,HDFCBANK.NS
2021-09-20,729.8518676757812,740.0754441348419,728.9862663950914,731.7936589486027,8781610,HDFCBANK.NS
2021-09-21,726.1553955078125,733.9693384001288,715.3937249500291,730.857800489461,14774996,HDFCBANK.NS
2021-09-22,717.6162719726562,725.3132404864232,715.8850694878332,724.7751455141527,10582202,HDFCBANK.NS
2021-09-23,734.6008911132812,735.5366884268013,721.4997287239999,721.4997287239999,13664304,HDFCBANK.NS
2021-09-24,749.3632202148438,752.3577263390091,736.940486313232,738.812081199107,20806702,HDFCBANK.NS
2021-09-27,760.3822631835938,765.2484217091811,752.3812058137348,755.9840034178407,16415462,HDFCBANK.NS
2021-09-28,755.6798095703125,763.6106695972712,740.2157348669626,763.6106695972712,12773790,HDFCBANK.NS
2021-09-29,745.7603759765625,751.7260847567792,741.6896798907969,747.2342683926307,16263036,HDFCBANK.NS
2021-09-30,746.2750854492188,751.6091426009663,740.7304967074409,742.0874145002653,15975348,HDFCBANK.NS
2021-10-01,740.543212890625,743.4909974009443,732.3784038274563,740.6836053402736,11128596,HDFCBANK.NS
2021-10-04,741.970458984375,749.2696682201581,740.9644652266392,743.4911299550193,7051028,HDFCBANK.NS
2021-10-05,746.509033203125,747.4682484812844,737.5254001055553,744.8948053722721,10257178,HDFCBANK.NS
2021-10-06,755.6096801757812,761.2010472242603,742.5552940183129,746.7663826422353,18600830,HDFCBANK.NS
2021-10-07,753.5509033203125,761.5987386153337,751.9132577682348,761.084061436561,11265724,HDFCBANK.NS
2021-10-08,749.8778686523438,758.9316971425425,748.7081218934927,754.2527101071383,7245562,HDFCBANK.NS
2021-10-11,764.4530029296875,769.6934460990624,748.1701035333743,748.5912238329689,13080848,HDFCBANK.NS
2021-10-12,762.4877319335938,768.079155828651,760.3354092752614,760.3354092752614,8176946,HDFCBANK.NS
2021-10-13,767.0732421875,771.0971601191812,762.6749823994329,765.9502737348906,6225644,HDFCBANK.NS
2021-10-14,789.5322875976562,790.7488128094394,766.4180801076105,766.4180801076105,14757288,HDFCBANK.NS
2021-10-18,781.5313720703125,807.1254130460806,780.0107010022547,797.7674372426478,28856456,HDFCBANK.NS
2021-10-19,790.140625,791.8952453762804,781.8588396705757,783.9409663371423,8987540,HDFCBANK.NS
2021-10-20,783.1922607421875,794.8429502889365,778.7940013526002,790.327716219395,10908568,HDFCBANK.NS
2021-10-21,784.3386840820312,786.9822662811649,777.109614248012,782.2331397429754,9738190,HDFCBANK.NS
2021-10-22,786.4207763671875,799.1710165314034,781.7417891509615,786.1166307748242,12175554,HDFCBANK.NS
2021-10-25,775.30810546875,790.748761763541,755.0949055294567,790.748761763541,16426766,HDFCBANK.NS
2021-10-26,773.3196411132812,783.1922930858217,770.3250777594776,772.0329195806469,12090656,HDFCBANK.NS
2021-10-27,768.6640625,779.0748093238908,766.090619464881,773.3196320532794,13249642,HDFCBANK.NS
2021-10-28,745.6433715820312,772.0328702050767,742.6254477542099,772.0328702050767,17797750,HDFCBANK.NS
2021-10-29,740.613525390625,749.5737978809885,729.9220503710001,743.9590128781347,12406874,HDFCBANK.NS
2021-11-01,751.1178588867188,753.7848588180418,740.9410614445757,741.6194917607675,8122320,HDFCBANK.NS
2021-11-02,751.7962646484375,758.9317200932103,748.6613660865314,751.44534061017,13237722,HDFCBANK.NS
2021-11-03,739.9584350585938,753.2701884011461,737.197878202498,751.0242516160887,10207338,HDFCBANK.NS
2021-11-04,745.8071899414062,747.6320064902674,744.0057911766709,746.2985064756734,1096808,HDFCBANK.NS
2021-11-08,748.7548828125,750.8370091478968,734.8114789267887,744.9414970446072,18943580,HDFCBANK.NS
2021-11-09,735.65380859375,746.1113342173927,734.1565554425947,746.1113342173927,12695476,HDFCBANK.NS
2021-11-10,727.6994018554688,734.1330085267516,725.2429338537062,733.6651098597492,13714126,HDFCBANK.NS
2021-11-11,724.4476318359375,727.5357520533504,718.5052836512886,725.2664546194623,7999404,HDFCBANK.NS
2021-11-12,726.646728515625,729.4775386819591,722.9269564545162,725.2430323240301,14914092,HDFCBANK.NS
2021-11-15,728.6353149414062,735.4666251415645,727.3018149519153,730.904612413564,9533594,HDFCBANK.NS
2021-11-16,724.3072509765625,728.6118965466009,721.3126876112315,727.582542163149,8245406,HDFCBANK.NS
2021-11-17,716.2593994140625,722.4356398093381,715.1832094874179,719.1135702464771,7598878,HDFCBANK.NS
2021-11-18,720.2833251953125,722.2016985884679,713.6625466615229,714.0368884967193,9152874,HDFCBANK.NS
2021-11-22,709.0303344726562,726.5063407477103,701.4036193856,723.3714420794946,15261272,HDFCBANK.NS
2021-11-23,709.1239624023438,714.8557220008774,700.1402722718575,702.7839115916332,11235214,HDFCBANK.NS
2021-11-24,710.293701171875,718.8562137965511,708.422106222235,713.0776758128465,30802286,HDFCBANK.NS
2021-11-25,713.9900512695312,717.4291526623336,705.1233930948175,708.7730260715878,10251652,HDFCBANK.NS
2021-11-26,697.1222534179688,704.9829169569663,694.8295384670594,701.8480186535953,18624936,HDFCBANK.NS
2021-11-29,702.4329833984375,705.4275467576333,684.0679578541319,699.4150593721698,12990996,HDFCBANK.NS
2021-11-30,698.8301391601562,715.4171255354036,695.5548481995625,699.5085694410911,25221542,HDFCBANK.NS
2021-12-01,704.0238037109375,705.1467720355122,696.7479559415331,699.508569747121,8677634,HDFCBANK.NS
2021-12-02,713.8965454101562,715.3236594994439,701.8481521318921,703.9536965882878,11203110,HDFCBANK.NS
2021-12-03,708.1881713867188,718.6690576265519,705.1468295311404,713.9199310376165,8124694,HDFCBANK.NS
2021-12-06,703.6261596679688,710.6446408837688,700.6081784752469,707.9308053003743,7029532,HDFCBANK.NS
2021-12-07,713.8729858398438,716.8207703399455,706.4802210422916,708.3751764067534,12427534,HDFCBANK.NS
2021-12-08,727.0211181640625,727.6059916156952,717.7566998435823,718.6924973661944,15295534,HDFCBANK.NS
2021-12-09,714.4111938476562,727.4421625905692,712.141896337171,722.9971244728273,11747744,HDFCBANK.NS
2021-12-10,712.399169921875,714.9491949236455,705.8017527309845,713.4987204148438,7779384,HDFCBANK.NS
2021-12-13,707.0651245117188,719.4644399316592,705.216890396181,714.0134087105283,10322142,HDFCBANK.NS
2021-12-14,702.994384765625,709.3344350495244,700.4677774580217,703.0178025474343,9191100,HDFCBANK.NS
2021-12-15,701.8480834960938,712.7735072392076,699.8127354772637,703.2517796630859,10115148,HDFCBANK.NS
2021-12-16,701.8948364257812,709.8023359689812,699.0406657466433,707.8371842532578,13210432,HDFCBANK.NS
2021-12-17,689.23828125,704.6555223213686,686.7349772271347,700.4444335425557,14994768,HDFCBANK.NS
2021-12-20,667.059814453125,682.1963264598411,661.6555614483385,679.3889341698829,21156668,HDFCBANK.NS
2021-12-21,674.6163940429688,678.8040647198691,669.0951663273568,673.5402041456153,9118750,HDFCBANK.NS
2021-12-22,676.2071533203125,681.2604819395565,671.76211583513,679.5292796603638,8577484,HDFCBANK.NS
2021-12-23,675.692626953125,682.1028746056172,672.3003607470249,679.9739122779271,9779166,HDFCBANK.NS
2021-12-24,673.2594604492188,679.3889220832733,668.1593531232193,676.3475804899253,5561024,HDFCBANK.NS
2021-12-27,678.8274536132812,680.3247065996217,665.4221444980343,668.580460708177,4705098,HDFCBANK.NS
2021-12-28,683.5065307617188,686.3607017715158,680.0440685179192,683.459695192528,5450678,HDFCBANK.NS
2021-12-29,680.2545166015625,683.6000037447715,677.2365928197368,681.2839280160719,7668702,HDFCBANK.NS
2021-12-30,683.8340454101562,686.3372923809242,676.1137157835619,682.4303491144119,7215918,HDFCBANK.NS
2021-12-31,692.2093505859375,694.7360149979426,683.8339524038007,683.8339524038007,6325736,HDFCBANK.NS
2022-01-03,711.0422973632812,712.6097466433577,692.7240511526534,694.8295953810808,9069184,HDFCBANK.NS
2022-01-04,715.20654296875,717.2418907829757,705.4976454563792,711.205986448363,8857352,HDFCBANK.NS
2022-01-05,732.1912841796875,735.5367713761124,714.9960066045779,719.066759647386,14332638,HDFCBANK.NS
2022-01-06,720.447021484375,727.4655019664439,715.9084269525865,721.96769225549,9628930,HDFCBANK.NS
2022-01-07,725.50048828125,733.080425797108,718.6457596165626,722.4357283744915,11179384,HDFCBANK.NS
2022-01-10,729.5242919921875,735.536779049019,723.137463117213,728.9861970473102,8856496,HDFCBANK.NS
2022-01-11,732.6826782226562,733.9927604780729,724.2137221071267,730.6473300440902,8389198,HDFCBANK.NS
2022-01-12,728.3544921875,737.7124657944661,726.1787519005727,733.6651307861456,21085530,HDFCBANK.NS
2022-01-13,714.94921875,727.5824837410013,711.393200027693,727.5824837410013,41963896,HDFCBANK.NS
2022-01-14,722.9737548828125,724.6347611521733,710.7381913179858,715.885077496062,11208968,HDFCBANK.NS
2022-01-17,711.9080200195312,728.0505285247392,710.8084692692986,715.8851597961767,22989372,HDFCBANK.NS
2022-01-18,715.5341186523438,725.664137379117,712.6097516478794,717.2887388550224,12341152,HDFCBANK.NS
2022-01-19,710.4808349609375,720.4471011947609,708.0945627563246,717.7566833789662,14317626,HDFCBANK.NS
2022-01-20,706.0592651367188,715.1832914257618,701.8949545353325,715.1598736399388,15197846,HDFCBANK.NS
2022-01-21,711.9547119140625,715.791515854972,695.1103572609701,701.8481105455162,11537694,HDFCBANK.NS
2022-01-24,695.6016235351562,711.790907358927,686.6647696631117,706.5036291281489,11868508,HDFCBANK.NS
2022-01-25,696.2567138671875,699.5085871279545,675.6457523831212,682.5004800615633,13594248,HDFCBANK.NS
2022-01-27,690.127197265625,694.8296022690124,671.4346661656787,678.4531469966787,28617838,HDFCBANK.NS
2022-01-28,684.6527709960938,695.6249726359689,683.1321002250448,691.3203274537698,24925208,HDFCBANK.NS
2022-01-31,695.1571655273438,697.8944189691098,686.3139246484154,689.0978994263672,12842546,HDFCBANK.NS
2022-02-01,700.4443969726562,709.8023715481092,689.4253590634428,705.8252323535418,14739484,HDFCBANK.NS
2022-02-02,716.446533203125,718.2245712750496,704.4683367927917,707.439482390718,13969290,HDFCBANK.NS
2022-02-03,709.0303344726562,720.5406318948554,706.0591889378767,715.3001889256323,10564762,HDFCBANK.NS
2022-02-04,713.07763671875,717.2185288944974,708.4454280490403,715.1364024737923,11579958,HDFCBANK.NS
2022-02-07,686.945556640625,710.7381964956596,683.1321704303245,707.5096837189468,12268042,HDFCBANK.NS
2022-02-08,683.9977416992188,691.7648491334083,675.9031280031979,690.8056910143061,13981130,HDFCBANK.NS
2022-02-09,700.7251586914062,701.7077346460622,686.4074683215063,689.6827595813908,11308342,HDFCBANK.NS
2022-02-10,713.59228515625,718.4584429859755,702.6200836537802,708.398621088093,14314530,HDFCBANK.NS
2022-02-11,710.66796875,713.5455573389709,701.614139822811,701.965063867404,10711104,HDFCBANK.NS
2022-02-14,689.5423583984375,701.5907510950923,687.4836496114692,697.1691307967247,14656620,HDFCBANK.NS
2022-02-15,710.1766967773438,713.4987662506672,689.238229154205,690.6185075252026,13135066,HDFCBANK.NS
2022-02-16,709.217529296875,718.1076055341441,705.1234152402379,717.9204346111028,10032264,HDFCBANK.NS
2022-02-17,704.8894653320312,712.1418959411561,702.7839209616402,707.9775856519622,7351208,HDFCBANK.NS
2022-02-18,707.6265869140625,709.8023272905024,697.3795939695534,701.0526444546318,7796128,HDFCBANK.NS
2022-02-21,712.1885986328125,716.2125160226459,699.7659224389105,703.7196436005554,7468066,HDFCBANK.NS
2022-02-22,706.8544921875,712.1885484055308,696.209797531363,697.0754557570692,9536196,HDFCBANK.NS
2022-02-23,702.2692260742188,713.873080486644,699.8127577039627,713.592352667638,9029562,HDFCBANK.NS
2022-02-24,664.1354370117188,690.1271759497945,658.4036778434378,678.4063475939694,23630766,HDFCBANK.NS
2022-02-25,681.307373046875,685.8928037417243,670.4287268763292,673.7507966491863,18318654,HDFCBANK.NS
2022-02-28,667.340576171875,673.0957535053741,661.6322344054892,667.2236014871822,24880832,HDFCBANK.NS
2022-03-02,643.0098266601562,654.3095923595013,633.7220483369093,648.7415860755369,38505560,HDFCBANK.NS
2022-03-03,641.4891357421875,651.3150087185448,637.699167588901,646.1681228737863,17527922,HDFCBANK.NS
2022-03-04,639.3836669921875,648.5076929756106,625.5338748714294,636.3423249977131,21219364,HDFCBANK.NS
2022-03-07,619.8722534179688,623.4048545200336,606.8880638056838,616.9244686053191,27054458,HDFCBANK.NS
2022-03-08,621.2759399414062,624.1768891432812,604.5251430083352,609.2976870802052,39212492,HDFCBANK.NS
2022-03-09,641.559326171875,643.2203323186494,617.0882008482499,622.3052828761213,23134694,HDFCBANK.NS
2022-03-10,651.6425170898438,667.6914658500247,645.8172009386801,667.6914658500247,22273206,HDFCBANK.NS
2022-03-11,653.5609130859375,659.2458364766177,642.2845089628895,649.4433817670237,15150780,HDFCBANK.NS
2022-03-14,674.9673461914062,678.4531689369124,662.0767131349869,662.0767131349869,25018126,HDFCBANK.NS
2022-03-15,666.2877807617188,678.219198184067,660.5560214117672,675.4118058493968,18867928,HDFCBANK.NS
2022-03-16,677.5875854492188,680.7926804596888,671.9961611232817,677.0494904640341,13364108,HDFCBANK.NS
2022-03-17,692.5135498046875,697.075562498746,688.0685117950921,688.7469421183597,14823954,HDFCBANK.NS
2022-03-21,695.5313720703125,698.8768589798646,689.1211831460807,695.7653214050149,12257876,HDFCBANK.NS
2022-03-22,699.11083984375,700.9122383788925,681.8219489596073,693.098353094048,10461814,HDFCBANK.NS
2022-03-23,692.1392822265625,710.6447021406568,689.495642650756,705.1234735950176,31188256,HDFCBANK.NS
2022-03-24,675.0140991210938,687.6473645478017,671.22413091639,685.93952279829,20160044,HDFCBANK.NS
2022-03-25,669.5162353515625,679.3888861163086,663.9482296136653,678.9209874344103,16366462,HDFCBANK.NS
2022-03-28,670.4052734375,672.8383238063171,655.8067998749772,669.5162544931684,15754886,HDFCBANK.NS
2022-03-29,679.29541015625,683.2491316427125,669.0951948290217,674.2420809430911,12377448,HDFCBANK.NS
2022-03-30,691.0630493164062,693.7768849654531,680.3482134276455,688.746973305781,20109742,HDFCBANK.NS
2022-03-31,687.974853515625,694.6891885485168,685.8927271127579,688.2789990989702,14295714,HDFCBANK.NS
2022-04-01,704.655517578125,706.5271125783324,687.9515550478917,690.8057259998988,14568556,HDFCBANK.NS
2022-04-04,775.2145385742188,805.7682874265881,731.1150889681549,739.2798979053684,97450970,HDFCBANK.NS
2022-04-05,752.4981689453125,779.8468281909389,749.5738017412657,779.8468281909389,30922582,HDFCBANK.NS
2022-04-06,725.6407470703125,743.8654372020744,724.0031014858087,742.882804158136,27027860,HDFCBANK.NS
2022-04-07,709.6853637695312,721.1956605372436,708.2582498667109,721.1722998718208,40781732,HDFCBANK.NS
2022-04-08,708.7028198242188,713.8964842819717,700.5847883163185,707.5096552211411,41256322,HDFCBANK.NS
2022-04-11,700.0466918945312,706.5270778408221,698.6897741627865,704.6554829326345,20799066,HDFCBANK.NS
2022-04-12,698.8067626953125,705.0531994018879,692.5603259887371,694.3617247002636,27435402,HDFCBANK.NS
2022-04-13,685.4483032226562,702.9243685607228,684.3721702855427,697.1691906503445,28892520,HDFCBANK.NS
2022-04-18,652.9293212890625,669.8672911766866,650.402713602867,663.8781640232578,45620376,HDFCBANK.NS
2022-04-19,628.013671875,650.1687231151512,620.901633806875,646.1213875528598,74096022,HDFCBANK.NS
2022-04-20,633.67529296875,636.2955145164841,624.8085774843098,633.7454320872375,49325736,HDFCBANK.NS
2022-04-21,643.0565795898438,645.6066618250044,633.2073460307391,638.6817380819679,52446270,HDFCBANK.NS
2022-04-22,634.2835693359375,643.5245701621363,631.2656450772924,636.3423353736918,20659148,HDFCBANK.NS
2022-04-25,639.03271484375,641.3254301314081,618.6791193133066,631.663309565486,20935488,HDFCBANK.NS
2022-04-26,641.98046875,646.6126204361926,635.0087663212903,641.9570509671229,17016842,HDFCBANK.NS
2022-04-27,642.2144165039062,645.2323404272349,634.5174482238076,636.3422646708045,18054334,HDFCBANK.NS
2022-04-28,641.6528930664062,645.2323296688057,637.3248299413617,641.9570386552584,20773722,HDFCBANK.NS
2022-04-29,647.8526000976562,657.2807713665148,641.7465556586802,645.8640304031856,28401476,HDFCBANK.NS
2022-05-02,656.7893676757812,658.0760890720459,637.3014329492237,637.3014329492237,19494316,HDFCBANK.NS
2022-05-04,634.4706420898438,656.7426089581849,631.6632498682072,655.0581850485112,29055916,HDFCBANK.NS
2022-05-05,633.0435180664062,643.360707162427,630.0255943230603,643.360707162427,17862912,HDFCBANK.NS
2022-05-06,616.5033569335938,624.6448062814701,614.3510341929365,622.3053126249852,26731268,HDFCBANK.NS
2022-05-09,617.5560913085938,620.6676291047224,606.1627693216494,608.2683134837084,32762434,HDFCBANK.NS
2022-05-10,627.4755859375,633.0669526579659,615.3102195153957,615.3102195153957,20113812,HDFCBANK.NS
2022-05-11,631.0081787109375,634.002741829974,621.6736224435258,633.0669444250589,17102924,HDFCBANK.NS
2022-05-12,616.784423828125,628.0262253837076,612.0273436365588,625.328158341983,22382290,HDFCBANK.NS
2022-05-13,611.2462768554688,623.8607721581939,609.1872638600877,620.0977504004504,16768238,HDFCBANK.NS
2022-05-16,617.7546997070312,621.0207502699137,608.382622442987,614.867343445593,9804356,HDFCBANK.NS
2022-05-17,621.9674682617188,623.3874853125446,614.4886886817793,621.3047820818717,16641444,HDFCBANK.NS
2022-05-18,621.9201049804688,631.1028928608465,620.0740713797754,626.7245072423251,15732384,HDFCBANK.NS
2022-05-19,609.2109985351562,613.6367067414336,605.0692821799639,608.8086141504247,20537506,HDFCBANK.NS
2022-05-20,625.2571411132812,626.7954928932373,611.7196570057959,616.7607290100877,13919350,HDFCBANK.NS
2022-05-23,617.234130859375,629.5172562868408,614.9147579219489,621.96752143345,19486320,HDFCBANK.NS
2022-05-24,624.3104248046875,627.1741487470705,613.8733349599582,615.3406742424088,12870796,HDFCBANK.NS
2022-05-25,628.972900390625,632.3572280918651,626.3221557067814,629.5408840910824,12887112,HDFCBANK.NS
2022-05-26,646.9124145507812,648.9477954459832,634.2742858480068,635.2919762956078,26992428,HDFCBANK.NS
2022-05-27,658.9115600585938,660.1658621498103,648.8294165218157,649.326445570491,24031718,HDFCBANK.NS
2022-05-30,663.4082641601562,672.3780146327596,661.9408671117387,667.5262901343535,12624674,HDFCBANK.NS
2022-05-31,657.444091796875,664.9465601541496,653.2077314335262,660.7338320692128,13485388,HDFCBANK.NS
2022-06-01,660.2368774414062,662.887564224445,652.8054784242131,653.2078050088518,12091896,HDFCBANK.NS
2022-06-02,655.621826171875,656.9945208046117,652.5451227243029,656.6395165606611,11475020,HDFCBANK.NS
2022-06-03,653.3497924804688,663.0295511428869,651.4564366321221,661.8698937980286,6957244,HDFCBANK.NS
2022-06-06,652.47412109375,656.5211926538722,644.0487215665758,651.4564884687982,6173266,HDFCBANK.NS
2022-06-07,644.9716796875,650.5097803969437,640.9482983756177,644.6876878569063,10253966,HDFCBANK.NS
2022-06-08,647.2437744140625,653.6811733997421,642.3210371494931,650.0364861317101,5986588,HDFCBANK.NS
2022-06-09,652.119140625,654.178211573515,642.3920584937911,644.8060759244232,7311816,HDFCBANK.NS
2022-06-10,639.5283203125,647.5040710182226,635.9782777627149,643.7883713722422,9155430,HDFCBANK.NS
2022-06-13,627.9315185546875,629.5408827433928,619.2694493477306,626.511501525943,10892572,HDFCBANK.NS
2022-06-14,621.020751953125,627.6474977818931,617.707379038741,620.6657477122982,11870356,HDFCBANK.NS
2022-06-15,618.8670043945312,622.8194309622124,614.5833214454613,616.1216730760376,11810470,HDFCBANK.NS
2022-06-16,606.4892578125,625.0678127660508,604.9272160672077,620.0740634178733,12169192,HDFCBANK.NS
2022-06-17,610.4889526367188,614.8673382245379,601.8978385488166,603.5072026453316,14723922,HDFCBANK.NS
2022-06-20,625.8251342773438,627.174138793338,612.5716430424657,617.5653345357969,15936840,HDFCBANK.NS
2022-06-21,632.6412963867188,640.9010392530179,626.72455857973,632.8069534891858,13220684,HDFCBANK.NS
2022-06-22,629.6591796875,632.8305277490141,626.3221167580701,630.6058576498191,8159698,HDFCBANK.NS
2022-06-23,631.9785766601562,638.0609712468488,624.097470763331,629.7775387566263,15372244,HDFCBANK.NS
2022-06-24,640.806396484375,644.5220962821917,633.5879763381755,633.5879763381755,8013432,HDFCBANK.NS
2022-06-27,641.9660034179688,651.3144484447005,639.9543127160139,648.4744145125288,9804164,HDFCBANK.NS
2022-06-28,637.0669555664062,639.48097284931,633.5169131560658,636.1675999329924,9770574,HDFCBANK.NS
2022-06-29,636.1438598632812,639.362587841217,630.1324782999224,630.1324782999224,9994046,HDFCBANK.NS
2022-06-30,638.0609741210938,640.9010081305348,632.3809061022116,632.3809061022116,12475822,HDFCBANK.NS
2022-07-01,640.7826538085938,643.7410224780701,629.5645429261943,636.1439086225995,11472452,HDFCBANK.NS
2022-07-04,641.6820068359375,643.8356645501927,635.3392528781949,640.7589611464242,8487480,HDFCBANK.NS
2022-07-05,640.23828125,652.9000987367396,638.202958341074,645.6343570808499,14325718,HDFCBANK.NS
2022-07-06,649.0661010742188,650.0837914761512,637.6349527152158,638.0609693695875,15049078,HDFCBANK.NS
2022-07-07,660.6865844726562,661.7279071370114,650.5807508251304,653.2078053283803,17743142,HDFCBANK.NS
2022-07-08,661.3018798828125,667.4079643038475,660.1895448317669,667.4079643038475,12474030,HDFCBANK.NS
2022-07-11,665.5856323242188,667.3606535366644,659.4795477972783,659.8345520397675,7462880,HDFCBANK.NS
2022-07-12,658.793212890625,665.1595990343833,657.6571877869562,665.1595990343833,9876974,HDFCBANK.NS
2022-07-13,642.723388671875,659.9292508118748,641.019379724398,657.9412500032589,15945610,HDFCBANK.NS
2022-07-14,639.504638671875,649.728748870004,638.6526054134325,644.6876772822643,10372410,HDFCBANK.NS
2022-07-15,644.7113647460938,646.0603692493304,637.4929454810771,640.4276239716492,13595646,HDFCBANK.NS
2022-07-18,637.8479614257812,646.6283647787831,635.2445970528642,638.0609408531288,20332220,HDFCBANK.NS
2022-07-19,638.084716796875,643.0547767232044,632.8542972859561,632.8542972859561,15792538,HDFCBANK.NS
2022-07-20,646.1314086914062,648.9950749004665,641.492663496681,643.6937013470418,20347862,HDFCBANK.NS
2022-07-21,644.0960693359375,648.237785747247,642.8417093809554,644.0014246445072,12640278,HDFCBANK.NS
2022-07-22,659.12451171875,661.2545370708034,644.8770203644754,646.581029089991,12729592,HDFCBANK.NS
2022-07-25,661.0652465820312,664.8519586435416,654.7698724481547,660.3079157258574,10143126,HDFCBANK.NS
2022-07-26,659.7162475585938,663.6212944051289,656.189895033676,660.7812603349215,8527964,HDFCBANK.NS
2022-07-27,664.7572631835938,665.5145939819267,655.219471350983,657.4205091247603,9212778,HDFCBANK.NS
2022-07-28,670.6503295898438,674.0347148899765,667.8813080826944,669.7983540849104,17420406,HDFCBANK.NS
2022-07-29,678.86279296875,680.9454961932345,669.9167317996424,680.6615043400415,20019736,HDFCBANK.NS
2022-08-01,684.5191650390625,685.6078100048894,676.8984191557296,681.1347798374608,13193036,HDFCBANK.NS
2022-08-02,676.9931030273438,683.7855061039321,673.5850853482716,682.5548362631915,15036510,HDFCBANK.NS
2022-08-03,678.5787353515625,679.5964256924633,670.7213200112976,674.4843417078575,10975498,HDFCBANK.NS
2022-08-04,677.774169921875,684.779552911016,668.8043606176687,681.6082045161496,12012206,HDFCBANK.NS
2022-08-05,675.4784545898438,680.1644645453026,672.6857428860559,678.2947985756512,9268982,HDFCBANK.NS
2022-08-08,692.0453491210938,693.2050066276399,675.502115421205,675.9281321026083,15357736,HDFCBANK.NS
2022-08-10,694.0569458007812,696.5182853005304,685.8918486744243,691.7138832613585,17353102,HDFCBANK.NS
2022-08-11,703.23974609375,705.748465966316,697.9620623413853,703.6184404151097,18301766,HDFCBANK.NS
2022-08-12,702.9794311523438,704.9437995689399,698.6246776607533,702.9084187458374,8850370,HDFCBANK.NS
2022-08-16,711.0262451171875,714.0319364423374,704.3521762597685,707.5472147556159,12563756,HDFCBANK.NS
2022-08-17,714.6945190429688,716.0435235450822,703.2633714143817,710.0084517055847,12384350,HDFCBANK.NS
2022-08-18,715.5465698242188,716.5879503313682,709.8428693302802,710.008526430319,8342138,HDFCBANK.NS
2022-08-19,706.71875,715.6885000865827,705.275043074741,714.7418221764153,8063702,HDFCBANK.NS
2022-08-22,695.9739990234375,704.494101169479,694.7196390958088,702.8137823590608,8234066,HDFCBANK.NS
2022-08-23,693.8203125,698.6246570090722,686.5308805205054,687.903575143371,14966884,HDFCBANK.NS
2022-08-24,697.1572875976562,698.4116474192263,690.6961991270781,691.9742490093071,13455520,HDFCBANK.NS
2022-08-25,693.3706665039062,703.7604928802608,689.654966674725,700.4944420172992,11823040,HDFCBANK.NS
2022-08-26,693.4888916015625,701.3936868205767,691.6428581204374,696.778632008081,7706176,HDFCBANK.NS
2022-08-29,681.3240966796875,684.4481221958239,676.2120129037309,680.1880716427379,8653178,HDFCBANK.NS
2022-08-30,703.4290771484375,705.251420744394,683.0755001251575,684.6611742208433,10135400,HDFCBANK.NS
2022-09-01,696.8259887695312,705.014718429371,690.6015696459982,693.3232687724303,22403136,HDFCBANK.NS
2022-09-02,703.1451416015625,705.5118367937589,693.5363360089872,696.8260769945268,12038086,HDFCBANK.NS
2022-09-05,707.6654663085938,709.5351321703702,702.482369800808,703.4290477623429,12131932,HDFCBANK.NS
2022-09-06,704.9674682617188,713.1562565405578,703.594773527377,709.48787908154,12238696,HDFCBANK.NS
2022-09-07,701.6304321289062,705.2751193650466,696.4237030597683,696.4237030597683,9776206,HDFCBANK.NS
2022-09-08,708.87255859375,710.0085838840938,701.5594932920025,705.3225156743296,11164690,HDFCBANK.NS
2022-09-09,709.345703125,714.268439512758,707.1920456795393,708.2096781461895,15128888,HDFCBANK.NS
2022-09-12,706.9554443359375,711.9018134782359,705.2750678740501,710.0084575913257,11080492,HDFCBANK.NS
2022-09-13,716.2091674804688,717.534539678244,709.3221202937293,709.4877773732925,13001966,HDFCBANK.NS
2022-09-14,723.5696411132812,728.4213656433966,706.3874130797399,707.1921240116534,20219760,HDFCBANK.NS
2022-09-15,719.8065795898438,729.3916941454547,715.6885534856144,724.2086553128241,13539372,HDFCBANK.NS
2022-09-16,706.5767822265625,716.9665500169183,701.9617270420313,711.4758292509372,20560046,HDFCBANK.NS
2022-09-19,711.2391967773438,716.6352731378123,700.5417465283766,704.8017976896979,12076038,HDFCBANK.NS
2022-09-20,719.8065795898438,721.3686213704209,714.694553161901,716.6352314664156,10781668,HDFCBANK.NS
2022-09-21,718.6942138671875,720.1852431794865,712.3751501709676,713.7951670816074,9072304,HDFCBANK.NS
2022-09-22,703.3817749023438,714.8129236481702,701.8434231066286,710.9551991274026,12048144,HDFCBANK.NS
2022-09-23,684.5191650390625,698.1749828076821,680.1881018946707,696.920622977358,15806252,HDFCBANK.NS
2022-09-26,675.2890625,679.9277498021432,671.1946687964193,674.6736987181858,8923486,HDFCBANK.NS
2022-09-27,669.2302856445312,681.6081111638067,665.9879252829694,678.0107465776804,12639700,HDFCBANK.NS
2022-09-28,657.7282104492188,667.6919614261478,656.0005115959231,665.5146136488581,11816132,HDFCBANK.NS
2022-09-29,654.3201293945312,663.7158966193714,652.6398106789119,660.9232428535685,14410388,HDFCBANK.NS
2022-09-30,672.7803344726562,677.561046520772,646.1076950288735,652.6397959370244,15781756,HDFCBANK.NS
2022-10-03,668.9226684570312,671.1237064183372,663.1952779695787,667.3843166684661,11541112,HDFCBANK.NS
2022-10-04,687.7615966796875,690.1282917818199,675.0524555373647,676.638129699665,11538526,HDFCBANK.NS
2022-10-06,680.1881103515625,692.3055766138067,678.8627381029233,691.051216767887,12549198,HDFCBANK.NS
2022-10-07,677.25341796875,679.2177284598232,672.3069910888432,676.9930584243101,13297994,HDFCBANK.NS
2022-10-10,669.774658203125,674.9813869948101,661.8225402090238,666.4612853356891,13109302,HDFCBANK.NS
2022-10-11,662.9822387695312,670.721319359864,662.4141973381068,663.195218193418,14521620,HDFCBANK.NS
2022-10-12,667.3133544921875,669.7036818066864,661.3966169107936,664.1892708246992,9225050,HDFCBANK.NS
2022-10-13,659.6452026367188,665.6329523957306,655.1011599044915,663.6449517568307,14714234,HDFCBANK.NS
2022-10-14,681.134765625,684.9214773171474,669.8929652889377,670.7213084715949,12849920,HDFCBANK.NS
2022-10-17,684.7085571289062,689.9389184377674,675.4547565184473,679.2414685381723,18410500,HDFCBANK.NS
2022-10-18,683.4304809570312,692.4476117206183,681.6081374235195,690.1519292027847,10561108,HDFCBANK.NS
2022-10-19,690.4359741210938,699.3110807594875,687.9509442623435,692.968326325787,12967040,HDFCBANK.NS
2022-10-20,685.7735595703125,687.7142378951055,682.7915007873737,683.5015092803935,7898078,HDFCBANK.NS
2022-10-21,680.9454345703125,689.9625651125049,678.768086852019,687.2881883606218,10492606,HDFCBANK.NS
2022-10-24,691.5719604492188,692.4949483754677,688.3769222390107,688.3769222390107,2167794,HDFCBANK.NS
2022-10-25,686.7675170898438,694.7669571686256,683.9748056352751,691.5955514291327,13773394,HDFCBANK.NS
2022-10-27,688.4241943359375,694.5539107499477,686.9331650572058,693.204906271337,15937276,HDFCBANK.NS
2022-10-28,690.4595336914062,694.3882702618566,685.1108379889911,686.3415077571179,10474278,HDFCBANK.NS
2022-10-31,708.446533203125,709.06189708054,694.506721289334,696.7550817774064,12830528,HDFCBANK.NS
2022-11-01,716.2802734375,723.7353630173054,709.487870043139,711.6652179833346,19073756,HDFCBANK.NS
2022-11-02,716.7298583984375,723.3802941610854,715.4991886100082,718.0552306509842,12720406,HDFCBANK.NS
2022-11-03,713.5822143554688,719.5935963898347,708.5884649206265,708.9197790999174,10332352,HDFCBANK.NS
2022-11-04,708.6594848632812,717.6292356675809,705.0857523541924,711.5231511022943,10818060,HDFCBANK.NS
2022-11-07,714.1739501953125,715.6886119761264,706.2691537412114,714.7419339179569,9835834,HDFCBANK.NS
2022-11-09,713.9608764648438,718.5049193556288,711.9018633497144,717.1322824659693,9269790,HDFCBANK.NS
2022-11-10,721.7236328125,722.7886455515248,707.6654877696277,708.6357980412447,12774182,HDFCBANK.NS
2022-11-11,762.6201171875,774.8559183927981,727.9953588809551,731.3087317757319,56722338,HDFCBANK.NS
2022-11-14,764.466064453125,770.5957805039723,756.3956125585673,763.0223575997563,19195390,HDFCBANK.NS
2022-11-15,766.3357543945312,768.3001225786612,759.8273438800626,768.3001225786612,11030202,HDFCBANK.NS
2022-11-16,772.915283203125,777.2226566503574,763.022486309608,766.170202291269,13578150,HDFCBANK.NS
2022-11-17,765.9334716796875,772.2762254819945,763.9217810419066,765.9097816187531,12100930,HDFCBANK.NS
2022-11-18,763.921875,768.2292486333745,759.8274808186842,767.2825705697473,10459232,HDFCBANK.NS
2022-11-21,756.0880737304688,763.0225019450933,752.7036881737774,760.9634887596205,8344816,HDFCBANK.NS
2022-11-22,754.9756469726562,759.4013547263689,753.0822911181793,757.3423417907524,8546314,HDFCBANK.NS
2022-11-23,756.9400634765625,759.7090850341104,754.5023561024125,759.7090850341104,10185738,HDFCBANK.NS
2022-11-24,769.2468872070312,772.4892478000642,756.9400732102165,760.1587437409996,17197960,HDFCBANK.NS
2022-11-25,765.6968383789062,772.3472166038309,764.0164618309748,771.400538611901,8410496,HDFCBANK.NS
2022-11-28,757.460693359375,760.8687108608916,754.5260148319932,758.7150531969597,16105980,HDFCBANK.NS
2022-11-29,756.3247680664062,763.1881840970266,753.9580728834337,756.0407762005783,12638236,HDFCBANK.NS
2022-11-30,761.3421020507812,763.448495298528,755.9697158820187,755.9697158820187,15184806,HDFCBANK.NS
2022-12-01,766.572509765625,774.8559422576894,764.4424842676656,767.7558572644913,20446366,HDFCBANK.NS
2022-12-02,760.7030639648438,766.1464622403034,759.7800760651729,762.075758564348,7811078,HDFCBANK.NS
2022-12-05,763.4721069335938,764.2531278294877,755.5436787874839,762.052089952201,11592622,HDFCBANK.NS
2022-12-06,762.6201171875,763.827096930786,757.342375948978,757.8157149339461,12353092,HDFCBANK.NS
2022-12-07,762.288818359375,766.1465430130813,759.4487841771094,764.0402074401583,11674720,HDFCBANK.NS
2022-12-08,766.572509765625,769.6492132626774,759.7090942722001,762.0757892699328,14803634,HDFCBANK.NS
2022-12-09,772.03955078125,773.8382042003839,766.8091320460886,769.6491658684815,11963384,HDFCBANK.NS
2022-12-12,778.051025390625,782.7134032490045,767.4719096965754,769.1759186371198,14434808,HDFCBANK.NS
2022-12-13,780.2047119140625,784.322738181516,778.6426700715715,781.0093651173817,17031702,HDFCBANK.NS
2022-12-14,786.8077392578125,788.3460909814328,781.0093366072435,782.4293535828931,14227640,HDFCBANK.NS
2022-12-15,772.3945922851562,790.1921268749417,770.146232067255,784.3464018645261,18182648,HDFCBANK.NS
2022-12-16,776.1102905273438,778.6899649239426,761.6024388526127,766.8328578314446,14647958,HDFCBANK.NS
2022-12-19,778.5243530273438,779.4237087213362,769.7438910954138,778.1693487623974,9604542,HDFCBANK.NS
2022-12-20,773.1519165039062,774.5719334714851,766.9038071781762,766.9038071781762,7174698,HDFCBANK.NS
2022-12-21,765.673095703125,778.5479501770524,760.442734825503,776.7492390037293,9269198,HDFCBANK.NS
2022-12-22,763.0460815429688,770.359145247349,761.6023746254898,767.850425686671,9747096,HDFCBANK.NS
2022-12-23,756.2301025390625,759.3068061921712,750.4553317833038,751.1890303820713,10693152,HDFCBANK.NS
2022-12-26,771.2821655273438,775.8025758263841,752.6089661769071,757.105686415071,9907322,HDFCBANK.NS
2022-12-27,772.063232421875,774.3589150189524,763.732477566371,772.9625880792587,7926772,HDFCBANK.NS
2022-12-28,771.4478759765625,772.9625375674409,768.2764702109968,768.2764702109968,8691870,HDFCBANK.NS
2022-12-29,776.8912353515625,777.9325579207365,762.5490421723799,766.8564150257931,11012896,HDFCBANK.NS
2022-12-30,770.6669311523438,778.6426820230166,766.8092066123324,778.6426820230166,7122640,HDFCBANK.NS
2023-01-02,770.9271850585938,776.1576039774972,766.1228405647803,770.1225318929031,4381378,HDFCBANK.NS
2023-01-03,775.9682006835938,777.6958994173672,767.8504260872918,767.8504260872918,8378030,HDFCBANK.NS
2023-01-04,762.0994873046875,778.9976666530196,760.6557802287117,773.9092723546631,10351600,HDFCBANK.NS
2023-01-05,757.2003784179688,765.8861953295342,752.3250213655542,764.4424882611195,10941436,HDFCBANK.NS
2023-01-06,754.691650390625,761.6497099996876,747.0235245599769,758.2890149353148,9092462,HDFCBANK.NS
2023-01-09,756.1590576171875,762.8094937244492,752.6090150931632,755.4490491123827,10729340,HDFCBANK.NS
2023-01-10,742.3375854492188,757.3424088115413,740.7755436187888,757.3424088115413,16371766,HDFCBANK.NS
2023-01-11,753.0350341796875,756.3957295571362,738.4088473774297,742.17186935277,15195798,HDFCBANK.NS
2023-01-12,757.0584106445312,759.1884361515325,749.8399908708047,751.5676897826115,9250070,HDFCBANK.NS
2023-01-13,757.6500854492188,762.0284712196939,750.7156575106625,756.750729788885,9244546,HDFCBANK.NS
2023-01-16,750.3843383789062,767.4245423463568,748.017643383427,764.4424835397972,14748094,HDFCBANK.NS
2023-01-17,761.5551147460938,762.5491150718101,746.6922588614403,752.5143515673539,10786354,HDFCBANK.NS
2023-01-18,774.9979858398438,777.0333089188046,757.200392801334,759.7091126719464,19090642,HDFCBANK.NS
2023-01-19,778.216552734375,781.0092640832843,772.9625019684869,774.8558577602039,11172162,HDFCBANK.NS
2023-01-20,786.1923217773438,790.0027235140965,777.8852577053577,778.2165718647993,18843404,HDFCBANK.NS
2023-01-23,791.9435424804688,796.4402633957444,786.4054987812821,788.7011815871622,15444400,HDFCBANK.NS
2023-01-24,802.5462646484375,805.8123152644733,792.842815267551,792.866505329516,24983940,HDFCBANK.NS
2023-01-25,780.3703002929688,801.3391818839766,778.784626308036,800.6055411527631,14704142,HDFCBANK.NS
2023-01-27,764.8211669921875,774.8559305182873,752.5853078147762,772.4892355564111,35179948,HDFCBANK.NS
2023-01-30,764.0401611328125,769.3179025577755,748.8223006723755,754.9757076943356,18512822,HDFCBANK.NS
2023-01-31,758.9990844726562,768.0871701361255,754.975702983403,766.6671531399184,18596244,HDFCBANK.NS
2023-02-01,770.3828735351562,788.1093950748863,760.18239548965,768.7024970580272,17302790,HDFCBANK.NS
2023-02-02,758.9281005859375,768.9392323415261,752.0173625008308,761.1764609144216,17497106,HDFCBANK.NS
2023-02-03,785.1748046875,785.9794579248195,760.65581986461,762.5491759812612,14411100,HDFCBANK.NS
2023-02-06,781.837646484375,790.1920908907817,779.2105920792565,785.7426930007946,11167672,HDFCBANK.NS
2023-02-07,782.9972534179688,788.06201475717,772.773143844212,785.4586505805794,10264588,HDFCBANK.NS
2023-02-08,782.902587890625,789.6239775643744,781.0092321762584,783.0209226227729,8444826,HDFCBANK.NS
2023-02-09,781.2697143554688,786.5237657315753,774.1696293119086,785.7427448206556,11777336,HDFCBANK.NS
2023-02-10,784.3699951171875,785.0326812308807,777.3172329126792,780.441316337142,8172116,HDFCBANK.NS
2023-02-13,784.961669921875,786.5710339771882,778.4296267994425,783.3759959273335,5736944,HDFCBANK.NS
2023-02-14,792.2275390625,794.0262505515665,784.7724490796761,788.1095124699602,10908592,HDFCBANK.NS
2023-02-15,790.6182250976562,794.2629126094105,784.204457965221,794.2629126094105,11438712,HDFCBANK.NS
2023-02-16,787.7544555664062,796.1089007357218,786.216103767944,791.9908166376073,8062500,HDFCBANK.NS
2023-02-17,783.8020629882812,789.6004657481362,777.6722882594793,786.2160803362563,8956270,HDFCBANK.NS
2023-02-20,776.4415893554688,790.2157422072587,773.8145926677021,785.7427119293137,8086706,HDFCBANK.NS
2023-02-21,779.3526611328125,786.8550727038969,773.4359236507838,776.2759576421577,12389296,HDFCBANK.NS
2023-02-22,764.0638427734375,777.199000918852,761.6261929817764,775.8026738859212,10359102,HDFCBANK.NS
2023-02-23,758.8807373046875,766.2648140080034,753.6029959990215,763.4957924668398,27882010,HDFCBANK.NS
2023-02-24,752.1119384765625,765.8151364213195,750.336917326773,765.8151364213195,17061740,HDFCBANK.NS
2023-02-27,753.981689453125,756.8690457387776,746.5976127581428,750.6683165199346,14312972,HDFCBANK.NS
2023-02-28,757.153076171875,759.8511432233867,751.993669356785,753.5557112171675,18993992,HDFCBANK.NS
2023-03-01,756.41943359375,763.4958287329239,755.3307307505042,763.0224897194503,14137256,HDFCBANK.NS
2023-03-02,749.9818725585938,760.1586599339753,748.8222152490013,754.5022826213072,17391814,HDFCBANK.NS
2023-03-03,764.8685302734375,766.8092086899194,751.662360123205,755.4490722648835,14986234,HDFCBANK.NS
2023-03-06,770.2645874023438,776.0156100994345,765.8862015978312,766.8091895470669,27004710,HDFCBANK.NS
2023-03-08,771.8029174804688,776.039278351897,766.8091679963849,766.8091679963849,20099774,HDFCBANK.NS
2023-03-09,771.8738403320312,779.0922596719008,770.1225092437928,771.5188361022016,20700166,HDFCBANK.NS
2023-03-10,751.969970703125,763.8507673644085,750.2422718962587,762.2887256418968,27387000,HDFCBANK.NS
2023-03-13,742.4559326171875,759.1411328403547,740.751865944351,751.6150309707979,26443550,HDFCBANK.NS
2023-03-14,740.4678344726562,749.5796099935142,738.0775072511518,743.2605460585534,33185612,HDFCBANK.NS
2023-03-15,729.8413696289062,749.2482674050162,727.3326499748621,746.9288948951588,37264754,HDFCBANK.NS
2023-03-16,734.57470703125,737.9827242614297,725.1789406988648,728.4686231949322,21753342,HDFCBANK.NS
2023-03-17,744.3966064453125,747.4969422958127,728.9420761958121,737.2255088798554,22950876,HDFCBANK.NS
2023-03-20,739.2371826171875,742.2428737084866,731.4981015299404,742.1718613024195,26503114,HDFCBANK.NS
2023-03-21,747.615234375,749.0589413869266,736.6101030086518,744.0651919987587,33050494,HDFCBANK.NS
2023-03-22,745.8875732421875,750.7392976925187,740.9175140491653,749.768929690198,14177324,HDFCBANK.NS
2023-03-23,739.8998413085938,752.7746385074203,737.722493547406,742.0771890697815,28364178,HDFCBANK.NS
2023-03-24,738.716552734375,744.9882947461084,736.018485653395,738.4088708154069,31477748,HDFCBANK.NS
2023-03-27,741.9351196289062,747.6151870715003,737.8881062444385,739.4500901227714,31872006,HDFCBANK.NS
2023-03-28,747.9703369140625,749.2483870058587,740.3495898343076,741.1069207513099,39276302,HDFCBANK.NS
2023-03-29,751.567626953125,758.2890171010677,748.7749155212824,749.7689157853254,39763612,HDFCBANK.NS
2023-03-31,761.8628540039062,763.4721604711577,753.7450781349003,755.2597399090109,34711228,HDFCBANK.NS
2023-04-03,762.3361206054688,764.7737701383646,758.6440534334533,760.916103659407,40025398,HDFCBANK.NS
2023-04-05,782.7843627929688,783.8493755314626,764.9158157360166,766.1464855665928,43365392,HDFCBANK.NS
2023-04-06,788.7484741210938,790.0974787885557,779.6366978740349,780.3230741298614,44637344,HDFCBANK.NS
2023-04-10,785.009033203125,790.9494607030667,782.902697787476,787.2810834915474,31813286,HDFCBANK.NS
2023-04-11,787.3047485351562,790.1921047569881,781.5299783108553,785.26936780893,42361542,HDFCBANK.NS
2023-04-12,797.5288696289062,799.0908536154229,789.4347845187364,789.5294292037479,26955504,HDFCBANK.NS
2023-04-13,801.1025390625,803.2799446098875,794.3338262706332,799.138228506588,35330086,HDFCBANK.NS
2023-04-17,788.8904418945312,814.1430655398879,782.571377912893,814.1430655398879,32405148,HDFCBANK.NS
2023-04-18,785.5534057617188,793.9078508052294,784.0387440490672,790.4761429987975,29637226,HDFCBANK.NS
2023-04-19,788.440673828125,790.618079244519,784.3936604333247,788.1093596720481,24741168,HDFCBANK.NS
2023-04-20,791.3754272460938,794.002423833816,788.7720629382435,791.2807247846998,32922716,HDFCBANK.NS
2023-04-21,792.6535034179688,793.7658385477291,787.2811171507625,790.0028164885751,20128618,HDFCBANK.NS
2023-04-24,799.0672607421875,800.6292448057368,792.4168245439707,798.5229093249309,35675852,HDFCBANK.NS
2023-04-25,787.7070922851562,798.8541908386393,786.6420795569525,798.8541908386393,50353068,HDFCBANK.NS
2023-04-26,791.328125,792.8427866144116,783.376007072747,785.7427019581631,27392750,HDFCBANK.NS
2023-04-27,795.682861328125,797.6945520840111,788.5117639010149,790.7128018135829,47790392,HDFCBANK.NS
2023-04-28,798.8068237304688,800.4161877634709,790.4760695239482,797.4341291793601,27916272,HDFCBANK.NS
2023-05-02,798.6412353515625,804.2029686544997,796.1562055779098,799.3275537958391,32221184,HDFCBANK.NS
2023-05-03,801.4339599609375,802.7829645894082,795.0438832970477,797.552545393005,29407270,HDFCBANK.NS
2023-05-04,817.8350830078125,820.9827408858079,798.5701525541848,798.5701525541848,56854638,HDFCBANK.NS
2023-05-05,769.4835815429688,786.1924141095578,767.8032049269116,775.8026458391606,62770416,HDFCBANK.NS
2023-05-08,778.3822631835938,781.174974723999,771.5425380292702,773.9092329312004,37244524,HDFCBANK.NS
2023-05-09,778.4059448242188,783.8493430397727,776.2522293745058,780.9619868467801,43688938,HDFCBANK.NS
2023-05-10,782.0033569335938,783.210394506021,773.0099158578086,778.4059920594077,46340550,HDFCBANK.NS
2023-05-11,782.5239868164062,798.9962066051175,780.6543209380866,788.1804223550088,35734618,HDFCBANK.NS
2023-05-12,789.434814453125,791.8015094745331,778.287657790037,779.5893400518114,22478760,HDFCBANK.NS
2023-05-15,793.2214965820312,795.5645014526352,788.1567347587811,791.4227853213184,18512260,HDFCBANK.NS
2023-05-16,788.6731567382812,800.4029520198595,787.0932017516233,800.4029520198595,32722086,HDFCBANK.NS
2023-05-17,784.43603515625,789.9658192684319,778.1641970070733,789.9658192684319,30466868,HDFCBANK.NS
2023-05-18,787.572021484375,791.8569644245696,785.1781855528116,789.0083230433131,49646942,HDFCBANK.NS
2023-05-19,788.4817504882812,789.9659171894996,781.1326853109591,789.0083827444214,30460332,HDFCBANK.NS
2023-05-22,785.6809692382812,791.3543491028732,781.6832161993159,787.5720763787239,28334032,HDFCBANK.NS
2023-05-23,783.837646484375,789.7743715289307,782.0422694614203,789.4871228939105,22470074,HDFCBANK.NS
2023-05-24,773.5921020507812,782.6647175463944,772.5387790945629,779.2176169192138,33588112,HDFCBANK.NS
2023-05-25,770.6236572265625,775.6268094273125,764.7587591498904,773.5441253964981,29776930,HDFCBANK.NS
2023-05-26,773.5921020507812,775.1241337865805,767.1047828039214,775.1241337865805,26635066,HDFCBANK.NS
2023-05-29,783.0237426757812,785.6569622323185,777.9248603912886,779.6723723310973,21816292,HDFCBANK.NS
2023-05-30,783.6221923828125,786.4469304713781,779.696324831423,782.1140640569184,37125928,HDFCBANK.NS
2023-05-31,771.2221069335938,782.7603843834687,768.2537737690359,780.3426451693598,43334270,HDFCBANK.NS
2023-06-01,767.942626953125,775.5550374999791,766.0275580579801,775.5550374999791,50366938,HDFCBANK.NS
2023-06-02,769.1394653320312,773.1132562550899,766.5062458740007,771.9881066411427,17859710,HDFCBANK.NS
2023-06-05,768.1340942382812,773.9271655706029,767.2004631482836,772.9696311869709,18697242,HDFCBANK.NS
2023-06-06,765.740234375,770.7433279959911,762.3170373717256,769.6900635841799,32182852,HDFCBANK.NS
2023-06-07,769.7140502929688,772.0361181070452,764.112497093835,767.6792895707576,24949026,HDFCBANK.NS
2023-06-08,770.1926879882812,778.4753830300483,767.5834304077028,767.5834304077028,37395522,HDFCBANK.NS
2023-06-09,771.1024169921875,774.8846894448892,769.3788668136775,773.639906451702,18212578,HDFCBANK.NS
2023-06-12,766.4105834960938,773.5920917430839,765.7642009992537,772.0360982895694,13408292,HDFCBANK.NS
2023-06-13,767.7031860351562,770.3364055694209,761.2876940266594,761.2876940266594,27926108,HDFCBANK.NS
2023-06-14,766.8653564453125,771.772720205927,766.1232439139638,771.0306076745784,20113968,HDFCBANK.NS
2023-06-15,757.4336547851562,768.8761438484094,755.9733914813049,767.9425712071014,35377476,HDFCBANK.NS
2023-06-16,767.3441162109375,770.4321412189463,758.3672313699111,759.8753597118556,15779272,HDFCBANK.NS
2023-06-19,768.014404296875,772.8499412572538,765.2375312003252,771.2939478800904,24829146,HDFCBANK.NS
2023-06-20,769.6182861328125,771.2939713592292,761.5510703742875,768.0144276761805,20005626,HDFCBANK.NS
2023-06-21,783.0715942382812,783.8615717803077,771.2939332038942,773.6877691232111,24308946,HDFCBANK.NS
2023-06-22,786.9017944335938,793.5806322468177,784.7234386393332,785.1782441229523,56596140,HDFCBANK.NS
2023-06-23,786.8538818359375,794.7056754911911,782.3295552385844,784.0052404143834,21339218,HDFCBANK.NS
2023-06-26,783.0476684570312,790.3249060654587,779.7680665871447,787.571994837304,16130314,HDFCBANK.NS
2023-06-27,794.083251953125,800.9296461673263,784.4840048316838,786.5905337191974,33831864,HDFCBANK.NS
2023-06-28,802.4856567382812,804.2810337444777,794.9929383437692,799.5412267594668,59562950,HDFCBANK.NS
2023-06-30,814.574462890625,818.1173515857972,805.8848271927366,815.8192458258862,40699016,HDFCBANK.NS
2023-07-03,823.3838500976562,841.4333500761821,818.6919081822313,819.8888261766497,44104116,HDFCBANK.NS
2023-07-04,827.4053955078125,836.406241634242,820.5111950503219,825.1312514621555,38795188,HDFCBANK.NS
2023-07-05,801.1212158203125,823.4796217067899,798.8470715161803,821.6842446245804,37165754,HDFCBANK.NS
2023-07-06,801.93505859375,808.0872054143094,794.9450691746598,800.977524195429,52156544,HDFCBANK.NS
2023-07-07,794.945068359375,801.9350577712964,792.9821345334826,797.1473857846021,19926336,HDFCBANK.NS
2023-07-10,793.0538940429688,802.772891445225,789.8222154878739,795.2323081500037,38398442,HDFCBANK.NS
2023-07-11,789.1998291015625,802.4137915457645,787.8113925946035,796.1898182223189,50670426,HDFCBANK.NS
2023-07-12,781.8029174804688,797.7698512050471,779.0261026386073,792.5273150200137,70958358,HDFCBANK.NS
2023-07-13,785.7047729492188,793.532604310247,784.2445681802172,793.1735289409957,41913546,HDFCBANK.NS
2023-07-14,787.3326416015625,791.6894113288874,782.7843533101579,791.6894113288874,24727214,HDFCBANK.NS
2023-07-17,803.80224609375,805.2864126924621,781.8268204083179,789.9658626293475,49252928,HDFCBANK.NS
2023-07-18,803.1318969726562,815.8192264926416,799.5411433349245,812.9466235824563,81076818,HDFCBANK.NS
2023-07-19,806.7705688476562,808.518080755261,801.935031985233,804.8555001145571,32935134,HDFCBANK.NS
2023-07-20,808.5181274414062,810.0741208768967,804.3289143458549,804.8795083270657,56210948,HDFCBANK.NS
2023-07-21,802.2941284179688,809.0208308967337,801.0972104283851,804.3288890002611,42154248,HDFCBANK.NS
2023-07-24,803.5628662109375,806.555161158962,799.5890751426567,803.6107312414538,32179444,HDFCBANK.NS
2023-07-25,812.2764282226562,813.4254812031791,803.5628884699448,806.555183500857,55992596,HDFCBANK.NS
2023-07-26,809.45166015625,813.7126998116902,808.1590121278992,813.7126998116902,24794358,HDFCBANK.NS
2023-07-27,801.0493774414062,815.3405671200665,798.3203692500316,813.8564004422645,59741302,HDFCBANK.NS
2023-07-28,786.8538818359375,799.0145802289601,785.7048288838802,795.4716913114755,41015684,HDFCBANK.NS
2023-07-31,790.5404052734375,793.2215484430462,784.5558150613891,789.98986972854,34565006,HDFCBANK.NS
2023-08-01,795.8307495117188,798.3203154846697,789.9658515231379,792.0963421090329,35394188,HDFCBANK.NS
2023-08-02,785.4175415039062,790.6839803679983,781.8986144970055,786.1356922581007,28116322,HDFCBANK.NS
2023-08-03,779.7442626953125,790.6122554650307,777.039216150682,785.1782590801716,57673946,HDFCBANK.NS
2023-08-04,791.0191040039062,793.0778262359121,780.0314207032054,782.856158727379,37388304,HDFCBANK.NS
2023-08-07,790.5642700195312,796.2376491558498,788.7928549114002,796.2376491558498,28300918,HDFCBANK.NS
2023-08-08,789.9180297851562,792.6469794990385,786.1597188833139,790.779775695363,43773828,HDFCBANK.NS
2023-08-09,790.2052612304688,792.1203300247262,780.917165889668,791.4021792268796,33361236,HDFCBANK.NS
2023-08-10,783.1912231445312,792.0005503088863,780.8692141779015,788.5534502391737,50781118,HDFCBANK.NS
2023-08-11,775.0283813476562,784.4122069559019,773.7835398495799,784.4122069559019,28225822,HDFCBANK.NS
2023-08-14,771.24609375,773.2090275802822,766.1472113841155,771.2939587813216,31304410,HDFCBANK.NS
2023-08-16,768.9957885742188,770.6475703412267,757.0745330516527,757.936278873205,34137542,HDFCBANK.NS
2023-08-17,764.73486328125,770.7673182443161,763.1549081618289,764.8784583736676,52884040,HDFCBANK.NS
2023-08-18,761.598876953125,764.2560581283789,759.085349306415,760.0668453838622,25633366,HDFCBANK.NS
2023-08-21,761.00048828125,766.2669276465182,759.803570243689,766.2669276465182,21837270,HDFCBANK.NS
2023-08-22,757.7448120117188,765.069973432526,756.4521639695814,764.2799958764373,32273570,HDFCBANK.NS
2023-08-23,759.6119995117188,761.5031649471699,753.2204693186583,756.4521477981758,36498588,HDFCBANK.NS
2023-08-24,756.1170654296875,764.2081843881693,754.6089370548672,762.8198062571005,43145792,HDFCBANK.NS
2023-08-25,747.5949096679688,755.2551841186172,746.1107431818068,753.8428443940812,30069756,HDFCBANK.NS
2023-08-28,755.3749389648438,757.7209098998453,747.5949720764402,747.5949720764402,28867238,HDFCBANK.NS
2023-08-29,761.383544921875,762.5086362173317,757.1464082058284,761.0962378308944,35538932,HDFCBANK.NS
2023-08-30,755.8297119140625,767.918583020737,753.4358760513546,767.918583020737,28084204,HDFCBANK.NS
2023-08-31,752.3587036132812,757.9603149977916,748.3610091258726,755.9734194012763,100075772,HDFCBANK.NS
2023-09-01,753.9146728515625,755.9733951516992,746.5656081528945,752.1432576208482,43226776,HDFCBANK.NS
2023-09-04,758.6305541992188,761.9340009681175,754.010439249432,761.2398119383075,25073638,HDFCBANK.NS
2023-09-05,754.010498046875,760.4738554447009,751.9517756465584,760.4738554447009,38712082,HDFCBANK.NS
2023-09-06,763.873046875,766.0274992165465,754.010454511239,754.9201238552107,56320910,HDFCBANK.NS
2023-09-07,771.2221069335938,772.7302352523851,759.8753480460392,763.8730423452171,34208342,HDFCBANK.NS
2023-09-08,777.2306518554688,781.7789400663747,769.6661070326583,770.0012791246807,34502210,HDFCBANK.NS
2023-09-11,781.2523803710938,783.5025629490954,777.5179726424265,779.8639437312936,31573022,HDFCBANK.NS
2023-09-12,783.694091796875,786.5666951817179,778.0207118004635,785.1782585237241,39033340,HDFCBANK.NS
2023-09-13,787.04541015625,790.7318942113928,779.7202486339522,781.0129551372609,46420094,HDFCBANK.NS
2023-09-14,786.566650390625,789.965885847133,782.8322428256791,787.2129744267565,23538848,HDFCBANK.NS
2023-09-15,795.5913696289062,799.5411989049336,789.9658552054733,789.9658552054733,173411202,HDFCBANK.NS
2023-09-18,779.9357299804688,792.3597154342939,778.5233316755201,791.7612564347212,37056288,HDFCBANK.NS
2023-09-20,748.648193359375,765.5486976798287,747.0682967790859,765.5486976798287,115474648,HDFCBANK.NS
2023-09-21,743.6929931640625,751.161749541656,735.8891231351594,743.5254363384076,72841442,HDFCBANK.NS
2023-09-22,732.3462524414062,748.9834124885792,729.5215142987016,746.3980579436757,61704250,HDFCBANK.NS
2023-09-25,732.9925537109375,737.636571986799,730.1199506265053,730.1199506265053,40208754,HDFCBANK.NS
2023-09-26,736.1763916015625,737.3014828250133,730.1199748754191,730.1199748754191,27575308,HDFCBANK.NS
2023-09-27,731.0056762695312,733.7107225961398,725.3322967263633,729.1624342668326,39338538,HDFCBANK.NS
2023-09-28,729.4974975585938,736.1523727643475,726.9361049439,734.4288226787853,55354188,HDFCBANK.NS
2023-09-29,730.7423706054688,735.1230435502242,728.8273018844358,729.4975291821899,32053782,HDFCBANK.NS
2023-10-03,722.0048828125,731.0774976675469,721.0233866976592,731.0774976675469,38971694,HDFCBANK.NS
2023-10-04,732.29833984375,734.9075975129915,713.0039997369529,715.7569109328484,54649430,HDFCBANK.NS
2023-10-05,735.2667236328125,742.8312687313597,733.7585952718871,734.9316099718342,48512674,HDFCBANK.NS
2023-10-06,734.4528198242188,739.6952970962377,732.4419625913994,739.2165299136511,17759356,HDFCBANK.NS
2023-10-09,725.9307250976562,732.513773717668,723.8959646151071,731.556239372939,16454972,HDFCBANK.NS
2023-10-10,730.0481567382812,732.035052316478,725.4280415474352,727.989492834349,33266292,HDFCBANK.NS
2023-10-11,737.1099853515625,738.330865115236,731.7956810054357,732.5616968533279,31333360,HDFCBANK.NS
2023-10-12,742.017333984375,743.046695154072,733.2798325755078,735.4342849776942,22025336,HDFCBANK.NS
2023-10-13,735.2667236328125,741.5146589381054,732.4898505097352,737.3014842223872,39745300,HDFCBANK.NS
2023-10-16,732.3223266601562,734.6443359841811,727.965556654919,733.2319960651158,17856084,HDFCBANK.NS
2023-10-17,737.8759765625,744.8420626176685,734.9076433348039,744.8420626176685,32902558,HDFCBANK.NS
2023-10-18,727.6064453125,737.8759782779842,726.8164677513256,737.8759782779842,31216200,HDFCBANK.NS
2023-10-19,725.308349609375,730.7184423716426,719.682834983418,720.7361578942352,30252364,HDFCBANK.NS
2023-10-20,729.066650390625,731.0774490736428,720.5445716148215,720.5445716148215,21094010,HDFCBANK.NS
2023-10-23,721.0473022460938,731.9152933638753,718.1986025878159,729.4017657824131,22376136,HDFCBANK.NS
2023-10-25,716.47509765625,729.066698092264,714.0572999767982,728.2048937755804,28311996,HDFCBANK.NS
2023-10-26,700.6279296875,714.3206598703572,699.1198013241884,713.9615844716288,55561798,HDFCBANK.NS
2023-10-27,703.3807983398438,707.6178760987387,702.3035722091115,703.5483551604171,31940532,HDFCBANK.NS
2023-10-30,711.0171508789062,713.3391600901615,699.9097753123232,700.5560993380782,23310982,HDFCBANK.NS
2023-10-31,706.8997192382812,720.0658162779376,705.7028013255851,720.0658162779376,32634824,HDFCBANK.NS
2023-11-01,705.9421997070312,707.354539496317,700.0773018118728,700.0773018118728,33877466,HDFCBANK.NS
2023-11-02,707.01953125,713.6025808891993,702.4233773723762,710.9693610335196,45225154,HDFCBANK.NS
2023-11-03,710.3707885742188,714.0333691138175,709.3653892057476,712.4055490469672,18095340,HDFCBANK.NS
2023-11-06,715.517578125,717.193263319672,710.0117553425058,717.193263319672,25593730,HDFCBANK.NS
2023-11-07,712.0465087890625,715.2781873463503,707.234875115352,715.2781873463503,41952848,HDFCBANK.NS
2023-11-08,714.1052856445312,715.0148966273784,709.0542679881736,710.466607940081,31399546,HDFCBANK.NS
2023-11-09,711.280517578125,714.607926311971,710.2511563874616,711.4480744130556,22116740,HDFCBANK.NS
2023-11-10,714.081298828125,716.2357512885518,708.5994376116778,708.6233409063911,14015186,HDFCBANK.NS
2023-11-13,712.7886352539062,716.2117740009877,711.4001986764561,714.3685319579603,20605914,HDFCBANK.NS
2023-11-15,720.2573852539062,723.3932753387419,718.4141432279705,720.1137317170233,41245460,HDFCBANK.NS
2023-11-16,722.1484985351562,727.2473809327844,719.9461810912933,722.7948225701767,29713838,HDFCBANK.NS
2023-11-17,720.5924682617188,721.7415211781168,712.8843283809061,713.3630955591337,23701874,HDFCBANK.NS
2023-11-20,720.640380859375,724.3747884733571,718.8929272981045,724.3747884733571,19331452,HDFCBANK.NS
2023-11-21,726.74462890625,728.6836593929769,723.9438525479579,727.2473578304415,24959972,HDFCBANK.NS
2023-11-22,724.1593627929688,727.7261551101178,719.8504579271851,727.7261551101178,29123650,HDFCBANK.NS
2023-11-23,728.3485717773438,729.5693930831869,722.220328180805,722.220328180805,13046220,HDFCBANK.NS
2023-11-24,733.5192260742188,734.0219550188177,727.654327789123,728.3006518298484,16469192,HDFCBANK.NS
2023-11-28,731.867431640625,735.9848175325754,730.5029569217514,735.0033214761758,28489338,HDFCBANK.NS
2023-11-29,746.4699096679688,748.3131517440087,733.9501353957551,734.3810375748553,34042488,HDFCBANK.NS
2023-11-30,746.3023071289062,752.8374324125391,738.3308218551477,751.2575357769422,69491440,HDFCBANK.NS
2023-12-01,744.674560546875,749.6297896841719,743.0946053120196,745.871478620776,22153536,HDFCBANK.NS
2023-12-04,770.5279541015625,771.7727371502491,753.4120264631497,760.2823241901957,50662456,HDFCBANK.NS
2023-12-05,777.374267578125,784.6994290053266,773.9271671672425,783.5025110233172,52230820,HDFCBANK.NS
2023-12-06,779.3372802734375,784.4361042559843,773.9990142449448,784.4361042559843,38613060,HDFCBANK.NS
2023-12-07,780.60595703125,782.3056039667443,773.7835244385168,777.996699171334,20450386,HDFCBANK.NS
2023-12-08,791.4978637695312,792.3596680546885,780.6059106285983,780.6059106285983,33728038,HDFCBANK.NS
2023-12-11,790.4446411132812,796.5249611291558,788.5295723280279,789.9898356540881,23187620,HDFCBANK.NS
2023-12-12,782.5928344726562,792.9581557902037,781.2762247045517,791.9766596766761,36581476,HDFCBANK.NS
2023-12-13,780.8214721679688,783.2631733056354,773.256926701281,781.563526294323,29346914,HDFCBANK.NS
2023-12-14,790.0376586914062,794.2507747290626,787.5719960728002,788.0507632436652,35172366,HDFCBANK.NS
2023-12-15,793.101806640625,798.5836675519721,788.3380380661904,789.9658581899005,138837130,HDFCBANK.NS
2023-12-18,792.69482421875,797.0037289891579,790.4206800343679,795.0886602023099,18014754,HDFCBANK.NS
2023-12-19,791.3543090820312,794.1072204559873,787.1172310907685,789.9658725265142,24008446,HDFCBANK.NS
2023-12-20,793.3171997070312,799.038444004139,787.308648353673,793.795966876438,34232520,HDFCBANK.NS
2023-12-21,807.53662109375,808.9968844459388,790.0855798531799,793.3172584861196,36589240,HDFCBANK.NS
2023-12-22,799.9481811523438,807.1536510402615,798.1528041148157,806.0524630799391,48578850,HDFCBANK.NS
2023-12-26,805.5018310546875,807.1775162105685,798.8470139045111,801.0971963079616,18045856,HDFCBANK.NS
2023-12-27,815.4841918945312,817.0162235511344,803.6586070355986,805.0470435987298,27009078,HDFCBANK.NS
2023-12-28,816.417724609375,824.1498261689791,814.8617312916912,818.3567550440999,44076470,HDFCBANK.NS
2023-12-29,818.3328247070312,821.0378710363707,811.9891593992248,812.4679265922668,25011426,HDFCBANK.NS
2024-01-01,812.9945678710938,818.2849687904367,810.0740996496615,816.7768404269046,14239686,HDFCBANK.NS
2024-01-02,813.4733276367188,815.2448013204753,808.4941371304667,813.3297325444754,29242092,HDFCBANK.NS
2024-01-03,800.9296875,816.1544499059772,799.0385219304522,814.8618017998165,28389762,HDFCBANK.NS
2024-01-04,809.5234985351562,811.4864323425077,799.8763278844378,803.3713517790169,26734056,HDFCBANK.NS
2024-01-05,805.3822021484375,816.2502532169135,798.6315959676855,807.7521349770598,31889470,HDFCBANK.NS
2024-01-08,796.4052734375,805.4539851831421,794.7535499790049,803.6107431564817,17998470,HDFCBANK.NS
2024-01-09,790.2052612304688,803.2756291285802,788.4098842358525,798.1767467752176,25326888,HDFCBANK.NS
2024-01-10,792.8145751953125,794.7296441251053,785.8485470291504,786.6145629124144,16115824,HDFCBANK.NS
2024-01-11,789.4871215820312,796.1419974247106,786.6145183500772,794.7535608406137,18314010,HDFCBANK.NS
2024-01-12,785.752685546875,792.8384633063858,782.1140666068262,790.9233945544381,19773552,HDFCBANK.NS
2024-01-15,800.8818359375,804.7598387644721,786.901797926325,788.8647318566922,28320356,HDFCBANK.NS
2024-01-16,803.9219970703125,806.076449581534,793.8439236127375,800.977566949657,25322500,HDFCBANK.NS
2024-01-17,736.1044921875,764.4954075236436,731.7477228166999,751.6644245426829,170145236,HDFCBANK.NS
2024-01-18,711.5198974609375,725.3323197153799,708.5994291824192,715.2782083529884,161070930,HDFCBANK.NS
2024-01-19,704.0989990234375,723.0581685801238,703.0217728163159,720.999446229209,109600538,HDFCBANK.NS
2024-01-23,683.3683471679688,706.0379622645205,682.243255943311,701.3939438294391,115469402,HDFCBANK.NS
2024-01-24,697.0371704101562,698.2579916906107,660.8184204446432,660.8184204446432,86004404,HDFCBANK.NS
2024-01-25,686.9830932617188,697.7313939357863,679.5622013776972,695.4093846155678,98941852,HDFCBANK.NS
2024-01-29,696.438720703125,700.3406850803747,692.2016426624417,693.2788688648152,65645498,HDFCBANK.NS
2024-01-30,691.4835205078125,700.53217422801,689.8557002681358,696.3908845219285,41728768,HDFCBANK.NS
2024-01-31,700.220947265625,706.1576134139724,687.8926926486038,689.1853406292018,65761040,HDFCBANK.NS
2024-02-01,702.040283203125,705.5113454583611,697.1090160306093,701.4179208991782,32690740,HDFCBANK.NS
2024-02-02,692.369140625,708.982337711751,690.4062069562272,706.1815615123702,44867754,HDFCBANK.NS
2024-02-05,691.7467041015625,695.1220358820352,686.576053954148,692.2972980120073,38605046,HDFCBANK.NS
2024-02-06,691.3876953125,694.0687799185687,685.8818725644124,692.0819428119112,41075740,HDFCBANK.NS
2024-02-07,684.6130981445312,696.0317420167268,683.0332015338389,695.6487048996299,54837086,HDFCBANK.NS
2024-02-08,671.7343139648438,688.9220089386799,670.5134342809237,684.5652392978377,69106124,HDFCBANK.NS
2024-02-09,671.99755859375,677.072478684091,664.0500356096397,666.5156981154427,56642124,HDFCBANK.NS
2024-02-12,665.4864501953125,676.809306881893,662.3026364247897,670.1065656569043,34447812,HDFCBANK.NS
2024-02-13,667.6168823242188,672.3566891768745,662.7813454112104,666.4199643535106,57580994,HDFCBANK.NS
2024-02-14,662.6378173828125,666.2046099191948,652.8230890297091,658.7837177497752,91320810,HDFCBANK.NS
2024-02-15,677.0007934570312,677.6949825309235,662.7813723217212,663.0925826953933,41584944,HDFCBANK.NS
2024-02-16,679.8015747070312,683.5359238875297,674.31965507416,681.7166435513678,32175742,HDFCBANK.NS
2024-02-19,678.4609985351562,684.1583399970523,677.5513291516161,684.1583399970523,34451756,HDFCBANK.NS
2024-02-20,696.2711181640625,697.6834579371554,675.9235134549672,677.4555450204665,56133508,HDFCBANK.NS
2024-02-21,689.0177612304688,700.9151133163471,687.0308658531135,700.9151133163471,45893136,HDFCBANK.NS
2024-02-22,679.634033203125,684.0626300055545,676.1150473676641,678.7722288264276,50560882,HDFCBANK.NS
2024-02-23,680.1366577148438,686.5042847124961,678.8918747107963,681.0702888003248,29833452,HDFCBANK.NS
2024-02-26,680.9506225585938,686.9591159463556,676.7614094932516,676.7614094932516,23506870,HDFCBANK.NS
2024-02-27,679.9213256835938,683.0572161231547,676.5220898777122,676.7614735040879,32087150,HDFCBANK.NS
2024-02-28,674.7745361328125,681.8602559709077,672.1891814386264,679.9212837827165,25321986,HDFCBANK.NS
2024-02-29,671.90185546875,675.253225645792,668.9813874316935,671.2794347728534,53295700,HDFCBANK.NS
2024-03-01,684.9961547851562,685.9536891619308,670.2740637422462,670.2740637422462,34738898,HDFCBANK.NS
2024-03-04,685.9296875,687.9884096675396,681.9080901062357,685.0918449690896,35616474,HDFCBANK.NS
2024-03-05,689.8317260742188,690.8610872691976,680.6394189764245,680.8069758120575,37991672,HDFCBANK.NS
2024-03-06,690.6695556640625,695.576919496979,686.3367475409569,686.3367475409569,42409530,HDFCBANK.NS
2024-03-07,692.3452758789062,694.7152087205789,690.0950932873528,692.0580272311091,49348046,HDFCBANK.NS
2024-03-11,683.5838012695312,692.2733788101641,681.2856954339823,684.6370656855901,50531094,HDFCBANK.NS
2024-03-12,698.78466796875,700.9151585638567,684.2779988916614,686.5521430195154,65418454,HDFCBANK.NS
2024-03-13,699.191650390625,704.553819805337,694.260324713518,701.6333514911945,63067454,HDFCBANK.NS
2024-03-14,696.8217163085938,701.8727337796063,691.4835086418929,700.0055299615263,52432158,HDFCBANK.NS
2024-03-15,695.481201171875,698.665014815619,690.5020104857863,694.2124563732988,143613804,HDFCBANK.NS
2024-03-18,692.3212890625,697.0849990233024,687.4139255734966,692.7760944963727,21437856,HDFCBANK.NS
2024-03-19,693.9012451171875,695.361508487081,687.2703309378574,687.2703309378574,36183594,HDFCBANK.NS
2024-03-20,685.1398315429688,695.002424269405,682.0757097447741,693.757641226056,43606094,HDFCBANK.NS
2024-03-21,692.1776733398438,694.8108929167894,688.6108811083764,690.6695449843953,28922860,HDFCBANK.NS
2024-03-22,690.7892456054688,694.5715181893103,688.3475445643155,689.9035379705642,45980326,HDFCBANK.NS
2024-03-26,682.434814453125,688.4433080631126,680.8788209713061,683.2965603924812,56844290,HDFCBANK.NS
2024-03-27,689.7598876953125,693.2309499256703,680.4478889511747,681.5490768981103,62168668,HDFCBANK.NS
2024-03-28,693.20703125,699.2394862002545,689.7598723903825,689.7598723903825,55592142,HDFCBANK.NS
2024-04-01,704.0271606445312,705.6071157662267,696.8935177463561,698.0425707036562,25199570,HDFCBANK.NS
2024-04-02,708.6472778320312,715.685132245699,700.5561005197442,701.4657698820595,41225446,HDFCBANK.NS
2024-04-03,709.6766967773438,716.0682276845824,704.4581222201347,704.7932359077813,45584386,HDFCBANK.NS
2024-04-04,731.3648071289062,732.5138601668406,720.065912216293,720.065912216293,88935066,HDFCBANK.NS
2024-04-05,741.873779296875,744.2436536910523,732.5856834129139,736.8227616793371,59055902,HDFCBANK.NS
2024-04-08,740.4613037109375,745.5601858308615,738.0435645348342,744.4589979472738,20482940,HDFCBANK.NS
2024-04-09,741.39501953125,744.4112180229864,737.4451898723626,744.4112180229864,21884494,HDFCBANK.NS
2024-04-10,735.5540161132812,742.041335404094,733.9261958559255,742.041335404094,27807400,HDFCBANK.NS
2024-04-12,727.2233276367188,732.4419011780001,724.5901083532815,728.2048236560291,41084208,HDFCBANK.NS
2024-04-15,715.6133422851562,722.9385041482021,714.3446559033487,716.9778756204448,23415248,HDFCBANK.NS
2024-04-16,722.5794067382812,724.3269187314523,709.6526921569106,711.9268363888184,20744886,HDFCBANK.NS
2024-04-18,715.6133422851562,727.1755823679675,713.8658886820585,722.8427740812498,34234884,HDFCBANK.NS
2024-04-19,733.13623046875,734.8836839791993,708.6951417404246,711.7113984519393,34576434,HDFCBANK.NS
2024-04-22,723.9917602539062,745.6320734709891,722.124614867159,745.6320734709891,42298438,HDFCBANK.NS
2024-04-23,721.7894287109375,730.838140600938,719.7068030516607,730.7424105369589,26827060,HDFCBANK.NS
2024-04-24,723.7523193359375,728.5639528503503,722.4836330693169,725.332274400053,22441580,HDFCBANK.NS
2024-04-25,723.2975463867188,727.5824894434112,721.1430939897369,721.1430939897369,35445204,HDFCBANK.NS
2024-04-26,722.8427734375,731.5563134799157,720.8080127488288,727.6304456461381,24854694,HDFCBANK.NS
2024-04-29,732.2744750976562,734.6443494985349,721.286790594288,725.332350292873,36093350,HDFCBANK.NS
2024-04-30,727.7740478515625,737.0621437156515,725.2844816560712,732.1308179153048,52307382,HDFCBANK.NS
2024-05-02,733.5910034179688,735.8651474977438,727.893662350512,728.6836398774014,33475006,HDFCBANK.NS
2024-05-03,727.5346069335938,737.5887178779653,721.5978821158841,734.0697907360874,31865242,HDFCBANK.NS
2024-05-06,728.994873046875,734.6682525558684,726.361653503664,728.6836626849343,28793396,HDFCBANK.NS
2024-05-07,721.09521484375,729.6651592326485,720.1376804638342,728.6597013791286,28480602,HDFCBANK.NS
2024-05-08,709.84423828125,716.6905745370962,708.7430502857517,716.211807311795,41687862,HDFCBANK.NS
2024-05-09,693.0155029296875,711.8071150125822,691.9622384959757,706.1576388307392,46281278,HDFCBANK.NS
2024-05-10,697.820068359375,704.6385680353703,692.4331947307146,698.353892008822,27276608,HDFCBANK.NS
2024-05-13,706.2400512695312,708.4482125597933,694.1317160729689,694.956710818051,27047202,HDFCBANK.NS
2024-05-14,709.0062866210938,711.2144479759614,703.8378359787137,704.7841569928967,25665142,HDFCBANK.NS
2024-05-15,698.1111450195312,708.3995858863757,696.8008453990276,708.3995858863757,38931996,HDFCBANK.NS
2024-05-16,708.6665649414062,709.782790041372,696.655267230535,701.7752582341244,34945236,HDFCBANK.NS
2024-05-17,710.5349731445312,712.4276743183018,701.848002597153,701.848002597153,20920190,HDFCBANK.NS
2024-05-21,707.9629516601562,713.2527287219871,703.7407626513565,703.7407626513565,43769978,HDFCBANK.NS
2024-05-22,708.1570434570312,711.2630073542172,702.7944586673697,707.5018935449791,39996278,HDFCBANK.NS
2024-05-23,724.3661499023438,725.8463536828482,707.1135946322969,707.8900706969359,40861920,HDFCBANK.NS
2024-05-24,736.3046875,737.6150464828621,721.1631959122375,721.8911533778286,31060206,HDFCBANK.NS
2024-05-27,741.400390625,749.7961904344879,737.2025499615863,739.2893258205864,29385440,HDFCBANK.NS
2024-05-28,742.75927734375,745.4527436990592,739.9930626339711,742.5651435020584,27908904,HDFCBANK.NS
2024-05-29,731.9855346679688,739.5319916615282,728.5641108173895,736.6929693394153,35147706,HDFCBANK.NS
2024-05-30,735.1642456054688,739.4106642295702,726.8170235494816,727.569210732381,33755350,HDFCBANK.NS
2024-05-31,743.2688598632812,745.4284433104547,734.751733835956,737.1782587165238,74079588,HDFCBANK.NS
2024-06-03,762.9964599609375,776.0026570209221,752.2227131847588,776.0026570209221,72637256,HDFCBANK.NS
2024-06-04,719.7800903320312,756.5904610836327,705.6334383679294,755.6198511271432,89531240,HDFCBANK.NS
2024-06-05,753.0962524414062,756.8815955434779,719.3917877908412,725.06989130594,81631650,HDFCBANK.NS
2024-06-06,756.93017578125,759.7206794979887,750.5726922052945,759.4537972959696,46422870,HDFCBANK.NS
2024-06-07,763.5545654296875,768.8929201187634,753.2176050765474,757.585349822155,36712216,HDFCBANK.NS
2024-06-10,757.7066650390625,767.0973042572016,755.9110011249785,763.8700143938665,22454058,HDFCBANK.NS
2024-06-11,759.4052734375,762.4141406844706,753.2903831592504,755.1345658211561,29545326,HDFCBANK.NS
2024-06-12,763.94287109375,770.8099486335476,760.1817573757736,764.3553684919713,39280436,HDFCBANK.NS
2024-06-13,767.1458129882812,769.5480488358222,763.8700045190919,767.6311179466796,24120192,HDFCBANK.NS
2024-06-14,774.9835205078125,776.0026490992642,765.6656295141681,768.7230745298527,25540554,HDFCBANK.NS
2024-06-18,780.2733764648438,781.5836762242601,771.3679826211641,774.983540294414,32415714,HDFCBANK.NS
2024-06-19,804.5628051757812,810.4107535609992,778.4291452824868,782.9910236928816,90131196,HDFCBANK.NS
2024-06-20,810.143798828125,816.0159768197282,801.7237698729426,810.3622215983705,41408742,HDFCBANK.NS
2024-06-21,808.396728515625,811.8423818466847,797.4288483846301,811.8423818466847,51630776,HDFCBANK.NS
2024-06-24,811.6240844726562,812.9343842609869,798.6906945237919,799.2973257667842,28544994,HDFCBANK.NS
2024-06-25,830.5266723632812,833.2443684249017,810.9931467609703,810.9931467609703,74521548,HDFCBANK.NS
2024-06-26,825.7463989257812,830.3082774504516,820.699215435536,828.8765922572081,47596666,HDFCBANK.NS
2024-06-27,823.1500244140625,831.3274011881083,818.5153383232833,823.1257354693937,55074650,HDFCBANK.NS
2024-06-28,817.156494140625,828.2214113967111,814.8270066965403,823.8536668700472,26476046,HDFCBANK.NS
2024-07-01,827.5420532226562,828.5612411045389,815.3123910533884,815.3123910533884,21187024,HDFCBANK.NS
2024-07-02,839.8687744140625,841.9556094944659,826.353042764463,832.2980286836319,45921690,HDFCBANK.NS
2024-07-03,858.3346557617188,870.6371250279785,856.3934358619908,869.1812101031826,123217802,HDFCBANK.NS
2024-07-04,838.1945190429688,854.0154497500956,837.0782938778042,854.0154497500956,45848658,HDFCBANK.NS
2024-07-05,799.8311157226562,817.7388811097651,796.9678045280713,817.7388811097651,82242548,HDFCBANK.NS
2024-07-08,793.6434326171875,803.1553977227993,789.6639557513818,798.472252380916,39087800,HDFCBANK.NS
2024-07-09,794.2015991210938,799.1516862165171,786.3639118522315,788.6205918556537,48550878,HDFCBANK.NS
2024-07-10,789.1544799804688,795.9002315965357,786.5581099756618,791.0228924563764,45507182,HDFCBANK.NS
2024-07-11,787.1161499023438,789.0330808548738,776.973264088155,788.1109895551602,44177074,HDFCBANK.NS
2024-07-12,787.50439453125,795.1237185250396,781.899157363576,787.1647047300575,56049960,HDFCBANK.NS
2024-07-15,787.213134765625,790.9500183647494,783.8645188167274,787.892573532859,33375694,HDFCBANK.NS
2024-07-16,786.07275390625,789.5912150674294,784.6411278889234,786.5580588939988,28950324,HDFCBANK.NS
2024-07-18,783.6704711914062,788.1109641715035,776.0754367376819,780.3703737749313,33717064,HDFCBANK.NS
2024-07-19,780.0307006835938,787.649965003423,778.1865181041212,784.2528302190582,26002152,HDFCBANK.NS
2024-07-22,797.1377563476562,801.2385599263364,782.6271249101725,784.7381898248855,53744822,HDFCBANK.NS
2024-07-23,785.4175415039062,799.6855188562965,778.9144433374342,799.5641926190166,52002152,HDFCBANK.NS
2024-07-24,778.4534301757812,786.6793253968798,770.6885509614999,780.4431686261755,61728206,HDFCBANK.NS
2024-07-25,784.5440673828125,788.6206413154175,773.0908809941293,773.0908809941293,25535732,HDFCBANK.NS
2024-07-26,785.2962646484375,787.0433507268658,774.7651110455088,778.9144923179402,43810540,HDFCBANK.NS
2024-07-29,778.9387817382812,791.9449196556922,775.6629731237323,783.7675425920842,51001148,HDFCBANK.NS
2024-07-30,784.034423828125,793.3522550308714,776.0026033303951,777.4585181584071,54595834,HDFCBANK.NS
2024-07-31,784.1315307617188,790.0279981871195,780.9527594083772,783.2822470366172,37820484,HDFCBANK.NS
2024-08-01,795.3178100585938,800.7774909815698,785.1991540216145,787.6014491725216,26215174,HDFCBANK.NS
2024-08-02,805.1937255859375,810.7019249608421,791.5323792943032,791.5323792943032,44119238,HDFCBANK.NS
2024-08-05,784.1315307617188,798.8120065813332,776.9732822215763,795.9486953170099,41333634,HDFCBANK.NS
2024-08-06,777.0703125,792.4787456590307,773.2364505401089,791.0471196604719,45116050,HDFCBANK.NS
2024-08-07,787.892578125,791.0470602671697,777.5555591010518,784.7380959828303,42346264,HDFCBANK.NS
2024-08-08,797.2105102539062,802.3547907144078,785.8301315512568,788.1353303314752,33976950,HDFCBANK.NS
2024-08-09,800.8502197265625,806.8437833638833,798.7149252998082,801.7237923493824,26644618,HDFCBANK.NS
2024-08-12,805.65478515625,813.3468572381819,799.4671466635041,801.7238266679481,39316196,HDFCBANK.NS
2024-08-13,778.0408935546875,792.2118340294594,777.0460539246062,790.0764803424304,54055042,HDFCBANK.NS
2024-08-14,780.2733764648438,783.1366284755188,778.0409261468292,779.6424562895212,32334428,HDFCBANK.NS
2024-08-16,792.0662841796875,793.0611831331643,781.8263604564881,790.319198015761,27849246,HDFCBANK.NS
2024-08-19,791.7993774414062,794.759726022084,787.9896858897818,794.759726022084,19502164,HDFCBANK.NS
2024-08-20,794.783935546875,798.8119905444514,789.8095595425733,789.8095595425733,31134494,HDFCBANK.NS
2024-08-21,789.0089111328125,793.255329982036,785.126471042094,790.1250771140934,47630904,HDFCBANK.NS
2024-08-22,791.6780395507812,795.0751744192786,790.0765094162431,792.0177293410987,21300638,HDFCBANK.NS
2024-08-23,788.6448364257812,792.988292052303,787.6499375770427,792.988292052303,20333422,HDFCBANK.NS
2024-08-26,795.8758544921875,799.7582942162704,792.1147410094821,792.1147410094821,22364266,HDFCBANK.NS
2024-08-27,794.8082885742188,799.4914938187558,792.1148220435606,797.5502737581256,35773244,HDFCBANK.NS
2024-08-28,794.4927368164062,795.7788068064845,791.1441207498361,794.8081968881353,26921188,HDFCBANK.NS
2024-08-29,795.1964721679688,798.035494358065,791.6052035874162,796.8707505966252,49052604,HDFCBANK.NS
2024-08-30,794.395751953125,806.5768953841255,786.7521983416328,803.6650654368904,445342100,HDFCBANK.NS
2024-09-02,789.56689453125,799.200245545704,787.747000900005,799.200245545704,34049680,HDFCBANK.NS
2024-09-03,794.6141357421875,795.875916903195,788.4264969467081,792.9883758285047,37282860,HDFCBANK.NS
2024-09-04,796.773681640625,798.2295964742419,792.0176694876126,795.4148040993854,24682744,HDFCBANK.NS
2024-09-05,798.5450439453125,800.7046866194709,796.8707654853739,798.8119853769339,22876318,HDFCBANK.NS
2024-09-06,794.4199829101562,799.6613005199742,793.0368755313057,795.0751920423825,26029602,HDFCBANK.NS
2024-09-09,799.0546264648438,800.0252363967779,791.0956131747174,794.9295342541234,23792914,HDFCBANK.NS
2024-09-10,800.9229736328125,802.6943484628727,794.9294696385643,802.6943484628727,26606646,HDFCBANK.NS
2024-09-11,797.7929077148438,801.9665188998836,795.5119386518413,800.9473902400173,22226684,HDFCBANK.NS
2024-09-12,808.8092651367188,810.4593139115112,799.32158835399,802.6944342572692,32424046,HDFCBANK.NS
2024-09-13,808.4937744140625,812.400503038587,804.1746076631325,812.400503038587,23860532,HDFCBANK.NS
2024-09-16,810.9202880859375,814.2446744093743,807.5717313009576,809.0033572167779,15172820,HDFCBANK.NS
2024-09-17,809.876953125,814.3417351276187,807.6202731787942,814.3417351276187,20127122,HDFCBANK.NS
2024-09-18,822.494873046875,824.4846115422112,810.9931099061356,811.3570886275262,40917342,HDFCBANK.NS
2024-09-19,829.1435546875,834.2392569551141,824.6059649927001,824.6301946967953,30651776,HDFCBANK.NS
2024-09-20,845.0130004882812,846.8328941482245,828.6825354394553,833.0259912779876,60623386,HDFCBANK.NS
2024-09-23,854.0397338867188,857.2184459846895,844.5519977602407,848.7984163669939,26965350,HDFCBANK.NS
2024-09-24,858.0435180664062,864.6436541344489,851.3462854547951,856.5633141386422,33039036,HDFCBANK.NS
2024-09-25,863.406005859375,867.7252316684056,854.2095009540504,854.2095009540504,31965312,HDFCBANK.NS
2024-09-26,865.5171508789062,867.7253122548344,858.0435015109396,860.4700264333525,31899644,HDFCBANK.NS
2024-09-27,850.5697631835938,862.9692695590985,849.2836931713828,862.3869272945984,35613502,HDFCBANK.NS
2024-09-30,840.572509765625,849.987378933711,836.8599148404105,848.7013681367213,26383534,HDFCBANK.NS
2024-10-01,837.7334594726562,845.4013020975134,834.773110848595,836.6658121791694,24572284,HDFCBANK.NS
2024-10-03,816.282958984375,837.7091852435565,812.0850591484665,832.613483062025,48473398,HDFCBANK.NS
2024-10-04,804.4658203125,820.4808848190723,802.2091402837622,812.6431974622866,48683232,HDFCBANK.NS
2024-10-07,785.1264038085938,805.1209448670484,782.7969162571121,801.8208473760044,94458296,HDFCBANK.NS
2024-10-08,801.2627563476562,804.0532597925816,787.1646239424159,791.0470635179641,29734406,HDFCBANK.NS
2024-10-09,792.5758056640625,804.0289908485573,790.4161630516477,800.5105298956967,41125642,HDFCBANK.NS
2024-10-10,806.7709350585938,808.2510795642027,792.2603056670246,795.4147877416559,21754766,HDFCBANK.NS
2024-10-11,801.238525390625,807.7658537028776,797.4774117796152,807.7658537028776,23672594,HDFCBANK.NS
2024-10-14,819.2432861328125,821.1602762579215,802.6943989459767,803.689297804442,18527508,HDFCBANK.NS
2024-10-15,817.3020629882812,824.0478137120458,813.1284522229286,822.1065938917583,19651130,HDFCBANK.NS
2024-10-16,824.9214477539062,828.8766360391955,815.3609038822862,815.3609038822862,20470682,HDFCBANK.NS
2024-10-17,811.988037109375,823.8780090897097,808.1298269832027,822.5676501021808,14695732,HDFCBANK.NS
2024-10-18,816.2101440429688,820.6506963237373,802.7429312558701,807.1106759435778,24809724,HDFCBANK.NS
2024-10-21,838.9466552734375,848.3858722296796,830.3810701774502,832.2980010606213,46548354,HDFCBANK.NS
2024-10-22,832.0797119140625,844.4307004744691,830.2112402699462,839.601939418289,38875280,HDFCBANK.NS
2024-10-23,842.3923950195312,847.5851345291038,827.4692671141377,827.4692671141377,38036090,HDFCBANK.NS
2024-10-24,849.1138305664062,858.3346247570413,843.5085346118838,843.5085346118838,30832258,HDFCBANK.NS
2024-10-25,846.0806884765625,853.0933215296461,838.9466699408074,851.7102142266036,26130478,HDFCBANK.NS
2024-10-28,841.6158447265625,849.7689918168825,839.043763962605,845.4012471416386,22012142,HDFCBANK.NS
2024-10-29,850.1814575195312,856.0779244597386,837.1995502183419,837.7091441080032,35794926,HDFCBANK.NS
2024-10-30,841.8099975585938,851.5889046504595,836.7628139716957,845.4012662208864,32715724,HDFCBANK.NS
2024-10-31,842.3438720703125,843.8968836285101,834.4334360468695,838.6070472346083,22895912,HDFCBANK.NS
2024-11-01,843.120361328125,846.4203996311912,837.6849100339031,841.0335262277963,1759692,HDFCBANK.NS
2024-11-04,831.8612670898438,846.8572030494149,830.3083148266296,846.8572030494149,28089248,HDFCBANK.NS
2024-11-05,853.0933227539062,855.447039991069,823.999313734677,826.4743572133567,44232406,HDFCBANK.NS
2024-11-06,851.83154296875,859.7177486791857,847.0270119492034,859.7177486791857,27787910,HDFCBANK.NS
2024-11-07,847.6094360351562,854.5977803501312,843.4600547619757,846.5174998307751,18895456,HDFCBANK.NS
2024-11-08,851.4432983398438,855.0103373353861,847.2696873607207,850.2543248355499,19902986,HDFCBANK.NS
2024-11-11,857.1941528320312,865.2016844692026,849.8660007285889,851.4918196964699,24565362,HDFCBANK.NS
2024-11-12,833.8509521484375,861.4162973605047,829.2163253609564,859.9603824917264,31395406,HDFCBANK.NS
2024-11-13,815.967529296875,839.2864576545572,811.9152444974701,833.1473377113161,35728500,HDFCBANK.NS
2024-11-14,821.5,827.3721783747438,811.4784403744485,811.9637453515568,27146470,HDFCBANK.NS
2024-11-18,827.4934692382812,834.190701332557,822.5919010273279,825.0184258091194,27081968,HDFCBANK.NS
2024-11-19,845.5226440429688,851.1036515944076,826.3288074195308,831.8127776666084,50981272,HDFCBANK.NS
2024-11-21,845.0130004882812,853.6514527573436,841.6158656563873,848.9925368361551,35716512,HDFCBANK.NS
2024-11-22,847.1483154296875,851.3705040721685,839.3592064666866,846.1534758192824,24773612,HDFCBANK.NS
2024-11-25,866.560546875,875.2718066744363,856.5147576427843,866.293664684976,427737274,HDFCBANK.NS
2024-11-26,866.5363159179688,878.4019987795361,858.8927626136716,878.4019987795361,30935566,HDFCBANK.NS
2024-11-27,879.5181884765625,881.9689429401197,866.3421471774458,868.6473457001546,32714976,HDFCBANK.NS
2024-11-28,870.2245483398438,891.0683714170436,867.7252160984541,882.769668950273,35722392,HDFCBANK.NS
2024-11-29,871.632080078125,875.7814023363161,865.2503073983569,874.1799313606635,27669536,HDFCBANK.NS
2024-12-02,875.8298950195312,877.5042327860683,861.4163604593637,875.2475527258944,15110876,HDFCBANK.NS
2024-12-03,886.3125,891.6993733770357,881.3623537076274,884.5653546960274,43410242,HDFCBANK.NS
2024-12-04,902.7157592773438,905.0937654692016,888.6662041479593,891.9905313310416,44669084,HDFCBANK.NS
2024-12-05,905.457763671875,912.349070670313,890.6316728815866,902.6672600453907,39682714,HDFCBANK.NS
2024-12-06,900.6531982421875,904.7054828102569,894.9023463139778,901.2113107944992,17783156,HDFCBANK.NS
2024-12-09,907.5203247070312,912.3733745717748,897.3289199910699,899.585600026442,26947912,HDFCBANK.NS
2024-12-10,906.59814453125,911.2570600965298,901.963517909446,911.2570600965298,13325480,HDFCBANK.NS
2024-12-11,904.1716918945312,908.4423993938311,901.0900171351183,903.492253077643,14045426,HDFCBANK.NS
2024-12-12,902.30322265625,906.8651010060448,897.183231769173,898.2994568437374,17293790,HDFCBANK.NS
2024-12-13,908.3695678710938,909.9468090067054,887.7441068669418,903.8804969466607,19009002,HDFCBANK.NS
2024-12-16,905.1907958984375,907.4959944793276,900.3620351992098,905.1422772502634,13107082,HDFCBANK.NS
2024-12-17,889.6853637695312,903.8077269850552,886.4095551207139,900.8958970749953,21079532,HDFCBANK.NS
2024-12-18,878.74169921875,891.0199388482123,877.0189020931173,888.0353013877913,23422312,HDFCBANK.NS
2024-12-19,870.3944702148438,874.0827761662058,863.3575480971324,873.3548187057529,25380770,HDFCBANK.NS
2024-12-20,859.7177734375,872.3599918831414,857.5581899695972,864.9105130352275,25692348,HDFCBANK.NS
2024-12-23,874.0343017578125,876.4608267488114,864.4738169898098,864.8135067920166,11044592,HDFCBANK.NS
2024-12-24,872.6268310546875,877.7710517489787,868.4775092184595,874.5438211790217,14485834,HDFCBANK.NS
2024-12-26,869.059814453125,879.372544346817,864.2067650913875,872.8452166518102,10481678,HDFCBANK.NS
2024-12-27,872.6996459960938,876.4364704987394,868.2590937552997,871.0253675774094,7259330,HDFCBANK.NS
2024-12-30,862.82373046875,880.8285332674382,859.4751142791366,869.7635560951499,22222218,HDFCBANK.NS
2024-12-31,860.3728637695312,864.7163785916373,856.8544029024364,859.1353716990042,14117236,HDFCBANK.NS
2025-01-01,865.1774291992188,870.637110073425,854.6705648241472,860.6640693133434,7313806,HDFCBANK.NS
2025-01-02,870.5158081054688,875.2232427161829,860.4457297678027,862.4354683380634,18558576,HDFCBANK.NS
2025-01-03,848.8954467773438,871.2437647886038,847.4881097293069,869.181218624921,24426194,HDFCBANK.NS
2025-01-06,830.1141357421875,852.7778537230372,827.8332261221516,844.4791507386858,18816348,HDFCBANK.NS
2025-01-07,831.5215454101562,835.209851324859,825.0184469798143,832.2980215119891,13527906,HDFCBANK.NS
2025-01-08,822.2522583007812,830.6722879270967,816.9381331798057,829.022239132803,19738190,HDFCBANK.NS
2025-01-09,809.3916625976562,819.6801043914131,804.6841687860751,817.3263871062876,40420222,HDFCBANK.NS
2025-01-10,804.029052734375,812.8373502667392,802.6944639943603,810.9446489326335,17453280,HDFCBANK.NS
2025-01-13,791.4595947265625,799.1759555612708,788.2808827329198,795.9001470292906,21669066,HDFCBANK.NS
2025-01-14,799.1031494140625,803.7620652641559,794.4442335639691,795.8516298211142,26661432,HDFCBANK.NS
2025-01-15,797.38037109375,806.9165665577839,794.1045624787163,803.9076993782851,14022892,HDFCBANK.NS
2025-01-16,801.7481079101562,805.873200199019,797.2832665938832,802.1363163454865,21212454,HDFCBANK.NS
2025-01-17,794.3229370117188,800.9958805790999,790.31917087129,797.5987456720695,23112076,HDFCBANK.NS
2025-01-20,801.35986328125,806.0672979791628,789.1059123060181,789.1059123060181,17557618,HDFCBANK.NS
2025-01-21,797.0648803710938,806.115829748555,792.5272908307279,804.756952160241,31158144,HDFCBANK.NS
2025-01-22,808.5423583984375,811.3813805875693,788.8389294808721,797.0648841596673,30619306,HDFCBANK.NS
2025-01-23,807.9843139648438,818.70954271768,801.3598888041311,818.70954271768,34909158,HDFCBANK.NS
2025-01-24,800.6561889648438,810.6049411699597,798.0840488445496,805.6062761215885,24236200,HDFCBANK.NS
2025-01-27,790.9500732421875,797.6472463633178,789.1058906376462,796.433983923838,22804166,HDFCBANK.NS
2025-01-28,810.6535034179688,817.3992549290822,799.2973542955573,799.2973542955573,30179312,HDFCBANK.NS
2025-01-29,814.0020141601562,815.8704263644069,809.9011517987993,812.8857890816031,12619890,HDFCBANK.NS
2025-01-30,820.8933715820312,823.9993352943973,811.696865930955,815.7976693049923,25744846,HDFCBANK.NS
2025-01-31,824.4118041992188,827.2993450265934,817.2292670650723,818.830797136207,15821686,HDFCBANK.NS
2025-02-01,820.6264038085938,831.3274019434516,813.3954072501344,823.8051750140157,5587528,HDFCBANK.NS
2025-02-03,814.3417358398438,818.6124432523412,807.2805248629369,810.4592960980566,20276540,HDFCBANK.NS
2025-02-04,835.1613159179688,837.5393220656948,815.3366201880791,819.534460691003,28616502,HDFCBANK.NS
2025-02-05,843.3629760742188,846.4688803989707,834.1907005592836,841.0334885893271,23675506,HDFCBANK.NS
2025-02-06,846.299072265625,848.7984047453597,836.6657803207547,842.2467875560731,26760716,HDFCBANK.NS
2025-02-07,840.9122314453125,857.5339275509261,837.1511177279839,849.2837426225924,23509600,HDFCBANK.NS
2025-02-10,832.6619873046875,836.3988118099606,829.1435263354559,833.4142336911924,17195950,HDFCBANK.NS
2025-02-11,825.6978759765625,830.3567917735487,819.5344674010676,826.4743520691721,22724704,HDFCBANK.NS
2025-02-12,828.3185424804688,830.8421046157138,815.8946879155817,821.6213102303759,22809570,HDFCBANK.NS
2025-02-13,823.9022827148438,831.934104238501,821.8883143385714,824.5332029174352,12602434,HDFCBANK.NS
2025-02-14,822.5191040039062,825.9405276867242,815.3123371576534,825.9405276867242,19959892,HDFCBANK.NS
2025-02-17,833.4384765625,834.7245465784594,815.918979031997,817.8359099627821,12938946,HDFCBANK.NS
2025-02-18,836.2047729492188,840.3298652963055,828.0031069049801,831.3517231291166,16350910,HDFCBANK.NS
2025-02-19,838.21875,843.4115489066289,831.0605014404679,833.268662828246,11884112,HDFCBANK.NS
2025-02-20,818.7579956054688,832.152400807599,817.8844822121968,830.3567961314325,26390510,HDFCBANK.NS
2025-02-21,821.3786010742188,822.567574466393,813.977700828203,815.74907568617,15680940,HDFCBANK.NS
2025-02-24,813.9049682617188,817.3506217636291,806.1400885993494,815.8461881773111,20693646,HDFCBANK.NS
2025-02-25,816.4528198242188,819.1948048046805,810.9931388087847,810.9931388087847,24138708,HDFCBANK.NS
2025-02-27,825.358154296875,830.235493033587,816.5499163188684,816.5499163188684,35786800,HDFCBANK.NS
2025-02-28,840.7423095703125,843.0960267361039,817.7388430279666,817.7388430279666,54516728,HDFCBANK.NS
2025-03-03,825.7706909179688,845.9108470636534,822.1551333662954,844.3336059197142,21205364,HDFCBANK.NS
2025-03-04,829.8715209960938,831.9583561196923,821.7426625301964,824.04786119963,19920958,HDFCBANK.NS
2025-03-05,820.1654052734375,830.2597724194886,819.316121569752,825.9647760106438,21583872,HDFCBANK.NS
2025-03-06,820.7477416992188,824.9699304836942,811.5512362127743,818.7094845214233,32966088,HDFCBANK.NS
2025-03-07,819.8013916015625,825.5765323887408,814.1475770525966,816.2829306934012,13372914,HDFCBANK.NS
2025-03-10,818.9521484375,824.969941998729,816.7925649870414,819.6801059027778,15604050,HDFCBANK.NS
2025-03-11,817.9815673828125,822.1066598317914,810.4836289220838,816.4771337496867,19898430,HDFCBANK.NS
2025-03-12,830.4296264648438,833.9966062113717,820.9176607269924,820.9176607269924,18784106,HDFCBANK.NS
2025-03-13,828.2214965820312,835.112863088808,825.0427843943695,832.8076643515269,15736264,HDFCBANK.NS
2025-03-17,830.0656127929688,836.6657483797172,827.4449541690359,827.4449541690359,18950652,HDFCBANK.NS
2025-03-18,830.0656127929688,830.0656127929688,830.0656127929688,830.0656127929688,0,HDFCBANK.NS
2025-03-19,846.42041015625,849.7690263917825,840.6452690024086,842.004146653194,15221406,HDFCBANK.NS
2025-03-20,858.3832397460938,860.9310910584144,848.9440809617447,851.2249908210027,17833978,HDFCBANK.NS
2025-03-21,859.15966796875,860.9795616616999,851.9771897387066,851.9771897387066,33508264,HDFCBANK.NS
2025-03-24,873.5489501953125,875.6843039218336,860.7611760226637,863.3575457763671,17393736,HDFCBANK.NS
2025-03-25,883.958740234375,894.7567761384419,874.2769294910811,875.9269782864857,39101416,HDFCBANK.NS
2025-03-26,876.7277221679688,886.8948376499686,874.5195608455505,885.681575218163,24478442,HDFCBANK.NS
2025-03-27,885.8514404296875,893.4464752752693,872.6268796196651,873.548970937254,41658100,HDFCBANK.NS
2025-03-28,887.2344970703125,891.0198994245295,876.3879431494396,887.6227647317345,28773648,HDFCBANK.NS
2025-04-01,857.9463500976562,878.3534470865061,856.7330877140463,874.5195261060333,28511006,HDFCBANK.NS
2025-04-02,872.0444946289062,873.16066049231,859.3294691298255,859.3294691298255,11573564,HDFCBANK.NS
2025-04-03,871.0496215820312,875.490173946712,862.3869396359797,864.3766781830471,11250038,HDFCBANK.NS
2025-04-04,881.9447631835938,893.9074835384829,878.9358367650708,879.8579280746396,33540454,HDFCBANK.NS
2025-04-07,853.0205078125,863.7700245665659,843.5570610557007,855.4956105111871,37995450,HDFCBANK.NS
2025-04-08,858.5773315429688,864.8134887917699,849.4293443655757,856.5633039940931,35563872,HDFCBANK.NS
2025-04-09,856.5632934570312,861.4163432783175,850.982286162552,856.5632934570312,22454608,HDFCBANK.NS
2025-04-11,876.8247680664062,882.9638878798253,861.2950087869681,861.2950087869681,32775766,HDFCBANK.NS
2025-04-15,905.0452270507812,910.8203678930464,900.240696123474,905.0937456982635,49298344,HDFCBANK.NS
2025-04-16,911.4027099609375,914.2175024102767,902.9098732067754,914.2175024102767,19136820,HDFCBANK.NS
2025-04-17,925.3309326171875,931.6398970227459,910.7717839889756,913.3439239431574,35703084,HDFCBANK.NS
2025-04-21,935.231201171875,946.6843866809207,926.9324979858176,933.7267676045618,34247298,HDFCBANK.NS
2025-04-22,952.0227661132812,956.3419923313835,939.0651467003056,939.0651467003056,45961750,HDFCBANK.NS
2025-04-23,933.67822265625,960.3699954066212,932.0281739470523,960.3699954066212,30570642,HDFCBANK.NS
2025-04-24,930.2325439453125,933.6781972127433,924.5544405338061,926.9324466168475,25931754,HDFCBANK.NS
2025-04-25,927.5148315429688,938.094503546439,918.099962552793,934.1150265036636,18500878,HDFCBANK.NS
2025-04-28,931.882568359375,936.4929655182809,926.156005327847,927.5148236825167,13920492,HDFCBANK.NS
2025-04-29,926.3501586914062,936.0562581779409,922.1764885191324,931.2032084346736,18918308,HDFCBANK.NS
2025-04-30,934.2120361328125,939.9871769317172,927.0780770079656,928.3883766867898,31936870,HDFCBANK.NS
2025-05-02,932.7075805664062,942.4136794135693,931.7854893276606,936.5415014593009,17840404,HDFCBANK.NS
2025-05-05,939.9386596679688,947.3152712805899,937.754787372496,941.0063068714467,15068024,HDFCBANK.NS
2025-05-06,937.4635620117188,941.5401354999643,933.8723527219415,936.638567281111,17490156,HDFCBANK.NS
2025-05-07,944.2092895507812,945.7137230326645,932.950238518458,938.5797640346196,21420778,HDFCBANK.NS
2025-05-08,935.91064453125,948.6741890736062,931.348765916796,948.6741890736062,34803430,HDFCBANK.NS
2025-05-09,917.080810546875,931.3002703673066,915.6734734771652,926.9810441332826,17188796,HDFCBANK.NS
2025-05-12,949.8388671875,951.149226156264,928.0487213449755,930.6208021509265,18618972,HDFCBANK.NS
2025-05-13,933.0473022460938,952.0227142931207,931.7855212010662,946.3446699698328,24242102,HDFCBANK.NS
2025-05-14,927.2236938476562,936.7356597192896,923.5353878045329,932.8047011833116,15445308,HDFCBANK.NS
2025-05-15,938.4827270507812,943.8210814498384,920.6234813646776,928.6310129632633,32241458,HDFCBANK.NS
2025-05-16,938.9195556640625,943.3358785376587,935.8621697223413,938.4828285590543,15868010,HDFCBANK.NS
2025-05-19,940.8607788085938,943.918224001894,937.1239540090784,940.0357840059994,10202964,HDFCBANK.NS
2025-05-20,929.310546875,938.8710315810085,928.388455536133,935.7165491131649,23879090,HDFCBANK.NS
2025-05-21,935.085693359375,944.8403119658641,932.3194193274059,935.1827306623918,15132040,HDFCBANK.NS
2025-05-22,931.7369995117188,933.8237752836327,924.6029810935157,929.4560306672615,21306670,HDFCBANK.NS
2025-05-23,938.3856811523438,940.0357299039,929.1163680438908,931.8340640363383,9566072,HDFCBANK.NS
2025-05-26,941.5886840820312,946.2961778607493,935.13416349166,939.0651219212037,10802860,HDFCBANK.NS
2025-05-27,934.8429565429688,945.3740503477449,929.989907003196,937.415037254252,26162148,HDFCBANK.NS
2025-05-28,933.484130859375,938.8224856498367,930.6693382733266,931.8826007257043,18157594,HDFCBANK.NS
2025-05-29,935.42529296875,941.8798725130029,925.6221566559584,935.6679454442282,28917794,HDFCBANK.NS
2025-05-30,943.86962890625,945.7623300992254,934.406182182701,937.560664423884,28748078,HDFCBANK.NS
2025-06-02,937.65771484375,939.5504160632175,925.9618769879231,936.6871049098005,14668822,HDFCBANK.NS
2025-06-03,934.0178833007812,947.3152506136021,931.7854924068217,940.5209813981357,24377584,HDFCBANK.NS
2025-06-04,942.073974609375,943.0931624292062,932.2223193620798,932.2708380103269,12961542,HDFCBANK.NS
2025-06-05,946.1505126953125,950.6638723983343,941.5886343458625,945.3740366284826,22255418,HDFCBANK.NS
2025-06-06,960.2728881835938,968.8143027617217,942.8019098505041,943.432829986841,30127008,HDFCBANK.NS
2025-06-09,960.3699951171875,968.1833931080394,958.9140802403333,968.1833931080394,13202588,HDFCBANK.NS
2025-06-10,953.7698974609375,962.2627345803987,951.7315810074685,962.2627345803987,15533126,HDFCBANK.NS
2025-06-11,946.538818359375,954.8860400853163,944.8887696252715,954.8860400853163,11096394,HDFCBANK.NS
2025-06-12,943.1417236328125,951.6830795561876,939.2107650861756,946.3447246989118,16349130,HDFCBANK.NS
2025-06-13,930.6207885742188,938.0944968797781,928.3883975845915,931.7855323379068,12117762,HDFCBANK.NS
2025-06-16,939.2592163085938,940.957783641244,931.8340268436207,933.7267280054107,16513746,HDFCBANK.NS
2025-06-17,936.4445190429688,942.2681790609491,931.348816527236,940.0357879023232,16978736,HDFCBANK.NS
2025-06-18,938.5313110351562,939.6960548333931,930.329645039179,930.329645039179,18433816,HDFCBANK.NS
2025-06-19,939.2107543945312,944.7917616817875,934.5032605291775,938.5313155721643,16876220,HDFCBANK.NS
2025-06-20,953.4786987304688,956.0023202459611,937.415115265286,937.415115265286,32900408,HDFCBANK.NS
2025-06-23,945.5681762695312,950.1785732937573,942.3651754483343,945.5681762695312,11739518,HDFCBANK.NS
2025-06-24,951.634521484375,960.4185295373859,949.0623814631601,953.6242600004867,22625322,HDFCBANK.NS
2025-06-25,961.0009155273438,961.8744882040819,953.0904797513926,954.1096083800328,18405932,HDFCBANK.NS
2025-06-26,981.1896362304688,983.7617170900772,960.9038642878594,961.5833031108746,50084830,HDFCBANK.NS
2025-06-27,988.5982666015625,991.0024333509556,978.0494242399598,987.6660313444861,28213384,HDFCBANK.NS
2025-06-30,982.023681640625,988.0586250503452,979.0798184930638,986.9301202198938,13649020,HDFCBANK.NS
2025-07-01,987.2244873046875,989.138010315157,983.250284063281,983.740927917604,14389386,HDFCBANK.NS
2025-07-02,974.418701171875,991.0515399227539,970.4444979040134,991.0515399227539,18878250,HDFCBANK.NS
2025-07-03,974.9583740234375,985.2128423794024,973.584607191008,978.7854199779471,16860506,HDFCBANK.NS
2025-07-04,976.037841796875,983.0049605598704,971.4748300017685,974.9583893832662,7863944,HDFCBANK.NS
2025-07-07,975.1055908203125,980.5026731224453,973.3392849545877,975.8906089947405,11349426,HDFCBANK.NS
2025-07-08,981.974609375,983.740915249207,970.0028875050783,970.0028875050783,15224316,HDFCBANK.NS
2025-07-09,986.7828369140625,988.058558773539,980.3554147849677,984.7221568062151,13861428,HDFCBANK.NS
2025-07-10,984.3296508789062,989.6286283244265,981.2876830187669,989.1379844829171,17030310,HDFCBANK.NS
2025-07-11,973.2902221679688,983.642855752239,971.9164552660966,980.306453474884,12516922,HDFCBANK.NS
2025-07-14,972.94677734375,975.7434233970494,966.8627814826074,972.94677734375,13088850,HDFCBANK.NS
2025-07-15,979.079833984375,983.0540373178538,968.0403470063502,968.0403470063502,14498168,HDFCBANK.NS
2025-07-16,979.4722900390625,992.4252390812768,977.6568719540081,990.1192370651518,17994612,HDFCBANK.NS
2025-07-17,974.8602294921875,983.6427659529008,972.7994894879338,983.2502269350301,22529158,HDFCBANK.NS
2025-07-18,960.38623046875,979.8157138677898,958.2273856704023,974.8602232374529,16129446,HDFCBANK.NS
2025-07-21,981.5330200195312,982.2689857931025,969.7575676423911,970.5916382285527,22309078,HDFCBANK.NS
2025-07-22,984.771240234375,990.1192700741381,982.7596124670459,987.7151032772119,14836814,HDFCBANK.NS
2025-07-23,993.2103881835938,995.9089294093236,982.7596500249109,986.6848008986999,13634916,HDFCBANK.NS
2025-07-24,988.2548217773438,999.7849522880986,985.4091233743482,999.7849522880986,19107176,HDFCBANK.NS
2025-07-25,985.9922485351562,991.1076548914018,983.237817433207,991.1076548914018,9306598,HDFCBANK.NS
2025-07-28,987.9105224609375,994.2555908496133,983.9756037755068,985.205265864704,12059580,HDFCBANK.NS
2025-07-29,994.3539428710938,996.7640925817828,981.9097985152405,983.6804999207345,19895696,HDFCBANK.NS
2025-07-30,996.4197998046875,999.764444634085,992.091365270063,997.5018784172968,15154036,HDFCBANK.NS
2025-07-31,992.6815795898438,999.1742313953042,987.664582321978,990.9108782036614,22183032,HDFCBANK.NS
2025-08-01,989.7304077148438,997.6494796779898,988.3040477115343,990.6157884442932,11317258,HDFCBANK.NS
2025-08-04,979.7947387695312,992.8291567300697,977.8764539291843,988.6974801605747,13933946,HDFCBANK.NS
2025-08-05,972.7118530273438,980.975205994727,966.7603007320947,977.0894619202779,23978058,HDFCBANK.NS
2025-08-06,976.499267578125,977.8272785976125,968.9737116887809,969.5147509914575,14080204,HDFCBANK.NS
2025-08-07,981.4671020507812,984.5166400056098,972.3184281442016,973.9415460716062,13081186,HDFCBANK.NS
2025-08-08,970.8920288085938,980.1882863803764,968.9737439061473,977.3846207407715,13895264,HDFCBANK.NS
2025-08-11,981.5654296875,982.5491593344192,970.4984711596596,971.8757166821836,9105854,HDFCBANK.NS
2025-08-12,968.924560546875,981.7622208654035,967.7440729221851,979.7455870293594,12937802,HDFCBANK.NS
2025-08-13,974.0399169921875,980.7784409396806,968.5309950398891,980.7784409396806,13577396,HDFCBANK.NS
2025-08-14,979.35205078125,981.7622004561191,969.5639286580633,972.908633518138,17511716,HDFCBANK.NS
2025-08-18,985.5003662109375,996.8132573563983,981.5654475516468,988.6483131467888,19284796,HDFCBANK.NS
2025-08-19,979.35205078125,986.7300232295675,977.1878335213248,982.8935135816985,12352438,HDFCBANK.NS
2025-08-20,977.9256591796875,979.7947696044055,973.4005266300795,977.3354453835109,9950228,HDFCBANK.NS
2025-08-21,979.4012451171875,982.5000176251586,975.4663263982883,982.5000176251586,12439850,HDFCBANK.NS
2025-08-22,966.317626953125,981.7621945267439,962.6286407512459,978.7618310909676,19833502,HDFCBANK.NS
2025-08-25,966.0717163085938,972.6135426708398,962.5794879672083,964.1534314319724,17518044,HDFCBANK.NS
2025-08-26,957.5625,969.6623631247153,952.2503356808104,963.5632270654481,16917731,HDFCBANK.NS
2025-08-28,942.2162475585938,956.3819785474136,939.4618165446824,951.2665723546679,25438255,HDFCBANK.NS
2025-08-29,936.1171264648438,947.6267755693488,934.6415319653455,938.4781016808785,14823813,HDFCBANK.NS
2025-09-01,935.1333618164062,941.8719458039564,930.9525108908947,934.1496321868741,20178344,HDFCBANK.NS
2025-09-02,929.1326904296875,939.2650942089082,928.6408255856272,935.5269334024698,14196320,HDFCBANK.NS
2025-09-03,938.9207763671875,940.740652202688,924.7058709175366,929.6245191670979,16083481,HDFCBANK.NS
2025-09-04,945.610107421875,949.9877162864987,940.6914592688354,944.5772033181551,17597657,HDFCBANK.NS
2025-09-05,947.7251586914062,951.7584261964354,938.5272505370174,951.7584261964354,11602111,HDFCBANK.NS
2025-09-08,950.2828369140625,957.3165278914954,944.823149393627,953.2340258485783,11711307,HDFCBANK.NS
2025-09-09,949.4467163085938,958.5462157684692,947.0365666053971,958.1526998830964,13985539,HDFCBANK.NS
2025-09-10,950.1845092773438,958.0543466125587,946.0528326679372,958.0543466125587,18091100,HDFCBANK.NS
2025-09-11,952.0535278320312,953.4799478098324,944.2820997482355,944.6755555766032,15113633,HDFCBANK.NS
2025-09-12,951.5617065429688,954.9555859441327,946.5938836721522,954.1194397337725,14363519,HDFCBANK.NS
2025-09-15,951.3157348632812,956.5294899386951,949.2991011128589,953.824233432933,14486377,HDFCBANK.NS
2025-09-16,951.1190185546875,953.5783427584718,945.560981879392,945.560981879392,18661794,HDFCBANK.NS
2025-09-17,950.7747192382812,958.5462075924,948.6596764461077,949.4467082101403,17361476,HDFCBANK.NS
2025-09-18,961.0055541992188,963.7108108355188,953.4799980850369,957.4640913046234,17791598,HDFCBANK.NS
2025-09-19,951.168212890625,960.8087513537787,946.4462625851606,959.0380500102757,31243267,HDFCBANK.NS
2025-09-22,948.5121459960938,955.3982535857159,946.298754270858,948.315388056543,10854415,HDFCBANK.NS
2025-09-23,941.6260375976562,952.447063800625,939.9536851760515,951.2665762064279,21022298,HDFCBANK.NS
2025-09-24,935.5761108398438,940.8882751893465,927.6570988338277,936.7074240016012,15117220,HDFCBANK.NS
2025-09-25,934.3955688476562,942.4129893816753,931.9854792780051,937.0024763946197,31413279,HDFCBANK.NS
2025-09-26,929.6737060546875,935.9695999150294,925.9847198182591,929.7228805294212,14874656,HDFCBANK.NS
2025-09-29,934.8382568359375,941.232499440892,923.8204729543667,930.6574059019287,32398179,HDFCBANK.NS
2025-09-30,935.5269165039062,944.3804835370663,930.9033750448373,942.4621986714628,28296687,HDFCBANK.NS
2025-10-01,949.5450439453125,953.8242439027433,930.6082481971154,937.1992488555558,25350832,HDFCBANK.NS
2025-10-03,949.4467163085938,951.0206597658967,936.5106471136629,936.5106471136629,26658296,HDFCBANK.NS
2025-10-06,957.6116333007812,961.4973774003239,946.3479168763192,956.0868643620497,18542683,HDFCBANK.NS
2025-10-07,966.514404296875,973.7447933808842,955.201513050652,958.1527020714059,25535736,HDFCBANK.NS
2025-10-08,962.7762451171875,969.8591107869768,958.6937429483099,960.1201629857547,15939710,HDFCBANK.NS
2025-10-09,961.2022094726562,963.0713198098597,954.3653364923583,958.6445364195181,15370950,HDFCBANK.NS
2025-10-10,964.9404296875,970.1541847807785,962.1859386567031,963.0713193511867,13757080,HDFCBANK.NS
2025-10-13,961.1038818359375,965.0388004923793,956.1852335153851,958.4477997344204,18634254,HDFCBANK.NS
2025-10-14,961.25146484375,964.4977607253469,951.2665847409552,954.2177737318785,22934382,HDFCBANK.NS
2025-10-15,962.3335571289062,968.8753835018975,957.5132576917447,959.1364356766506,23310447,HDFCBANK.NS
2025-10-16,978.1715698242188,980.384961573746,965.5306676270898,966.6619807603523,22936566,HDFCBANK.NS
2025-10-17,986.2381591796875,992.5832274986775,969.9574453059425,977.7781081157631,25210511,HDFCBANK.NS
2025-10-20,986.6316528320312,1003.4042311581684,980.7784494751901,980.7784494751901,22195202,HDFCBANK.NS
2025-10-21,991.3043823242188,993.5669485153896,987.664570603417,989.6320299074079,3471600,HDFCBANK.NS
2025-10-23,992.386474609375,1003.8961237048558,989.6320435542233,999.4693402098319,43526526,HDFCBANK.NS
2025-10-24,978.5650634765625,995.4852253636408,975.1711841959709,994.5506701933195,17707768,HDFCBANK.NS
2025-10-27,986.6316528320312,992.6323796093756,979.9914777728962,980.286584655995,15700796,HDFCBANK.NS
2025-10-28,987.2218627929688,991.5994716753507,978.8109864255694,981.4178939740924,33904289,HDFCBANK.NS
2025-10-29,991.451904296875,996.0262711888014,983.729650556841,988.5499498614066,17769445,HDFCBANK.NS
2025-10-30,981.9097900390625,993.0750977302371,980.8768258561881,983.7296659041476,19962917,HDFCBANK.NS
2025-10-31,971.2362670898438,988.1072545286754,965.1863657946757,977.8272677237645,23221330,HDFCBANK.NS
2025-11-03,976.499267578125,978.3683179002891,967.3013592642496,968.9737116887809,16607180,HDFCBANK.NS
2025-11-04,969.2196655273438,980.7784892471573,967.6948965344255,970.9411924643373,20024544,HDFCBANK.NS
2025-11-06,968.6294555664062,974.9252895070431,958.1527104344483,965.0388182096445,22279516,HDFCBANK.NS
2025-11-07,966.317626953125,968.8753600783504,958.8904800750938,964.0550607577244,15004568,HDFCBANK.NS
2025-11-10,968.4818725585938,974.8269410200376,964.2518469316628,966.3176552483678,15988262,HDFCBANK.NS
2025-11-11,975.564697265625,977.3353986115102,962.0875891716729,967.4981021987119,10200530,HDFCBANK.NS
2025-11-12,973.4005126953125,982.7459446009269,971.629811290036,982.549186657653,13137263,HDFCBANK.NS
2025-11-13,970.596923828125,973.9907432290495,966.6127705451346,967.990016129637,14124839,HDFCBANK.NS
2025-11-14,973.4988403320312,975.5155341538173,960.169315545859,960.169315545859,21386965,HDFCBANK.NS
2025-11-17,980.3357543945312,981.7129998984626,969.5639028977658,975.121999344663,18396408,HDFCBANK.NS
2025-11-18,976.302490234375,982.7459073482096,973.8923406153428,981.4178963551165,20002640,HDFCBANK.NS
2025-11-19,978.41748046875,980.3357652840727,967.9899702531849,973.8923481205824,19813847,HDFCBANK.NS
2025-11-20,992.4356689453125,995.1409255797437,976.3025381325072,979.106143718625,19850865,HDFCBANK.NS
2025-11-21,981.8114013671875,991.8946306513916,980.3358068377918,986.7792242744008,17499897,HDFCBANK.NS
2025-11-24,982.8934936523438,994.9933562138265,977.4337461176169,983.7296398293618,32204053,HDFCBANK.NS
2025-11-25,973.6956176757812,989.7303993265384,972.3184321597589,987.6645910314578,24989383,HDFCBANK.NS
2025-11-26,987.5662231445312,990.566586579224,965.3338969506472,965.3338969506472,19494356,HDFCBANK.NS
2025-11-27,993.0750732421875,1000.2562876177888,984.7133712881919,985.7954498771661,25536848,HDFCBANK.NS
2025-11-28,991.2059936523438,995.583602701878,987.8613487922537,990.615779865885,15988807,HDFCBANK.NS
2025-12-01,985.7954711914062,1000.9449320171519,983.0410401436599,1000.9449320171519,16746566,HDFCBANK.NS
2025-12-02,973.6956176757812,978.2208101938114,968.9737272569581,971.9249162739843,27316662,HDFCBANK.NS
2025-12-03,984.2214965820312,985.9921979107919,969.957416921422,969.957416921422,15448777,HDFCBANK.NS
2025-12-04,980.9752197265625,988.3531921071142,976.8435431850351,983.7296507402166,14528169,HDFCBANK.NS
2025-12-05,986.9759521484375,991.5994935414243,974.0891176678615,975.8598190407668,12843366,HDFCBANK.NS
2025-12-08,986.7791748046875,990.1238795871441,981.2703128546212,983.7296369469886,12901022,HDFCBANK.NS
2025-12-09,980.8768310546875,986.4841021884776,977.82729309106,978.7126738119038,15294322,HDFCBANK.NS
2025-12-10,973.6956176757812,982.2540778335763,969.2688341502419,981.2703481612342,15322830,HDFCBANK.NS
2025-12-11,984.0247802734375,986.3857555063869,972.4167821359742,973.892376646044,11844809,HDFCBANK.NS
2025-12-12,985.2052612304688,988.3532081724247,981.9589653386773,986.6808557305643,11988618,HDFCBANK.NS
2025-12-15,979.89306640625,985.5003373398883,975.8597989154725,975.8597989154725,9790060,HDFCBANK.NS
2025-12-16,978.1223754882812,982.4508099496376,973.9906989646398,973.9906989646398,20049088,HDFCBANK.NS
2025-12-17,967.989990234375,979.7947462128429,964.8420432983647,979.7947462128429,19080922,HDFCBANK.NS
2025-12-18,963.7599487304688,971.334679033018,957.464054962666,957.464054962666,14912404,HDFCBANK.NS
2025-12-19,969.465576171875,971.9249003123414,962.7762265182249,970.9411706561548,25952384,HDFCBANK.NS
2025-12-22,971.6298217773438,976.745228147207,967.8916609831689,971.9249286743926,13540411,HDFCBANK.NS
2025-12-23,980.3849487304688,982.647574967353,971.6297908389565,974.3842218605324,17927849,HDFCBANK.NS
2025-12-24,980.9752197265625,983.1394369666097,976.8435431850351,976.8435431850351,13699996,HDFCBANK.NS
2025-12-26,975.9581909179688,980.9752483081762,971.6298163538564,979.7947606844748,9360853,HDFCBANK.NS
2025-12-29,975.564697265625,981.1719682293385,971.1379138798658,976.9418827381613,13545749,HDFCBANK.NS
2025-12-30,974.7777709960938,978.8110386964976,966.219310709625,974.0891482066822,33155849,HDFCBANK.NS
2025-12-31,975.0728759765625,981.3687099365719,971.531413084593,974.8761180311038,10963454,HDFCBANK.NS
2026-01-01,975.023681640625,981.3195154723957,973.4005036762727,977.3354223369146,7132074,HDFCBANK.NS
2026-01-02,985.3035888671875,986.8775923251652,972.7118614138294,975.0236621058955,11751459,HDFCBANK.NS
2026-01-05,961.5957641601562,990.0255759869466,960.4152765333309,989.3861276768052,27647379,HDFCBANK.NS
2026-01-06,946.544677734375,950.9714611429873,940.445541918535,947.0365425575541,31988783,HDFCBANK.NS
2026-01-07,933.608642578125,940.8882662408619,930.6082790568153,940.4455758755977,52884712,HDFCBANK.NS
2026-01-08,931.296875,937.4943598087852,926.083119844739,929.3294156929511,21928849,HDFCBANK.NS
2026-01-09,923.72216796875,935.1334082207486,918.1148967937476,929.6245460388378,38183839,HDFCBANK.NS
2026-01-12,921.7055053710938,926.6733280832916,914.4750564356341,922.246544668881,21071666,HDFCBANK.NS
2026-01-13,922.0989990234375,932.2806373194226,917.4262830054705,932.2806373194226,32042827,HDFCBANK.NS
2026-01-14,910.3926391601562,924.7550683892156,905.2280583696796,914.8685971701506,36688248,HDFCBANK.NS
2026-01-15,910.3926391601562,910.3926391601562,910.3926391601562,910.3926391601562,0,HDFCBANK.NS
2026-01-16,915.95068359375,920.7218085803552,904.2443363942556,906.9987674975428,37780235,HDFCBANK.NS
2026-01-19,912.8027954101562,920.9185652819042,904.5394420693568,920.6726328615482,38191942,HDFCBANK.NS
2026-01-20,916.049072265625,919.2953681382725,904.637772173591,914.1799618930222,36022727,HDFCBANK.NS
2026-01-21,905.3755493164062,916.9836070913005,900.6044845836736,909.9499161549952,32766854,HDFCBANK.NS
2026-01-22,903.75244140625,913.1962220288154,898.3419283315923,912.9011151422527,44444755,HDFCBANK.NS
2026-01-23,901.1947021484375,911.0319985807623,894.4561781091321,905.0312717738813,30985247,HDFCBANK.NS
2026-01-27,911.3272094726562,916.0490999795524,890.2753700750383,891.2590997657288,44753093,HDFCBANK.NS
2026-01-28,917.524658203125,926.1322926560076,913.2946327089841,917.3279002643548,35347138,HDFCBANK.NS
2026-01-29,920.2791137695312,924.0172745375145,909.310503842987,914.9669494914904,37175628,HDFCBANK.NS
2026-01-30,914.1307983398438,923.6238136980638,912.6552038308206,914.8685955943554,29691233,HDFCBANK.NS
2026-02-02,912.9994506835938,914.6718030723491,894.5053455447564,900.1126164754811,28032106,HDFCBANK.NS
2026-02-03,933.2643432617188,977.8272849855383,929.6245315003357,967.7440559401642,50336968,HDFCBANK.NS
2026-02-04,937.5927124023438,941.62604002273,932.5265406922532,937.0024986247718,24366770,HDFCBANK.NS
2026-02-05,934.248046875,940.4947060438036,931.2968579683982,940.4455315704454,28103169,HDFCBANK.NS
2026-02-06,925.7879638671875,932.674071523322,922.3449100391202,929.6245335781572,18120272,HDFCBANK.NS
2026-02-09,922.0006103515625,934.5431633331389,920.1315000080592,929.6245151050697,23947829,HDFCBANK.NS
2026-02-10,917.2295532226562,925.5912552799808,914.8194035624206,914.868578036692,31525385,HDFCBANK.NS
2026-02-11,912.0157470703125,920.7709650928405,910.2450456843219,916.098249190927,24869804,HDFCBANK.NS
2026-02-12,905.6215209960938,913.4913584500406,903.5557126812706,911.9174149760892,33872203,HDFCBANK.NS
2026-02-13,889.1932373046875,913.097855324917,886.3403973585059,898.1451529282086,50188359,HDFCBANK.NS
2026-02-16,910.7368774414062,914.3766890728148,887.4224732532938,889.1932346170704,18806989,HDFCBANK.NS
2026-02-17,910.6385498046875,912.9994649414832,903.6540332583628,907.9824677389611,22599629,HDFCBANK.NS
2026-02-18,909.6548461914062,910.4418179261975,904.5886143276533,908.1792516728873,12738702,HDFCBANK.NS
2026-02-19,900.702880859375,914.0816406792112,897.6041683586819,913.8848827326366,21209234,HDFCBANK.NS
2026-02-20,897.0138549804688,902.9162328649714,893.6200357305538,896.1777087970013,22654907,HDFCBANK.NS
2026-02-23,908.5726928710938,910.5893867142319,900.3585742006053,901.5882362795462,23270122,HDFCBANK.NS
2026-02-24,895.6858520507812,912.8519465614362,894.3578410316289,912.8519465614362,31313985,HDFCBANK.NS
2026-02-25,892.8330078125,901.0963609031212,888.4062243801156,895.7350222932594,27884303,HDFCBANK.NS
2026-02-26,883.9794311523438,897.1614323550999,880.4380284625158,897.1614323550999,41165937,HDFCBANK.NS
2026-02-27,873.3060302734375,884.3238147843207,870.6007736322075,883.9794733683615,34620755,HDFCBANK.NS
2026-03-02,865.0918579101562,873.3059762779105,857.3695443137591,861.9439110956672,38378924,HDFCBANK.NS
2026-03-04,854.5167846679688,864.993469417403,834.202743374385,834.202743374385,39862322,HDFCBANK.NS
2026-03-05,863.4686889648438,867.0593261570968,849.4505416361635,859.6321193633155,31324582,HDFCBANK.NS
2026-03-06,843.10546875,857.5171318697022,841.1871839599715,853.9264946975441,34439647,HDFCBANK.NS
2026-03-09,827.0215454101562,828.7430723323081,808.1339237415574,811.5769775858611,35592613,HDFCBANK.NS
2026-03-10,835.629150390625,842.8595391904452,826.923107096334,836.2193641547399,52866024,HDFCBANK.NS
2026-03-11,820.38134765625,835.0388833093358,814.1346283989498,831.2515482012323,42261076,HDFCBANK.NS
2026-03-12,819.2008666992188,822.7915039414563,806.7566625998296,806.7566625998296,46107561,HDFCBANK.NS
2026-03-13,803.7071533203125,810.3965031755142,798.7885048911796,806.6583423777922,41700464,HDFCBANK.NS
2026-03-16,826.9231567382812,830.7597265616207,802.3791489072894,803.7071599773169,52182605,HDFCBANK.NS
2026-03-17,831.5958251953125,835.0881134427475,821.5125964091002,833.907625869114,38826979,HDFCBANK.NS
2026-03-18,829.333251953125,833.0222380629118,818.0695356894909,831.5958180920426,23507063,HDFCBANK.NS
2026-03-19,785.2130126953125,802.3791069663046,757.4718247668609,757.4718247668609,171637393,HDFCBANK.NS
2026-03-20,767.7518310546875,780.8354236248008,765.5384393026802,772.2277890336613,103129469,HDFCBANK.NS
2026-03-23,732.04248046875,756.1930326018271,728.9928823726722,750.7333447737776,72341738,HDFCBANK.NS
2026-03-24,752.454833984375,760.1770877270425,735.5346719806084,742.7158864237038,61269986,HDFCBANK.NS
2026-03-25,769.5717163085938,781.8683373030494,755.7011518436857,755.7011518436857,59230640,HDFCBANK.NS
2026-03-27,743.8963623046875,762.2921184952538,742.2731843894259,760.6197661066401,65485199,HDFCBANK.NS
2026-03-30,719.6473999023438,738.7809532430898,714.8271607333363,733.0753333889118,103500135,HDFCBANK.NS
2026-04-01,730.17333984375,743.6012737142313,727.0745673991486,730.9111370884557,78862761,HDFCBANK.NS
2026-04-02,738.6826171875,742.7158847301245,714.8271732077576,718.1226435138951,49310300,HDFCBANK.NS
2026-04-06,758.45556640625,760.1770933079504,732.8785952952741,746.6508105088765,42976659,HDFCBANK.NS
2026-04-07,759.4392700195312,761.4067292682865,748.6182441513773,753.5368922732654,51309793,HDFCBANK.NS
2026-04-08,802.82177734375,804.4941298279846,783.0488345582994,786.9837533249241,70269512,HDFCBANK.NS
2026-04-09,784.72119140625,805.674621946626,780.1959987742106,801.7397031581198,48879392,HDFCBANK.NS
2026-04-10,797.1161499023438,799.0344347920734,787.9674758614352,790.9186649096054,38156026,HDFCBANK.NS
2026-04-13,781.7699584960938,785.5081191272287,774.5395096022282,778.6220116333144,47549328,HDFCBANK.NS
2026-04-15,796.72265625,801.5428954413671,790.9186273804953,791.8531825431569,39769515,HDFCBANK.NS
2026-04-16,782.5077514648438,806.7074765090769,779.3106301457999,804.6908427624061,62861293,HDFCBANK.NS
2026-04-17,786.8853759765625,790.8694690755784,775.3757269911107,777.2447773125524,37282544,HDFCBANK.NS
2026-04-20,782.5077514648438,796.7718311959621,777.146412936798,784.130869340026,52148044,HDFCBANK.NS
2026-04-21,798.5425415039062,801.6413139109341,782.2618278432276,782.2618278432276,49135752,HDFCBANK.NS
2026-04-22,786.8853759765625,799.8213849297669,785.0162656130275,796.8210214869076,23876412,HDFCBANK.NS
2026-04-23,771.5883178710938,783.6882404572269,769.7684420568696,779.1138736217773,37677616,HDFCBANK.NS
2026-04-24,772.0802001953125,774.7854567622786,764.3579463755373,764.6530532653331,27720358,HDFCBANK.NS
2026-04-27,776.9496459960938,780.0975928052393,772.227755803421,774.6870798664892,18115375,HDFCBANK.NS
2026-04-28,769.817626953125,781.5732082997206,765.6367759332712,772.2277766082829,35366803,HDFCBANK.NS
2026-04-29,766.3253784179688,777.1464043006358,764.7022005187322,772.7196209849993,25799963,HDFCBANK.NS
2026-04-30,759.1441650390625,766.1286213727735,749.847908057028,757.4718126650201,47998755,HDFCBANK.NS
2026-05-01,759.1441650390625,759.1441650390625,759.1441650390625,759.1441650390625,0,HDFCBANK.NS
2026-05-04,766.7189331054688,773.8017387354295,760.0295232783589,760.0295232783589,29028060,HDFCBANK.NS
2026-05-05,759.734375,764.2595672860843,751.2743242683289,761.8002432312857,38887657,HDFCBANK.NS
2026-05-06,783.58984375,785.9508189360297,760.9148872376333,762.5380651832903,35530831,HDFCBANK.NS
2026-05-07,783.0979614257812,788.5084744009563,775.7199891869062,781.0813276889071,46137553,HDFCBANK.NS
2026-05-08,768.145263671875,775.9167518274592,764.5546865191014,771.2440360478325,38016841,HDFCBANK.NS
2026-05-11,751.2251586914062,762.2428825536997,749.5036318326614,759.3901026416063,41123422,HDFCBANK.NS
2026-05-12,738.2399291992188,747.3394284783378,735.6330216051203,744.2898305325124,43937132,HDFCBANK.NS
2026-05-13,737.4037475585938,747.5853858194506,735.1903557682459,739.7647228184694,28960919,HDFCBANK.NS
2026-05-14,757.0291748046875,765.6368096362314,734.846082190099,738.7810009702333,50992358,HDFCBANK.NS
2026-05-15,755.0125122070312,769.1782432932904,752.9467039429112,760.4230253238243,24347873,HDFCBANK.NS
2026-05-18,756.143798828125,761.5050772404568,739.1252283144738,746.6507839481793,29812079,HDFCBANK.NS
2026-05-19,750.044677734375,758.2587962302428,747.8804605130283,754.2255287138954,40307830,HDFCBANK.NS
2026-05-20,747.1427001953125,749.8479568451309,742.8635000569833,747.2410491475586,24013451,HDFCBANK.NS
2026-05-21,746.7984008789062,755.7503168336749,742.8634822100684,754.5206547496631,34664725,HDFCBANK.NS
2026-05-22,754.3239135742188,762.390509033052,746.7984174780529,746.7984174780529,25604071,HDFCBANK.NS
2026-05-25,774.0476684570312,775.0313981291084,762.5872538025895,763.3742255318324,26043952,HDFCBANK.NS
2026-05-26,766.22705078125,777.9825721015808,764.1120080103449,771.2932224692265,31528062,HDFCBANK.NS
2026-05-27,746.3065185546875,761.3083956280444,744.584991677417,756.9799611769273,63680153,HDFCBANK.NS
2026-05-28,746.3065185546875,746.3065185546875,746.3065185546875,746.3065185546875,0,HDFCBANK.NS
2026-05-29,732.4359130859375,748.1264133157719,725.7465633447872,733.9115075895189,101299431,HDFCBANK.NS
2026-06-01,730.6160278320312,740.1089829912345,727.1729740345589,736.8135126590627,47996441,HDFCBANK.NS
2026-06-02,736.0757446289062,741.3386744827858,721.2214502442791,725.0087855549667,47314447,HDFCBANK.NS
2026-06-03,741.3878784179688,744.5849997963322,730.5176176978582,732.3375535846441,36109480,HDFCBANK.NS
2026-06-04,741.9288940429688,744.9784318589446,732.8785694984622,736.9610714527732,42673538,HDFCBANK.NS
2026-06-05,734.8952026367188,746.355676758121,732.5342875674706,741.6829610502508,22116568,HDFCBANK.NS
2026-06-08,726.6319580078125,729.4355636015806,722.5494557860566,725.9925096938186,21550700,HDFCBANK.NS
2026-06-09,726.3367919921875,731.8457142768752,720.3852393810432,727.4189306755471,38539563,HDFCBANK.NS
2026-06-10,734.698486328125,743.6504624272108,724.418559222074,724.5169081730804,44458159,HDFCBANK.NS
2026-06-11,732.485107421875,743.699649970007,728.0583237911012,730.9111639255492,32632007,HDFCBANK.NS
2026-06-12,759.8819580078125,761.8494172504803,740.8467538097462,742.4207572291352,36088159,HDFCBANK.NS
2026-06-15,764.7022094726562,780.5894671305239,762.980682607529,777.1464134002696,39990334,HDFCBANK.NS
2026-06-16,772.1294555664062,774.8838866823837,766.7681167622869,767.8010209255166,27820970,HDFCBANK.NS
2026-06-17,774.2935791015625,781.376444549763,770.3586605239058,774.8346784396643,32405604,HDFCBANK.NS
2026-06-18,786.0,789.8857441736253,773.4082723338255,773.7033792240301,41492071,HDFCBANK.NS
2026-06-19,779.7999877929688,789.0499877929688,776.2000122070312,788.7000122070312,33798761,HDFCBANK.NS
2026-06-22,786.4000244140625,789.9000244140625,783.0999755859375,789.9000244140625,25194765,HDFCBANK.NS
2026-06-23,774.6500244140625,790.9000244140625,772.5499877929688,783.0499877929688,28289062,HDFCBANK.NS
2026-06-24,793.2000122070312,794.9000244140625,772.6500244140625,773.0,34701292,HDFCBANK.NS
2026-06-25,796.2999877929688,804.4500122070312,794.75,798.5,46707966,HDFCBANK.NS
2026-06-26,796.2999877929688,796.2999877929688,796.2999877929688,796.2999877929688,0,HDFCBANK.NS
2026-06-29,798.9000244140625,805.9000244140625,793.2999877929688,800.0,46695977,HDFCBANK.NS
2026-06-30,797.9500122070312,806.0999755859375,792.75,806.0999755859375,45778356,HDFCBANK.NS
2026-07-01,796.1500244140625,802.25,793.5,793.5,26094378,HDFCBANK.NS
2026-07-02,795.9000244140625,805.4500122070312,794.0,795.0,34143823,HDFCBANK.NS
2026-07-03,801.0499877929688,807.0,798.5499877929688,803.0,25871958,HDFCBANK.NS
2026-07-06,829.8499755859375,831.5,805.0,805.0,63203327,HDFCBANK.NS
2026-07-07,829.2999877929688,843.0,826.0999755859375,843.0,57611729,HDFCBANK.NS
2026-07-08,810.2999877929688,834.3499755859375,806.9500122070312,825.9000244140625,38754632,HDFCBANK.NS
2026-07-09,817.5499877929688,822.8499755859375,812.2999877929688,813.0,39891798,HDFCBANK.NS
2026-07-10,824.9500122070312,827.7000122070312,820.2999877929688,824.0,23595785,HDFCBANK.NS
2026-07-13,817.9500122070312,821.9500122070312,811.0,817.0,21741736,HDFCBANK.NS
2026-07-14,809.4000244140625,818.4000244140625,807.0,811.4000244140625,25605395,HDFCBANK.NS
2026-07-15,815.4500122070312,819.7000122070312,809.7000122070312,811.0,21488739,HDFCBANK.NS
2026-07-16,808.2999877929688,818.0,806.5,814.5,18698186,HDFCBANK.NS
2026-07-17,819.5999755859375,823.7000122070312,808.5,810.0,17415322,HDFCBANK.NS
2026-07-20,777.5999755859375,790.0,774.5499877929688,790.0,56061789,HDFCBANK.NS
2026-07-21,761.4500122070312,772.5,760.0999755859375,769.1500244140625,42246009,HDFCBANK.NS
2026-07-22,753.1500244140625,761.3499755859375,750.3499755859375,760.25,23385446,HDFCBANK.NS
2026-07-23,747.25,751.0,743.25,749.4000244140625,32532090,HDFCBANK.NS
2026-07-24,742.7999877929688,748.25,737.25,738.5,23837859,HDFCBANK.NS
2026-07-27,739.5499877929688,747.9500122070312,738.0999755859375,746.0999755859375,29678752,HDFCBANK.NS
2026-07-28,735.4000244140625,740.25,732.0,732.0,33886037,HDFCBANK.NS
2026-07-29,748.2000122070312,751.25,740.7999877929688,743.0,20460659,HDFCBANK.NS
2026-07-30,753.9500122070312,757.9000244140625,745.5,752.7999877929688,35844392,HDFCBANK.NS
