Date,Close,High,Low,Open,Volume,Ticker
2020-01-01,1732.31103515625,1735.3077042475215,1715.7173745343136,1726.4517898077297,543035,HINDUNILVR.NS
2020-01-02,1733.65283203125,1746.6682449948014,1726.451784794463,1735.3971308296675,663275,HINDUNILVR.NS
2020-01-03,1724.1707763671875,1735.3972299611075,1716.388368550451,1733.5187290256324,1598825,HINDUNILVR.NS
2020-01-06,1713.4364013671875,1725.9152256143461,1709.6793994066547,1724.0813858502008,683129,HINDUNILVR.NS
2020-01-07,1718.1326904296875,1727.3464411739544,1715.7174905083607,1716.8356588415909,808935,HINDUNILVR.NS
2020-01-08,1725.870361328125,1731.8638088486596,1705.3854965238957,1708.5611381292338,1889685,HINDUNILVR.NS
2020-01-09,1730.96923828125,1741.9272872380648,1727.346329437488,1736.7837132379273,1544334,HINDUNILVR.NS
2020-01-10,1747.9210205078125,1751.051892345979,1727.9281893233208,1736.2026363241894,1003336,HINDUNILVR.NS
2020-01-13,1784.4625244140625,1787.1461285139997,1750.6044078590799,1754.1825466589962,2040089,HINDUNILVR.NS
2020-01-14,1796.94140625,1802.4427074732478,1773.3256675788891,1785.0440506827563,1610737,HINDUNILVR.NS
2020-01-15,1808.4361572265625,1813.221896188821,1786.698919627345,1799.0435425694423,1559491,HINDUNILVR.NS
2020-01-16,1833.125244140625,1838.0004146042081,1803.4713968319531,1808.7491734304472,2468958,HINDUNILVR.NS
2020-01-17,1843.009765625,1846.229959299164,1824.8954391339948,1838.2686883464357,994719,HINDUNILVR.NS
2020-01-20,1845.290771484375,1856.9642732026418,1833.7959146139256,1843.188527835119,829399,HINDUNILVR.NS
2020-01-21,1838.62646484375,1856.1594316514306,1835.7192271797176,1842.517777997125,750000,HINDUNILVR.NS
2020-01-22,1835.316650390625,1845.872202666829,1813.4005520308783,1845.4249353533648,983169,HINDUNILVR.NS
2020-01-23,1839.9683837890625,1843.5019706575872,1820.37816071858,1835.3616173240032,708017,HINDUNILVR.NS
2020-01-24,1854.99658203125,1859.7376596665245,1833.8409235242239,1840.0578960721696,914993,HINDUNILVR.NS
2020-01-27,1843.94921875,1850.5686882719888,1839.8342717116195,1848.1087178102373,429312,HINDUNILVR.NS
2020-01-28,1843.2783203125,1847.2141856999426,1827.2660178853598,1844.5305815560687,777052,HINDUNILVR.NS
2020-01-29,1855.44384765625,1865.8205376259614,1844.5753383109486,1844.5753383109486,873433,HINDUNILVR.NS
2020-01-30,1841.0419921875,1858.8431457353745,1833.3041358342336,1856.0700007500855,952768,HINDUNILVR.NS
2020-01-31,1819.707275390625,1850.1214562254688,1807.004925896879,1846.3196836211134,1930834,HINDUNILVR.NS
2020-02-03,1949.14599609375,1963.9953568438873,1856.069633344975,1856.069633344975,4012542,HINDUNILVR.NS
2020-02-04,1928.2586669921875,1971.732912914679,1914.3038413525453,1947.4016180488277,1932121,HINDUNILVR.NS
2020-02-05,1932.4635009765625,1953.6639312776308,1926.738347431958,1938.8145667873828,1514368,HINDUNILVR.NS
2020-02-06,1928.974365234375,1964.6216571617417,1908.9816475332075,1937.5619849344714,1302116,HINDUNILVR.NS
2020-02-07,1932.14990234375,1942.929087599347,1915.7353240064135,1936.6673456043216,908152,HINDUNILVR.NS
2020-02-10,1931.5689697265625,1958.628646479656,1924.770418127552,1932.2846412199758,1389847,HINDUNILVR.NS
2020-02-11,1925.6201171875,1949.7725551233923,1921.1922139110402,1940.2458475166984,777506,HINDUNILVR.NS
2020-02-12,2021.9615478515625,2032.382789498913,1927.7222321171469,1929.60084229885,4753325,HINDUNILVR.NS
2020-02-13,2042.580322265625,2047.545033226813,1997.540633898112,2018.0701603347702,2950407,HINDUNILVR.NS
2020-02-14,2017.22021484375,2055.2827042697772,2009.3482669918917,2033.2770666099364,1728651,HINDUNILVR.NS
2020-02-17,2015.0289306640625,2047.5899060330673,2006.620173540149,2010.9139837319071,1420851,HINDUNILVR.NS
2020-02-18,1998.7484130859375,2024.2874245802022,1987.745810071759,2015.0291206981046,1194605,HINDUNILVR.NS
2020-02-19,2050.40771484375,2064.765041084567,2004.8759839810766,2012.8820262174606,1299800,HINDUNILVR.NS
2020-02-20,2011.1375732421875,2048.439625328976,2005.9939988860694,2041.5069816315995,1555224,HINDUNILVR.NS
2020-02-24,1981.5286865234375,2023.4377295069662,1977.011460470684,2000.895496092773,1409245,HINDUNILVR.NS
2020-02-25,1998.0328369140625,2039.2707564493448,1991.0106520087934,2003.6682309333314,2237493,HINDUNILVR.NS
2020-02-26,2000.358642578125,2017.8020708859701,1970.0787711406447,2002.6845203760836,2896154,HINDUNILVR.NS
2020-02-27,2017.1309814453125,2021.3800212773876,1967.9763432769164,2005.502030325949,2446802,HINDUNILVR.NS
2020-02-28,1945.389404296875,1994.275639940232,1927.722343377292,1960.0151344910068,3837330,HINDUNILVR.NS
2020-03-02,1931.7030029296875,2005.5021190681357,1915.959322522181,1959.0310829478942,1707337,HINDUNILVR.NS
2020-03-03,1938.143798828125,1958.6735478561982,1915.8251985353297,1942.8401066777876,1753148,HINDUNILVR.NS
2020-03-04,1946.3731689453125,1954.6028434692298,1925.0384316833781,1949.1908655381417,1515878,HINDUNILVR.NS
2020-03-05,1984.077880859375,2020.440627522733,1951.7405401761196,1954.5582370052905,2272645,HINDUNILVR.NS
2020-03-06,1958.046630859375,2012.7027803858557,1931.5237682436261,1954.558033396931,2479414,HINDUNILVR.NS
2020-03-09,1897.7552490234375,1940.7824527970356,1889.2571698974782,1914.304139952937,2485118,HINDUNILVR.NS
2020-03-11,1927.722412109375,1940.6483957418156,1848.1088182914007,1848.1088182914007,2861629,HINDUNILVR.NS
2020-03-12,1839.11865234375,1899.0972502517761,1817.3815237111164,1880.669747277729,3655780,HINDUNILVR.NS
2020-03-13,1818.76806640625,1896.4137287918436,1688.9710919965646,1762.2335121320434,3667035,HINDUNILVR.NS
2020-03-16,1737.096923828125,1824.135083020021,1729.940646359712,1789.0693671032486,2948679,HINDUNILVR.NS
2020-03-17,1792.692138671875,1867.788275914411,1746.0867978786089,1749.3072098491502,3732382,HINDUNILVR.NS
2020-03-18,1720.90576171875,1846.140609689247,1707.979670821265,1819.5282044955163,3910994,HINDUNILVR.NS
2020-03-19,1644.4232177734375,1698.7214315434778,1571.9659055275072,1694.5171620422288,5095006,HINDUNILVR.NS
2020-03-20,1835.316650390625,1859.6479485646298,1654.8890598176079,1654.8890598176079,4252245,HINDUNILVR.NS
2020-03-23,1672.5115966796875,1775.696268577065,1654.8893055905032,1744.3427815683683,3574673,HINDUNILVR.NS
2020-03-24,1813.9820556640625,1852.536476974179,1726.4518626039126,1766.7059215765428,5788124,HINDUNILVR.NS
2020-03-25,1867.9222412109375,1913.3646402236475,1790.545111501264,1798.059223592609,3959038,HINDUNILVR.NS
2020-03-26,1963.414306640625,2012.703260510483,1842.7416518451532,1868.6831605361774,3201540,HINDUNILVR.NS
2020-03-27,1914.796142578125,2028.4913628170539,1896.8606795995254,2002.8630330692465,2918646,HINDUNILVR.NS
2020-03-30,1953.97705078125,1979.6053837791874,1881.072469318076,1899.0972570100382,2809606,HINDUNILVR.NS
2020-03-31,2056.088134765625,2069.0588887156364,1954.5584400534656,1999.1063145395462,2809269,HINDUNILVR.NS
2020-04-01,1949.77294921875,2079.7041462286447,1930.4511259999995,2051.34743296932,2774626,HINDUNILVR.NS
2020-04-03,1926.9171142578125,2016.3705763487515,1903.5249028856872,1998.3903431115762,4121436,HINDUNILVR.NS
2020-04-07,2187.047607421875,2200.5551675552288,1985.8668585254502,1985.8668585254502,8510114,HINDUNILVR.NS
2020-04-08,2201.3154296875,2338.5817123924726,2162.447728865155,2175.508020622161,9791862,HINDUNILVR.NS
2020-04-09,2122.059814453125,2236.3366155054537,2097.683745344116,2236.291845094694,4770068,HINDUNILVR.NS
2020-04-13,2098.980224609375,2167.4568774367112,2070.8471610672664,2129.8864321819274,3249551,HINDUNILVR.NS
2020-04-15,2225.19921875,2251.18548824735,2130.3337964796365,2170.095809174709,29485531,HINDUNILVR.NS
2020-04-16,2179.17578125,2259.7284455966283,2165.7577625281097,2205.9222778787416,5388243,HINDUNILVR.NS
2020-04-17,2133.465087890625,2235.263172240752,2105.779284831038,2235.263172240752,4540936,HINDUNILVR.NS
2020-04-20,2090.124755859375,2164.7736207133808,2076.2146998660155,2164.7736207133808,2985268,HINDUNILVR.NS
2020-04-21,2072.99462890625,2127.2035191480886,2041.3281878452224,2042.2227225462939,3227335,HINDUNILVR.NS
2020-04-22,2134.49365234375,2146.838273524814,2035.6475788626524,2073.4864361904247,2837815,HINDUNILVR.NS
2020-04-23,2073.083740234375,2158.5117864878302,2064.630432739047,2137.042958109999,4095570,HINDUNILVR.NS
2020-04-24,2042.31201171875,2091.4218733993343,2039.538867130232,2067.269439446476,2169013,HINDUNILVR.NS
2020-04-27,2075.72265625,2083.7286968070953,2042.4460146142437,2061.902141108434,2013715,HINDUNILVR.NS
2020-04-28,2048.439453125,2092.0032442439624,2027.9099278383435,2092.0032442439624,2164023,HINDUNILVR.NS
2020-04-29,1996.3778076171875,2050.0051189590786,1986.7615596360583,2048.4844536544683,3642151,HINDUNILVR.NS
2020-04-30,1963.5032958984375,2032.3824547978359,1932.1945873078018,2032.3824547978359,8448047,HINDUNILVR.NS
2020-05-04,1863.002685546875,1932.1950349180954,1848.1087695096228,1905.3589927664552,8474573,HINDUNILVR.NS
2020-05-05,1826.1923828125,1897.3078833922666,1818.6782703459803,1879.5960546637643,4304136,HINDUNILVR.NS
2020-05-06,1798.1937255859375,1854.370552027204,1789.0695147392223,1833.7514821913794,5127656,HINDUNILVR.NS
2020-05-07,1781.9578857421875,1795.3311357756668,1701.40499264839,1744.4320897084212,185669922,HINDUNILVR.NS
2020-05-08,1869.085205078125,1876.7335192951662,1821.2723762082737,1856.1144538723195,16100226,HINDUNILVR.NS
2020-05-11,1832.007080078125,1893.3274779261847,1821.2278931794863,1863.315794825554,11158755,HINDUNILVR.NS
2020-05-12,1799.4012451171875,1813.982094607069,1775.651306135017,1806.9600193414278,14881008,HINDUNILVR.NS
2020-05-13,1785.2674560546875,1856.1593242207073,1767.0636984973373,1856.1593242207073,8432979,HINDUNILVR.NS
2020-05-14,1794.4814453125,1812.8194073441034,1771.76024124875,1778.3350496989028,8510002,HINDUNILVR.NS
2020-05-15,1817.7838134765625,1822.748524388909,1794.436481296919,1802.487293027563,5491136,HINDUNILVR.NS
2020-05-18,1793.7657470703125,1831.8729042986313,1778.8717221448271,1826.1926306665218,7675561,HINDUNILVR.NS
2020-05-19,1767.1981201171875,1811.2539553350296,1760.533770896504,1805.1710755249755,5963193,HINDUNILVR.NS
2020-05-20,1780.8841552734375,1798.0145144016115,1766.7058039518322,1767.1978416516324,3926496,HINDUNILVR.NS
2020-05-21,1763.03857421875,1792.1109538180876,1748.9943130176953,1788.1749790484882,4261625,HINDUNILVR.NS
2020-05-22,1778.2457275390625,1784.6416731147733,1751.4991155290888,1766.706206930516,5339946,HINDUNILVR.NS
2020-05-26,1769.2108154296875,1806.9601369893282,1766.706074531645,1793.4973457555832,4628932,HINDUNILVR.NS
2020-05-27,1787.36962890625,1793.6313713391705,1754.1824158509962,1780.1239202159522,4261645,HINDUNILVR.NS
2020-05-28,1797.97021484375,1802.4876593558292,1780.1242888923573,1789.0696370777462,5500796,HINDUNILVR.NS
2020-05-29,1840.3709716796875,1849.8976784599236,1789.0693215279725,1797.1201334748484,8778345,HINDUNILVR.NS
2020-06-01,1886.17138671875,1916.9880667450846,1852.7604247501104,1856.1597006514469,6592547,HINDUNILVR.NS
2020-06-02,1885.1422119140625,1900.8861089260663,1869.5773965437545,1898.2025050075824,3268728,HINDUNILVR.NS
2020-06-03,1896.8604736328125,1922.3547077750125,1865.1044977714755,1891.9405337106334,4895117,HINDUNILVR.NS
2020-06-04,1896.950439453125,1907.5057745736663,1883.2192439642376,1891.9409575985571,3264730,HINDUNILVR.NS
2020-06-05,1867.4306640625,1903.5697773661207,1865.1047865640799,1899.991638686861,2981853,HINDUNILVR.NS
2020-06-08,1888.9888916015625,1900.4389794963258,1858.9326565691028,1884.784622169338,4298456,HINDUNILVR.NS
2020-06-09,1884.33740234375,1918.598126064817,1874.0950233984977,1878.5229266185022,3127904,HINDUNILVR.NS
2020-06-10,1896.0557861328125,1905.3588594039863,1874.944680427585,1892.7458331186356,2421659,HINDUNILVR.NS
2020-06-11,1884.695068359375,1912.6940480926562,1874.6315530042048,1891.9408867720015,2566927,HINDUNILVR.NS
2020-06-12,1885.00830078125,1895.5190838085032,1847.214208619424,1847.4378423008548,2338438,HINDUNILVR.NS
2020-06-15,1864.478759765625,1906.8796181183247,1839.8790549762964,1891.806839128223,2830788,HINDUNILVR.NS
2020-06-16,1857.3670654296875,1896.4134146527874,1840.0577329909358,1887.2892051097936,2806772,HINDUNILVR.NS
2020-06-17,1859.06689453125,1877.6284910964,1844.7991085608312,1857.0541912892456,2293301,HINDUNILVR.NS
2020-06-18,1847.5272216796875,1864.9706473069634,1837.4189364838935,1851.9103540957963,2326907,HINDUNILVR.NS
2020-06-19,1884.81396484375,1891.3436034747938,1852.6160915941196,1872.4301674400458,4673528,HINDUNILVR.NS
2020-06-22,1892.0638427734375,1908.3652886990092,1879.6349714818703,1900.3496836735726,2487234,HINDUNILVR.NS
2020-06-23,1941.7337646484375,1956.189073185116,1892.7841377716063,1904.8526196070536,4308814,HINDUNILVR.NS
2020-06-24,1918.6329345703125,1960.6026156724715,1913.8594998412161,1956.1895687788808,3023015,HINDUNILVR.NS
2020-06-25,1957.22509765625,1972.3108127973846,1902.1510673478315,1904.2225826571923,8208033,HINDUNILVR.NS
2020-06-26,1940.1575927734375,1963.3490602074326,1925.6574285598567,1963.3490602074326,3176048,HINDUNILVR.NS
2020-06-29,1966.05126953125,1977.7145089601543,1927.368840746092,1937.5911886722984,3295039,HINDUNILVR.NS
2020-06-30,1963.3946533203125,1981.362372340891,1954.3882558280175,1975.82352583623,2373109,HINDUNILVR.NS
2020-07-01,1954.74853515625,1974.0223588176352,1945.4721211168167,1966.0966845962603,1532931,HINDUNILVR.NS
2020-07-02,1937.951416015625,1961.2778955888732,1931.872098224011,1952.3616507809322,2588838,HINDUNILVR.NS
2020-07-03,1957.720458984375,1970.5996505858668,1942.0944922222147,1950.3352574696958,1946252,HINDUNILVR.NS
2020-07-06,1946.822998046875,1963.3946817192939,1939.077408138367,1963.3946817192939,2375516,HINDUNILVR.NS
2020-07-07,1940.11279296875,1959.3415372399613,1937.8611938682675,1959.3415372399613,2014667,HINDUNILVR.NS
2020-07-08,1968.84375,1976.0037926925002,1913.8596442441035,1939.6180314091562,3349938,HINDUNILVR.NS
2020-07-09,1959.6568603515625,1999.3749367831524,1955.3337460771968,1966.0963458629337,3039571,HINDUNILVR.NS
2020-07-10,2002.8426513671875,2010.2278530874655,1952.0915152413845,1954.3881905017026,3179516,HINDUNILVR.NS
2020-07-13,2040.1741943359375,2048.9554319012286,2012.9298418897783,2016.5324008909233,4556662,HINDUNILVR.NS
2020-07-14,2012.7041015625,2044.4065676542025,2005.3639776673888,2039.7683622308166,2403256,HINDUNILVR.NS
2020-07-15,2049.090087890625,2063.365313433374,2012.9745720382025,2014.955935171897,2474512,HINDUNILVR.NS
2020-07-16,2060.5283203125,2063.6354828405983,2015.63134996629,2049.180173820733,2495150,HINDUNILVR.NS
2020-07-17,2102.588623046875,2107.497065826201,2054.3593192946855,2057.961878381568,3088712,HINDUNILVR.NS
2020-07-20,2099.34619140625,2110.469180325471,2072.0119067916307,2102.588582474981,2816219,HINDUNILVR.NS
2020-07-21,2087.6826171875,2116.5030847241696,2078.676221082291,2114.7018055031276,3037810,HINDUNILVR.NS
2020-07-22,2025.0882568359375,2098.49038844907,2018.5586193611496,2098.49038844907,6950011,HINDUNILVR.NS
2020-07-23,1991.6297607421875,2041.885281917696,1986.4060063162851,2035.4457957823684,3936886,HINDUNILVR.NS
2020-07-24,1989.7833251953125,1999.420125970062,1952.6319377195173,1981.4073320424036,4203314,HINDUNILVR.NS
2020-07-27,2000.771240234375,2013.7854408769492,1967.6727288327934,1997.3938411117647,2209409,HINDUNILVR.NS
2020-07-28,2019.7293701171875,2021.8457412382963,1991.3592228413497,2009.281862849825,1567837,HINDUNILVR.NS
2020-07-29,2009.5972900390625,2037.4269672019725,1994.9168198039151,2012.9296127592552,2404978,HINDUNILVR.NS
2020-07-30,1985.8997802734375,2024.295364603587,1980.9250816463225,2018.1900526521276,2044966,HINDUNILVR.NS
2020-07-31,1998.8338623046875,2009.733019146378,1969.980697986577,1987.6182662192393,1715659,HINDUNILVR.NS
2020-08-03,1993.9498291015625,2010.7281764323247,1979.5232460154484,1998.7436741707709,1683773,HINDUNILVR.NS
2020-08-04,1987.88916015625,2006.973776205358,1967.3572710543694,1998.833362134958,1981720,HINDUNILVR.NS
2020-08-05,1984.949951171875,1998.8337498132435,1972.7393276979972,1991.6883621836187,1715477,HINDUNILVR.NS
2020-08-06,2008.376220703125,2016.1096599293478,1982.688774558538,1989.8794310653052,1824483,HINDUNILVR.NS
2020-08-07,1999.4219970703125,2021.3558969404642,1994.40202943029,2010.6828623235983,1777905,HINDUNILVR.NS
2020-08-10,1995.98486328125,2014.074677381454,1988.7942063410042,2006.1603837126147,1476289,HINDUNILVR.NS
2020-08-11,1999.5120849609375,2019.7275384872282,1995.3062919403606,1998.0650324741246,1665204,HINDUNILVR.NS
2020-08-12,1985.447265625,1998.064864448568,1980.8342755582446,1989.9244496175068,1170430,HINDUNILVR.NS
2020-08-13,1988.6583251953125,2005.2558173350787,1981.6937911941404,1989.8794759301638,1453227,HINDUNILVR.NS
2020-08-14,1966.2725830078125,2004.3517363645,1958.2679714281128,1993.4978460953782,1341664,HINDUNILVR.NS
2020-08-17,1986.306640625,1993.1806367408528,1961.2973428608275,1972.69401283221,1559579,HINDUNILVR.NS
2020-08-18,2002.8592529296875,2005.0752111826348,1979.9303232598802,1993.4976849998975,1339001,HINDUNILVR.NS
2020-08-19,1984.0906982421875,2009.3258980314495,1980.8344437041974,1995.3062935212142,1585107,HINDUNILVR.NS
2020-08-20,1976.9449462890625,1987.8893702473015,1968.307017392439,1977.2163376179974,1768939,HINDUNILVR.NS
2020-08-21,1991.7340087890625,1997.748784275306,1978.528354789931,1988.9752676865717,1374411,HINDUNILVR.NS
2020-08-24,1984.8140869140625,2000.4165497845263,1981.9197611548464,1995.3062662169839,1665474,HINDUNILVR.NS
2020-08-25,1970.975830078125,1987.980079074812,1967.2673297709932,1984.8143615326517,1774886,HINDUNILVR.NS
2020-08-26,1974.3221435546875,1977.2164693360703,1953.6997135251197,1973.6890442935887,2148146,HINDUNILVR.NS
2020-08-27,1963.8756103515625,1979.0258309495537,1958.2225429642522,1973.6894236651108,2172203,HINDUNILVR.NS
2020-08-28,1946.4188232421875,1973.9605223860117,1940.132656700914,1970.8853421684344,1939520,HINDUNILVR.NS
2020-08-31,1915.1234130859375,1960.483531966987,1900.0182422020675,1946.4639265480766,3534275,HINDUNILVR.NS
2020-09-01,1955.1920166015625,1967.1765170481342,1910.058024003633,1944.6095207491696,1738003,HINDUNILVR.NS
2020-09-02,1937.10205078125,1976.3118034955437,1932.4892815826104,1963.6489361047254,1667810,HINDUNILVR.NS
2020-09-03,1934.8411865234375,1948.6799383547334,1924.8014722785977,1947.3684710084208,1590711,HINDUNILVR.NS
2020-09-04,1921.72607421875,1936.4240480692213,1912.0933366089957,1912.9978273074862,1590491,HINDUNILVR.NS
2020-09-07,1956.0517578125,1966.362863893809,1902.8223895660537,1922.9473084812503,2362992,HINDUNILVR.NS
2020-09-08,1937.645263671875,1963.9660322077705,1927.60532825354,1948.2730297347268,1804209,HINDUNILVR.NS
2020-09-09,1928.60009765625,1939.4087162502542,1908.475181641312,1919.3290689302673,2009898,HINDUNILVR.NS
2020-09-10,1930.0927734375,1938.8665105996906,1915.8923124567036,1937.4192370327673,2137794,HINDUNILVR.NS
2020-09-11,1953.0216064453125,1961.8403910523946,1921.5905536149432,1922.042798979409,1934110,HINDUNILVR.NS
2020-09-14,1920.68603515625,1962.4734620649954,1912.9978640713298,1960.031381296724,2096908,HINDUNILVR.NS
2020-09-15,1921.5450439453125,1932.8964453344827,1907.5707081003388,1932.8059079437705,1224058,HINDUNILVR.NS
2020-09-16,1938.775634765625,1952.7499706137005,1910.917279637302,1922.0425583750657,2087841,HINDUNILVR.NS
2020-09-17,1924.93701171875,1940.177767932343,1919.555336363314,1931.087592477642,1741644,HINDUNILVR.NS
2020-09-18,1898.25439453125,1924.3490368968976,1890.3853704075311,1917.520088643046,4475166,HINDUNILVR.NS
2020-09-21,1843.1710205078125,1898.5258020141541,1828.9704515969954,1898.254410664912,3483963,HINDUNILVR.NS
2020-09-22,1833.2218017578125,1858.502272752459,1809.0266754426266,1845.6585489291697,2345687,HINDUNILVR.NS
2020-09-23,1856.5123291015625,1863.250740284124,1832.362362483045,1840.6384740185401,2410295,HINDUNILVR.NS
2020-09-24,1864.064453125,1882.2448011869055,1840.683505315664,1848.7786514300985,3798089,HINDUNILVR.NS
2020-09-25,1880.4813232421875,1909.3797552405304,1873.0645441036093,1883.1495264854495,2528873,HINDUNILVR.NS
2020-09-28,1866.23583984375,1892.5113407351737,1863.2509761542544,1884.0542637520932,1523704,HINDUNILVR.NS
2020-09-29,1839.0103759765625,1871.6173086155154,1831.3674740216334,1867.7732232891335,2298844,HINDUNILVR.NS
2020-09-30,1870.7127685546875,1896.7168744876972,1839.7339640953628,1844.2111486044641,2417367,HINDUNILVR.NS
2020-10-01,1894.9078369140625,1907.480168123376,1872.2955715570927,1890.3853838426685,2131531,HINDUNILVR.NS
2020-10-05,1909.4251708984375,1920.5051821736274,1883.3305254027982,1899.4305043182721,1646110,HINDUNILVR.NS
2020-10-06,1913.8115234375,1935.609834671132,1906.7114049021861,1916.6155325552002,1679499,HINDUNILVR.NS
2020-10-07,1935.022216796875,1944.6549541709262,1911.188799145659,1920.2337059092447,2428544,HINDUNILVR.NS
2020-10-08,1954.4237060546875,1958.2225231359052,1941.2633211456982,1941.9416892253066,1617365,HINDUNILVR.NS
2020-10-09,1935.293212890625,1959.985850293959,1918.515089014919,1944.6547788762355,2001026,HINDUNILVR.NS
2020-10-12,1934.162841796875,1942.4843329694138,1920.5051645988506,1940.3134227763019,1741166,HINDUNILVR.NS
2020-10-13,1933.9820556640625,1947.594685462557,1924.756294282745,1933.7559329791138,1679160,HINDUNILVR.NS
2020-10-14,1952.0263671875,1958.2222163397241,1927.469534882195,1928.9168082211243,2123033,HINDUNILVR.NS
2020-10-15,1946.9613037109375,1971.5181354053225,1936.5596617120138,1953.6997145804423,2344437,HINDUNILVR.NS
2020-10-16,1945.152587890625,1964.463332525298,1939.2733981325541,1964.463332525298,1640399,HINDUNILVR.NS
2020-10-19,1969.800048828125,1976.3123382265715,1946.5546801357693,1947.8661475915144,1605969,HINDUNILVR.NS
2020-10-20,1965.548583984375,1997.5674624520477,1928.8714464974362,1973.6889992717051,5855290,HINDUNILVR.NS
2020-10-21,1956.5491943359375,1986.9401736794014,1931.9923573366113,1980.8348607524247,3954242,HINDUNILVR.NS
2020-10-22,1971.2017822265625,1978.3471700172452,1947.5492192854724,1953.699799857012,2632958,HINDUNILVR.NS
2020-10-23,1939.0924072265625,1979.8395351680506,1935.610029825047,1979.8395351680506,2805684,HINDUNILVR.NS
2020-10-26,1959.80517578125,1964.5537518388714,1937.6904228774818,1944.6549569307429,1646050,HINDUNILVR.NS
2020-10-27,1968.8045654296875,1979.9298435254505,1946.8706692645471,1950.9861454931004,2334808,HINDUNILVR.NS
2020-10-28,1970.3070068359375,1988.1496510350494,1951.8725045196838,1988.1496510350494,1555483,HINDUNILVR.NS
2020-10-29,1931.8448486328125,1966.3468644365553,1926.2916505313663,1949.9606405662507,1934367,HINDUNILVR.NS
2020-10-30,1885.599365234375,1929.9331627778965,1882.5951795399483,1928.2944958307182,2414313,HINDUNILVR.NS
2020-11-02,1886.2364501953125,1900.483272706306,1871.6709177613718,1886.2364501953125,1486077,HINDUNILVR.NS
2020-11-03,1871.397705078125,1904.261275400482,1859.8363585576358,1904.261275400482,2227402,HINDUNILVR.NS
2020-11-04,1875.35791015625,1898.0709934208069,1866.1633286732545,1866.2088904137431,1479878,HINDUNILVR.NS
2020-11-05,1913.8658447265625,1922.6505940036877,1876.4961000469814,1899.8919458739092,2083827,HINDUNILVR.NS
2020-11-06,1906.400634765625,1933.5289850037823,1898.9814051374049,1916.2779759416285,2127821,HINDUNILVR.NS
2020-11-09,1941.35791015625,1946.0005402172126,1919.0544388614192,1929.933026328217,2194404,HINDUNILVR.NS
2020-11-10,1945.0450439453125,1951.96353909632,1904.8987028130218,1948.1401309533412,2471703,HINDUNILVR.NS
2020-11-11,1940.08349609375,1946.865750571748,1915.9139912447085,1945.045058846628,2759942,HINDUNILVR.NS
2020-11-12,1995.5692138671875,2006.4022405116384,1932.8918135963413,1938.126302200217,3010512,HINDUNILVR.NS
2020-11-13,1989.424072265625,2019.5108199677463,1982.9605288691096,2007.3122764404393,2799165,HINDUNILVR.NS
2020-11-14,1991.5634765625,2000.029737013994,1986.3745499155825,2000.029737013994,258276,HINDUNILVR.NS
2020-11-17,1982.3690185546875,2021.286299847256,1977.2709933908482,2021.286299847256,2733542,HINDUNILVR.NS
2020-11-18,1940.9483642578125,1975.4503810911199,1935.3040425099243,1975.4503810911199,3315051,HINDUNILVR.NS
2020-11-19,1939.719482421875,1954.876652412063,1924.9263618824614,1935.2133147695822,2704650,HINDUNILVR.NS
2020-11-20,1930.1607666015625,1949.9607886148083,1912.181436267696,1943.588367736982,2827038,HINDUNILVR.NS
2020-11-23,1938.4903564453125,1948.140111318224,1907.1745482297567,1948.140111318224,3244576,HINDUNILVR.NS
2020-11-24,1963.9346923828125,1967.2573658072545,1932.1179273828504,1940.8573363725436,1989749,HINDUNILVR.NS
2020-11-25,1944.3623046875,1976.3608729417192,1937.2160007461898,1968.1677601566084,1786536,HINDUNILVR.NS
2020-11-26,1961.066650390625,1968.16739125729,1932.2542980643316,1948.1397859808515,1630887,HINDUNILVR.NS
2020-11-27,1946.50146484375,1973.174642874963,1935.3952898510595,1972.7194699469642,5687861,HINDUNILVR.NS
2020-12-01,1941.813232421875,1965.4366624459067,1938.6725837341255,1965.4366624459067,2226742,HINDUNILVR.NS
2020-12-02,1947.5029296875,1957.1524623873408,1931.8450254509917,1952.6918566042189,1634682,HINDUNILVR.NS
2020-12-03,1936.9884033203125,1963.0697233043816,1930.0243463933348,1959.9746362818155,3469163,HINDUNILVR.NS
2020-12-04,1988.37744140625,1998.5732708874564,1942.3140728877454,1949.050543548789,3712143,HINDUNILVR.NS
2020-12-07,2053.87646484375,2057.0173354676817,1990.9261454423079,1992.9744233697177,4147649,HINDUNILVR.NS
2020-12-08,2057.38134765625,2073.949595474511,2039.310896033629,2056.9261747917244,2768211,HINDUNILVR.NS
2020-12-09,2086.69482421875,2090.1541830837446,2042.133436934935,2057.3817307357417,2123890,HINDUNILVR.NS
2020-12-10,2139.72216796875,2146.504199496287,2071.0821858975883,2084.6918106915823,3041370,HINDUNILVR.NS
2020-12-11,2161.84375,2171.174794715233,2123.83681176966,2154.1058104800504,2611218,HINDUNILVR.NS
2020-12-14,2158.2021484375,2177.0006989397907,2144.9110118228778,2167.4876304719187,1575632,HINDUNILVR.NS
2020-12-15,2112.048095703125,2152.012192681767,2100.441185225561,2149.326716668815,2207176,HINDUNILVR.NS
2020-12-16,2133.8046875,2143.7729281302068,2096.5260767857408,2109.3620396261895,1748634,HINDUNILVR.NS
2020-12-17,2107.7236328125,2132.0298207333203,2102.8987557190308,2132.0298207333203,1912868,HINDUNILVR.NS
2020-12-18,2124.24658203125,2133.7596521736373,2104.7197070542616,2113.823165994808,2229891,HINDUNILVR.NS
2020-12-21,2099.211669921875,2139.3124433639155,2062.02418058759,2132.940023319853,2003069,HINDUNILVR.NS
2020-12-22,2103.809326171875,2124.110083722155,2076.498949804434,2102.8989802929605,1764488,HINDUNILVR.NS
2020-12-23,2157.838134765625,2164.1649932698856,2096.753846114628,2112.002137408417,1559556,HINDUNILVR.NS
2020-12-24,2186.8779296875,2193.933108771724,2148.4613860922605,2168.898602343831,2489444,HINDUNILVR.NS
2020-12-28,2174.725341796875,2200.6702012614355,2163.0275297406265,2189.382000430458,1532477,HINDUNILVR.NS
2020-12-29,2170.537353515625,2187.5607740987107,2143.135858330709,2180.2780083089524,1749013,HINDUNILVR.NS
2020-12-30,2190.83837890625,2198.166485087767,2162.981707409859,2175.726549120187,1924886,HINDUNILVR.NS
2020-12-31,2180.642578125,2200.306139351161,2172.99576112173,2181.1888745905594,1709836,HINDUNILVR.NS
2021-01-01,2173.496337890625,2188.471483081026,2168.44387383486,2180.6424196565604,830096,HINDUNILVR.NS
2021-01-04,2208.953857421875,2212.14006739549,2185.466893737326,2189.381424726812,1614486,HINDUNILVR.NS
2021-01-05,2230.847900390625,2236.6740244941043,2189.381605572649,2189.381605572649,2356303,HINDUNILVR.NS
2021-01-06,2200.578857421875,2230.3471194224653,2186.2864733927872,2226.523711668218,1641627,HINDUNILVR.NS
2021-01-07,2156.472412109375,2214.5978493246303,2152.9674924068386,2213.9606518111764,2403881,HINDUNILVR.NS
2021-01-08,2176.81884765625,2184.8299352024715,2149.144424044643,2175.726477139128,2797948,HINDUNILVR.NS
2021-01-11,2211.321044921875,2223.0188549588847,2186.741708619308,2207.5885382860847,2787672,HINDUNILVR.NS
2021-01-12,2162.890869140625,2214.962835654207,2159.3406088112583,2211.9586495472804,2036708,HINDUNILVR.NS
2021-01-13,2159.658935546875,2183.0092162863457,2152.6037556360247,2168.3525600867197,1702740,HINDUNILVR.NS
2021-01-14,2183.51025390625,2190.292286569207,2140.359723886725,2153.878449718514,2120413,HINDUNILVR.NS
2021-01-15,2140.359619140625,2191.202525256196,2132.7583644214906,2178.0025100438097,2042957,HINDUNILVR.NS
2021-01-18,2123.473388671875,2161.6168011257723,2112.594575041959,2161.6168011257723,1733797,HINDUNILVR.NS
2021-01-19,2151.28369140625,2168.5349229444237,2114.9609811475057,2132.0299657150367,1495269,HINDUNILVR.NS
2021-01-20,2144.729248046875,2161.1154732490027,2135.944499547807,2145.685155634146,1380562,HINDUNILVR.NS
2021-01-21,2155.380126953125,2184.738778764539,2139.3126126146562,2162.981603222308,1521133,HINDUNILVR.NS
2021-01-22,2193.341552734375,2204.857337209022,2145.684865318606,2147.5055567613886,2548089,HINDUNILVR.NS
2021-01-25,2184.465576171875,2214.279397103748,2171.174440382217,2203.0365390880356,2124424,HINDUNILVR.NS
2021-01-27,2176.91015625,2207.5887680817254,2125.6576385446715,2207.5887680817254,2460297,HINDUNILVR.NS
2021-01-28,2094.15966796875,2195.3447504490805,2084.6921592904087,2155.608017642157,3867335,HINDUNILVR.NS
2021-01-29,2060.931640625,2114.0959654178846,2049.18826943015,2107.541520512564,4472694,HINDUNILVR.NS
2021-02-01,2047.0037841796875,2080.140284493412,2026.6119036192053,2072.538807681937,2717591,HINDUNILVR.NS
2021-02-02,2030.4808349609375,2071.0367865950707,2007.312577776761,2067.440964976518,4215607,HINDUNILVR.NS
2021-02-03,2032.665283203125,2054.6500407730186,2018.7825126573612,2031.4362277292828,2353429,HINDUNILVR.NS
2021-02-04,2044.2728271484375,2056.471373219201,2026.6119834647827,2038.2644553509479,2908003,HINDUNILVR.NS
2021-02-05,2066.075439453125,2080.140238188647,2040.0850213482527,2044.2727011007091,4036942,HINDUNILVR.NS
2021-02-08,2036.1248779296875,2083.508422044189,2030.344315356696,2082.871224424259,2780672,HINDUNILVR.NS
2021-02-09,2017.5537109375,2052.5564595769506,2012.3192230241823,2045.5468419521997,3131481,HINDUNILVR.NS
2021-02-10,2035.0777587890625,2040.0846600072864,2014.3673946591357,2020.967400810431,2055520,HINDUNILVR.NS
2021-02-11,2060.112548828125,2064.664277835699,2033.7580823247483,2040.9952869963129,1824480,HINDUNILVR.NS
2021-02-12,2040.5855712890625,2068.5331415132287,2031.8917248795362,2064.664172055013,1222094,HINDUNILVR.NS
2021-02-15,2016.59814453125,2058.9747896033914,2014.5954280500964,2049.188571414716,2449407,HINDUNILVR.NS
2021-02-16,1999.2100830078125,2029.2059264066313,1993.7024476168822,2027.3396734556754,2396356,HINDUNILVR.NS
2021-02-17,1969.8970947265625,2004.1717458300025,1966.3468351751158,1999.1192824280345,2447956,HINDUNILVR.NS
2021-02-18,1954.3756103515625,1974.1300661295563,1951.0527154409858,1969.987949050537,3205806,HINDUNILVR.NS
2021-02-19,1985.5552978515625,1997.2986696793498,1957.2434547906118,1959.8833686891405,3364030,HINDUNILVR.NS
2021-02-22,1973.265625,2007.3124686742904,1967.803550255308,2007.3124686742904,2678023,HINDUNILVR.NS
2021-02-23,1983.8709716796875,1995.7965898815476,1975.6322982083552,1989.1054597316129,2062144,HINDUNILVR.NS
2021-02-24,1983.507080078125,1992.2918283457914,1962.2959780080625,1992.2918283457914,924143,HINDUNILVR.NS
2021-02-25,1969.35107421875,1989.1055332333358,1966.346888688332,1981.8227669789346,2099460,HINDUNILVR.NS
2021-02-26,1940.9029541015625,1986.7387352459925,1929.9332419316108,1964.526384947366,3413194,HINDUNILVR.NS
2021-03-01,1951.2353515625,1960.8851071933896,1937.2161133275454,1943.7705594860643,1229276,HINDUNILVR.NS
2021-03-02,1982.68798828125,1988.1045024270359,1948.64113743422,1968.1680143097942,2095135,HINDUNILVR.NS
2021-03-03,1996.84326171875,2007.312237105012,1978.6363480035118,2007.312237105012,2031893,HINDUNILVR.NS
2021-03-04,1999.9384765625,2005.9468473752631,1979.091647920954,1989.1054511073066,2290915,HINDUNILVR.NS
2021-03-05,2003.7623291015625,2011.8187564814705,1980.229800098295,1988.741622653282,2129837,HINDUNILVR.NS
2021-03-08,1979.592529296875,2017.4174422237595,1974.5400655914248,2011.8642438713916,1440724,HINDUNILVR.NS
2021-03-09,2001.3951416015625,2007.312389006798,1968.2130832949877,1980.9123621219012,1711842,HINDUNILVR.NS
2021-03-10,2028.1142578125,2036.3527106314064,1996.570638161347,2012.3196671135574,2696085,HINDUNILVR.NS
2021-03-12,2007.0848388671875,2039.0834038209475,2002.7606964543882,2035.533144214551,2038930,HINDUNILVR.NS
2021-03-15,2012.63818359375,2018.6463327693787,1987.55811132194,2008.3140408659344,1632022,HINDUNILVR.NS
2021-03-16,2042.861083984375,2046.0017318475323,2015.7783024393411,2022.196283356784,2633605,HINDUNILVR.NS
2021-03-17,2026.702392578125,2059.2016850670448,2020.2844118413082,2051.91892048679,3703365,HINDUNILVR.NS
2021-03-18,2016.59814453125,2048.1871020479334,2007.3126610259658,2037.354075000504,2597091,HINDUNILVR.NS
2021-03-19,2104.764892578125,2116.781411781241,1995.022670215499,2006.4931153312407,5382214,HINDUNILVR.NS
2021-03-22,2142.225830078125,2145.230015862086,2095.6161665667396,2102.990056922607,2471516,HINDUNILVR.NS
2021-03-23,2127.75146484375,2160.205206489579,2124.2009825685304,2151.1473094550515,1970612,HINDUNILVR.NS
2021-03-24,2110.727783203125,2140.1317736604947,2107.9511841646977,2127.7512045869667,1762743,HINDUNILVR.NS
2021-03-25,2036.4893798828125,2113.823221150116,2031.0273043759646,2110.7281339305373,2495833,HINDUNILVR.NS
2021-03-26,2110.0908203125,2116.5543655556,2047.1860475736835,2052.8301480980117,1929236,HINDUNILVR.NS
2021-03-30,2183.692138671875,2190.2921461780224,2116.554131281755,2116.554131281755,3327203,HINDUNILVR.NS
2021-03-31,2213.506103515625,2219.9696484457777,2168.125270522428,2172.085364173671,2709756,HINDUNILVR.NS
2021-04-01,2184.010498046875,2227.4339442871847,2177.5925162930457,2227.4339442871847,1532653,HINDUNILVR.NS
2021-04-05,2160.432861328125,2200.488081222891,2136.1266700697392,2184.830176078148,2545447,HINDUNILVR.NS
2021-04-06,2192.3857421875,2194.843631293428,2164.210585315483,2168.716752385082,3683538,HINDUNILVR.NS
2021-04-07,2189.609130859375,2216.691917115717,2173.314030718697,2200.3056934984343,1713970,HINDUNILVR.NS
2021-04-08,2193.8427734375,2220.333931384517,2180.8250032202686,2190.2925128786997,1814515,HINDUNILVR.NS
2021-04-09,2254.016357421875,2260.3887784646668,2206.6783725325627,2206.6783725325627,2604858,HINDUNILVR.NS
2021-04-12,2241.27099609375,2265.1675694680234,2219.0586510772728,2222.608910220508,2261945,HINDUNILVR.NS
2021-04-13,2234.3525390625,2281.2353455896014,2229.254736170206,2248.5540217852545,1811781,HINDUNILVR.NS
2021-04-15,2240.04248046875,2273.133641808537,2204.038479042193,2273.133641808537,3352379,HINDUNILVR.NS
2021-04-16,2238.44921875,2256.701696653812,2221.2437718769925,2248.4630226396093,1225517,HINDUNILVR.NS
2021-04-19,2218.194091796875,2239.177607761559,2197.6204092602025,2221.243839247622,1746316,HINDUNILVR.NS
2021-04-20,2182.508544921875,2235.8093372118306,2170.082413361539,2235.8093372118306,1589508,HINDUNILVR.NS
2021-04-22,2138.76611328125,2175.7262378545383,2122.9261868940516,2175.7262378545383,1721265,HINDUNILVR.NS
2021-04-23,2100.850341796875,2139.31244858527,2093.7951624451575,2130.208991357247,1949756,HINDUNILVR.NS
2021-04-26,2149.0078125,2157.337610264979,2103.809230566844,2115.643726454931,1946867,HINDUNILVR.NS
2021-04-27,2166.486572265625,2172.49472128081,2141.998136541135,2151.1471564135163,1668456,HINDUNILVR.NS
2021-04-28,2190.79248046875,2225.7952280503982,2154.151066182849,2166.62275777503,1951215,HINDUNILVR.NS
2021-04-29,2191.74853515625,2229.3911988860036,2170.4007493361155,2214.871228501054,3151150,HINDUNILVR.NS
2021-04-30,2142.726318359375,2223.8835534230484,2121.333193141554,2193.933267019052,4010778,HINDUNILVR.NS
2021-05-03,2192.11279296875,2198.4852138785427,2130.2092755593335,2132.940313092102,1692239,HINDUNILVR.NS
2021-05-04,2191.793701171875,2201.3978926060327,2159.521991065796,2193.2047814351167,1453111,HINDUNILVR.NS
2021-05-05,2179.959716796875,2215.7819168014307,2156.290723437451,2215.7819168014307,1256857,HINDUNILVR.NS
2021-05-06,2175.7265625,2199.8962890569137,2163.93762829593,2184.830020920502,1377740,HINDUNILVR.NS
2021-05-07,2195.026123046875,2206.678595725615,2182.2357179239693,2192.8413816550496,1169518,HINDUNILVR.NS
2021-05-10,2214.780517578125,2227.570922306891,2199.3957603080653,2205.768181799024,988495,HINDUNILVR.NS
2021-05-11,2186.7421875,2208.499367720425,2179.595882590531,2207.589021732082,1019077,HINDUNILVR.NS
2021-05-12,2120.149658203125,2174.815964120935,2116.5993987323423,2174.815964120935,2053932,HINDUNILVR.NS
2021-05-14,2163.755126953125,2168.8073674616903,2117.4639621807764,2120.1038756402495,1388970,HINDUNILVR.NS
2021-05-17,2163.208984375,2180.277966366386,2154.333113739479,2171.1745093043132,811243,HINDUNILVR.NS
2021-05-18,2161.388427734375,2192.4313071526462,2154.7428592142082,2186.7416461340763,1153722,HINDUNILVR.NS
2021-05-19,2148.188720703125,2166.6232250337694,2133.8507728904015,2148.416307176343,1323590,HINDUNILVR.NS
2021-05-20,2133.986328125,2150.2360843014494,2130.208483177558,2148.415393290187,856235,HINDUNILVR.NS
2021-05-21,2150.464111328125,2154.014370626641,2130.208919677347,2130.208919677347,771492,HINDUNILVR.NS
2021-05-24,2127.068603515625,2148.370607136598,2116.781651137886,2143.8644397074386,1194864,HINDUNILVR.NS
2021-05-25,2133.895751953125,2157.337152293644,2128.3881163546876,2143.8639923076516,1098457,HINDUNILVR.NS
2021-05-26,2142.95361328125,2157.7011680385776,2134.988089017779,2144.5467181339445,811095,HINDUNILVR.NS
2021-05-27,2117.828125,2142.043409262778,2114.6419150839693,2142.043409262778,3755182,HINDUNILVR.NS
2021-05-28,2113.5498046875,2139.3126353423136,2111.4106254035937,2124.15546663542,1215325,HINDUNILVR.NS
2021-05-31,2130.254638671875,2134.760805730296,2112.1386247089176,2116.5538905428307,1178704,HINDUNILVR.NS
2021-06-01,2146.86865234375,2151.147233368017,2121.652116868588,2136.58169983696,1141451,HINDUNILVR.NS
2021-06-02,2147.32373046875,2160.842232329019,2139.312642929853,2144.7747177628653,1113091,HINDUNILVR.NS
2021-06-03,2151.375,2158.475742641535,2134.7611869247858,2156.609489051095,868532,HINDUNILVR.NS
2021-06-04,2132.074951171875,2157.5190661726833,2124.701062930854,2157.5190661726833,1283795,HINDUNILVR.NS
2021-06-07,2129.57177734375,2142.9538149150476,2122.015863452411,2142.9538149150476,1128300,HINDUNILVR.NS
2021-06-08,2147.505859375,2150.236896924014,2125.7940219593734,2129.572090586953,1106664,HINDUNILVR.NS
2021-06-09,2144.774658203125,2159.294628947189,2135.307150989771,2150.236732884457,1072858,HINDUNILVR.NS
2021-06-10,2165.5302734375,2184.783995005313,2144.091588961535,2152.057113387143,1944339,HINDUNILVR.NS
2021-06-11,2154.333251953125,2174.4064205132854,2148.41600448315,2167.5332655399916,1128097,HINDUNILVR.NS
2021-06-14,2168.178955078125,2177.806747553853,2142.504841809517,2162.49379376596,1761632,HINDUNILVR.NS
2021-06-15,2193.25732421875,2196.0540139773434,2163.961366591453,2163.961366591453,1215463,HINDUNILVR.NS
2021-06-16,2207.882080078125,2217.922671873611,2185.646462895791,2186.884411540869,2153668,HINDUNILVR.NS
2021-06-17,2216.868408203125,2224.3872124670397,2188.168366500823,2198.80487663259,1555777,HINDUNILVR.NS
2021-06-18,2276.65185546875,2289.305570079014,2205.2228957091074,2218.976884663634,3937751,HINDUNILVR.NS
2021-06-21,2305.490234375,2318.923211278076,2262.073373753663,2268.4460123814642,2506277,HINDUNILVR.NS
2021-06-22,2283.39111328125,2323.4610179722185,2275.5054043919286,2308.9277724489225,1945883,HINDUNILVR.NS
2021-06-23,2274.451171875,2305.168412051502,2254.0035314033216,2287.746693742441,1035668,HINDUNILVR.NS
2021-06-24,2283.2998046875,2296.733002654792,2268.583214383539,2283.162354330843,759681,HINDUNILVR.NS
2021-06-25,2245.2470703125,2283.1164339754537,2241.900355644802,2281.328460059005,1112942,HINDUNILVR.NS
2021-06-28,2255.837890625,2260.2392125655915,2234.8402203445676,2246.577004232633,694906,HINDUNILVR.NS
2021-06-29,2285.50048828125,2290.03926006062,2241.9002966359226,2251.0696230025314,1354397,HINDUNILVR.NS
2021-06-30,2266.015625,2296.9162094731064,2258.405039493917,2285.500443144233,1447245,HINDUNILVR.NS
2021-07-01,2272.1591796875,2277.6607757642255,2258.405189495687,2277.6607757642255,735043,HINDUNILVR.NS
2021-07-02,2280.6865234375,2285.6378699825505,2248.3187575634465,2272.1590054005796,860231,HINDUNILVR.NS
2021-07-05,2291.460693359375,2304.618543199933,2278.623635645355,2291.414801952578,761700,HINDUNILVR.NS
2021-07-06,2267.115966796875,2290.451857860963,2263.9067025364952,2283.162288098774,461782,HINDUNILVR.NS
2021-07-07,2275.505615234375,2283.8956825382875,2242.6796084258544,2253.8202495701357,623145,HINDUNILVR.NS
2021-07-08,2244.23876953125,2264.5946315596802,2235.894592064295,2257.6717446099137,1114426,HINDUNILVR.NS
2021-07-09,2247.814453125,2259.780468729693,2235.8943289239505,2237.3156192738693,538094,HINDUNILVR.NS
2021-07-12,2241.120849609375,2255.5625388639905,2228.146342140702,2249.2357931156967,543898,HINDUNILVR.NS
2021-07-13,2234.2900390625,2251.574311345782,2228.1466342668764,2251.0699535494573,994396,HINDUNILVR.NS
2021-07-14,2214.254638671875,2238.553351035742,2208.89049375679,2237.132060823494,1377829,HINDUNILVR.NS
2021-07-15,2211.96240234375,2223.5615099545735,2201.555128000384,2223.5615099545735,693792,HINDUNILVR.NS
2021-07-16,2216.593017578125,2228.146459132651,2206.1400743510944,2218.977132140336,545405,HINDUNILVR.NS
2021-07-19,2208.570068359375,2216.226546676762,2199.2632901134525,2200.6845807057302,463873,HINDUNILVR.NS
2021-07-20,2232.63916015625,2255.654258599167,2203.389098948698,2203.389098948698,1061476,HINDUNILVR.NS
2021-07-22,2180.603515625,2299.667321979012,2178.173733397585,2246.485222826387,3546044,HINDUNILVR.NS
2021-07-23,2162.21875,2193.073440967377,2159.101044993088,2184.1333485457476,1517589,HINDUNILVR.NS
2021-07-26,2153.60009765625,2163.9614834295276,2143.7889611263713,2161.4399181416334,1311535,HINDUNILVR.NS
2021-07-27,2147.822998046875,2163.4567448525454,2138.2869878169404,2153.599718643698,1656945,HINDUNILVR.NS
2021-07-28,2165.244873046875,2171.7092936071863,2148.4651830680446,2154.7919294016497,912373,HINDUNILVR.NS
2021-07-29,2140.80859375,2174.4140872279304,2136.4531634811005,2165.2447603460373,1012663,HINDUNILVR.NS
2021-07-30,2139.47900390625,2160.7976880873966,2125.449889543974,2145.6224079089297,1708251,HINDUNILVR.NS
2021-08-02,2139.0205078125,2157.909185884155,2131.5017049350254,2147.4562433301667,1229936,HINDUNILVR.NS
2021-08-03,2188.580810546875,2194.2198568654876,2132.8771514141636,2136.4530992463797,1733476,HINDUNILVR.NS
2021-08-04,2179.640625,2195.8243962318684,2170.883873689006,2188.580718063268,1588974,HINDUNILVR.NS
2021-08-05,2161.85205078125,2192.385952609774,2158.459444769305,2192.385952609774,921757,HINDUNILVR.NS
2021-08-06,2174.505859375,2182.9874866991486,2161.6688018033155,2161.85214356795,1432661,HINDUNILVR.NS
2021-08-09,2186.425537109375,2196.053328319125,2177.577228065556,2181.794983231639,921476,HINDUNILVR.NS
2021-08-10,2183.9501953125,2195.1367286899463,2163.1358692653607,2195.1367286899463,1061370,HINDUNILVR.NS
2021-08-11,2191.88232421875,2196.0544139108224,2165.978968397046,2191.4697491636184,1300594,HINDUNILVR.NS
2021-08-12,2193.578125,2213.0170533085425,2179.961584972414,2196.053798497601,1226064,HINDUNILVR.NS
2021-08-13,2204.7646484375,2209.486762236795,2189.635259084529,2201.555384029294,1033159,HINDUNILVR.NS
2021-08-16,2224.845703125,2234.4278301747804,2193.899220474742,2204.306497517642,1146309,HINDUNILVR.NS
2021-08-17,2277.477294921875,2280.8240094533026,2229.1090990343637,2230.89707287801,1921902,HINDUNILVR.NS
2021-08-18,2279.540283203125,2292.331447910366,2250.1525492688156,2278.577459222904,1545643,HINDUNILVR.NS
2021-08-20,2401.8134765625,2411.533052936035,2270.3254140949134,2283.162472171379,5779927,HINDUNILVR.NS
2021-08-23,2415.337890625,2450.8233609202557,2378.981603002481,2406.9480469768787,2163220,HINDUNILVR.NS
2021-08-24,2414.283935546875,2437.207254342421,2393.194482254973,2415.200868298697,1482854,HINDUNILVR.NS
2021-08-25,2425.287109375,2444.955271973817,2402.9597075006236,2413.366983695652,1746570,HINDUNILVR.NS
2021-08-26,2444.909423828125,2473.7012468332755,2412.4500936403488,2412.4500936403488,2117291,HINDUNILVR.NS
2021-08-27,2455.499755859375,2466.5488391115123,2430.880248417264,2447.2932533786716,1176229,HINDUNILVR.NS
2021-08-30,2464.439697265625,2480.990375420833,2449.677216763749,2468.015868711792,1168190,HINDUNILVR.NS
2021-08-31,2497.81640625,2510.057323226969,2453.3908387601336,2464.6232641041543,2535891,HINDUNILVR.NS
2021-09-01,2505.885009765625,2544.4879617200636,2489.4720057909813,2516.9799837555224,1775792,HINDUNILVR.NS
2021-09-02,2568.374267578125,2576.5807700986857,2503.3636077813917,2519.7309452780028,1946183,HINDUNILVR.NS
2021-09-03,2536.87744140625,2575.434502946992,2527.0663071195054,2569.428549498682,1561823,HINDUNILVR.NS
2021-09-06,2549.623046875,2590.334767481657,2544.7632589993036,2558.242124344716,1444978,HINDUNILVR.NS
2021-09-07,2546.9638671875,2575.3887803425378,2539.9035303049654,2556.958567742195,1219915,HINDUNILVR.NS
2021-09-08,2568.23681640625,2576.580993866543,2535.410803473173,2557.2336235498806,946711,HINDUNILVR.NS
2021-09-09,2577.1767578125,2589.0968827002084,2550.9067259695657,2550.9067259695657,879454,HINDUNILVR.NS
2021-09-13,2554.895263671875,2587.996396528044,2544.4879890194334,2565.1189727141855,1341412,HINDUNILVR.NS
2021-09-14,2533.072509765625,2571.079325927795,2522.527783571556,2569.245460502739,1755061,HINDUNILVR.NS
2021-09-15,2544.900634765625,2553.657386194155,2520.6937027674485,2543.571127218164,1362350,HINDUNILVR.NS
2021-09-16,2538.298828125,2564.93576658699,2523.3986724464917,2523.3986724464917,1259196,HINDUNILVR.NS
2021-09-17,2496.1201171875,2551.82378037756,2474.801431275255,2539.9954377382032,3095032,HINDUNILVR.NS
2021-09-20,2567.73291015625,2575.664289499238,2484.9338317986,2494.0572685788275,2671330,HINDUNILVR.NS
2021-09-21,2578.82763671875,2621.786028411576,2564.3400535486044,2576.5811961063546,2277437,HINDUNILVR.NS
2021-09-22,2553.198974609375,2603.996954087745,2543.5711817440856,2592.9937622417,1580594,HINDUNILVR.NS
2021-09-23,2551.181884765625,2583.6412126587056,2542.5169155608255,2566.4946160161967,1054473,HINDUNILVR.NS
2021-09-24,2518.492919921875,2549.0727126920774,2504.509697307287,2539.995169194678,1635284,HINDUNILVR.NS
2021-09-27,2484.428955078125,2535.3187159221316,2479.8442919390254,2535.3187159221316,1465932,HINDUNILVR.NS
2021-09-28,2497.587158203125,2525.6451637627124,2484.795768288935,2498.641541235954,1078052,HINDUNILVR.NS
2021-09-29,2462.239501953125,2516.475983329204,2454.6289155303275,2489.4264678237337,1503894,HINDUNILVR.NS
2021-09-30,2477.368896484375,2480.5781610417043,2459.167692236451,2462.239506428393,1620199,HINDUNILVR.NS
2021-10-01,2479.43212890625,2486.721699736245,2457.4716335940357,2481.220103055412,956111,HINDUNILVR.NS
2021-10-04,2463.064453125,2497.7245522566104,2457.104390867413,2475.7181685362875,1025005,HINDUNILVR.NS
2021-10-05,2483.649658203125,2489.4263789617203,2462.881222176855,2463.0645639440045,562784,HINDUNILVR.NS
2021-10-06,2462.927001953125,2506.8938779743175,2453.7117840011974,2470.2624631907966,862471,HINDUNILVR.NS
2021-10-07,2447.65966796875,2479.614856991976,2444.5421868320636,2473.884028534474,1082816,HINDUNILVR.NS
2021-10-08,2420.748046875,2456.0499533089546,2407.3148494611005,2448.6686008279357,1579941,HINDUNILVR.NS
2021-10-11,2425.37841796875,2444.083752756285,2416.5757757978577,2422.7191792131416,1086252,HINDUNILVR.NS
2021-10-12,2453.849365234375,2464.7609987237042,2406.9483469886904,2406.9483469886904,1174337,HINDUNILVR.NS
2021-10-13,2426.89111328125,2469.849490785099,2423.085932920796,2464.806361995811,1660007,HINDUNILVR.NS
2021-10-14,2429.459228515625,2454.3997547075774,2402.363820802784,2426.891772026629,2158809,HINDUNILVR.NS
2021-10-18,2433.539306640625,2456.3708405837406,2423.4989386743273,2450.777685611991,1758177,HINDUNILVR.NS
2021-10-19,2335.244384765625,2505.0602861874863,2311.1290085415667,2448.1186725685125,5431133,HINDUNILVR.NS
2021-10-20,2272.7548828125,2369.3538210597335,2264.8235054247452,2355.599832160393,4864654,HINDUNILVR.NS
2021-10-21,2242.58837890625,2296.9166469018323,2226.3128218274046,2295.449464888535,3254632,HINDUNILVR.NS
2021-10-22,2250.244873046875,2290.7273666050737,2228.146703032254,2254.737754220705,1845622,HINDUNILVR.NS
2021-10-25,2251.8486328125,2258.908967861312,2209.80719069839,2250.244001035022,1560381,HINDUNILVR.NS
2021-10-26,2248.158935546875,2277.7270467983776,2229.8920521058185,2277.7270467983776,1595060,HINDUNILVR.NS
2021-10-27,2211.025634765625,2265.0879618277268,2205.9974610781574,2264.9034933520934,3083879,HINDUNILVR.NS
2021-10-28,2204.613525390625,2228.9232711953796,2184.6400273967956,2214.162189929185,2015791,HINDUNILVR.NS
2021-10-29,2207.84228515625,2216.007097487519,2189.252640440417,2214.161962518753,2453400,HINDUNILVR.NS
2021-11-01,2220.712646484375,2224.2182233118274,2184.8708037349224,2207.7043527236015,1941114,HINDUNILVR.NS
2021-11-02,2231.59814453125,2239.9935977804994,2216.0068459097033,2228.0002218451014,1350154,HINDUNILVR.NS
2021-11-03,2224.633544921875,2245.5296116490113,2201.430833883266,2245.5296116490113,1591607,HINDUNILVR.NS
2021-11-04,2235.242919921875,2241.839187931794,2232.613512261293,2240.916620364744,245719,HINDUNILVR.NS
2021-11-08,2243.592041015625,2259.368036962324,2214.2545717250646,2259.368036962324,2555533,HINDUNILVR.NS
2021-11-09,2242.89990234375,2256.784588357693,2229.338205051423,2250.88024641318,1696949,HINDUNILVR.NS
2021-11-10,2214.30029296875,2232.613347921181,2210.4717279417973,2224.35641385111,1794509,HINDUNILVR.NS
2021-11-11,2192.204833984375,2220.573784422142,2182.9791590452637,2216.6528725730195,1282647,HINDUNILVR.NS
2021-11-12,2218.72900390625,2226.709349145272,2192.2051842187666,2203.0915274333993,1651974,HINDUNILVR.NS
2021-11-15,2236.995849609375,2241.8393296425534,2217.944918240035,2217.944918240035,1007999,HINDUNILVR.NS
2021-11-16,2220.29736328125,2246.1292576965247,2214.2547253123867,2246.1292576965247,1245209,HINDUNILVR.NS
2021-11-17,2205.997802734375,2223.434468488798,2202.353705140358,2217.852888509978,956809,HINDUNILVR.NS
2021-11-18,2213.60888671875,2220.0209125311844,2186.4854859745815,2204.936840286603,1236943,HINDUNILVR.NS
2021-11-22,2203.59912109375,2223.2958063131337,2193.081714190079,2222.834522463927,1629290,HINDUNILVR.NS
2021-11-23,2208.81103515625,2214.1619716349414,2155.5789361354337,2202.906693326371,1932539,HINDUNILVR.NS
2021-11-24,2190.867431640625,2219.697669450403,2183.7175326638003,2219.697669450403,999070,HINDUNILVR.NS
2021-11-25,2167.157470703125,2202.168866154651,2159.7307564591697,2202.168866154651,1363272,HINDUNILVR.NS
2021-11-26,2154.28759765625,2181.8722775827873,2145.1540436781247,2162.498358838923,2450902,HINDUNILVR.NS
2021-11-29,2149.02880859375,2160.8838919689742,2107.790083240306,2153.641646446176,1724612,HINDUNILVR.NS
2021-11-30,2138.096435546875,2178.18194989089,2123.7504653319897,2142.201816029922,3931035,HINDUNILVR.NS
2021-12-01,2163.282958984375,2174.2614245074137,2143.355406592489,2158.8084155499514,1263139,HINDUNILVR.NS
2021-12-02,2198.755615234375,2203.0916383194954,2163.421227746741,2174.4920399996026,1673117,HINDUNILVR.NS
2021-12-03,2162.17529296875,2204.8440410611165,2156.8705296924018,2198.7552305291224,1890178,HINDUNILVR.NS
2021-12-06,2127.902099609375,2180.903561443795,2122.8279779757954,2162.4983834746913,1079171,HINDUNILVR.NS
2021-12-07,2141.8330078125,2160.330307809702,2132.976268850808,2147.645003442618,895313,HINDUNILVR.NS
2021-12-08,2159.361572265625,2162.913321985202,2138.742098625674,2138.742098625674,839769,HINDUNILVR.NS
2021-12-09,2158.5771484375,2166.741960302965,2141.7864662268844,2159.7303577271878,716666,HINDUNILVR.NS
2021-12-10,2152.165771484375,2165.266186534611,2140.356860997144,2165.266186534611,724539,HINDUNILVR.NS
2021-12-13,2125.918701171875,2169.8789564319695,2122.8280096726025,2169.8789564319695,1804894,HINDUNILVR.NS
2021-12-14,2138.78857421875,2144.9235588423635,2125.5958121085027,2126.518379735286,1219031,HINDUNILVR.NS
2021-12-15,2141.2333984375,2144.7853740777527,2122.3669345469166,2136.666733497352,755122,HINDUNILVR.NS
2021-12-16,2130.669921875,2145.246535342089,2125.549626528378,2141.2332760940308,926493,HINDUNILVR.NS
2021-12-17,2057.556640625,2130.1626745452127,2053.635727847214,2124.6734417035645,2439222,HINDUNILVR.NS
2021-12-20,2093.398193359375,2098.2416731716976,2030.7095458851932,2053.6354404246763,2175705,HINDUNILVR.NS
2021-12-21,2096.85791015625,2124.3964185364493,2078.3142108560264,2112.6798547820667,1591415,HINDUNILVR.NS
2021-12-22,2101.2861328125,2137.958197159767,2093.3060126779696,2121.9056100305556,1661605,HINDUNILVR.NS
2021-12-23,2122.505126953125,2126.518386236396,2098.4724203909404,2120.936807030046,1423081,HINDUNILVR.NS
2021-12-24,2119.091552734375,2133.898807404988,2106.4985953921687,2131.1311046716482,895503,HINDUNILVR.NS
2021-12-27,2123.19677734375,2129.378159849496,2101.8394295824955,2119.091396971638,584302,HINDUNILVR.NS
2021-12-28,2130.301025390625,2138.88072424466,2119.8297925930797,2131.1312461712605,783710,HINDUNILVR.NS
2021-12-29,2128.2255859375,2142.0641027191045,2121.0295121638105,2135.652076421274,1410236,HINDUNILVR.NS
2021-12-30,2145.5234375,2149.5826451044118,2118.8149235874967,2129.2861566098636,963711,HINDUNILVR.NS
2021-12-31,2177.39794921875,2186.8083194384603,2149.5826246636298,2158.808301164332,1123597,HINDUNILVR.NS
2022-01-03,2178.458984375,2193.8658187106234,2170.8016280177026,2193.8658187106234,879278,HINDUNILVR.NS
2022-01-04,2215.3154296875,2221.6351077854724,2172.969667320708,2185.5164514267585,1484275,HINDUNILVR.NS
2022-01-05,2228.739013671875,2232.6137528237414,2206.781858162971,2217.668201674402,1202512,HINDUNILVR.NS
2022-01-06,2206.22802734375,2225.23300964332,2184.363220679326,2212.3170634845283,1198901,HINDUNILVR.NS
2022-01-07,2229.061767578125,2234.366531637317,2203.0915779741426,2203.0915779741426,1026186,HINDUNILVR.NS
2022-01-10,2220.666259765625,2237.2263021923413,2216.0072486045374,2237.2263021923413,919447,HINDUNILVR.NS
2022-01-11,2217.529541015625,2231.0452916154236,2206.7817184762353,2229.9842037244166,1321335,HINDUNILVR.NS
2022-01-12,2226.2939453125,2228.923353104157,2212.7784198759605,2220.80471306216,1487554,HINDUNILVR.NS
2022-01-13,2227.262451171875,2234.366175994937,2217.160381923036,2230.7682527784877,1586299,HINDUNILVR.NS
2022-01-14,2180.673095703125,2233.536266766787,2177.9977396292516,2232.613699122521,1596037,HINDUNILVR.NS
2022-01-17,2204.521484375,2208.811333680341,2163.421052174502,2180.949836818986,912205,HINDUNILVR.NS
2022-01-18,2186.024169921875,2222.188778793568,2174.861010633005,2222.188778793568,1667579,HINDUNILVR.NS
2022-01-19,2131.0390625,2185.1939672473404,2126.5647442497966,2180.9500656883006,2145255,HINDUNILVR.NS
2022-01-20,2086.66357421875,2145.477262424906,2069.3192571985483,2144.969805165682,2829711,HINDUNILVR.NS
2022-01-21,2145.338623046875,2153.595783317832,2075.777115579289,2089.4311612090123,4596050,HINDUNILVR.NS
2022-01-24,2107.69775390625,2163.374566156213,2091.1836608803346,2157.792987857611,2231103,HINDUNILVR.NS
2022-01-25,2147.045166015625,2152.9956812093565,2067.381374090465,2106.6828387997334,1843543,HINDUNILVR.NS
2022-01-27,2117.61572265625,2145.5233937674066,2098.841381086976,2131.131248488314,2620474,HINDUNILVR.NS
2022-01-28,2106.729248046875,2139.1574084769786,2101.655126343169,2116.923664880657,1967721,HINDUNILVR.NS
2022-01-31,2097.688232421875,2132.8381506220467,2095.1511713381324,2112.6799570076278,1639875,HINDUNILVR.NS
2022-02-01,2127.117919921875,2140.3568552199918,2101.9779525491404,2124.9500211800946,1270508,HINDUNILVR.NS
2022-02-02,2147.645263671875,2152.350449047192,2118.7229013521496,2144.1396865928214,1246111,HINDUNILVR.NS
2022-02-03,2120.1982421875,2151.3810662661895,2112.679407752202,2148.659537403877,1448039,HINDUNILVR.NS
2022-02-04,2127.99462890625,2133.668329852112,2106.2219422991557,2127.4409982224497,1014561,HINDUNILVR.NS
2022-02-07,2082.788818359375,2137.3124313751655,2063.783834660051,2117.523400314476,1207402,HINDUNILVR.NS
2022-02-08,2089.015625,2092.38290598438,2072.593879896977,2092.38290598438,1190660,HINDUNILVR.NS
2022-02-09,2101.2861328125,2103.77724567414,2080.9436961748984,2091.9683346232428,1049611,HINDUNILVR.NS
2022-02-10,2106.360107421875,2108.066947561438,2081.174192351152,2103.454109601785,1195100,HINDUNILVR.NS
2022-02-11,2083.1572265625,2102.531142309981,2074.8541198135795,2102.531142309981,2100036,HINDUNILVR.NS
2022-02-14,2055.988037109375,2063.091762468393,2036.1066606004442,2048.1000392084215,1661501,HINDUNILVR.NS
2022-02-15,2112.772216796875,2125.7341117924484,2050.452728424556,2073.8858561014426,1533070,HINDUNILVR.NS
2022-02-16,2109.451171875,2125.3654656492595,2098.841642692161,2112.7725058876135,995668,HINDUNILVR.NS
2022-02-17,2128.87109375,2133.899042555724,2099.7640384162682,2105.299444492937,869374,HINDUNILVR.NS
2022-02-18,2133.483642578125,2147.552797780108,2116.3699693999442,2116.3699693999442,890713,HINDUNILVR.NS
2022-02-21,2117.108642578125,2125.6423947688,2107.8367910966763,2120.0608145049405,737919,HINDUNILVR.NS
2022-02-22,2094.18212890625,2103.453977670858,2075.869298496765,2103.453977670858,902667,HINDUNILVR.NS
2022-02-23,2085.37158203125,2097.872417273726,2077.8527466577552,2094.228320529739,1324411,HINDUNILVR.NS
2022-02-24,2003.2633056640625,2068.396671866395,1993.022939888004,2029.6488305557848,2997629,HINDUNILVR.NS
2022-02-25,2002.6173095703125,2025.9583133275682,1994.7293120736385,2025.035745789623,2193728,HINDUNILVR.NS
2022-02-28,2003.909423828125,2011.1052718160538,1955.8435557825503,1996.4365352421883,2334036,HINDUNILVR.NS
2022-03-02,1982.6900634765625,1987.9486536013794,1958.6571331254218,1964.100191717803,2034688,HINDUNILVR.NS
2022-03-03,1929.0887451171875,2000.0802729713153,1925.029537995742,1990.8084240558615,2372998,HINDUNILVR.NS
2022-03-04,1863.1253662109375,1917.0494002204007,1822.3017477633841,1914.327870704479,6320118,HINDUNILVR.NS
2022-03-07,1793.42529296875,1826.8223086278842,1777.7878167426256,1826.2226171468747,2976453,HINDUNILVR.NS
2022-03-08,1798.0841064453125,1806.3872141713298,1754.3083224259412,1775.5273755035412,3211938,HINDUNILVR.NS
2022-03-09,1843.197998046875,1851.6395148775414,1799.9295511516395,1811.9229310414248,2879079,HINDUNILVR.NS
2022-03-10,1939.1907958984375,1950.307779804072,1890.3408896965675,1893.016245468416,4879791,HINDUNILVR.NS
2022-03-11,1932.2254638671875,1946.8020767871385,1909.714904841804,1937.391932448207,2481643,HINDUNILVR.NS
2022-03-14,1899.8436279296875,1932.7792483556104,1887.6656672426832,1932.7792483556104,1730325,HINDUNILVR.NS
2022-03-15,1880.3773193359375,1919.6787909056195,1868.1994715317196,1886.650824336971,2391023,HINDUNILVR.NS
2022-03-16,1911.6982421875,1918.9404874871664,1874.7034188925782,1900.4891366459435,2808685,HINDUNILVR.NS
2022-03-17,1939.2833251953125,1952.7988508350625,1921.108787992415,1935.6392281162618,2995889,HINDUNILVR.NS
2022-03-21,1892.3707275390625,1947.4479714560312,1887.573420783733,1943.3887638714239,1674982,HINDUNILVR.NS
2022-03-22,1839.1387939453125,1894.7235004089218,1816.535884263015,1894.7235004089218,5356303,HINDUNILVR.NS
2022-03-23,1825.34619140625,1860.403760616855,1822.3016732433457,1856.2060329404437,3212162,HINDUNILVR.NS
2022-03-24,1813.6756591796875,1837.1549594464946,1800.2522556130125,1817.4581637989966,3054664,HINDUNILVR.NS
2022-03-25,1801.7745361328125,1823.9161586966566,1794.3939952781977,1821.9787892459435,2233647,HINDUNILVR.NS
2022-03-28,1822.163330078125,1827.4220332167306,1781.7549348653629,1808.186407756052,1794533,HINDUNILVR.NS
2022-03-29,1833.1881103515625,1840.3840705149553,1821.1947307944522,1826.683963313727,1249125,HINDUNILVR.NS
2022-03-30,1859.80419921875,1862.664136488644,1840.5686857117716,1845.135350657399,1476829,HINDUNILVR.NS
2022-03-31,1890.01806640625,1894.9538932724129,1861.7414589209975,1863.0330761138428,2540524,HINDUNILVR.NS
2022-04-01,1917.2337646484375,1924.3377153455756,1880.5618152277048,1895.7840679842056,1714996,HINDUNILVR.NS
2022-04-04,1963.6390380859375,1967.329308626722,1909.8994733357633,1917.095545937541,1693019,HINDUNILVR.NS
2022-04-05,1974.110107421875,1990.9007919452536,1962.3011976216658,1978.4461299011105,1277652,HINDUNILVR.NS
2022-04-06,1976.18603515625,1996.8052865269308,1957.0427568505327,1969.6818883232045,1736115,HINDUNILVR.NS
2022-04-07,1997.17431640625,2006.5844605533246,1969.7741046818007,1974.2484222452092,1824732,HINDUNILVR.NS
2022-04-08,2014.01123046875,2023.652016775644,1995.9749889647164,2009.0754037479765,1693462,HINDUNILVR.NS
2022-04-11,1995.56005859375,2024.2058300091462,1973.2799140545533,2018.5780770854776,1380107,HINDUNILVR.NS
2022-04-12,1967.144775390625,1997.3588644486824,1960.4561602556353,1975.1248950778788,1370233,HINDUNILVR.NS
2022-04-13,1985.5035400390625,1997.3586224190337,1965.71451236072,1972.1724848119593,1071601,HINDUNILVR.NS
2022-04-18,2009.029541015625,2013.873021631577,1969.728290587943,1981.6754977267055,1828131,HINDUNILVR.NS
2022-04-19,1949.431640625,2035.9685322519292,1938.36082869583,2016.4560910850196,1775996,HINDUNILVR.NS
2022-04-20,1997.3128662109375,2000.7263216009515,1930.6573509157095,1950.6770246491712,1511804,HINDUNILVR.NS
2022-04-21,2027.7574462890625,2033.1083835084473,2000.1265912405281,2015.8102407105875,2244813,HINDUNILVR.NS
2022-04-22,1962.2548828125,2019.5002407602306,1955.8430837878889,2013.042268313761,3520828,HINDUNILVR.NS
2022-04-25,1938.0841064453125,1994.591378381419,1888.496092297301,1937.3921806665032,2437310,HINDUNILVR.NS
2022-04-26,1981.998291015625,1990.8548052693895,1956.76597582038,1976.3243648548817,1447088,HINDUNILVR.NS
2022-04-27,1978.9998779296875,1985.7344413196465,1940.6209751113377,1981.4907654390372,2214481,HINDUNILVR.NS
2022-04-28,2068.25830078125,2075.777136759909,1997.358889371201,2057.325784433154,5865359,HINDUNILVR.NS
2022-04-29,2061.800048828125,2112.6795558986255,2050.452423633481,2070.6103881845033,2678692,HINDUNILVR.NS
2022-05-02,2057.786865234375,2077.622067028833,2035.0916140169286,2048.099906218477,1543544,HINDUNILVR.NS
2022-05-04,2003.4019775390625,2076.561642786909,1982.27504160798,2068.3506549366375,1608395,HINDUNILVR.NS
2022-05-05,1998.8350830078125,2031.4477130278399,1986.8417040232869,2009.3522637151336,1101451,HINDUNILVR.NS
2022-05-06,1982.7821044921875,2001.9715542995366,1943.1117004208143,1960.456015155076,1585602,HINDUNILVR.NS
2022-05-09,1952.752685546875,1973.7410991465922,1946.7559959469559,1957.2272286505406,1341414,HINDUNILVR.NS
2022-05-10,2011.56640625,2027.711340063075,1954.9208428517652,1968.7593575486865,2162232,HINDUNILVR.NS
2022-05-11,1995.9752197265625,2020.1464484287158,1952.153253959513,2015.8104252842797,1858636,HINDUNILVR.NS
2022-05-12,1973.1876220703125,1997.2205530262227,1945.8795310968778,1997.2205530262227,1531515,HINDUNILVR.NS
2022-05-13,2024.205810546875,2046.2550877185954,1987.3490520195735,2001.9718396525484,2057239,HINDUNILVR.NS
2022-05-16,2045.56298828125,2049.8990109056344,2004.093620171097,2029.6486973587778,1396818,HINDUNILVR.NS
2022-05-17,2071.16455078125,2100.686718097508,2049.2997406598984,2064.6142298134505,2055096,HINDUNILVR.NS
2022-05-18,2113.971435546875,2123.75074278888,2062.953624390855,2062.953624390855,2137455,HINDUNILVR.NS
2022-05-19,2089.199951171875,2106.9593727756815,2071.578824577007,2071.7173448221156,1734602,HINDUNILVR.NS
2022-05-20,2145.845947265625,2166.1886067845894,2105.9449007394605,2112.679688899791,2599505,HINDUNILVR.NS
2022-05-23,2195.5263671875,2203.0913762799096,2127.763823630156,2130.208537617383,2363306,HINDUNILVR.NS
2022-05-24,2130.808349609375,2195.7110759185252,2123.796970391049,2195.7110759185252,3078655,HINDUNILVR.NS
2022-05-25,2120.7060546875,2149.5362916112877,2109.4507752396985,2149.5362916112877,1884260,HINDUNILVR.NS
2022-05-26,2103.638671875,2118.215285524726,2083.157715468132,2112.8181747767812,2299127,HINDUNILVR.NS
2022-05-27,2150.13623046875,2154.103091129157,2103.915501640559,2119.1378676905783,1011303,HINDUNILVR.NS
2022-05-30,2167.06494140625,2181.872195220209,2150.5048993904047,2160.8376106165097,939562,HINDUNILVR.NS
2022-05-31,2171.0322265625,2184.54775194411,2125.5034249495284,2177.2595579252097,3123979,HINDUNILVR.NS
2022-06-01,2129.701171875,2226.8937604870093,2123.7506557885217,2186.4852537874876,2197599,HINDUNILVR.NS
2022-06-02,2107.882568359375,2128.317351291562,2082.373438220442,2117.2927131483425,1460335,HINDUNILVR.NS
2022-06-03,2114.47900390625,2144.9237381349485,2089.75414439448,2107.1446357074965,1845303,HINDUNILVR.NS
2022-06-06,2103.915283203125,2123.704311966321,2073.562901112835,2096.2579275439166,2131405,HINDUNILVR.NS
2022-06-07,2040.3507080078125,2084.864597189544,2036.1529801465351,2075.7772157284135,2034730,HINDUNILVR.NS
2022-06-08,2026.9273681640625,2047.1315102792337,2016.7329502438963,2043.4874129872965,1506843,HINDUNILVR.NS
2022-06-09,2027.5267333984375,2037.352213305358,2002.6635820680556,2026.880981137173,1497867,HINDUNILVR.NS
2022-06-10,2029.555908203125,2037.813066520512,1995.3287932258083,1995.5132616563033,1641981,HINDUNILVR.NS
2022-06-13,2026.78857421875,2045.3322721937498,1989.0556512628436,2000.126461937776,1519441,HINDUNILVR.NS
2022-06-14,2002.8941650390625,2042.5183965410713,1992.745921918183,2021.207221128956,1592475,HINDUNILVR.NS
2022-06-15,1997.8221435546875,2009.3163133909054,1983.3495101776343,2009.1302162258196,1432377,HINDUNILVR.NS
2022-06-16,1997.961669921875,2014.0630512199468,1987.1189537199953,1996.3795031731913,1353485,HINDUNILVR.NS
2022-06-17,1964.22314453125,2010.7122119955238,1954.4972394276388,2010.340017697,3252189,HINDUNILVR.NS
2022-06-20,2043.7520751953125,2050.2670645675958,1962.0820298499057,1964.734652127111,2022000,HINDUNILVR.NS
2022-06-21,2052.221923828125,2077.351171875,2021.6479144811628,2042.914794921875,1606187,HINDUNILVR.NS
2022-06-22,2050.22119140625,2070.743230960725,2034.5851678017711,2037.516822816739,1741378,HINDUNILVR.NS
2022-06-23,2096.524169921875,2100.9450566196474,2040.216034087092,2055.014279722326,1585753,HINDUNILVR.NS
2022-06-24,2144.26953125,2158.1372909061834,2103.457903649479,2108.0648874286912,1930048,HINDUNILVR.NS
2022-06-27,2159.859130859375,2170.2832987136817,2138.8251524369907,2155.3918900359454,1450391,HINDUNILVR.NS
2022-06-28,2157.06689453125,2162.977012973852,2120.024698894455,2159.859033532507,1404108,HINDUNILVR.NS
2022-06-29,2078.7001953125,2140.5460076204977,2070.835718590225,2137.102416140157,1682914,HINDUNILVR.NS
2022-06-30,2076.04833984375,2093.17336676102,2060.039895765843,2070.743094395346,2387212,HINDUNILVR.NS
2022-07-01,2124.212890625,2134.124893111263,2050.919242420677,2071.7671225755216,1235612,HINDUNILVR.NS
2022-07-04,2210.62939453125,2213.5146956198773,2118.302713618169,2118.302713618169,2410245,HINDUNILVR.NS
2022-07-05,2235.107666015625,2244.880154249297,2207.279433268744,2219.285542208727,2463079,HINDUNILVR.NS
2022-07-06,2325.29296875,2335.251778346921,2233.710912238165,2233.710912238165,4770394,HINDUNILVR.NS
2022-07-07,2301.6064453125,2355.6343751823315,2294.672679578048,2331.435839522616,3333262,HINDUNILVR.NS
2022-07-08,2323.8505859375,2330.318995121599,2282.8526374119147,2304.863906518729,1346970,HINDUNILVR.NS
2022-07-11,2318.03369140625,2350.0501249914473,2308.1680435559565,2314.683034001477,1587197,HINDUNILVR.NS
2022-07-12,2279.828125,2318.0339399396685,2275.0813977051125,2303.5147259287196,1116476,HINDUNILVR.NS
2022-07-13,2324.688232421875,2344.7917226993836,2290.85672635887,2293.276670878791,2528792,HINDUNILVR.NS
2022-07-14,2324.73486328125,2348.0956221051606,2297.1856689370916,2329.3418469612275,1663307,HINDUNILVR.NS
2022-07-15,2390.535888671875,2395.56164703203,2328.690066956142,2354.7034449444595,2996964,HINDUNILVR.NS
2022-07-18,2376.57568359375,2424.5074038620396,2357.542647883643,2402.170291504002,1566888,HINDUNILVR.NS
2022-07-19,2390.0244140625,2396.585986188102,2347.9562317110817,2373.2715799842917,1473121,HINDUNILVR.NS
2022-07-20,2424.0419921875,2436.6066176029467,2359.9159578089752,2396.585958872264,4012897,HINDUNILVR.NS
2022-07-21,2426.787841796875,2447.682305573008,2412.1291103834023,2435.676197400496,1990695,HINDUNILVR.NS
2022-07-22,2457.640625,2460.060342254695,2430.13801279636,2435.675709219891,1905780,HINDUNILVR.NS
2022-07-25,2441.818359375,2470.1119395332294,2431.021999269328,2462.2008801941065,1253821,HINDUNILVR.NS
2022-07-26,2370.619140625,2443.1215914391,2362.2427237400657,2443.1215914391,1685576,HINDUNILVR.NS
2022-07-27,2403.054443359375,2411.0120851479155,2350.050382165021,2359.6833528392845,1404133,HINDUNILVR.NS
2022-07-28,2438.56103515625,2443.121437616533,2405.8929204719,2443.121437616533,1442054,HINDUNILVR.NS
2022-07-29,2454.662353515625,2461.735863142762,2416.130926547679,2457.08229818408,1463059,HINDUNILVR.NS
2022-08-01,2413.3388671875,2455.22095319731,2401.239597895777,2454.75559668609,1559918,HINDUNILVR.NS
2022-08-02,2452.6611328125,2456.2444683135022,2418.922790695261,2419.853503581254,1359934,HINDUNILVR.NS
2022-08-03,2444.378173828125,2479.419427322071,2417.8992072482,2434.0471686576752,1767904,HINDUNILVR.NS
2022-08-04,2445.866943359375,2460.292993446503,2433.8142566347733,2451.4978019028654,1189384,HINDUNILVR.NS
2022-08-05,2462.10791015625,2473.5091436229527,2445.4948205825285,2455.2207253193606,1176666,HINDUNILVR.NS
2022-08-08,2466.71533203125,2473.835195711357,2444.0989603049443,2462.108120823685,1024511,HINDUNILVR.NS
2022-08-10,2459.6884765625,2491.239557844071,2448.8921143690263,2466.7154054852,1098949,HINDUNILVR.NS
2022-08-11,2432.6044921875,2482.909574652417,2425.996566305174,2472.0202781337725,810674,HINDUNILVR.NS
2022-08-12,2415.15380859375,2444.145656735567,2405.986421291498,2443.028619284139,1473527,HINDUNILVR.NS
2022-08-16,2461.270263671875,2464.853599226256,2411.058348169555,2427.2526617371354,1584117,HINDUNILVR.NS
2022-08-17,2498.638671875,2507.3409296886975,2461.2706342100078,2467.320268969836,1711381,HINDUNILVR.NS
2022-08-18,2496.218505859375,2526.885449572202,2480.023965538273,2498.964063389084,1465489,HINDUNILVR.NS
2022-08-19,2452.009765625,2511.9475867046986,2444.517481183829,2502.6870386077735,1324508,HINDUNILVR.NS
2022-08-22,2444.703369140625,2482.0250448803176,2438.560800737148,2464.527598059404,1410895,HINDUNILVR.NS
2022-08-23,2413.105712890625,2447.495506840632,2406.125366599359,2421.7613877367576,1305045,HINDUNILVR.NS
2022-08-24,2408.917724609375,2429.1607306985293,2383.8350567622633,2397.5164912947935,1242489,HINDUNILVR.NS
2022-08-25,2395.841552734375,2446.28615596523,2387.6978133263765,2420.97080576477,1106593,HINDUNILVR.NS
2022-08-26,2393.374755859375,2433.534925806054,2384.486402396111,2419.760329714929,1048791,HINDUNILVR.NS
2022-08-29,2397.330810546875,2427.206564249908,2373.318367501299,2373.318367501299,1450034,HINDUNILVR.NS
2022-08-30,2475.55712890625,2482.2116361409435,2406.4516868427086,2409.3367608835097,2227943,HINDUNILVR.NS
2022-09-01,2425.43798828125,2471.0429235942897,2414.2694326943833,2466.3893587664284,1702269,HINDUNILVR.NS
2022-09-02,2423.20458984375,2441.260332138511,2405.8932362097025,2433.814627732446,937600,HINDUNILVR.NS
2022-09-05,2420.412109375,2440.701469240513,2406.916772042064,2417.06145197482,1274074,HINDUNILVR.NS
2022-09-06,2394.81787109375,2438.4682228183756,2385.417578276144,2411.6636411836425,1250776,HINDUNILVR.NS
2022-09-07,2386.90673828125,2416.9685875045343,2383.3699833064925,2393.6078266821864,1344964,HINDUNILVR.NS
2022-09-08,2398.586669921875,2416.130699054169,2385.417173218734,2401.2392925885038,1004533,HINDUNILVR.NS
2022-09-09,2409.3369140625,2463.5975322811782,2404.450670373616,2417.992591184927,1785443,HINDUNILVR.NS
2022-09-12,2401.611572265625,2424.507201410725,2395.6551003574687,2411.4772202898994,1595709,HINDUNILVR.NS
2022-09-13,2407.382568359375,2428.230450675686,2400.309057988729,2417.9926066904686,1342130,HINDUNILVR.NS
2022-09-14,2393.23486328125,2425.437617861896,2370.2463019874594,2373.317699749745,1610054,HINDUNILVR.NS
2022-09-15,2382.997314453125,2418.7368275905487,2374.2487037299434,2401.239378919347,1199906,HINDUNILVR.NS
2022-09-16,2352.98193359375,2386.2085688174784,2344.140160268356,2377.971668040198,2516820,HINDUNILVR.NS
2022-09-19,2400.541259765625,2408.6849976828294,2334.2745463871684,2355.634362107898,1166725,HINDUNILVR.NS
2022-09-20,2404.54345703125,2439.8639675924364,2400.867186370175,2418.5507321967084,1253333,HINDUNILVR.NS
2022-09-21,2441.818359375,2463.3642712733895,2401.239187639688,2403.1006133665405,1960049,HINDUNILVR.NS
2022-09-22,2506.17724609375,2514.0883060108595,2438.514461424145,2441.353181309957,2620240,HINDUNILVR.NS
2022-09-23,2496.218505859375,2535.029187208945,2488.7262217886073,2510.9701685578957,1789791,HINDUNILVR.NS
2022-09-26,2476.2080078125,2539.9152541019766,2459.9205336656387,2483.607129194256,2678551,HINDUNILVR.NS
2022-09-27,2493.612548828125,2525.722144026248,2469.5535293622083,2490.5877318891717,1898501,HINDUNILVR.NS
2022-09-28,2514.8798828125,2521.0690338515274,2468.2976481126043,2484.9573212119285,1526197,HINDUNILVR.NS
2022-09-29,2513.436767578125,2538.0540783385327,2504.6415761179574,2523.25583411824,2019666,HINDUNILVR.NS
2022-09-30,2509.62109375,2526.7927036363517,2483.049191410216,2519.4401616202003,1340054,HINDUNILVR.NS
2022-10-03,2440.794677734375,2544.5691702290874,2436.1876941403398,2534.331327920192,1683197,HINDUNILVR.NS
2022-10-04,2483.095947265625,2491.0535896437045,2451.637799324869,2466.389692716539,1327939,HINDUNILVR.NS
2022-10-06,2432.8837890625,2505.758662619022,2424.5539531332897,2495.520819589302,1752351,HINDUNILVR.NS
2022-10-07,2419.574462890625,2431.9529908377535,2396.585897974441,2430.929115680719,1025923,HINDUNILVR.NS
2022-10-10,2425.065673828125,2429.8121733824573,2365.8722412607012,2391.932203005508,1043728,HINDUNILVR.NS
2022-10-11,2373.922607421875,2429.6724427075706,2368.664170781382,2429.1605052021246,1129783,HINDUNILVR.NS
2022-10-12,2411.80322265625,2424.1351699022425,2377.227098382573,2385.8361936297756,882873,HINDUNILVR.NS
2022-10-13,2388.581787109375,2426.5083424119284,2385.3242915619167,2404.031714024407,753331,HINDUNILVR.NS
2022-10-14,2397.330810546875,2443.0286866999163,2392.1187263792754,2410.5468909130836,1001536,HINDUNILVR.NS
2022-10-17,2411.05859375,2429.114334956377,2390.070970275546,2395.283053935558,778918,HINDUNILVR.NS
2022-10-18,2421.94775390625,2458.943593359713,2417.0615109595665,2438.4679086307524,1123374,HINDUNILVR.NS
2022-10-19,2404.031494140625,2436.1410901715394,2399.750123779902,2434.0935671739553,1241979,HINDUNILVR.NS
2022-10-20,2420.69140625,2429.160985633916,2390.2105548019117,2390.2105548019117,1428125,HINDUNILVR.NS
2022-10-21,2470.01904296875,2481.978795439789,2425.437982906568,2425.437982906568,2458302,HINDUNILVR.NS
2022-10-24,2394.81787109375,2457.082484061264,2373.3183084682664,2429.2542543930936,719908,HINDUNILVR.NS
2022-10-25,2331.808349609375,2406.823911204295,2326.7825901046936,2406.823911204295,2923789,HINDUNILVR.NS
2022-10-27,2344.46630859375,2354.7041527360807,2315.614202374454,2321.1984809975434,1846329,HINDUNILVR.NS
2022-10-28,2349.35205078125,2374.1554588131044,2337.950817693374,2351.0739605456774,1164951,HINDUNILVR.NS
2022-10-31,2373.9697265625,2393.79395993383,2365.9191495856394,2368.664707632814,1324443,HINDUNILVR.NS
2022-11-01,2390.928466796875,2413.4623429904373,2386.993290598174,2407.0440918840513,1280132,HINDUNILVR.NS
2022-11-02,2359.540283203125,2402.359198201214,2343.705563094823,2402.359198201214,1338284,HINDUNILVR.NS
2022-11-03,2385.82177734375,2388.304623172912,2350.170499380562,2357.103893252122,730444,HINDUNILVR.NS
2022-11-04,2361.46142578125,2385.494299236469,2356.6828500214174,2384.5104479036286,889055,HINDUNILVR.NS
2022-11-07,2373.12646484375,2391.1160066043662,2358.3224877050116,2371.5336825328113,1283685,HINDUNILVR.NS
2022-11-09,2350.63916015625,2384.4631906481854,2335.5071583906392,2351.7634634725714,1436444,HINDUNILVR.NS
2022-11-10,2355.13720703125,2377.9988857490684,2343.378340944025,2346.1423206917525,1459152,HINDUNILVR.NS
2022-11-11,2345.251953125,2386.2438513881834,2337.709398094688,2384.5572818240403,1162847,HINDUNILVR.NS
2022-11-14,2302.8544921875,2355.2772254587667,2300.3714172362206,2348.7654157270244,2137131,HINDUNILVR.NS
2022-11-15,2302.573486328125,2313.348499590698,2290.065009867017,2302.854619380513,1558333,HINDUNILVR.NS
2022-11-16,2321.640380859375,2326.4656207921867,2275.026742263156,2308.2418420054555,1330395,HINDUNILVR.NS
2022-11-17,2304.915771484375,2340.520161450394,2299.528265107938,2323.6080304666507,960476,HINDUNILVR.NS
2022-11-18,2327.12158203125,2331.6659179626067,2294.4687464064905,2314.285308458912,1075675,HINDUNILVR.NS
2022-11-21,2343.70556640625,2353.6374081154167,2314.332083932797,2327.12146322156,1354881,HINDUNILVR.NS
2022-11-22,2357.1044921875,2364.8812870191077,2339.5834285605038,2347.922260774859,921265,HINDUNILVR.NS
2022-11-23,2349.281005859375,2365.818217942444,2344.268190610691,2362.070387102139,734152,HINDUNILVR.NS
2022-11-24,2388.445556640625,2398.6116388754754,2352.841165126067,2358.322459003739,999929,HINDUNILVR.NS
2022-11-25,2377.483154296875,2394.3014984426877,2359.4467194505132,2393.926806880716,783480,HINDUNILVR.NS
2022-11-28,2366.00537109375,2382.2147839081817,2362.8198066386367,2367.6919405844546,830905,HINDUNILVR.NS
2022-11-29,2468.133544921875,2473.521050861577,2367.8790865656842,2367.8790865656842,2542932,HINDUNILVR.NS
2022-11-30,2515.1220703125,2527.9114492658455,2457.6396335894415,2467.946166555314,3698270,HINDUNILVR.NS
2022-12-01,2494.9775390625,2513.857142464212,2479.986218048923,2511.046269774166,1675569,HINDUNILVR.NS
2022-12-02,2450.23779296875,2492.3070956779898,2442.7887974088367,2492.3070956779898,2101890,HINDUNILVR.NS
2022-12-05,2454.6884765625,2459.5137167355674,2422.175864621739,2436.089776576181,1640511,HINDUNILVR.NS
2022-12-06,2487.200927734375,2492.260407447323,2439.6972215426445,2442.4612008071144,1484562,HINDUNILVR.NS
2022-12-07,2536.671875,2548.3369496462965,2488.793257215555,2492.353741319283,2368561,HINDUNILVR.NS
2022-12-08,2534.89208984375,2540.1391443106168,2516.434069441538,2525.1478215474913,1314703,HINDUNILVR.NS
2022-12-09,2550.633056640625,2568.7632793355483,2540.3265221110823,2552.9285572177723,1883397,HINDUNILVR.NS
2022-12-12,2545.947998046875,2552.272461746136,2519.1509196139464,2531.846740641604,1163204,HINDUNILVR.NS
2022-12-13,2539.43603515625,2548.524477432509,2527.724066050402,2545.713604847105,1265839,HINDUNILVR.NS
2022-12-14,2515.4033203125,2548.524865486891,2502.9419662859514,2548.524865486891,886858,HINDUNILVR.NS
2022-12-15,2495.3525390625,2514.0916926459977,2481.485519660825,2500.1311147260653,990722,HINDUNILVR.NS
2022-12-16,2502.894775390625,2518.2607878724857,2486.0295393132346,2499.8027696932227,1793864,HINDUNILVR.NS
2022-12-19,2546.744384765625,2548.5245125945157,2502.894726078457,2502.894726078457,1546941,HINDUNILVR.NS
2022-12-20,2505.93994140625,2535.4541051770434,2485.9826992018316,2535.4072115481604,827567,HINDUNILVR.NS
2022-12-21,2498.116455078125,2525.241333452075,2483.0315740758383,2518.4952840830792,779092,HINDUNILVR.NS
2022-12-22,2478.580810546875,2519.010438376079,2475.441911173368,2507.766947485057,852567,HINDUNILVR.NS
2022-12-23,2455.859619140625,2482.516016701331,2443.6322768985397,2466.0723653240034,1189702,HINDUNILVR.NS
2022-12-26,2452.439697265625,2471.553770123414,2442.414296397516,2455.7190489630993,605144,HINDUNILVR.NS
2022-12-27,2429.765380859375,2468.7895747593143,2412.900143471746,2459.5137856958872,870960,HINDUNILVR.NS
2022-12-28,2420.723876953125,2438.994551135019,2415.5706098761807,2429.5311873666774,822651,HINDUNILVR.NS
2022-12-29,2406.154052734375,2420.442656385594,2379.3100797727616,2417.5848899054668,1345863,HINDUNILVR.NS
2022-12-30,2399.59521484375,2423.39384546772,2394.113921595018,2417.303621302198,696432,HINDUNILVR.NS
2023-01-02,2397.11181640625,2417.397082176108,2378.044869804293,2411.6346566863244,681703,HINDUNILVR.NS
2023-01-03,2381.793212890625,2400.4854720460166,2375.1876157832367,2389.2888740055228,821843,HINDUNILVR.NS
2023-01-04,2376.218017578125,2397.11198691943,2367.7385064163905,2389.710114137013,1672649,HINDUNILVR.NS
2023-01-05,2420.817626953125,2428.5475281799704,2377.530225832681,2377.577119468793,2008493,HINDUNILVR.NS
2023-01-06,2414.0244140625,2447.2395159383605,2412.572084001759,2417.3506593630577,991782,HINDUNILVR.NS
2023-01-09,2458.624267578125,2463.6837484179914,2407.981650539644,2426.111876256531,1267078,HINDUNILVR.NS
2023-01-10,2477.17529296875,2486.076389632311,2450.2377635921844,2458.623487856922,1413088,HINDUNILVR.NS
2023-01-11,2429.765380859375,2480.923359101618,2424.9401405510166,2477.3159807161624,1471687,HINDUNILVR.NS
2023-01-12,2426.767333984375,2438.52619885642,2410.557920042191,2423.066396823305,1703829,HINDUNILVR.NS
2023-01-13,2458.5771484375,2472.8657541972834,2404.842529703386,2426.907930577401,1348015,HINDUNILVR.NS
2023-01-16,2433.37255859375,2462.277561927778,2421.098323118427,2462.277561927778,930068,HINDUNILVR.NS
2023-01-17,2499.38134765625,2506.361636182838,2437.7763840753073,2441.1961878922,1892865,HINDUNILVR.NS
2023-01-18,2516.85546875,2523.6953050053735,2492.307225288396,2499.8028861163307,2038075,HINDUNILVR.NS
2023-01-19,2482.703369140625,2510.3905116196725,2447.239432930238,2501.7705475587823,1649842,HINDUNILVR.NS
2023-01-20,2388.070556640625,2440.7744188519187,2376.1712415001334,2389.2417535786535,4569549,HINDUNILVR.NS
2023-01-23,2432.716552734375,2439.837521793905,2391.1157279639197,2398.611388553148,1388360,HINDUNILVR.NS
2023-01-24,2436.558349609375,2445.4594472141775,2418.1003297998273,2439.8377013585127,1462462,HINDUNILVR.NS
2023-01-25,2457.031005859375,2475.442132338579,2430.4681647563493,2436.5583895331097,1591810,HINDUNILVR.NS
2023-01-27,2447.47412109375,2479.7056052849134,2415.6644508941163,2469.3521762878286,1581382,HINDUNILVR.NS
2023-01-30,2406.248046875,2445.459821723103,2370.6905446423666,2445.459821723103,2744039,HINDUNILVR.NS
2023-01-31,2414.3056640625,2426.9076989109026,2380.996773311189,2406.1072844911223,2366794,HINDUNILVR.NS
2023-02-01,2411.963134765625,2438.9006661337953,2386.29058767451,2436.277139068055,2014615,HINDUNILVR.NS
2023-02-02,2468.74267578125,2473.33367624611,2401.422184759458,2407.5124087941585,1980667,HINDUNILVR.NS
2023-02-03,2481.7666015625,2489.9180874534236,2465.2760552491372,2473.5682220386975,1638238,HINDUNILVR.NS
2023-02-06,2471.3193359375,2478.2527303373595,2435.8554010187336,2465.13532458132,1697446,HINDUNILVR.NS
2023-02-07,2437.21435546875,2478.7685215087567,2431.6863964659933,2478.253149017107,1495745,HINDUNILVR.NS
2023-02-08,2419.974365234375,2443.1171744059943,2415.804949267634,2429.250154856986,1061956,HINDUNILVR.NS
2023-02-09,2423.628173828125,2435.995968376085,2404.2331972927545,2423.909306857504,1102484,HINDUNILVR.NS
2023-02-10,2415.008544921875,2423.5816166368536,2394.2550227378433,2422.03572788479,1523011,HINDUNILVR.NS
2023-02-13,2418.28759765625,2427.422934377346,2389.241911671227,2398.6114877954283,1146525,HINDUNILVR.NS
2023-02-14,2416.975830078125,2437.9635880682663,2408.168291703254,2422.035309437536,1944364,HINDUNILVR.NS
2023-02-15,2387.78955078125,2409.6676022484476,2377.0614320074883,2389.2418808116263,2009134,HINDUNILVR.NS
2023-02-16,2367.78564453125,2400.3915860402444,2363.8035747277663,2398.6114580984527,1982857,HINDUNILVR.NS
2023-02-17,2356.9169921875,2385.7284402136443,2348.859064817002,2365.8180899516747,1395341,HINDUNILVR.NS
2023-02-20,2353.122314453125,2382.683374941272,2350.0772019998967,2359.2594329933636,632091,HINDUNILVR.NS
2023-02-21,2357.526123046875,2383.573593936123,2353.918973002064,2368.62916375174,862797,HINDUNILVR.NS
2023-02-22,2336.8193359375,2364.4595873600997,2326.2316684562447,2357.5259633129067,885515,HINDUNILVR.NS
2023-02-23,2333.633544921875,2357.2917262478927,2323.7488244366887,2334.8985292846232,757215,HINDUNILVR.NS
2023-02-24,2327.590087890625,2352.93483741435,2316.1123569764086,2335.0857488958277,732783,HINDUNILVR.NS
2023-02-27,2312.552001953125,2330.2137456869955,2301.1680576627505,2330.2137456869955,853991,HINDUNILVR.NS
2023-02-28,2305.524658203125,2318.361160496719,2282.1007178854966,2314.0510639785084,1780454,HINDUNILVR.NS
2023-03-01,2310.77197265625,2314.2855640997213,2293.672494298023,2303.0420714806132,967339,HINDUNILVR.NS
2023-03-02,2300.5595703125,2314.285911445371,2289.925007114367,2310.772319474553,827174,HINDUNILVR.NS
2023-03-03,2315.22216796875,2332.9305746375862,2300.8397776918437,2310.537380093459,1176008,HINDUNILVR.NS
2023-03-06,2328.19921875,2341.3166253465765,2319.532360820119,2325.48190441963,1214503,HINDUNILVR.NS
2023-03-08,2328.43359375,2343.7058207487166,2311.6619142323125,2330.213721820577,1448340,HINDUNILVR.NS
2023-03-09,2306.2275390625,2334.851641899279,2302.0112295079657,2328.1993796295633,1038910,HINDUNILVR.NS
2023-03-10,2310.022216796875,2314.753898729146,2290.9552656680103,2295.5462667016423,772024,HINDUNILVR.NS
2023-03-13,2300.32470703125,2331.618999531627,2290.8613437230574,2310.5374534237462,1314549,HINDUNILVR.NS
2023-03-14,2288.47216796875,2316.1593122939944,2285.9424280620037,2306.7897357879506,1250763,HINDUNILVR.NS
2023-03-15,2254.41357421875,2304.4470141504353,2242.1393392404925,2297.3260455181126,1738040,HINDUNILVR.NS
2023-03-16,2304.306884765625,2313.629567620044,2255.959778594288,2272.0754044015916,1628035,HINDUNILVR.NS
2023-03-17,2293.110107421875,2326.653237719197,2285.98936638772,2315.831330893253,2127178,HINDUNILVR.NS
2023-03-20,2352.8876953125,2357.9940680831646,2272.122002260381,2293.109759358822,1561128,HINDUNILVR.NS
2023-03-21,2307.351806640625,2364.178191841623,2303.7444284912676,2356.4482918782055,1595161,HINDUNILVR.NS
2023-03-22,2320.235107421875,2324.9665604311444,2299.668704542479,2316.7215163262267,1063244,HINDUNILVR.NS
2023-03-23,2328.43359375,2342.4410651457583,2310.5376107798725,2318.9702297973176,1578627,HINDUNILVR.NS
2023-03-24,2324.404541015625,2340.42637928558,2314.285352832304,2316.3466138744157,1449326,HINDUNILVR.NS
2023-03-27,2341.45703125,2347.0787768232294,2308.663515406163,2328.3396249124653,1387736,HINDUNILVR.NS
2023-03-28,2326.2783203125,2355.0428722060337,2316.065345463075,2351.5761749174585,1412387,HINDUNILVR.NS
2023-03-29,2371.299072265625,2379.6847964657045,2323.7015836712835,2328.33947772613,2613254,HINDUNILVR.NS
2023-03-31,2398.939453125,2406.5286723419163,2357.90066500037,2397.4871231129973,2146167,HINDUNILVR.NS
2023-04-03,2376.218017578125,2407.9807854664277,2356.49501636752,2407.9807854664277,918048,HINDUNILVR.NS
2023-04-05,2419.92724609375,2425.361645934174,2344.2679197469993,2354.1059745660814,1489612,HINDUNILVR.NS
2023-04-06,2403.530517578125,2422.035430441264,2392.052786814912,2412.6658543080293,797414,HINDUNILVR.NS
2023-04-10,2372.517333984375,2406.9974228825026,2365.8181779702936,2403.5307251636814,853322,HINDUNILVR.NS
2023-04-11,2387.133544921875,2393.9264870082975,2373.313421366739,2379.8721240708715,913184,HINDUNILVR.NS
2023-04-12,2369.51904296875,2394.86379357632,2359.8683332619644,2394.86379357632,1109809,HINDUNILVR.NS
2023-04-13,2376.311767578125,2400.813345533759,2365.817888436723,2365.817888436723,1261711,HINDUNILVR.NS
2023-04-17,2390.975341796875,2416.413649123673,2381.1839518825154,2410.7919035266423,1566977,HINDUNILVR.NS
2023-04-18,2380.856201171875,2398.611502284606,2370.5027737422083,2398.611502284606,1474786,HINDUNILVR.NS
2023-04-19,2372.002197265625,2387.3682119969135,2351.9980589345573,2387.3682119969135,1320243,HINDUNILVR.NS
2023-04-20,2335.4609375,2372.7516722854098,2323.6551785607594,2359.0722266290345,1401364,HINDUNILVR.NS
2023-04-21,2340.472900390625,2351.2948050759983,2328.948277592557,2334.898049113125,1206288,HINDUNILVR.NS
2023-04-24,2342.15966796875,2346.9849079181486,2319.0637555419476,2344.2678224853735,1735797,HINDUNILVR.NS
2023-04-25,2333.44580078125,2342.1595514329497,2321.8276190785796,2333.820721037416,1701098,HINDUNILVR.NS
2023-04-26,2352.51318359375,2359.2592325517194,2325.7161047822374,2333.02441979896,1245903,HINDUNILVR.NS
2023-04-27,2313.30126953125,2363.0069127114803,2302.104672693143,2355.464358774714,2743893,HINDUNILVR.NS
2023-04-28,2302.385986328125,2312.2240412567344,2266.500464029124,2282.475637067844,3761927,HINDUNILVR.NS
2023-05-02,2297.138916015625,2321.7809467940324,2295.5461338359078,2315.971855388902,1760370,HINDUNILVR.NS
2023-05-03,2329.27685546875,2333.0246862900995,2298.0292244959724,2302.058188378811,1258140,HINDUNILVR.NS
2023-05-04,2348.71826171875,2351.154442768909,2323.795100203347,2330.166457085045,1150227,HINDUNILVR.NS
2023-05-05,2343.096435546875,2361.132867171099,2337.4277970008134,2342.3937174316457,1354871,HINDUNILVR.NS
2023-05-08,2357.66650390625,2367.551452542733,2339.7236282415865,2347.781555269767,972810,HINDUNILVR.NS
2023-05-09,2357.198486328125,2365.8184523650675,2342.4414009321845,2365.8184523650675,1651327,HINDUNILVR.NS
2023-05-10,2363.6630859375,2375.187711114094,2347.8754863302474,2362.0703036365408,2025658,HINDUNILVR.NS
2023-05-11,2428.968505859375,2435.1525167938507,2364.506013539371,2377.0142587826963,1749356,HINDUNILVR.NS
2023-05-12,2458.014404296875,2473.5679915007713,2423.3469741129625,2430.4679431640157,2170011,HINDUNILVR.NS
2023-05-15,2494.415283203125,2502.3794225240854,2457.6865923198716,2471.647168570969,1561055,HINDUNILVR.NS
2023-05-16,2507.205078125,2509.5474724312376,2483.500230745428,2501.677119062056,1477905,HINDUNILVR.NS
2023-05-17,2493.94677734375,2505.4245074169953,2480.1735470057365,2503.5505923029964,839404,HINDUNILVR.NS
2023-05-18,2461.90283203125,2500.9270221050547,2456.562219798673,2497.4603249540414,1434067,HINDUNILVR.NS
2023-05-19,2474.926513671875,2482.0005890356556,2436.698599279995,2462.933411093132,1174757,HINDUNILVR.NS
2023-05-22,2471.787841796875,2488.043918287293,2457.6865847047507,2468.88318184788,768232,HINDUNILVR.NS
2023-05-23,2462.60595703125,2482.7505474861255,2459.513950885963,2466.072654754992,703864,HINDUNILVR.NS
2023-05-24,2450.097412109375,2471.694332141238,2443.5856020562355,2454.8290940902366,628872,HINDUNILVR.NS
2023-05-25,2433.51318359375,2460.5911673681608,2417.866037057171,2445.4593932735347,1072231,HINDUNILVR.NS
2023-05-26,2485.139892578125,2489.2155213980545,2438.99472500857,2439.6036560249395,947073,HINDUNILVR.NS
2023-05-29,2483.21875,2510.6247595458312,2478.29972264562,2501.6767687989336,698267,HINDUNILVR.NS
2023-05-30,2489.074951171875,2496.992197756338,2483.7343381873484,2488.0910998656495,948051,HINDUNILVR.NS
2023-05-31,2499.38134765625,2511.046424287853,2471.69420420573,2489.074813825218,3388305,HINDUNILVR.NS
2023-06-01,2527.817626953125,2559.0652520569474,2487.1537616787796,2498.865730795745,1541080,HINDUNILVR.NS
2023-06-02,2545.432861328125,2565.577451272608,2521.962025898736,2539.155290676707,1509260,HINDUNILVR.NS
2023-06-05,2525.8505859375,2550.3988316606133,2514.934891601561,2545.1986707322853,1000190,HINDUNILVR.NS
2023-06-06,2521.49365234375,2537.18769400229,2501.8175404136405,2529.7858195855015,655372,HINDUNILVR.NS
2023-06-07,2544.964111328125,2555.0832988556526,2510.437362049412,2520.415868691495,1428490,HINDUNILVR.NS
2023-06-08,2510.95263671875,2549.9770588783986,2506.2678486143086,2536.3442797445905,923536,HINDUNILVR.NS
2023-06-09,2470.007568359375,2519.4320815390515,2454.9226883162682,2519.4320815390515,1413808,HINDUNILVR.NS
2023-06-12,2476.800537109375,2489.49635841686,2467.00937587941,2478.252867148135,775484,HINDUNILVR.NS
2023-06-13,2507.205078125,2526.974977569425,2461.856415856012,2463.8241185730294,1787924,HINDUNILVR.NS
2023-06-14,2528.6142578125,2531.753157191345,2484.811491141732,2502.613685082793,1536248,HINDUNILVR.NS
2023-06-15,2520.135009765625,2546.182478850207,2509.313102882079,2542.8562333579403,1830192,HINDUNILVR.NS
2023-06-16,2544.448974609375,2552.272662560092,2514.044744331333,2520.1349691135065,1748145,HINDUNILVR.NS
2023-06-19,2534.625,2561.215681534716,2526.831966831268,2552.3364390198453,1068263,HINDUNILVR.NS
2023-06-20,2527.870849609375,2531.932488012985,2501.4217702752153,2522.108636507365,1129279,HINDUNILVR.NS
2023-06-21,2528.34326171875,2556.9177147100518,2520.644551715775,2537.1752269999993,1201840,HINDUNILVR.NS
2023-06-22,2507.32568359375,2529.6656181838885,2501.9884986425827,2520.833422303501,830052,HINDUNILVR.NS
2023-06-23,2495.281982421875,2513.1822966173913,2481.9156119396744,2504.4446537175895,991214,HINDUNILVR.NS
2023-06-26,2505.20068359375,2526.076429642548,2495.8016280600636,2495.8016280600636,758700,HINDUNILVR.NS
2023-06-27,2504.491943359375,2514.1741963527184,2489.992086873488,2505.200400895473,687747,HINDUNILVR.NS
2023-06-28,2513.843505859375,2538.7340730259034,2495.659762322393,2506.003196288723,1397573,HINDUNILVR.NS
2023-06-30,2529.807373046875,2537.128101107674,2504.4920076017515,2518.283176287608,1160181,HINDUNILVR.NS
2023-07-03,2551.43896484375,2555.973139106291,2512.143095391975,2538.167147813337,980665,HINDUNILVR.NS
2023-07-04,2550.447265625,2556.7761071606037,2526.832013165509,2551.4391523518384,721907,HINDUNILVR.NS
2023-07-05,2603.2041015625,2606.5572832649827,2546.7636423369995,2550.4002532218997,1717547,HINDUNILVR.NS
2023-07-06,2604.38427734375,2611.846603965153,2584.1222087067363,2607.029000802995,1265020,HINDUNILVR.NS
2023-07-07,2548.65234375,2616.239005034382,2541.945520475291,2600.6058939640993,1178930,HINDUNILVR.NS
2023-07-10,2509.404052734375,2561.1687332755905,2504.161420460869,2559.7988641116162,1518183,HINDUNILVR.NS
2023-07-11,2535.805908203125,2566.269585066433,2499.4384179942144,2509.9236827430877,2476367,HINDUNILVR.NS
2023-07-12,2525.556640625,2555.1229821645047,2496.1321289676907,2555.1229821645047,2395826,HINDUNILVR.NS
2023-07-13,2507.65625,2538.5922290929466,2504.3501148297614,2536.230703971348,1495067,HINDUNILVR.NS
2023-07-14,2528.626708984375,2537.6950582794675,2504.208676033007,2507.9398398406797,1419016,HINDUNILVR.NS
2023-07-17,2533.160888671875,2553.470006059391,2522.108996496163,2522.108996496163,912701,HINDUNILVR.NS
2023-07-18,2534.199951171875,2551.486361639526,2529.0045957679067,2536.797628873859,1215904,HINDUNILVR.NS
2023-07-19,2523.620361328125,2547.518811662444,2513.512849060663,2534.152671386877,1166542,HINDUNILVR.NS
2023-07-20,2553.517333984375,2565.844542304715,2510.9626015033023,2521.2117136611337,1430764,HINDUNILVR.NS
2023-07-21,2459.764404296875,2528.107029051962,2448.4290844614056,2503.2164636661746,5198952,HINDUNILVR.NS
2023-07-24,2437.330322265625,2461.6067568250505,2432.371119013268,2459.7648131691453,1777469,HINDUNILVR.NS
2023-07-25,2425.900634765625,2443.3288777507,2420.374803370857,2437.283233995688,1653775,HINDUNILVR.NS
2023-07-26,2440.2109375,2454.8523917702496,2429.8202280178875,2436.621373555374,1300033,HINDUNILVR.NS
2023-07-27,2427.50634765625,2439.927878172612,2411.5895752902356,2419.1464560588693,2276136,HINDUNILVR.NS
2023-07-28,2441.439453125,2450.0825436342548,2423.1138780906617,2427.6480528732664,966450,HINDUNILVR.NS
2023-07-31,2418.95751953125,2439.8332637607236,2412.5341249153757,2432.418213062982,2003252,HINDUNILVR.NS
2023-08-01,2409.794921875,2431.2375250527625,2404.032708009508,2427.6479605439827,1758897,HINDUNILVR.NS
2023-08-02,2426.65576171875,2430.906506628262,2395.530909004859,2397.420128964642,2082908,HINDUNILVR.NS
2023-08-03,2409.98388671875,2419.1938355471134,2396.6647915506487,2416.265451877678,1475310,HINDUNILVR.NS
2023-08-04,2404.97705078125,2417.2097041108245,2394.6336174444336,2409.983529885594,1359318,HINDUNILVR.NS
2023-08-07,2426.891845703125,2431.4260196021396,2398.128518750945,2399.3092811924766,803823,HINDUNILVR.NS
2023-08-08,2423.7275390625,2442.0056032742345,2413.9980104274414,2426.891844033029,1002061,HINDUNILVR.NS
2023-08-09,2410.83349609375,2426.6557129388793,2400.2539106551667,2423.727560430679,1212549,HINDUNILVR.NS
2023-08-10,2396.1923828125,2410.0781050909627,2387.5965693152134,2407.858409737453,1313334,HINDUNILVR.NS
2023-08-11,2363.2255859375,2396.1451094353415,2360.5806315433233,2394.586595022939,1472199,HINDUNILVR.NS
2023-08-14,2392.7919921875,2399.3097097819514,2350.284536699237,2363.225649246567,1060479,HINDUNILVR.NS
2023-08-16,2411.211669921875,2413.525918386328,2384.5734824149445,2393.6418310067957,1155882,HINDUNILVR.NS
2023-08-17,2402.37939453125,2418.815516366493,2392.697141982761,2411.2115903225526,1532873,HINDUNILVR.NS
2023-08-18,2413.242431640625,2425.5223618143514,2391.8471070850114,2391.8471070850114,1970819,HINDUNILVR.NS
2023-08-21,2420.799072265625,2432.275990545546,2398.4118632871387,2413.242192906294,977004,HINDUNILVR.NS
2023-08-22,2423.6806640625,2432.371030942716,2411.589608542429,2431.0486690370512,960025,HINDUNILVR.NS
2023-08-23,2431.4736328125,2440.400151982646,2420.563340218901,2432.3709662687493,1136112,HINDUNILVR.NS
2023-08-24,2438.274658203125,2448.193063592426,2424.7666885493973,2441.816945842161,1143934,HINDUNILVR.NS
2023-08-25,2421.555419921875,2437.755391906281,2410.1728213791207,2424.814278847816,802955,HINDUNILVR.NS
2023-08-28,2414.139892578125,2425.7586424798965,2398.364950645038,2422.9248122900835,619841,HINDUNILVR.NS
2023-08-29,2386.2265625,2417.1625413385354,2382.4010763286196,2417.1625413385354,958564,HINDUNILVR.NS
2023-08-30,2391.705078125,2395.5307944842025,2380.4170355284664,2386.2262943800138,1227377,HINDUNILVR.NS
2023-08-31,2366.295654296875,2399.1208563423525,2353.1183890956854,2391.800127828613,3235414,HINDUNILVR.NS
2023-09-01,2366.059326171875,2375.221997637154,2361.5251517569636,2366.295478687051,813413,HINDUNILVR.NS
2023-09-04,2362.847412109375,2374.7495906101017,2353.968170167213,2374.7495906101017,1143301,HINDUNILVR.NS
2023-09-05,2368.1845703125,2383.6760822203914,2363.508796889263,2370.9711237168385,844088,HINDUNILVR.NS
2023-09-06,2383.723388671875,2386.179466974246,2368.5623517069744,2374.230011834587,1094146,HINDUNILVR.NS
2023-09-07,2368.562255859375,2382.164777985807,2361.5249576092338,2370.971057439671,1894798,HINDUNILVR.NS
2023-09-08,2374.560791015625,2381.409213881592,2362.989317897267,2365.303566397401,1018234,HINDUNILVR.NS
2023-09-11,2395.767333984375,2398.270458468714,2370.073985732606,2374.560883647412,1121083,HINDUNILVR.NS
2023-09-12,2360.43896484375,2407.8110675906596,2350.1898533407457,2407.8110675906596,3946716,HINDUNILVR.NS
2023-09-13,2367.71240234375,2370.026650877306,2353.9682797872647,2355.857499915505,1231305,HINDUNILVR.NS
2023-09-14,2362.28125,2374.750058599411,2355.007797535154,2371.9162279805573,2081195,HINDUNILVR.NS
2023-09-15,2332.90380859375,2352.079442137129,2329.4087969117104,2337.721412951243,3750697,HINDUNILVR.NS
2023-09-18,2350.8037109375,2354.865580279929,2325.629945327959,2334.462141550995,1499641,HINDUNILVR.NS
2023-09-20,2330.21142578125,2342.6329558606117,2309.571603660966,2313.9639482061284,1795159,HINDUNILVR.NS
2023-09-21,2336.351318359375,2345.466712934621,2307.587758348168,2329.4083423668044,2223720,HINDUNILVR.NS
2023-09-22,2344.947265625,2352.0791179092685,2321.851595108828,2331.2976959839657,1176741,HINDUNILVR.NS
2023-09-25,2338.712890625,2361.241702005508,2323.7407290464666,2344.9471786006093,1122778,HINDUNILVR.NS
2023-09-26,2341.640869140625,2351.134245584821,2324.9213185800086,2336.96509585249,1263548,HINDUNILVR.NS
2023-09-27,2363.17822265625,2366.059329468946,2332.242243125125,2338.8545135592585,1086791,HINDUNILVR.NS
2023-09-28,2324.0712890625,2362.4695930397675,2317.3171892403825,2361.5249830465486,1612346,HINDUNILVR.NS
2023-09-29,2329.03076171875,2335.831908335393,2314.7670569193406,2328.9834850900697,1249567,HINDUNILVR.NS
2023-10-03,2332.147705078125,2360.580560377366,2325.441111964675,2352.079069763762,1585626,HINDUNILVR.NS
2023-10-04,2368.9404296875,2371.963135754009,2328.6053956574083,2330.4002931408627,1587335,HINDUNILVR.NS
2023-10-05,2379.9921875,2384.9513900330817,2357.1326714710435,2378.5279958666974,1909928,HINDUNILVR.NS
2023-10-06,2360.958251953125,2380.4173111084674,2355.85744996211,2380.3700344827253,1083342,HINDUNILVR.NS
2023-10-09,2372.19921875,2377.111144791341,2343.5774886657327,2347.355928792562,1468771,HINDUNILVR.NS
2023-10-10,2376.82763671875,2381.220211590912,2364.689536585054,2373.049196717411,1092373,HINDUNILVR.NS
2023-10-11,2414.80078125,2421.932632488109,2376.8747840467026,2378.8585571865638,1697398,HINDUNILVR.NS
2023-10-12,2415.36767578125,2425.3333570160435,2398.5535723136,2413.4784558549445,1625010,HINDUNILVR.NS
2023-10-13,2427.128173828125,2433.9765964845883,2401.8598557508294,2411.6366617212666,1531977,HINDUNILVR.NS
2023-10-16,2416.595703125,2438.9829130195003,2411.2114724847024,2418.20149393103,954899,HINDUNILVR.NS
2023-10-17,2414.565185546875,2427.6481286037524,2405.402513052731,2416.5962357760645,1253538,HINDUNILVR.NS
2023-10-18,2407.1025390625,2428.8285700243123,2398.8844778222215,2427.695084097668,1084689,HINDUNILVR.NS
2023-10-19,2406.961181640625,2412.9120410078367,2385.1405952351524,2385.1405952351524,1272343,HINDUNILVR.NS
2023-10-20,2356.94384765625,2402.663115815191,2347.40342381898,2380.4175013752265,3608160,HINDUNILVR.NS
2023-10-23,2345.93896484375,2370.9238535380587,2342.9635355529686,2355.8573699699264,922707,HINDUNILVR.NS
2023-10-25,2340.082275390625,2352.0787756327695,2328.4635268814363,2337.9569030030048,1435836,HINDUNILVR.NS
2023-10-26,2339.232177734375,2352.0789663438077,2319.63151968151,2324.685275571129,2650560,HINDUNILVR.NS
2023-10-27,2344.569580078125,2356.8022349334974,2327.377722123193,2330.6365808936484,1784812,HINDUNILVR.NS
2023-10-30,2341.59375,2353.9682338455405,2326.007684246207,2334.131422886168,875135,HINDUNILVR.NS
2023-10-31,2346.411376953125,2353.968257394198,2331.10874018349,2333.3757120687364,920414,HINDUNILVR.NS
2023-11-01,2335.3125,2355.8104946288076,2330.164420681133,2347.3562797047225,1267131,HINDUNILVR.NS
2023-11-02,2366.28466796875,2375.0387708224666,2343.923525695381,2355.056473471797,1595123,HINDUNILVR.NS
2023-11-03,2387.646728515625,2390.739227018236,2365.3332088586044,2375.990388005785,1125583,HINDUNILVR.NS
2023-11-06,2376.370849609375,2395.7347403549593,2370.376346204631,2393.1180109195598,1338677,HINDUNILVR.NS
2023-11-07,2375.467041015625,2383.7929986816816,2364.8098616648895,2375.038895368902,1473411,HINDUNILVR.NS
2023-11-08,2397.257568359375,2402.6336656182066,2376.6566294251475,2376.942137312586,745022,HINDUNILVR.NS
2023-11-09,2356.67431640625,2399.779037894486,2353.2012953376957,2397.923585100202,1823094,HINDUNILVR.NS
2023-11-10,2366.046875,2367.9975743738846,2345.874315737013,2356.959640581963,771062,HINDUNILVR.NS
2023-11-13,2358.053955078125,2366.6654209997896,2351.250550859455,2357.150040381176,760809,HINDUNILVR.NS
2023-11-15,2365.904052734375,2381.7473002380734,2356.008150196764,2380.6528921237327,1457029,HINDUNILVR.NS
2023-11-16,2370.471435546875,2384.363983366674,2355.3896975279267,2360.004517474422,1420578,HINDUNILVR.NS
2023-11-17,2406.24951171875,2410.721694174483,2345.5413365463196,2345.5413365463196,1756043,HINDUNILVR.NS
2023-11-20,2384.982421875,2411.6731097766415,2378.8450481126865,2411.6254864138623,944231,HINDUNILVR.NS
2023-11-21,2383.841064453125,2395.021638251079,2376.9424125352384,2383.6031799042325,1088806,HINDUNILVR.NS
2023-11-22,2399.683837890625,2401.9200453459357,2382.6513988496476,2386.2196667193302,816610,HINDUNILVR.NS
2023-11-23,2397.78076171875,2405.250428716341,2384.7447362298585,2384.7447362298585,1023670,HINDUNILVR.NS
2023-11-24,2393.308349609375,2397.68551736679,2385.9339300524603,2393.2133351940906,735137,HINDUNILVR.NS
2023-11-28,2388.884033203125,2409.0565945439425,2378.8452597451787,2409.0565945439425,1880641,HINDUNILVR.NS
2023-11-29,2402.68115234375,2406.1065498709017,2386.5526291753827,2390.2635345737363,1265214,HINDUNILVR.NS
2023-11-30,2422.18798828125,2430.7042082762955,2394.2126272385763,2394.2126272385763,3095684,HINDUNILVR.NS
2023-12-01,2439.410400390625,2456.8235929635157,2418.80969477302,2424.0431539867304,1345599,HINDUNILVR.NS
2023-12-04,2476.1875,2481.9917426867814,2450.210464919808,2452.1135410090665,2188039,HINDUNILVR.NS
2023-12-05,2439.02978515625,2509.205712847764,2432.416642500019,2509.205712847764,3108717,HINDUNILVR.NS
2023-12-06,2443.216552734375,2458.488784721016,2438.791993776988,2445.4527600494966,1573754,HINDUNILVR.NS
2023-12-07,2396.21044921875,2435.746897612477,2377.5128213731346,2427.4685638863816,3925967,HINDUNILVR.NS
2023-12-08,2400.064453125,2411.1497784060275,2386.742920518536,2396.924331120229,1605805,HINDUNILVR.NS
2023-12-11,2382.318115234375,2407.3436120884426,2377.8935562825754,2400.0644390234593,2012243,HINDUNILVR.NS
2023-12-12,2381.461669921875,2395.9726240588475,2375.990326558754,2378.8449404873386,1677929,HINDUNILVR.NS
2023-12-13,2390.168212890625,2394.735641759348,2376.9895509561466,2386.3146698320634,1513205,HINDUNILVR.NS
2023-12-14,2394.403076171875,2402.443526941537,2379.987134057767,2399.1607668413926,2166569,HINDUNILVR.NS
2023-12-15,2400.635009765625,2409.2940980653966,2385.505649229838,2397.8756426243285,2543337,HINDUNILVR.NS
2023-12-18,2412.624755859375,2421.188598416162,2393.118225591137,2398.0185536861045,1969036,HINDUNILVR.NS
2023-12-19,2436.603515625,2442.5506286265395,2412.149033424489,2412.196656790322,1656220,HINDUNILVR.NS
2023-12-20,2433.55859375,2448.2598103471983,2423.5674440982407,2448.2598103471983,1468642,HINDUNILVR.NS
2023-12-21,2429.467041015625,2454.968308668264,2413.100632086325,2419.0477452371683,1945695,HINDUNILVR.NS
2023-12-22,2450.781494140625,2454.7302841239025,2423.3771518428653,2435.17613073748,1174984,HINDUNILVR.NS
2023-12-26,2459.488037109375,2466.053556897237,2442.6458596590815,2450.781556654719,893776,HINDUNILVR.NS
2023-12-27,2481.896728515625,2485.4173728192854,2455.82444670473,2460.67738365646,1073278,HINDUNILVR.NS
2023-12-28,2506.1611328125,2512.0606226614736,2480.517227084653,2487.177993887164,1635216,HINDUNILVR.NS
2023-12-29,2534.849853515625,2537.847337890644,2494.2192234523473,2506.1610729677977,1305681,HINDUNILVR.NS
2024-01-01,2526.095703125,2540.0356429919357,2510.157440378096,2534.754792526063,526353,HINDUNILVR.NS
2024-01-02,2487.13037109375,2525.334533481902,2480.6598654508516,2519.672928160282,1310629,HINDUNILVR.NS
2024-01-03,2480.231689453125,2501.213151091313,2469.7647703175226,2473.0475303118674,1008270,HINDUNILVR.NS
2024-01-04,2466.909912109375,2495.884198026478,2462.6279910681556,2480.231444237614,1376844,HINDUNILVR.NS
2024-01-05,2493.07763671875,2502.450148337657,2469.241559022431,2469.241559022431,1150738,HINDUNILVR.NS
2024-01-08,2453.30322265625,2498.739169085741,2442.1226494510875,2497.7400075715414,1189828,HINDUNILVR.NS
2024-01-09,2454.730224609375,2463.531951357175,2446.9276592515216,2457.3945775462025,1017205,HINDUNILVR.NS
2024-01-10,2452.493896484375,2468.5750277302213,2440.6949184571795,2454.9679881557595,881278,HINDUNILVR.NS
2024-01-11,2413.290771484375,2463.5320273096354,2409.1517203256853,2454.9681848045034,2399600,HINDUNILVR.NS
2024-01-12,2420.712890625,2431.1798095703125,2390.1210340857506,2410.7217407226562,2979841,HINDUNILVR.NS
2024-01-15,2448.49755859375,2453.778641006157,2408.3427010709,2422.61577120763,1391204,HINDUNILVR.NS
2024-01-16,2444.5966796875,2459.34552056362,2432.46456864424,2448.497846598297,1599406,HINDUNILVR.NS
2024-01-17,2438.69677734375,2446.7374597198636,2416.6687643925234,2425.4704913619616,3047652,HINDUNILVR.NS
2024-01-18,2424.518798828125,2445.4526346107855,2414.5752732931774,2445.4526346107855,1273095,HINDUNILVR.NS
2024-01-19,2441.075439453125,2449.2111356388905,2409.2941638644834,2440.694917184992,1323064,HINDUNILVR.NS
2024-01-23,2260.426025390625,2360.2898868611123,2250.815399164317,2332.2195173136815,4369332,HINDUNILVR.NS
2024-01-24,2323.322509765625,2327.3665459958092,2252.432933495337,2272.272592395279,1551469,HINDUNILVR.NS
2024-01-25,2310.619873046875,2348.3958868393197,2302.9123219857183,2335.835631151106,2364765,HINDUNILVR.NS
2024-01-29,2325.939208984375,2330.316376359308,2293.2063973156114,2293.2063973156114,1587091,HINDUNILVR.NS
2024-01-30,2339.498779296875,2373.6591324226742,2328.698962527643,2335.074220580043,1793711,HINDUNILVR.NS
2024-01-31,2361.2890625,2365.4281132254823,2323.4178053681126,2331.2679935095225,1445004,HINDUNILVR.NS
2024-02-01,2353.724609375,2389.8354318488737,2348.7290346210502,2355.151916447557,1727534,HINDUNILVR.NS
2024-02-02,2333.742431640625,2366.380002548617,2323.656034880075,2356.959868303827,1956115,HINDUNILVR.NS
2024-02-05,2302.246337890625,2345.3034351378046,2295.8234559808247,2344.5897815922713,1315445,HINDUNILVR.NS
2024-02-06,2308.764404296875,2323.0374748228087,2300.8665921440406,2307.4321116623337,1557511,HINDUNILVR.NS
2024-02-07,2307.90771484375,2321.65739200059,2294.681430030404,2321.65739200059,1149076,HINDUNILVR.NS
2024-02-08,2299.914794921875,2323.4653586356526,2282.7394888627414,2323.4653586356526,1758661,HINDUNILVR.NS
2024-02-09,2306.6708984375,2310.762558563017,2289.4958222778605,2299.9151175875504,886474,HINDUNILVR.NS
2024-02-12,2270.03662109375,2312.0947881032084,2266.563600188382,2306.623444399983,1292460,HINDUNILVR.NS
2024-02-13,2277.98193359375,2284.5950761204376,2264.7556485403748,2274.1757816579207,957865,HINDUNILVR.NS
2024-02-14,2272.22509765625,2277.98194895984,2255.145037190819,2269.4181070464574,1397975,HINDUNILVR.NS
2024-02-15,2236.923583984375,2269.1330114246907,2233.0221845914284,2253.5755018411346,2553695,HINDUNILVR.NS
2024-02-16,2260.140625,2266.5635064730027,2243.346072294225,2255.0974271593814,2363302,HINDUNILVR.NS
2024-02-19,2271.4638671875,2278.8859101258126,2258.760974142025,2273.700074434181,576683,HINDUNILVR.NS
2024-02-20,2287.5927734375,2291.731824668169,2253.432417243069,2255.240478966608,1032995,HINDUNILVR.NS
2024-02-21,2290.447509765625,2305.3866118412207,2278.0775141613935,2287.5928953954176,1127778,HINDUNILVR.NS
2024-02-22,2272.367919921875,2303.0073961054027,2251.1009533608717,2303.0073961054027,2258516,HINDUNILVR.NS
2024-02-23,2278.0771484375,2288.924588379188,2268.4188986500394,2272.796066238622,1210775,HINDUNILVR.NS
2024-02-26,2287.7353515625,2289.923935534392,2264.6605539019442,2275.2227191568054,831596,HINDUNILVR.NS
2024-02-27,2288.734619140625,2292.2076402527696,2273.3671395694214,2287.5451965256293,1120424,HINDUNILVR.NS
2024-02-28,2304.197021484375,2307.4797813093674,2284.6428680098106,2294.2534952803453,629152,HINDUNILVR.NS
2024-02-29,2295.3955078125,2311.0958871651037,2281.074812304817,2307.4799957614687,2848084,HINDUNILVR.NS
2024-03-01,2292.92138671875,2320.611239241331,2287.4976658364512,2299.82003816522,2326244,HINDUNILVR.NS
2024-03-04,2304.625244140625,2310.239225924015,2287.878080904484,2299.106276780367,1501261,HINDUNILVR.NS
2024-03-05,2283.548583984375,2302.721981943452,2275.222626405034,2288.4489118074393,1587199,HINDUNILVR.NS
2024-03-06,2284.45263671875,2292.112564616578,2260.188416020836,2287.497512070002,1354111,HINDUNILVR.NS
2024-03-07,2302.2939453125,2308.4313192997674,2286.545944054963,2288.401396798682,1820704,HINDUNILVR.NS
2024-03-11,2274.033203125,2296.0612151038335,2268.038467208084,2292.25506306885,2040761,HINDUNILVR.NS
2024-03-12,2262.900146484375,2269.4182751248295,2246.3911005141035,2264.6605848205845,1012157,HINDUNILVR.NS
2024-03-13,2200.52685546875,2259.9027333065187,2192.200898030252,2259.9027333065187,2322669,HINDUNILVR.NS
2024-03-14,2221.460693359375,2228.216473730242,2190.297824060878,2193.15243804242,2292515,HINDUNILVR.NS
2024-03-15,2214.89501953125,2223.6967462831662,2203.6668243480685,2217.131226818886,2751403,HINDUNILVR.NS
2024-03-18,2188.489990234375,2212.3260659225875,2185.6829993222295,2208.329652394355,2487402,HINDUNILVR.NS
2024-03-19,2157.089111328125,2192.2483954119025,2137.963336127207,2172.5992278276485,4220638,HINDUNILVR.NS
2024-03-20,2133.300537109375,2155.661679736964,2131.445084502093,2140.96046434362,2995013,HINDUNILVR.NS
2024-03-21,2133.681396484375,2149.6670495560147,2125.735961002828,2125.735961002828,3504486,HINDUNILVR.NS
2024-03-22,2147.19287109375,2156.184857688052,2123.880192800124,2130.5409580268743,3507809,HINDUNILVR.NS
2024-03-26,2131.4453125,2149.667173922062,2123.8330078125,2123.928254544735,3027027,HINDUNILVR.NS
2024-03-27,2131.15966796875,2153.3305504113832,2127.6390237383353,2140.960556087323,2168861,HINDUNILVR.NS
2024-03-28,2154.615478515625,2177.024015847475,2131.5406786390135,2136.2031225976516,3186360,HINDUNILVR.NS
2024-04-01,2175.120849609375,2183.7799392419947,2152.379181945704,2159.991486744805,1427873,HINDUNILVR.NS
2024-04-02,2175.88232421875,2186.6347521861035,2166.7000736443174,2186.6347521861035,1221495,HINDUNILVR.NS
2024-04-03,2155.424072265625,2171.2673211234596,2151.4752820475064,2171.2673211234596,1175309,HINDUNILVR.NS
2024-04-04,2155.18603515625,2171.409805184411,2140.2469344044857,2159.991348715431,1890255,HINDUNILVR.NS
2024-04-05,2157.089111328125,2169.9824982200603,2148.668139067341,2155.186035249879,1153449,HINDUNILVR.NS
2024-04-08,2158.9921875,2178.022948283286,2157.3269959314625,2166.6521151770908,1127294,HINDUNILVR.NS
2024-04-09,2154.4248046875,2164.368563257449,2146.431977910618,2160.942933319301,1189343,HINDUNILVR.NS
2024-04-10,2151.33251953125,2166.55712999579,2148.2876439001657,2166.55712999579,2308993,HINDUNILVR.NS
2024-04-12,2124.11865234375,2155.0912654952913,2120.5980076611204,2151.332503966756,3388551,HINDUNILVR.NS
2024-04-15,2087.721923828125,2119.7887068675727,2083.8681485983543,2119.741083507388,4909564,HINDUNILVR.NS
2024-04-16,2113.17578125,2123.1193075676006,2066.7883005804556,2077.2075959305644,2821129,HINDUNILVR.NS
2024-04-18,2107.46630859375,2129.2564348333967,2101.994965354063,2107.704193082432,3392171,HINDUNILVR.NS
2024-04-19,2123.4521484375,2135.0132414228597,2089.5773050315765,2112.4142154690803,2337694,HINDUNILVR.NS
2024-04-22,2132.87255859375,2144.3386386629995,2121.025956224656,2140.9606320927674,1804108,HINDUNILVR.NS
2024-04-23,2153.092529296875,2163.3215624158415,2139.7233744330624,2143.8150341424634,1991778,HINDUNILVR.NS
2024-04-24,2150.713623046875,2158.42117326358,2136.8210762369595,2156.2325895457075,1404398,HINDUNILVR.NS
2024-04-25,2122.73876953125,2131.3026120529203,2107.752045118327,2129.589797086767,4951866,HINDUNILVR.NS
2024-04-26,2114.935791015625,2145.7181374858937,2111.082248057202,2136.202757718772,2307512,HINDUNILVR.NS
2024-04-29,2118.218994140625,2125.7360519827253,2112.414518980148,2125.7360519827253,1395292,HINDUNILVR.NS
2024-04-30,2122.358154296875,2131.683274339112,2117.1723180022423,2123.8807082132403,2119102,HINDUNILVR.NS
2024-05-02,2118.4091796875,2134.4900796001903,2098.188996387385,2098.188996387385,2140383,HINDUNILVR.NS
2024-05-03,2109.607421875,2127.305889730108,2097.1898042040793,2123.832868867289,2595307,HINDUNILVR.NS
2024-05-06,2146.860107421875,2151.9033055615523,2104.8021719664616,2117.1721666480007,1619256,HINDUNILVR.NS
2024-05-07,2264.089599609375,2273.7954738082717,2149.5245084609905,2156.185274976806,8277810,HINDUNILVR.NS
2024-05-08,2227.59814453125,2257.2860845113137,2212.325912736349,2251.7194941298253,1813439,HINDUNILVR.NS
2024-05-09,2212.9443359375,2247.6280831254676,2207.0448465882805,2227.1700153936445,1558987,HINDUNILVR.NS
2024-05-10,2248.056396484375,2256.0968470099992,2208.5199417588396,2208.5199417588396,2610266,HINDUNILVR.NS
2024-05-13,2246.248046875,2266.230344520043,2234.1159375905095,2258.95117187298,1170617,HINDUNILVR.NS
2024-05-14,2235.733642578125,2257.3335074106412,2233.0216665184257,2246.2005599454214,689430,HINDUNILVR.NS
2024-05-15,2210.70849609375,2241.633484090581,2205.3321664872997,2235.6863710142675,812282,HINDUNILVR.NS
2024-05-16,2229.59619140625,2234.306490394986,2189.822088503335,2223.7443255783614,1880021,HINDUNILVR.NS
2024-05-17,2207.9013671875,2237.922206273115,2202.905792515625,2237.922206273115,1264582,HINDUNILVR.NS
2024-05-21,2198.71875,2212.135528356664,2190.2025315947476,2195.1981059581112,1663959,HINDUNILVR.NS
2024-05-22,2252.1953125,2258.9513255632746,2198.718920673421,2199.0044285495906,1914851,HINDUNILVR.NS
2024-05-23,2267.039306640625,2271.130966541499,2240.872011390838,2252.195220775294,1614718,HINDUNILVR.NS
2024-05-24,2254.240966796875,2267.752758864751,2250.1016839011268,2263.2329537227774,974100,HINDUNILVR.NS
2024-05-27,2268.9423828125,2283.643598592014,2248.0085466112523,2254.241167032986,1116934,HINDUNILVR.NS
2024-05-28,2279.837646484375,2292.2552650545235,2263.280976596913,2274.1760412952726,1631747,HINDUNILVR.NS
2024-05-29,2258.380126953125,2278.9334400458533,2254.5739750699586,2265.8021695871143,1592495,HINDUNILVR.NS
2024-05-30,2237.446533203125,2257.476456113005,2220.9374870126303,2253.242158147563,1837380,HINDUNILVR.NS
2024-05-31,2216.179931640625,2262.2342842817607,2205.28486649673,2238.969223428317,5529186,HINDUNILVR.NS
2024-06-03,2241.728515625,2271.749589125197,2230.6908130565757,2265.612214845417,1207445,HINDUNILVR.NS
2024-06-04,2375.324462890625,2388.408110980156,2228.597343141122,2258.951313785197,7826048,HINDUNILVR.NS
2024-06-05,2476.61572265625,2591.9420907889694,2402.633637386238,2410.769334382574,11061076,HINDUNILVR.NS
2024-06-06,2426.041748046875,2473.999177643706,2395.9730497334044,2473.999177643706,4102547,HINDUNILVR.NS
2024-06-07,2452.874755859375,2470.668470382015,2402.6335019120306,2431.4651503967925,3974253,HINDUNILVR.NS
2024-06-10,2441.02783203125,2467.9561686143734,2422.6154808380998,2454.0162313752785,1449122,HINDUNILVR.NS
2024-06-11,2432.46435546875,2451.8280151494614,2427.6590419168024,2441.6466046084306,1402423,HINDUNILVR.NS
2024-06-12,2406.154052734375,2443.54954195271,2395.0211047877615,2443.54954195271,1754677,HINDUNILVR.NS
2024-06-13,2366.85546875,2384.3639068951125,2327.8900350917966,2367.378861098653,3123098,HINDUNILVR.NS
2024-06-14,2382.56494140625,2412.013628887546,2373.5812878627453,2376.0794838583147,1729552,HINDUNILVR.NS
2024-06-18,2388.810302734375,2400.0998034109475,2376.223616661745,2382.709074497223,1820933,HINDUNILVR.NS
2024-06-19,2360.706787109375,2397.2175147895364,2355.4223396819834,2397.2175147895364,986976,HINDUNILVR.NS
2024-06-20,2384.9189453125,2392.4132989465716,2350.76215431065,2360.706616671376,2163310,HINDUNILVR.NS
2024-06-21,2345.6220703125,2380.8836988408993,2331.450143533685,2378.001273055378,3646215,HINDUNILVR.NS
2024-06-24,2346.486572265625,2371.1314520893884,2331.9304166962634,2339.568797683873,1945519,HINDUNILVR.NS
2024-06-25,2336.87841796875,2350.8101414046546,2332.7468944491416,2343.7483395788545,833789,HINDUNILVR.NS
2024-06-26,2349.75341796875,2370.314626534539,2337.070557805665,2341.4903708409693,1738656,HINDUNILVR.NS
2024-06-27,2365.654541015625,2385.8796067402795,2340.5294927122213,2353.93272429665,3402726,HINDUNILVR.NS
2024-06-28,2376.12744140625,2392.8935023480167,2366.327241894727,2366.4712693367455,2129791,HINDUNILVR.NS
2024-07-01,2406.921630859375,2424.1200103499796,2354.077159765737,2364.597966641717,3312865,HINDUNILVR.NS
2024-07-02,2387.753173828125,2416.4334016689368,2382.1806721302996,2416.4334016689368,1305210,HINDUNILVR.NS
2024-07-03,2411.9658203125,2421.093501473132,2377.3286254147783,2389.1944701801613,1406405,HINDUNILVR.NS
2024-07-04,2398.130126953125,2437.4273385959004,2395.1996138713343,2416.4816646495015,1977010,HINDUNILVR.NS
2024-07-05,2447.17919921875,2453.9048585805604,2398.12987938707,2398.12987938707,1754286,HINDUNILVR.NS
2024-07-08,2485.755615234375,2493.2980557831365,2436.8505564470056,2459.6697583062924,2818809,HINDUNILVR.NS
2024-07-09,2488.637939453125,2511.553315058721,2467.356125887833,2485.755514072415,1479529,HINDUNILVR.NS
2024-07-10,2508.142578125,2523.0831976684753,2472.160345621092,2479.846813854659,1764036,HINDUNILVR.NS
2024-07-11,2506.60546875,2514.4840519117424,2488.542221172962,2514.4359645699687,1432671,HINDUNILVR.NS
2024-07-12,2519.480224609375,2536.0541721256345,2499.0630428864465,2499.0630428864465,1912642,HINDUNILVR.NS
2024-07-15,2517.606689453125,2526.2058790576393,2511.2171718547897,2525.004868370629,920101,HINDUNILVR.NS
2024-07-16,2583.085693359375,2618.203292695142,2521.6901209853186,2523.035159123248,3298003,HINDUNILVR.NS
2024-07-18,2631.077880859375,2643.376276472366,2550.9465464495743,2594.1829285927874,5569762,HINDUNILVR.NS
2024-07-19,2620.125,2635.4979372937296,2609.5080182670367,2631.654702970297,1668862,HINDUNILVR.NS
2024-07-22,2628.099609375,2642.175360458866,2599.611495821651,2599.659583162453,1911629,HINDUNILVR.NS
2024-07-23,2657.9326171875,2701.1209112005877,2624.928752260398,2638.3800709030206,3906259,HINDUNILVR.NS
2024-07-24,2610.564697265625,2649.3812655791385,2570.258828910882,2640.3016724627655,3611927,HINDUNILVR.NS
2024-07-25,2601.100830078125,2618.0592415362944,2565.358799338894,2610.5648880170047,2166670,HINDUNILVR.NS
2024-07-26,2604.800048828125,2620.1248981828116,2581.9327585778365,2617.2424725522474,2135309,HINDUNILVR.NS
2024-07-29,2605.328369140625,2613.3990665465953,2587.2651227956057,2604.943905005056,957011,HINDUNILVR.NS
2024-07-30,2585.919921875,2646.403005047723,2580.15507083308,2609.1716754019894,1560399,HINDUNILVR.NS
2024-07-31,2599.611572265625,2603.4548064845294,2570.210971234448,2598.9871405340136,1751085,HINDUNILVR.NS
2024-08-01,2609.123779296875,2618.155286095555,2589.571230917644,2607.63447908741,1886392,HINDUNILVR.NS
2024-08-02,2587.025390625,2651.3514831550633,2576.072031215856,2605.7130720480277,1738872,HINDUNILVR.NS
2024-08-05,2609.459716796875,2634.5369125284533,2561.707581161147,2571.075464055805,3118731,HINDUNILVR.NS
2024-08-06,2642.271728515625,2663.1212281514763,2602.4941118650904,2613.4955579562597,2296031,HINDUNILVR.NS
2024-08-07,2636.506591796875,2672.8251997421476,2628.291632268289,2672.680937724784,1713875,HINDUNILVR.NS
2024-08-08,2626.08154296875,2651.1106493799525,2613.783148201757,2646.0664051435674,1464161,HINDUNILVR.NS
2024-08-09,2639.533203125,2649.909982385296,2612.0542193230376,2647.988365284219,1284031,HINDUNILVR.NS
2024-08-12,2640.974365234375,2655.098203741582,2615.7050539259953,2630.693760855518,1297178,HINDUNILVR.NS
2024-08-13,2633.96044921875,2649.5735880618686,2623.1035003273,2634.5370281742244,1051237,HINDUNILVR.NS
2024-08-14,2615.368896484375,2635.0654712777045,2600.524451664369,2633.5761711471446,946995,HINDUNILVR.NS
2024-08-16,2640.5419921875,2645.682411553872,2604.4635856599443,2630.5975302627953,1727926,HINDUNILVR.NS
2024-08-19,2635.0654296875,2651.591289168054,2629.7809828751347,2642.271493522543,1130327,HINDUNILVR.NS
2024-08-20,2643.232421875,2648.2285794460054,2627.8594849965834,2635.065549158341,1097889,HINDUNILVR.NS
2024-08-21,2681.80859375,2685.555887581203,2635.449584394862,2641.742926879829,1417729,HINDUNILVR.NS
2024-08-22,2683.34619140625,2699.8720517122147,2673.0655867359187,2693.0983044544705,1552947,HINDUNILVR.NS
2024-08-23,2705.252685546875,2710.4409579614417,2662.736906606856,2689.495284360127,2111401,HINDUNILVR.NS
2024-08-26,2710.5849609375,2723.84416591014,2693.7229584562397,2705.252661115509,1152244,HINDUNILVR.NS
2024-08-27,2658.460693359375,2713.4191220188113,2651.398892295778,2698.910821212185,1357212,HINDUNILVR.NS
2024-08-28,2656.010986328125,2672.728959867446,2638.139854967571,2651.8313756571047,1723549,HINDUNILVR.NS
2024-08-29,2676.092041015625,2699.8720528691883,2637.419496486093,2661.3916231371236,2129934,HINDUNILVR.NS
2024-08-30,2669.126220703125,2705.925236031188,2651.9278410437555,2686.1324855620223,4029712,HINDUNILVR.NS
2024-09-02,2679.7431640625,2698.815073255556,2670.086991109642,2684.499119525131,957950,HINDUNILVR.NS
2024-09-03,2684.787353515625,2717.1184670971547,2666.2437017564966,2671.0477444623643,2022116,HINDUNILVR.NS
2024-09-04,2729.897216796875,2732.3954127863854,2663.0248497469543,2671.0476947453803,1640986,HINDUNILVR.NS
2024-09-05,2727.20703125,2743.1084599551136,2712.9870175378533,2728.7444187868173,1945173,HINDUNILVR.NS
2024-09-06,2727.687255859375,2754.109489722698,2717.262624333097,2717.262624333097,1672730,HINDUNILVR.NS
2024-09-09,2807.29052734375,2823.0476940661742,2731.7708798965596,2741.2830254850464,3342754,HINDUNILVR.NS
2024-09-10,2784.99951171875,2822.4710418704444,2774.3344439235466,2819.0120375659517,1536584,HINDUNILVR.NS
2024-09-11,2790.33203125,2834.3851966953944,2784.5193272333395,2797.4902425402506,1913665,HINDUNILVR.NS
2024-09-12,2840.5341796875,2847.2598392446016,2780.7719373945893,2796.913567246111,2454564,HINDUNILVR.NS
2024-09-13,2818.003173828125,2840.534085684311,2804.119538259187,2840.534085684311,1902001,HINDUNILVR.NS
2024-09-16,2754.73388671875,2795.9524736874646,2697.3734369718054,2795.9524736874646,1489057,HINDUNILVR.NS
2024-09-17,2760.88330078125,2799.6998714212546,2748.008560355651,2754.734220040867,1098661,HINDUNILVR.NS
2024-09-18,2763.141357421875,2780.1476218120856,2749.5457757201657,2761.363767778583,464796,HINDUNILVR.NS
2024-09-19,2797.63427734375,2819.3005569204092,2760.7393230916587,2763.5255740396533,1713010,HINDUNILVR.NS
2024-09-20,2860.903564453125,2872.193064647857,2781.924915858446,2810.172827301893,3641632,HINDUNILVR.NS
2024-09-23,2909.856689453125,2916.05385749114,2853.5532163658545,2863.209388903986,1300470,HINDUNILVR.NS
2024-09-24,2834.91357421875,2901.64167780885,2830.6380232967213,2901.64167780885,1929308,HINDUNILVR.NS
2024-09-25,2833.376220703125,2844.3295785071546,2791.244908103834,2834.913608154621,1055354,HINDUNILVR.NS
2024-09-26,2869.070556640625,2875.5560144698934,2825.9301112254557,2835.4422567851584,1902889,HINDUNILVR.NS
2024-09-27,2849.998291015625,2911.2498345646336,2837.027375911129,2869.0704340908233,2977081,HINDUNILVR.NS
2024-09-30,2842.360107421875,2880.407986959027,2827.27545942713,2848.0287842912826,1627702,HINDUNILVR.NS
2024-10-01,2809.163818359375,2846.587262073405,2778.0815699262566,2846.587262073405,1184642,HINDUNILVR.NS
2024-10-03,2779.95556640625,2808.5396213284594,2748.969490062006,2794.75192453702,1233447,HINDUNILVR.NS
2024-10-04,2737.103271484375,2799.7960274174525,2706.6456883133583,2777.6974314563677,2456486,HINDUNILVR.NS
2024-10-07,2722.354736328125,2754.1095044738768,2714.3321260191797,2733.500208864578,1280975,HINDUNILVR.NS
2024-10-08,2708.3271484375,2772.8934351480907,2689.0148030331857,2732.539476632422,1761488,HINDUNILVR.NS
2024-10-09,2660.4306640625,2715.1008087621585,2652.5039938931,2712.746640266062,1476282,HINDUNILVR.NS
2024-10-10,2646.7392578125,2678.1576503885535,2626.081874049611,2661.4396754977797,2065078,HINDUNILVR.NS
2024-10-11,2674.122314453125,2680.65585951984,2629.781093616551,2656.4435309289793,679307,HINDUNILVR.NS
2024-10-14,2679.791015625,2694.7794871149144,2656.6354375124847,2682.193036816241,874010,HINDUNILVR.NS
2024-10-15,2672.44091796875,2689.591444565931,2656.8758662364426,2683.6344784180606,1082666,HINDUNILVR.NS
2024-10-16,2672.248779296875,2687.9100055740655,2647.6041338219375,2679.8390730118053,1170797,HINDUNILVR.NS
2024-10-17,2631.318115234375,2672.969257705141,2616.713872890363,2670.5191491058513,1368242,HINDUNILVR.NS
2024-10-18,2610.61279296875,2632.61521314749,2587.889531863665,2631.318027881403,1137277,HINDUNILVR.NS
2024-10-21,2587.98583984375,2630.693731707355,2575.3991543839065,2608.5951357141957,792345,HINDUNILVR.NS
2024-10-22,2576.60009765625,2603.7910250164714,2568.961717025015,2579.8669872871565,1272253,HINDUNILVR.NS
2024-10-23,2555.078369140625,2587.5056595460446,2518.27935266977,2518.27935266977,1431962,HINDUNILVR.NS
2024-10-24,2406.921630859375,2543.2602724519998,2356.479181179084,2543.2602724519998,9216267,HINDUNILVR.NS
2024-10-25,2428.97216796875,2440.45378353982,2402.117615178531,2404.231347131683,2761166,HINDUNILVR.NS
2024-10-28,2474.8505859375,2488.1097901772814,2421.3335992998454,2444.2968286647133,852829,HINDUNILVR.NS
2024-10-29,2447.8037109375,2484.3625217211766,2436.6103856054533,2484.3625217211766,1695654,HINDUNILVR.NS
2024-10-30,2454.81787109375,2462.840716685124,2434.112398972091,2456.7875756265485,1200637,HINDUNILVR.NS
2024-10-31,2429.164306640625,2463.0328092843833,2425.1770448391885,2454.817848962692,1901355,HINDUNILVR.NS
2024-11-01,2438.051513671875,2446.170298398986,2412.9264657934314,2444.248681442397,118532,HINDUNILVR.NS
2024-11-04,2425.849365234375,2447.179267173946,2405.384097122094,2447.179267173946,1097260,HINDUNILVR.NS
2024-11-05,2422.53466796875,2431.08577001099,2408.7469718081425,2421.23748263124,702046,HINDUNILVR.NS
2024-11-06,2430.65087890625,2451.4515690636567,2425.1105935476853,2444.7447080070283,1219166,HINDUNILVR.NS
2024-11-07,2406.156494140625,2439.5927892011046,2397.019901101359,2430.650546317653,1322446,HINDUNILVR.NS
2024-11-08,2437.45458984375,2444.793147696757,2398.1863642528074,2414.3698717211782,1700877,HINDUNILVR.NS
2024-11-11,2421.27099609375,2444.452769822316,2405.719186544309,2438.7181349716725,1175577,HINDUNILVR.NS
2024-11-12,2392.548828125,2427.005760537496,2387.202893306927,2425.11043110781,1624222,HINDUNILVR.NS
2024-11-13,2395.902099609375,2403.5323013697825,2381.7596248219456,2393.1320758129814,1262017,HINDUNILVR.NS
2024-11-14,2322.27392578125,2395.6590274804553,2316.9279912203806,2391.479431181601,2443393,HINDUNILVR.NS
2024-11-18,2355.02978515625,2357.0710550111958,2309.20064286303,2333.8890447659433,1374215,HINDUNILVR.NS
2024-11-19,2342.83154296875,2371.8452445208204,2337.728605593575,2363.7776960673323,1133370,HINDUNILVR.NS
2024-11-21,2316.05322265625,2356.828074767604,2309.540950041982,2356.828074767604,1291829,HINDUNILVR.NS
2024-11-22,2376.75390625,2383.4121196689493,2311.242003100475,2323.9749048547187,1696471,HINDUNILVR.NS
2024-11-25,2402.219970703125,2435.5105635219556,2388.758077739939,2400.8106354018087,4368045,HINDUNILVR.NS
2024-11-26,2409.7529296875,2425.061742768364,2391.4795053433168,2416.6054934792924,982442,HINDUNILVR.NS
2024-11-27,2417.237060546875,2423.1176358895655,2389.1466999635395,2405.816200610109,948232,HINDUNILVR.NS
2024-11-28,2393.229248046875,2468.0236909972373,2384.4813544315857,2416.3626141787777,2540530,HINDUNILVR.NS
2024-11-29,2426.22802734375,2437.2601873197295,2386.328105245208,2386.328105245208,1795164,HINDUNILVR.NS
2024-12-02,2409.7041015625,2420.73626095292,2391.625266046063,2415.3903266283905,1006993,HINDUNILVR.NS
2024-12-03,2413.30078125,2421.659736640615,2396.922686625458,2410.530520207273,1641588,HINDUNILVR.NS
2024-12-04,2395.46484375,2423.1665065809493,2387.7375852627792,2411.5999422845357,1321495,HINDUNILVR.NS
2024-12-05,2424.721923828125,2444.5503887204804,2381.4198008936087,2396.5342652703143,2071795,HINDUNILVR.NS
2024-12-06,2414.22412109375,2425.8879784428123,2405.670578244081,2425.110340492518,1308086,HINDUNILVR.NS
2024-12-09,2333.50048828125,2407.5659358566236,2316.5393429808005,2395.9507252372305,3385021,HINDUNILVR.NS
2024-12-10,2330.196044921875,2345.4075655839893,2321.3995041053026,2341.2279687941573,2063838,HINDUNILVR.NS
2024-12-11,2334.083740234375,2341.859645105597,2318.191639733101,2337.631401911156,1718225,HINDUNILVR.NS
2024-12-12,2279.263671875,2332.723022634481,2272.508401375754,2318.240493440362,3231056,HINDUNILVR.NS
2024-12-13,2323.148681640625,2327.4739809067287,2268.0854174497326,2279.2632797765305,2260902,HINDUNILVR.NS
2024-12-16,2299.869384765625,2325.9673583202207,2296.8077173885004,2323.343038096719,1247552,HINDUNILVR.NS
2024-12-17,2297.051025390625,2313.3318271150692,2287.4284375010757,2287.4284375010757,2131569,HINDUNILVR.NS
2024-12-18,2293.1142578125,2316.2476218485995,2284.220661696739,2284.220661696739,988403,HINDUNILVR.NS
2024-12-19,2293.746337890625,2320.087074457144,2270.5643255197165,2281.2561952032424,1655915,HINDUNILVR.NS
2024-12-20,2268.52294921875,2307.013773197231,2259.532059224196,2286.21332261703,2069691,HINDUNILVR.NS
2024-12-23,2273.383056640625,2285.8731996598376,2250.3956311310467,2271.5363740214907,1066199,HINDUNILVR.NS
2024-12-24,2270.126708984375,2290.9271580711243,2265.801409676823,2265.801409676823,683646,HINDUNILVR.NS
2024-12-26,2267.4052734375,2276.25046019758,2259.5807216577036,2266.919279380392,1033769,HINDUNILVR.NS
2024-12-27,2275.667236328125,2279.9438892300855,2263.031390488396,2277.368215575781,556816,HINDUNILVR.NS
2024-12-30,2277.854248046875,2293.0657677973463,2259.87246712566,2275.910271731068,924180,HINDUNILVR.NS
2024-12-31,2261.670654296875,2286.7477579775477,2258.171402140518,2274.4522031674646,1878762,HINDUNILVR.NS
2025-01-01,2257.0537109375,2271.681942318693,2255.255437992742,2259.872381567988,559893,HINDUNILVR.NS
2025-01-02,2303.611572265625,2312.9911615948636,2250.6382259835673,2264.7320520586104,1650744,HINDUNILVR.NS
2025-01-03,2338.84619140625,2346.962386357394,2298.5573351226903,2315.129778453579,1274239,HINDUNILVR.NS
2025-01-06,2309.637939453125,2351.1904282758464,2295.4954659724062,2350.2670870956954,900419,HINDUNILVR.NS
2025-01-07,2323.829345703125,2334.958562700219,2308.714882320198,2310.5615649077026,922768,HINDUNILVR.NS
2025-01-08,2333.743408203125,2341.51931293683,2301.667801176593,2324.023527285994,953351,HINDUNILVR.NS
2025-01-09,2367.1796875,2404.358231754575,2319.5522713307405,2337.679991498679,2425267,HINDUNILVR.NS
2025-01-10,2373.643798828125,2387.2029865724408,2346.1851325534217,2367.179935005387,1651911,HINDUNILVR.NS
2025-01-13,2382.343017578125,2391.5769052431565,2341.5681610860565,2349.344066488188,2595013,HINDUNILVR.NS
2025-01-14,2301.619140625,2398.8665960829653,2297.8771288752246,2395.950631825166,2052741,HINDUNILVR.NS
2025-01-15,2306.528076171875,2318.0946412201524,2284.269640564014,2307.4027706605693,1215150,HINDUNILVR.NS
2025-01-16,2279.312255859375,2313.3318417677237,2260.8931275207856,2310.3672303924936,2762596,HINDUNILVR.NS
2025-01-17,2288.06005859375,2312.6514057492745,2277.368189161069,2284.172106072775,1333005,HINDUNILVR.NS
2025-01-20,2279.506591796875,2301.6679693677006,2270.224057382351,2290.441458627697,1382273,HINDUNILVR.NS
2025-01-21,2274.938232421875,2310.7074432888235,2267.113680466325,2287.5740781905074,1842885,HINDUNILVR.NS
2025-01-22,2277.319580078125,2295.836001726839,2266.870707504643,2276.930879740294,2658047,HINDUNILVR.NS
2025-01-23,2256.66455078125,2275.7156109970133,2190.71530564855,2250.152278472374,3408925,HINDUNILVR.NS
2025-01-24,2301.76513671875,2314.1093382473864,2257.9283780654696,2267.5025558634734,1688664,HINDUNILVR.NS
2025-01-27,2325.82177734375,2342.199634147266,2295.0095652975047,2298.7518143345746,2477358,HINDUNILVR.NS
2025-01-28,2321.933837890625,2339.575326759144,2312.7970074864847,2333.7433982337784,1892156,HINDUNILVR.NS
2025-01-29,2317.1708984375,2328.8834020727195,2297.779784014987,2318.3372366543103,699576,HINDUNILVR.NS
2025-01-30,2341.2763671875,2357.0711740237416,2317.2196613907627,2317.2196613907627,1419960,HINDUNILVR.NS
2025-01-31,2399.644287109375,2409.558518344911,2334.229440018275,2334.229440018275,2116148,HINDUNILVR.NS
2025-02-01,2435.850830078125,2529.113040989379,2366.936731276553,2405.670552055616,2970999,HINDUNILVR.NS
2025-02-03,2373.54638671875,2449.410108368866,2348.809336060859,2434.830286295242,2528480,HINDUNILVR.NS
2025-02-04,2369.755615234375,2381.370825473779,2335.5416818552712,2381.370825473779,1992474,HINDUNILVR.NS
2025-02-05,2324.072265625,2384.28688281628,2320.1356662382636,2384.28688281628,1357416,HINDUNILVR.NS
2025-02-06,2306.236083984375,2341.470652098705,2294.1835266397707,2332.7714061901434,1132113,HINDUNILVR.NS
2025-02-07,2297.634033203125,2315.226874422086,2270.6613649765723,2313.3315451962494,855602,HINDUNILVR.NS
2025-02-10,2295.301513671875,2330.8277302484084,2286.1649194081388,2304.4867548065286,1326354,HINDUNILVR.NS
2025-02-11,2250.395751953125,2311.3393665799927,2232.2196194927346,2304.5840958345143,1389260,HINDUNILVR.NS
2025-02-12,2267.162109375,2274.354725969566,2240.5297319283436,2260.5525432249356,1341909,HINDUNILVR.NS
2025-02-13,2256.470458984375,2279.8954679957756,2248.5488505922667,2264.8296518793604,1334967,HINDUNILVR.NS
2025-02-14,2253.40869140625,2299.7238291391645,2248.597160502172,2256.9563530266864,1135380,HINDUNILVR.NS
2025-02-17,2264.149169921875,2270.5643868259226,2235.5728123714134,2253.4088903821407,1409168,HINDUNILVR.NS
2025-02-18,2231.684814453125,2273.042958104678,2223.908909176285,2264.149124063214,1035705,HINDUNILVR.NS
2025-02-19,2187.362060546875,2241.1130532602374,2185.029383883377,2234.357783007968,1521343,HINDUNILVR.NS
2025-02-20,2185.077880859375,2191.2985097365113,2164.1314899859503,2187.3619104978293,2206196,HINDUNILVR.NS
2025-02-21,2178.857177734375,2190.4239792926655,2164.034358200554,2185.078044378828,1781509,HINDUNILVR.NS
2025-02-24,2178.66259765625,2187.945131123816,2156.6471629368198,2167.533381788587,1627949,HINDUNILVR.NS
2025-02-25,2196.0126953125,2206.024219899787,2175.2606550849946,2180.169242301758,1988040,HINDUNILVR.NS
2025-02-27,2182.064453125,2206.072509704585,2170.546537494994,2206.072509704585,1699658,HINDUNILVR.NS
2025-02-28,2128.89697265625,2186.584562304575,2124.620319863376,2182.1619689131203,3683249,HINDUNILVR.NS
2025-03-03,2115.872314453125,2137.4017551745787,2098.0362385376666,2137.4017551745787,1306470,HINDUNILVR.NS
2025-03-04,2096.918701171875,2118.934137542599,2076.166659537152,2118.8854906754163,1800330,HINDUNILVR.NS
2025-03-05,2109.651611328125,2130.500709473983,2089.7745013224167,2091.7184776027166,1145673,HINDUNILVR.NS
2025-03-06,2156.79296875,2167.3391346618955,2103.139272550152,2114.074138785248,1856868,HINDUNILVR.NS
2025-03-07,2142.79638671875,2164.3258279458114,2127.876274648227,2164.3258279458114,1738356,HINDUNILVR.NS
2025-03-10,2184.786376953125,2203.642852252801,2133.173710965246,2146.149847764431,1242387,HINDUNILVR.NS
2025-03-11,2154.848876953125,2199.0743335763295,2149.3085924848583,2177.2532491423776,1325891,HINDUNILVR.NS
2025-03-12,2131.47265625,2167.4848636040488,2123.794045012546,2155.237955656902,1526212,HINDUNILVR.NS
2025-03-13,2113.8798828125,2148.0451714730893,2103.819710507243,2123.794114513715,1845629,HINDUNILVR.NS
2025-03-17,2110.42919921875,2133.951264191827,2096.0923744917604,2100.4663210186386,1111886,HINDUNILVR.NS
2025-03-18,2110.42919921875,2110.42919921875,2110.42919921875,2110.42919921875,0,HINDUNILVR.NS
2025-03-19,2138.422607421875,2150.8641033799995,2132.007390619496,2145.177877700536,1341405,HINDUNILVR.NS
2025-03-20,2179.586181640625,2185.9041047576643,2127.1474672295594,2142.1646370243157,1426689,HINDUNILVR.NS
2025-03-21,2183.27978515625,2192.027678706935,2163.451321362083,2182.1134468098517,2152415,HINDUNILVR.NS
2025-03-24,2192.99951171875,2202.525042593678,2178.225340005486,2187.2162299631173,1454404,HINDUNILVR.NS
2025-03-25,2207.6767578125,2227.7968652873274,2180.509736169552,2187.702353641122,2229340,HINDUNILVR.NS
2025-03-26,2183.03662109375,2216.035569558241,2175.1150130163032,2208.3569585052783,1416907,HINDUNILVR.NS
2025-03-27,2181.773193359375,2197.5680014294758,2138.3740156444046,2181.3358461347175,3752627,HINDUNILVR.NS
2025-03-28,2195.5751953125,2231.684454700208,2177.5447703980153,2184.057042557216,2280152,HINDUNILVR.NS
2025-04-01,2171.27587890625,2220.652688338022,2157.8137477663568,2195.7212865784686,2495962,HINDUNILVR.NS
2025-04-02,2175.212158203125,2180.8497368615344,2128.7026682002793,2180.8497368615344,1351493,HINDUNILVR.NS
2025-04-03,2181.676025390625,2189.791983972201,2158.3969569161945,2163.110957010432,1310088,HINDUNILVR.NS
2025-04-04,2181.676025390625,2203.5457585235163,2159.7576453904135,2167.5335505043304,1120226,HINDUNILVR.NS
2025-04-07,2186.389892578125,2198.248336997428,2089.7743723315093,2089.7743723315093,3435185,HINDUNILVR.NS
2025-04-08,2225.123779296875,2241.598930289759,2189.2575129830993,2204.760675866648,2774874,HINDUNILVR.NS
2025-04-09,2284.171875,2288.2055304117403,2225.366599069149,2229.691898350817,2989089,HINDUNILVR.NS
2025-04-11,2299.869384765625,2327.765631098383,2278.6802355299874,2327.522634090619,3836083,HINDUNILVR.NS
2025-04-15,2295.35009765625,2332.77164275884,2279.5066427888187,2332.77164275884,3042779,HINDUNILVR.NS
2025-04-16,2300.30712890625,2309.443722111737,2285.14401964844,2285.14401964844,1131979,HINDUNILVR.NS
2025-04-17,2308.471923828125,2313.2345709818287,2277.465595856165,2291.07343035452,1962402,HINDUNILVR.NS
2025-04-21,2285.14404296875,2305.9444935688916,2283.005716590514,2301.765134543979,1478430,HINDUNILVR.NS
2025-04-22,2331.508056640625,2338.603617987649,2289.1295133424655,2303.612042656163,2352346,HINDUNILVR.NS
2025-04-23,2355.905029296875,2369.707214175023,2326.356445853068,2342.491544775146,2226066,HINDUNILVR.NS
2025-04-24,2260.1640625,2417.723197131752,2252.193807236699,2355.904893997615,7065430,HINDUNILVR.NS
2025-04-25,2266.87060546875,2276.2988426038023,2230.129407729378,2266.5789615776075,2859858,HINDUNILVR.NS
2025-04-28,2253.65185546875,2283.2002007794895,2250.1526031522,2279.3122481174555,1555660,HINDUNILVR.NS
2025-04-29,2256.66455078125,2267.1620689143897,2247.81960213246,2262.7881228007286,1896387,HINDUNILVR.NS
2025-04-30,2276.493408203125,2286.601989452575,2251.1244240476785,2255.012376420818,2083807,HINDUNILVR.NS
2025-05-02,2253.65185546875,2279.3122481174555,2245.2926623246576,2268.7176720341317,1424284,HINDUNILVR.NS
2025-05-05,2282.811279296875,2288.9346143049693,2254.1376311920053,2258.997571548763,2074103,HINDUNILVR.NS
2025-05-06,2315.081298828125,2323.148847500318,2274.646499038448,2274.646499038448,1888125,HINDUNILVR.NS
2025-05-07,2304.3896484375,2320.038515916267,2289.3238314916816,2302.640022235044,1610400,HINDUNILVR.NS
2025-05-08,2288.934814453125,2305.458613110968,2275.4242740006657,2295.5443813766215,2323073,HINDUNILVR.NS
2025-05-09,2267.551025390625,2277.0765565746965,2237.8083308384716,2264.73235471963,1805685,HINDUNILVR.NS
2025-05-12,2315.76171875,2320.135665333158,2280.381445753612,2293.891985834208,1274873,HINDUNILVR.NS
2025-05-13,2293.891845703125,2330.8273923712263,2286.893579057945,2309.0549545191607,1929665,HINDUNILVR.NS
2025-05-14,2284.657958984375,2303.611726353103,2272.994102142081,2303.611726353103,1568111,HINDUNILVR.NS
2025-05-15,2289.226318359375,2303.514495923454,2274.4521467468458,2285.727303591603,3236681,HINDUNILVR.NS
2025-05-16,2314.6923828125,2320.135611131763,2283.2000630701764,2293.891932245899,1473000,HINDUNILVR.NS
2025-05-19,2315.9560546875,2337.6314373045693,2308.4717935959884,2308.4717935959884,936655,HINDUNILVR.NS
2025-05-20,2275.521728515625,2327.523098554208,2272.994464209847,2327.523098554208,1617408,HINDUNILVR.NS
2025-05-21,2297.682373046875,2309.1518790807786,2279.3118944896037,2280.2838825043114,1570754,HINDUNILVR.NS
2025-05-22,2265.412841796875,2296.9054017400363,2248.305991922015,2289.0322024287943,2423653,HINDUNILVR.NS
2025-05-23,2293.1142578125,2298.2658421573706,2264.3435526876015,2271.438875913527,844118,HINDUNILVR.NS
2025-05-26,2327.03662109375,2330.14693530741,2297.876980399881,2301.6676387693788,892618,HINDUNILVR.NS
2025-05-27,2313.526123046875,2342.0054230052847,2294.183653984274,2327.0369005720772,1865258,HINDUNILVR.NS
2025-05-28,2295.8359375,2321.107628598645,2286.1160563082135,2321.107628598645,897517,HINDUNILVR.NS
2025-05-29,2300.404296875,2309.4438340900037,2289.518077103958,2302.6399170703785,1111275,HINDUNILVR.NS
2025-05-30,2282.519775390625,2308.374517293052,2277.8541849016656,2293.891989062484,3288892,HINDUNILVR.NS
2025-06-02,2305.167236328125,2317.2197947019963,2277.9515675984035,2282.1309268833143,1178205,HINDUNILVR.NS
2025-06-03,2286.40771484375,2312.84574439433,2276.9794774877073,2298.8492103092544,1643913,HINDUNILVR.NS
2025-06-04,2298.265869140625,2301.2791271801098,2276.4934305579545,2293.405928626477,3287896,HINDUNILVR.NS
2025-06-05,2309.83251953125,2313.3317717537793,2283.1028456979607,2298.2659555931978,1787978,HINDUNILVR.NS
2025-06-06,2322.857421875,2329.369695281899,2303.709302009238,2306.8196167541355,997488,HINDUNILVR.NS
2025-06-09,2326.161865234375,2331.799443654797,2311.679337516298,2326.939503171982,1293622,HINDUNILVR.NS
2025-06-10,2328.10595703125,2332.965897755389,2311.776508737784,2326.3563309102015,1778782,HINDUNILVR.NS
2025-06-11,2309.83251953125,2335.590205225147,2304.875522401424,2328.1059440121844,1977707,HINDUNILVR.NS
2025-06-12,2267.356689453125,2321.107681120332,2258.997733820115,2320.038399244325,3339584,HINDUNILVR.NS
2025-06-13,2254.04052734375,2259.7751625270976,2237.5167287388153,2240.4326931985097,1740682,HINDUNILVR.NS
2025-06-16,2262.204833984375,2271.147313653889,2248.3055950712346,2255.0122175216065,1105297,HINDUNILVR.NS
2025-06-17,2263.37158203125,2267.745528476323,2248.3057664982202,2255.012389459953,1119284,HINDUNILVR.NS
2025-06-18,2232.9482421875,2266.09289301594,2221.4787354933574,2262.496584614853,2056563,HINDUNILVR.NS
2025-06-19,2229.93505859375,2243.154191716161,2226.144399912506,2235.6699307829094,1214549,HINDUNILVR.NS
2025-06-20,2241.59912109375,2248.2086882601934,2228.1856365828094,2230.712900802916,2685864,HINDUNILVR.NS
2025-06-23,2234.62548828125,2245.3314785900775,2218.517104573964,2242.777637332428,842856,HINDUNILVR.NS
2025-06-24,2222.839111328125,2260.0647671143856,2220.0888759075924,2254.171508269237,2440747,HINDUNILVR.NS
2025-06-25,2238.1611328125,2249.751254907696,2230.9909542436453,2238.455843673713,1047270,HINDUNILVR.NS
2025-06-26,2240.223876953125,2250.242367688747,2231.187595893491,2248.179631450258,1874722,HINDUNILVR.NS
2025-06-27,2265.859375,2269.395425704689,2238.7505321874146,2240.223846681488,1050745,HINDUNILVR.NS
2025-06-30,2253.778564453125,2275.7799667017143,2247.295884252707,2268.8061816314857,1403754,HINDUNILVR.NS
2025-07-01,2254.662353515625,2261.636138264844,2245.9207831543013,2259.082297140465,759914,HINDUNILVR.NS
2025-07-02,2266.05615234375,2267.9222549022306,2246.9030627072866,2254.171318752975,1128034,HINDUNILVR.NS
2025-07-03,2272.243896484375,2285.503727857006,2263.011220929018,2268.9044793168537,1060039,HINDUNILVR.NS
2025-07-04,2297.68310546875,2299.7456018762664,2269.1990253303456,2276.7619917524657,1242346,HINDUNILVR.NS
2025-07-07,2367.518310546875,2372.7240702364506,2299.353049094105,2299.353049094105,2701583,HINDUNILVR.NS
2025-07-08,2350.133056640625,2375.474114379278,2343.552299734942,2362.607071634493,1471046,HINDUNILVR.NS
2025-07-09,2380.286865234375,2396.29693113012,2354.45494224249,2356.3210447333263,1741690,HINDUNILVR.NS
2025-07-10,2365.553955078125,2390.6986215441034,2354.9462812164356,2380.287101883039,1053695,HINDUNILVR.NS
2025-07-11,2474.775634765625,2484.9905196389013,2417.218050921477,2455.524228892195,7242235,HINDUNILVR.NS
2025-07-14,2471.8291015625,2487.4461403450564,2445.7022268348237,2455.524324131349,2427712,HINDUNILVR.NS
2025-07-15,2481.94580078125,2484.8924301255456,2465.3465513939755,2475.8561480958347,1700294,HINDUNILVR.NS
2025-07-16,2472.811279296875,2487.8388961282812,2462.890865236824,2481.356455874828,1284379,HINDUNILVR.NS
2025-07-17,2465.14990234375,2480.472229470397,2461.613851577524,2468.2929253596812,807474,HINDUNILVR.NS
2025-07-18,2445.309326171875,2470.1590393490687,2437.353331809416,2470.1590393490687,771112,HINDUNILVR.NS
2025-07-21,2421.048828125,2449.2384410834075,2411.717835071157,2446.5862827986753,1169960,HINDUNILVR.NS
2025-07-22,2435.58544921875,2440.7912088106837,2408.967709089577,2426.0580626810415,861632,HINDUNILVR.NS
2025-07-23,2406.806640625,2442.755612873297,2398.5561747634065,2436.8623544586453,1320795,HINDUNILVR.NS
2025-07-24,2394.430908203125,2422.1291744035116,2377.9297369143965,2412.2087602925917,693984,HINDUNILVR.NS
2025-07-25,2372.42919921875,2385.3945590187477,2362.6071022777146,2382.9390347834888,769388,HINDUNILVR.NS
2025-07-28,2398.163330078125,2404.7440871927433,2369.384537540986,2372.429243771511,987995,HINDUNILVR.NS
2025-07-29,2409.949951171875,2413.7804732980653,2386.4749941452433,2401.3064573670335,732282,HINDUNILVR.NS
2025-07-30,2394.037841796875,2409.262092241855,2355.829980147422,2398.5561023639793,1224146,HINDUNILVR.NS
2025-07-31,2476.34716796875,2503.652646914568,2377.0459063535795,2377.0459063535795,5505507,HINDUNILVR.NS
2025-08-01,2508.26904296875,2678.9771490412722,2491.767870864873,2504.634914777358,4259653,HINDUNILVR.NS
2025-08-04,2498.44677734375,2537.2440606709806,2489.9999177635377,2501.688117328015,1293028,HINDUNILVR.NS
2025-08-05,2489.60693359375,2507.5814194600316,2472.516580355361,2492.357168773925,756361,HINDUNILVR.NS
2025-08-06,2490.490966796875,2517.501733064876,2481.65107965462,2493.535672934169,885487,HINDUNILVR.NS
2025-08-07,2472.712890625,2498.741447368421,2450.613172635303,2490.5890589949863,847151,HINDUNILVR.NS
2025-08-08,2454.1494140625,2484.892387860569,2442.362896885792,2471.2397680498043,839794,HINDUNILVR.NS
2025-08-11,2473.5966796875,2479.588254454568,2434.4066106815794,2445.800338508461,992436,HINDUNILVR.NS
2025-08-12,2439.612548828125,2491.47326996814,2435.9784208260676,2473.2040732697083,1406211,HINDUNILVR.NS
2025-08-13,2450.711669921875,2456.9977164716393,2429.397526276142,2440.7912554195577,969803,HINDUNILVR.NS
2025-08-14,2436.469482421875,2464.3641420365734,2429.200986749531,2454.44372812859,1104362,HINDUNILVR.NS
2025-08-18,2522.4130859375,2550.798853268267,2476.445619289953,2493.8306848086754,3089136,HINDUNILVR.NS
2025-08-19,2558.4599609375,2568.47845225644,2512.8852854397333,2526.439827717028,1400717,HINDUNILVR.NS
2025-08-20,2622.3037109375,2632.3222027047505,2542.45000809748,2552.763210757331,3156954,HINDUNILVR.NS
2025-08-21,2600.891357421875,2619.651659128844,2580.559664029887,2619.651659128844,2235686,HINDUNILVR.NS
2025-08-22,2583.11328125,2611.20457553655,2572.4072910777595,2599.9091636055095,1223445,HINDUNILVR.NS
2025-08-25,2584.783203125,2595.9802980489717,2568.67481978843,2595.9802980489717,667598,HINDUNILVR.NS
2025-08-26,2644.697998046875,2656.877302702266,2577.9077368329176,2577.9077368329176,4348648,HINDUNILVR.NS
2025-08-28,2607.177490234375,2699.112419661415,2599.7128399390217,2699.112419661415,3198743,HINDUNILVR.NS
2025-08-29,2612.4814453125,2674.5570512791683,2594.4086426961376,2617.392493882605,1972773,HINDUNILVR.NS
2025-09-01,2602.36474609375,2625.741386224198,2592.346254551359,2612.4815545305705,1096729,HINDUNILVR.NS
2025-09-02,2629.37548828125,2644.5014224406004,2598.043093323752,2601.8736154116664,1525106,HINDUNILVR.NS
2025-09-03,2617.294189453125,2639.099197248745,2611.00814317238,2633.304255827349,1010692,HINDUNILVR.NS
2025-09-04,2619.16064453125,2701.0768426775303,2608.2580202655204,2701.0768426775303,2494678,HINDUNILVR.NS
2025-09-05,2586.55078125,2625.3480621978892,2577.1217125435624,2620.1425429211836,944879,HINDUNILVR.NS
2025-09-08,2577.219970703125,2597.5519036054347,2572.210845043877,2583.2115458729263,903410,HINDUNILVR.NS
2025-09-09,2594.998046875,2599.123279686501,2564.844256818159,2590.0869983381435,1610956,HINDUNILVR.NS
2025-09-10,2596.471435546875,2605.704111140776,2572.407297029418,2594.9981209437656,1031486,HINDUNILVR.NS
2025-09-11,2575.35400390625,2610.4188445583272,2567.496325786017,2596.766224743345,1212707,HINDUNILVR.NS
2025-09-12,2534.592041015625,2582.130892891774,2523.2966298659717,2578.300371116456,1368380,HINDUNILVR.NS
2025-09-15,2535.083251953125,2547.262556392294,2522.7073137348634,2534.5921470999765,752745,HINDUNILVR.NS
2025-09-16,2534.985107421875,2543.9233122758214,2526.8329581431617,2542.1552867248165,1040928,HINDUNILVR.NS
2025-09-17,2523.984130859375,2545.0035615909655,2520.8411078875088,2540.9764060412954,970247,HINDUNILVR.NS
2025-09-18,2540.780029296875,2563.468928857849,2525.162751622593,2525.162751622593,1550153,HINDUNILVR.NS
2025-09-19,2514.06396484375,2558.3614770399663,2509.3493104728077,2553.745139554843,2214708,HINDUNILVR.NS
2025-09-22,2526.43994140625,2541.173088066885,2514.653424077742,2523.2969180781097,1174161,HINDUNILVR.NS
2025-09-23,2477.329345703125,2529.484778551504,2473.400506763053,2523.1984923690093,1430474,HINDUNILVR.NS
2025-09-24,2504.143798828125,2530.1723576313984,2465.3465130647555,2477.3294242524616,1882881,HINDUNILVR.NS
2025-09-25,2493.14306640625,2521.8235432620777,2486.7587030055865,2500.7060335521905,1624258,HINDUNILVR.NS
2025-09-26,2467.1142578125,2500.1163583210514,2454.9347142199126,2489.901473834488,885612,HINDUNILVR.NS
2025-09-29,2453.46142578125,2472.614514244821,2399.538211102725,2450.613113672247,2403556,HINDUNILVR.NS
2025-09-30,2469.66796875,2481.3564080346573,2447.273779473271,2453.461508732884,1678088,HINDUNILVR.NS
2025-10-01,2491.080322265625,2504.6348647874647,2453.4616408468078,2470.650311487506,1483899,HINDUNILVR.NS
2025-10-03,2499.62548828125,2503.2598561816244,2463.6767554329513,2491.080311445024,1242611,HINDUNILVR.NS
2025-10-06,2496.580810546875,2504.2420946178245,2475.364983857677,2490.0981302259243,818923,HINDUNILVR.NS
2025-10-07,2472.418212890625,2513.8674143383946,2463.676642465363,2494.812642046405,1291750,HINDUNILVR.NS
2025-10-08,2455.62255859375,2480.0794841222178,2441.8716228402013,2466.328548368669,1225128,HINDUNILVR.NS
2025-10-09,2472.811279296875,2478.1151158494545,2453.854583800399,2456.506502076689,1259173,HINDUNILVR.NS
2025-10-10,2483.91015625,2489.8034147865233,2461.9087536325683,2465.3464877788733,1018875,HINDUNILVR.NS
2025-10-13,2448.452392578125,2486.5621769669815,2441.183896906515,2474.3826327864285,1114750,HINDUNILVR.NS
2025-10-14,2457.783447265625,2464.560598461446,2438.139252730148,2448.648848847169,1461017,HINDUNILVR.NS
2025-10-15,2474.186279296875,2486.75861164498,2458.07813584284,2458.07813584284,881070,HINDUNILVR.NS
2025-10-16,2515.93017578125,2522.8056437611326,2462.498063399367,2473.0076593520143,1446646,HINDUNILVR.NS
2025-10-17,2557.37939453125,2568.478412302955,2514.4568778185712,2519.85903126701,2050690,HINDUNILVR.NS
2025-10-20,2548.24462890625,2578.005629364242,2539.601375794003,2562.58498576505,1011485,HINDUNILVR.NS
2025-10-21,2545.593017578125,2560.326164154914,2539.1105769627225,2547.852148012694,82020,HINDUNILVR.NS
2025-10-23,2555.31689453125,2619.7497080594576,2549.914741090149,2554.727472782394,3386744,HINDUNILVR.NS
2025-10-24,2471.63232421875,2538.029794005612,2430.4778348556065,2538.029794005612,3110800,HINDUNILVR.NS
2025-10-27,2467.1142578125,2480.0793772907623,2461.4173938576832,2471.6322783442465,2127832,HINDUNILVR.NS
2025-10-28,2452.676025390625,2481.0617908155573,2437.7462455795494,2474.186322669988,2294976,HINDUNILVR.NS
2025-10-29,2443.8359375,2468.8822836920012,2439.8087819972766,2467.9000740374127,1870143,HINDUNILVR.NS
2025-10-30,2425.6650390625,2452.577487459322,2411.2263654202525,2446.6842295799647,1195631,HINDUNILVR.NS
2025-10-31,2421.637939453125,2435.3888748221552,2409.262001702085,2425.0756732953823,1401937,HINDUNILVR.NS
2025-11-03,2416.23583984375,2430.8706683206365,2396.8863568906377,2412.405317967791,1049185,HINDUNILVR.NS
2025-11-04,2402.190185546875,2419.4771719714577,2397.8685588393732,2416.2358320421877,1251588,HINDUNILVR.NS
2025-11-06,2392.662841796875,2420.066396652233,2389.3234247182095,2420.066396652233,1329256,HINDUNILVR.NS
2025-11-07,2389.693115234375,2400.582354781839,2376.4281382767645,2392.662907838229,817896,HINDUNILVR.NS
2025-11-10,2384.54541015625,2404.8389919884094,2379.7936938785956,2380.7836246996762,780558,HINDUNILVR.NS
2025-11-11,2403.05712890625,2409.194651815599,2378.9029129343594,2397.8104470854564,1422399,HINDUNILVR.NS
2025-11-12,2400.08740234375,2410.283738675327,2391.870927758796,2406.126077343887,1680827,HINDUNILVR.NS
2025-11-13,2383.357666015625,2406.5219517661053,2380.7837490734196,2404.542090020514,1256059,HINDUNILVR.NS
2025-11-14,2403.255126953125,2405.729954130381,2367.91464319838,2380.882834280137,975973,HINDUNILVR.NS
2025-11-17,2400.582275390625,2413.847251909541,2391.672897873711,2406.9177360630524,920038,HINDUNILVR.NS
2025-11-18,2379.793701171875,2398.503297074712,2377.7147497683018,2391.474933232895,1229034,HINDUNILVR.NS
2025-11-19,2417.015380859375,2426.023607035294,2386.7233986621463,2387.7133295616327,1465143,HINDUNILVR.NS
2025-11-20,2403.947998046875,2434.239978963932,2400.5823298037967,2420.480036715518,1396929,HINDUNILVR.NS
2025-11-21,2409.19482421875,2418.5991679296735,2388.703302574577,2411.6696515110984,1840712,HINDUNILVR.NS
2025-11-24,2399.790283203125,2420.281803162537,2388.703106181435,2417.312010655888,4092327,HINDUNILVR.NS
2025-11-25,2389.792236328125,2399.7903932161203,2381.7736995196474,2397.612593614541,1240672,HINDUNILVR.NS
2025-11-26,2400.7802734375,2403.2551005876053,2384.7434418412868,2387.713234421413,1242683,HINDUNILVR.NS
2025-11-27,2427.013427734375,2434.932874570679,2400.5823222546774,2401.6713428676044,1872248,HINDUNILVR.NS
2025-11-28,2441.763671875,2445.129340285854,2422.5588672698223,2425.3307221458876,973225,HINDUNILVR.NS
2025-12-01,2439.6845703125,2462.9479451967945,2434.042012825968,2441.7635217623283,1924828,HINDUNILVR.NS
2025-12-02,2452.850830078125,2459.3842290026473,2435.2300117380223,2446.119251627908,2179406,HINDUNILVR.NS
2025-12-03,2423.350830078125,2459.879183417393,2378.903029581739,2453.2466947597763,3535932,HINDUNILVR.NS
2025-12-04,2437.40771484375,2457.9983250655837,2398.8004113086886,2415.431298091029,2587753,HINDUNILVR.NS
2025-12-05,2315.052490234375,2397.6126302941066,2263.674931718664,2397.6126302941066,4008271,HINDUNILVR.NS
2025-12-08,2290.699951171875,2331.3862051452247,2278.8207811571547,2326.4365509724244,1898154,HINDUNILVR.NS
2025-12-09,2283.275634765625,2306.934886746879,2274.960311827886,2294.659840185007,1471488,HINDUNILVR.NS
2025-12-10,2278.52392578125,2293.570827267341,2271.891437024881,2283.2756424827394,2857290,HINDUNILVR.NS
2025-12-11,2282.384765625,2289.710157566845,2268.9216087951613,2273.1783599753567,1108032,HINDUNILVR.NS
2025-12-12,2237.837890625,2285.750449542293,2222.097844295659,2283.6714979780418,3203114,HINDUNILVR.NS
2025-12-15,2270.406494140625,2275.8511140306505,2229.32436224316,2237.83786456232,1274115,HINDUNILVR.NS
2025-12-16,2258.13134765625,2279.513708903146,2253.0826036728013,2270.3073037063286,1256042,HINDUNILVR.NS
2025-12-17,2252.686767578125,2263.179889712154,2245.460223944765,2258.230235399214,808100,HINDUNILVR.NS
2025-12-18,2242.6884765625,2255.35964054673,2232.5912296171614,2247.1431656574155,1057295,HINDUNILVR.NS
2025-12-19,2257.04248046875,2261.7941971851546,2240.906558258753,2240.906558258753,1237214,HINDUNILVR.NS
2025-12-22,2266.44677734375,2271.8913972500136,2257.0424338692947,2257.0424338692947,790773,HINDUNILVR.NS
2025-12-23,2279.414794921875,2286.7401862916095,2257.7351650294536,2266.2486667249427,1128801,HINDUNILVR.NS
2025-12-24,2259.22021484375,2281.790687332576,2255.161643229268,2279.414949884213,519380,HINDUNILVR.NS
2025-12-26,2262.387939453125,2266.9417181800486,2252.092754960529,2259.3192987304974,533626,HINDUNILVR.NS
2025-12-29,2270.20849609375,2275.554026080165,2257.0423672814736,2265.8526552878384,1086695,HINDUNILVR.NS
2025-12-30,2267.1396484375,2274.8611576222947,2260.0121944524367,2270.208530832208,1556717,HINDUNILVR.NS
2025-12-31,2292.580810546875,2302.0842435941418,2263.773967171593,2266.941697626568,1324220,HINDUNILVR.NS
2026-01-01,2299.609375,2302.5791675634955,2276.8409653465346,2298.6194441455013,758866,HINDUNILVR.NS
2026-01-02,2324.357666015625,2333.959947048983,2298.61946358104,2302.5791870325143,973413,HINDUNILVR.NS
2026-01-05,2360.09423828125,2369.8944570321323,2312.8743433478985,2317.923087360375,1344113,HINDUNILVR.NS
2026-01-06,2400.285400390625,2403.65131045372,2343.958428959233,2374.646286801663,1584720,HINDUNILVR.NS
2026-01-07,2375.239990234375,2397.5134344101753,2358.0152900780245,2391.672939054789,892690,HINDUNILVR.NS
2026-01-08,2362.66796875,2393.7519432044614,2344.255399502143,2364.944858096775,1163828,HINDUNILVR.NS
2026-01-09,2348.7099609375,2361.9749372567057,2337.2266667489866,2358.0152139754705,1189464,HINDUNILVR.NS
2026-01-12,2381.9716796875,2389.5940992696505,2337.226851410769,2338.216782309291,1057665,HINDUNILVR.NS
2026-01-13,2365.439697265625,2397.8103867825116,2341.1863921461404,2390.782022961365,1519683,HINDUNILVR.NS
2026-01-14,2329.80224609375,2374.7450098298477,2317.428110518576,2374.7450098298477,1027639,HINDUNILVR.NS
2026-01-15,2329.80224609375,2329.80224609375,2329.80224609375,2329.80224609375,0,HINDUNILVR.NS
2026-01-16,2336.6328125,2349.0069488178538,2325.2486070875743,2346.1362458650515,1367606,HINDUNILVR.NS
2026-01-19,2389.593994140625,2400.978198972787,2329.30730174585,2329.30730174585,1505238,HINDUNILVR.NS
2026-01-20,2355.14453125,2414.441291216623,2344.6511677927724,2398.602397957309,1460806,HINDUNILVR.NS
2026-01-21,2344.15625,2376.329002586571,2336.2368032094596,2355.1445790948096,1020245,HINDUNILVR.NS
2026-01-22,2366.52880859375,2377.8139237153,2341.879385191128,2345.04711560399,1745964,HINDUNILVR.NS
2026-01-23,2385.238525390625,2409.7888602718917,2352.8678330006896,2375.8341817545133,1378097,HINDUNILVR.NS
2026-01-27,2376.724853515625,2397.216615218734,2356.5303610828705,2387.713182496065,2060117,HINDUNILVR.NS
2026-01-28,2354.451416015625,2395.8305735138733,2317.0322235644744,2378.902901138909,1797593,HINDUNILVR.NS
2026-01-29,2328.911376953125,2350.7887033771153,2288.720088416137,2346.6310422104034,1478536,HINDUNILVR.NS
2026-01-30,2349.10595703125,2360.985127484,2316.4382382861886,2317.428169157251,2090462,HINDUNILVR.NS
2026-02-02,2333.56396484375,2336.236729715009,2279.810673107486,2332.3760961990047,1375089,HINDUNILVR.NS
2026-02-03,2344.750244140625,2375.734885556113,2319.704945981085,2365.934667080886,1553270,HINDUNILVR.NS
2026-02-04,2347.1259765625,2369.3994200347297,2333.0690072409366,2336.830792697157,1232755,HINDUNILVR.NS
2026-02-05,2330.693115234375,2398.6024687612185,2327.921502178045,2338.7116518565326,1962066,HINDUNILVR.NS
2026-02-06,2399.790283203125,2404.5419995502302,2313.963328097432,2330.693062545289,1421995,HINDUNILVR.NS
2026-02-09,2410.481689453125,2414.441412967627,2377.813970458483,2400.58238066687,958484,HINDUNILVR.NS
2026-02-10,2428.89453125,2433.3492202602692,2405.6311553074825,2410.4817200012817,792532,HINDUNILVR.NS
2026-02-11,2438.1005859375,2445.723246803812,2422.360782146142,2435.2298831546827,1137856,HINDUNILVR.NS
2026-02-12,2385.436279296875,2454.6325895142136,2326.436546675471,2450.078811010715,4656164,HINDUNILVR.NS
2026-02-13,2281.988525390625,2375.834017414984,2277.13796094467,2375.834017414984,2791519,HINDUNILVR.NS
2026-02-16,2295.649658203125,2303.5691050619544,2265.0608913838323,2284.8595085309053,2036833,HINDUNILVR.NS
2026-02-17,2289.01708984375,2302.579093779329,2280.206560511637,2286.047297375419,1233244,HINDUNILVR.NS
2026-02-18,2300.1044921875,2305.4500224815533,2282.7807010907572,2289.3143418344703,830787,HINDUNILVR.NS
2026-02-19,2256.349365234375,2313.864200838222,2252.686669538672,2312.4783943638467,940180,HINDUNILVR.NS
2026-02-20,2291.195068359375,2307.7268660551376,2255.359618111006,2261.992106805432,1716316,HINDUNILVR.NS
2026-02-23,2321.78369140625,2326.3374699352266,2297.4315377942003,2301.589198978469,1300035,HINDUNILVR.NS
2026-02-24,2334.85107421875,2348.116051360412,2306.835981930553,2307.627974972371,1544803,HINDUNILVR.NS
2026-02-25,2350.98681640625,2356.0355607092815,2325.3477025655893,2345.0472309590837,1158620,HINDUNILVR.NS
2026-02-26,2359.30224609375,2363.261969498705,2331.485092501007,2354.0555642457175,1470677,HINDUNILVR.NS
2026-02-27,2314.557373046875,2354.946357613014,2307.1328918130507,2345.443166643118,3053227,HINDUNILVR.NS
2026-03-02,2297.233642578125,2330.29723651677,2267.139599527044,2279.810762828429,2273224,HINDUNILVR.NS
2026-03-04,2238.53076171875,2288.3243336403816,2229.4234459004774,2269.812432719107,2648737,HINDUNILVR.NS
2026-03-05,2232.294189453125,2254.86466241023,2205.961930722778,2252.5877729936083,1751288,HINDUNILVR.NS
2026-03-06,2203.2890625,2227.344430687897,2197.15153951635,2222.4938661562232,1674258,HINDUNILVR.NS
2026-03-09,2172.50244140625,2177.8479715726257,2148.545920373073,2176.8580406764563,1512817,HINDUNILVR.NS
2026-03-10,2168.146484375,2201.606195210621,2153.0995838952795,2201.606195210621,1084986,HINDUNILVR.NS
2026-03-11,2139.636474609375,2172.8982483412015,2134.290944612132,2168.1465318534633,1313256,HINDUNILVR.NS
2026-03-12,2115.383056640625,2143.2992989000727,2088.061111223958,2143.2992989000727,1791973,HINDUNILVR.NS
2026-03-13,2138.250732421875,2169.8294312879443,2098.950524241146,2114.492390950521,2298875,HINDUNILVR.NS
2026-03-16,2153.79248046875,2164.681719709848,2132.3110295750503,2147.7540473535414,1981511,HINDUNILVR.NS
2026-03-17,2136.46875,2162.8010077496438,2123.8966763186418,2150.921837339099,1705956,HINDUNILVR.NS
2026-03-18,2113.79931640625,2153.099521402979,2108.2556071724653,2143.2002132585976,2441148,HINDUNILVR.NS
2026-03-19,2056.383544921875,2112.1167039586576,2049.256090646583,2090.734099450428,2098905,HINDUNILVR.NS
2026-03-20,2061.72900390625,2078.656918696704,2048.166999131025,2078.5578289353593,2429744,HINDUNILVR.NS
2026-03-23,2031.5361328125,2075.8850852106953,2012.8265355843985,2041.534531517212,2599535,HINDUNILVR.NS
2026-03-24,2064.005859375,2093.7037854091727,2045.1971728866906,2049.1568963579134,1702418,HINDUNILVR.NS
2026-03-25,2113.304443359375,2133.0039707547157,2064.9957691670343,2076.874939459462,2069217,HINDUNILVR.NS
2026-03-27,2053.512451171875,2105.5829103672913,2048.6618866972776,2101.920214571949,2789151,HINDUNILVR.NS
2026-03-30,2034.505859375,2061.4319304866403,2025.5964816164349,2043.2172992976207,2482193,HINDUNILVR.NS
2026-04-01,2043.91015625,2098.5542902611737,2031.338082923151,2098.5542902611737,2028470,HINDUNILVR.NS
2026-04-02,2044.5042724609375,2049.0578094497764,2002.13518292342,2034.3079361718803,1431905,HINDUNILVR.NS
2026-04-06,2063.807861328125,2071.727308039528,2021.3398041699922,2044.5042099690797,1661298,HINDUNILVR.NS
2026-04-07,2089.34814453125,2098.1584324058085,2030.1502314824131,2043.9101735971367,2709707,HINDUNILVR.NS
2026-04-08,2123.995849609375,2170.720540058606,2108.552830795398,2108.552830795398,3794437,HINDUNILVR.NS
2026-04-09,2111.720458984375,2141.1213571449207,2093.7037656964103,2123.896656880212,2506245,HINDUNILVR.NS
2026-04-10,2133.59814453125,2148.1500806118274,2100.039341580484,2111.7205746871014,2144484,HINDUNILVR.NS
2026-04-13,2105.781005859375,2119.145073286812,2092.2190005842986,2109.5427916939393,1994541,HINDUNILVR.NS
2026-04-15,2135.875,2146.1701846556675,2119.342960674532,2119.342960674532,1552971,HINDUNILVR.NS
2026-04-16,2117.561279296875,2141.9134343634555,2107.6619703228953,2136.270876584757,1845734,HINDUNILVR.NS
2026-04-17,2218.237060546875,2222.3947217120526,2111.522468334881,2120.4318458384037,4882697,HINDUNILVR.NS
2026-04-20,2209.03076171875,2230.710151347242,2200.814287067127,2218.2371672517165,1460822,HINDUNILVR.NS
2026-04-21,2287.43310546875,2312.1813760556415,2204.773881708532,2216.1580861785023,3217281,HINDUNILVR.NS
2026-04-22,2344.9482421875,2383.753483110979,2287.136135627566,2287.136135627566,5558325,HINDUNILVR.NS
2026-04-23,2342.572265625,2375.8340388417187,2312.478464472606,2312.478464472606,2063531,HINDUNILVR.NS
2026-04-24,2303.8662109375,2364.5490228916565,2275.8511183860137,2364.5490228916565,1676706,HINDUNILVR.NS
2026-04-27,2304.856201171875,2339.0088177903613,2301.5893808110277,2311.3896002112174,1099681,HINDUNILVR.NS
2026-04-28,2266.44677734375,2310.8945777237636,2258.131454523486,2297.62960044326,1629120,HINDUNILVR.NS
2026-04-29,2291.095947265625,2326.0405558989446,2267.9316611922086,2281.7906936045574,1778765,HINDUNILVR.NS
2026-04-30,2228.2353515625,2344.948348918507,2189.331260792845,2288.720225829817,4434979,HINDUNILVR.NS
2026-05-01,2228.2353515625,2228.2353515625,2228.2353515625,2228.2353515625,0,HINDUNILVR.NS
2026-05-04,2286.04736328125,2341.978456380622,2245.955163802939,2245.955163802939,2554255,HINDUNILVR.NS
2026-05-05,2303.965087890625,2311.884535117792,2265.0609967330465,2278.3259741656116,1741424,HINDUNILVR.NS
2026-05-06,2293.768798828125,2315.84406275992,2265.258742886433,2306.5388097283676,1196175,HINDUNILVR.NS
2026-05-07,2249.32080078125,2304.4599000972157,2245.262229356629,2286.7402347777156,1859012,HINDUNILVR.NS
2026-05-08,2264.664794921875,2274.16822791307,2233.2840347907604,2249.3208664913536,1104526,HINDUNILVR.NS
2026-05-11,2283.968505859375,2293.7689667003274,2236.4518230397666,2254.1717310173203,1903862,HINDUNILVR.NS
2026-05-12,2239.2236328125,2283.770522059433,2233.2840475795756,2262.289070470158,983506,HINDUNILVR.NS
2026-05-13,2244.47021484375,2272.683243444049,2227.3443631814885,2242.193325602698,1308559,HINDUNILVR.NS
2026-05-14,2226.057373046875,2262.882750990242,2222.3946773716366,2245.1630860930386,1380764,HINDUNILVR.NS
2026-05-15,2249.32080078125,2275.7519058077983,2223.582599004531,2226.0574260984463,1038522,HINDUNILVR.NS
2026-05-18,2231.502197265625,2242.193499373944,2202.299235574,2240.312727327763,1118204,HINDUNILVR.NS
2026-05-19,2210.41650390625,2259.022205437637,2207.0508356806363,2219.424971337065,1145022,HINDUNILVR.NS
2026-05-20,2187.05419921875,2204.4768365637315,2178.83772511289,2202.4969749325523,1071994,HINDUNILVR.NS
2026-05-21,2157.059326171875,2206.5558687641624,2154.0895336163376,2201.6062145049336,1581812,HINDUNILVR.NS
2026-05-22,2181.411865234375,2202.101324725408,2153.4956200308816,2158.0493989217307,1382889,HINDUNILVR.NS
2026-05-25,2174.383056640625,2215.56427562462,2170.8192089984664,2192.696776899151,780722,HINDUNILVR.NS
2026-05-26,2187.153076171875,2197.6464396286196,2167.9485147687737,2177.451947396857,2302703,HINDUNILVR.NS
2026-05-27,2176.263916015625,2192.3009893676626,2164.9788008323703,2182.8966461541704,616538,HINDUNILVR.NS
2026-05-28,2176.263916015625,2176.263916015625,2176.263916015625,2176.263916015625,0,HINDUNILVR.NS
2026-05-29,2131.816162109375,2185.569457533162,2096.77270543257,2112.017544397656,17701621,HINDUNILVR.NS
2026-06-01,2063.31298828125,2145.6751894306544,2059.3532647482753,2136.7658114814612,1470488,HINDUNILVR.NS
2026-06-02,2072.6181640625,2075.88498419097,2044.9001003727778,2058.066228961863,2148903,HINDUNILVR.NS
2026-06-03,2069.549560546875,2078.4589383211337,2051.334687643431,2070.9353670832684,1544973,HINDUNILVR.NS
2026-06-04,2058.462158203125,2089.64498066566,2052.621662732285,2067.9655912455964,2142735,HINDUNILVR.NS
2026-06-05,2100.138427734375,2106.07801320051,2056.284440039605,2065.688783694319,1822999,HINDUNILVR.NS
2026-06-08,2088.853271484375,2103.603145099428,2070.440460223743,2084.101554867211,1601497,HINDUNILVR.NS
2026-06-09,2111.32470703125,2117.0663546833757,2088.8533235633454,2098.3565153522595,1460636,HINDUNILVR.NS
2026-06-10,2147.655029296875,2182.6984855334144,2112.017517863509,2113.403324412981,2325534,HINDUNILVR.NS
2026-06-11,2118.254150390625,2143.2003602893956,2113.7994614200466,2142.2104294070446,1178896,HINDUNILVR.NS
2026-06-12,2146.962158203125,2157.455280606382,2123.40175473256,2129.539277901612,1156153,HINDUNILVR.NS
2026-06-15,2134.39013671875,2188.7372471319904,2128.351461480678,2177.848007096508,1439449,HINDUNILVR.NS
2026-06-16,2177.748779296875,2186.7572467009,2138.3497248298445,2139.2405659215233,1337309,HINDUNILVR.NS
2026-06-17,2175.47216796875,2202.2003013528906,2161.0190806510564,2178.9369260000276,1511401,HINDUNILVR.NS
2026-06-18,2196.16162109375,2199.2305034441215,2174.68016968817,2186.460250293131,1120482,HINDUNILVR.NS
2026-06-19,2172.50244140625,2188.34133574496,2157.950263886682,2187.3514048487905,1508994,HINDUNILVR.NS
2026-06-22,2162.89990234375,2185.9653403900866,2160.524164883483,2181.5106513903265,765860,HINDUNILVR.NS
2026-06-23,2160.10009765625,2179.699951171875,2156.0,2160.10009765625,710082,HINDUNILVR.NS
2026-06-24,2157.800048828125,2166.0,2140.0,2160.0,942271,HINDUNILVR.NS
2026-06-25,2174.199951171875,2200.89990234375,2161.0,2161.0,1898262,HINDUNILVR.NS
2026-06-26,2174.199951171875,2174.199951171875,2174.199951171875,2174.199951171875,0,HINDUNILVR.NS
2026-06-29,2151.300048828125,2189.89990234375,2143.0,2172.0,1423514,HINDUNILVR.NS
2026-06-30,2118.199951171875,2151.300048828125,2114.199951171875,2151.0,2364422,HINDUNILVR.NS
2026-07-01,2182.0,2190.0,2120.199951171875,2133.5,2497576,HINDUNILVR.NS
2026-07-02,2210.60009765625,2216.0,2179.199951171875,2186.0,2585362,HINDUNILVR.NS
2026-07-03,2201.199951171875,2239.300048828125,2190.0,2224.89990234375,1536616,HINDUNILVR.NS
2026-07-06,2202.0,2221.39990234375,2190.300048828125,2202.10009765625,2131061,HINDUNILVR.NS
2026-07-07,2208.800048828125,2219.39990234375,2193.699951171875,2200.0,2552492,HINDUNILVR.NS
2026-07-08,2135.800048828125,2199.0,2130.0,2199.0,1326689,HINDUNILVR.NS
2026-07-09,2144.5,2166.800048828125,2137.10009765625,2139.0,2201039,HINDUNILVR.NS
2026-07-10,2150.60009765625,2178.0,2145.0,2151.5,1665179,HINDUNILVR.NS
2026-07-13,2130.60009765625,2143.0,2120.0,2143.0,1833988,HINDUNILVR.NS
2026-07-14,2120.199951171875,2145.0,2116.10009765625,2125.0,2681897,HINDUNILVR.NS
2026-07-15,2102.60009765625,2128.5,2091.0,2121.0,2029614,HINDUNILVR.NS
2026-07-16,2098.39990234375,2123.0,2096.0,2104.89990234375,2143092,HINDUNILVR.NS
2026-07-17,2143.800048828125,2154.5,2092.10009765625,2100.0,1059832,HINDUNILVR.NS
2026-07-20,2139.699951171875,2153.800048828125,2128.39990234375,2153.800048828125,689849,HINDUNILVR.NS
2026-07-21,2142.5,2147.699951171875,2127.5,2139.699951171875,1032417,HINDUNILVR.NS
2026-07-22,2154.60009765625,2159.89990234375,2130.0,2139.699951171875,819175,HINDUNILVR.NS
2026-07-23,2161.800048828125,2166.0,2139.89990234375,2150.0,833281,HINDUNILVR.NS
2026-07-24,2145.0,2163.0,2139.0,2148.0,1603494,HINDUNILVR.NS
2026-07-27,2174.60009765625,2181.300048828125,2152.39990234375,2155.0,698681,HINDUNILVR.NS
2026-07-28,2022.699951171875,2213.0,2016.0,2174.60009765625,9947304,HINDUNILVR.NS
2026-07-29,2117.800048828125,2123.0,2047.0,2050.5,5183374,HINDUNILVR.NS
2026-07-30,2107.89990234375,2132.60009765625,2088.0,2120.0,2602039,HINDUNILVR.NS
2026-07-31,2101.300048828125,2119.60009765625,2091.10009765625,2119.60009765625,1759019,HINDUNILVR.NS
2026-08-03,,,,,516060,HINDUNILVR.NS
