Date,Close,High,Low,Open,Volume,Ticker
2020-01-01,514.7979736328125,520.3128098664197,513.7909282892457,517.8191682024507,7642793,ICICIBANK.NS
2020-01-02,518.4904174804688,519.7372966704075,513.9346838617928,514.0785725495332,10264223,ICICIBANK.NS
2020-01-03,516.81201171875,518.6822720458403,514.3183703085841,515.9967985566774,9594690,ICICIBANK.NS
2020-01-06,504.1997985839844,515.2774120206166,502.37748185461425,515.2774120206166,12534334,ICICIBANK.NS
2020-01-07,501.5143737792969,513.6949202731082,500.31549648353354,509.57079408346834,16101835,ICICIBANK.NS
2020-01-08,504.43963623046875,505.782343714452,493.9374591295397,494.8965609919272,16094310,ICICIBANK.NS
2020-01-09,523.9573974609375,525.0124447572564,508.61176585431184,508.995430060053,18934019,ICICIBANK.NS
2020-01-10,518.1548461914062,524.1492335837178,516.4764177215591,522.6146938268618,12335407,ICICIBANK.NS
2020-01-13,516.5722045898438,523.7175246872326,515.9967669270576,517.3395328587959,7901800,ICICIBANK.NS
2020-01-14,515.6131591796875,516.9079818709492,512.3043044484212,514.2704516400397,13939440,ICICIBANK.NS
2020-01-15,513.6949462890625,514.9897689574212,508.9474387885477,513.2153953464705,12353176,ICICIBANK.NS
2020-01-16,515.1815795898438,517.9149964332245,511.39311559333305,512.064498592792,11249232,ICICIBANK.NS
2020-01-17,510.29010009765625,515.9967675055498,508.89939078228133,512.6399112113686,18312609,ICICIBANK.NS
2020-01-20,512.9756469726562,521.7514531012389,509.2831279352166,511.2013318069123,19159996,ICICIBANK.NS
2020-01-21,509.3309631347656,518.1547107780583,508.51575007803285,511.15327984136405,13477994,ICICIBANK.NS
2020-01-22,501.4664001464844,513.0715681475359,499.45230959154947,509.76265491677106,17527408,ICICIBANK.NS
2020-01-23,506.1180419921875,508.56373992477535,495.9035841962313,500.0757122355206,17061293,ICICIBANK.NS
2020-01-24,512.0164794921875,515.4213377597315,505.44665548822525,507.60463456763415,17851868,ICICIBANK.NS
2020-01-27,515.2774658203125,522.7105051132068,509.7626302159071,516.476343125618,38149166,ICICIBANK.NS
2020-01-28,506.59765625,518.4904851787459,503.001023976177,516.0927303295306,24009224,ICICIBANK.NS
2020-01-29,505.0630187988281,512.9276658012558,503.8161980818544,509.8105847393553,16400827,ICICIBANK.NS
2020-01-30,510.43402099609375,512.1124492491086,502.7132627400115,506.0701192460413,14319317,ICICIBANK.NS
2020-01-31,504.1519470214844,510.96154722923745,501.0348657854543,508.3240169525966,16292578,ICICIBANK.NS
2020-02-03,494.4649658203125,497.9177677346747,481.4691469675216,483.38735074030063,22531888,ICICIBANK.NS
2020-02-04,509.0912170410156,512.7837940458395,495.5199618727453,498.7329294449446,17781475,ICICIBANK.NS
2020-02-05,517.0517578125,518.2986369856877,504.1998287947771,507.41279641447574,18782476,ICICIBANK.NS
2020-02-06,519.4495239257812,524.6286971855985,514.3183525882581,518.2506466470207,15296851,ICICIBANK.NS
2020-02-07,514.5101318359375,519.5933592682017,513.2633113018235,518.8260895963564,8297149,ICICIBANK.NS
2020-02-10,512.1124877929688,520.0730221129126,508.80357442305234,516.6202785767001,12536053,ICICIBANK.NS
2020-02-11,517.6752319335938,522.5186846468627,515.5172527360938,515.7090848169913,11243552,ICICIBANK.NS
2020-02-12,526.8346557617188,528.177421821489,520.5046067117929,523.4777991512267,14026335,ICICIBANK.NS
2020-02-13,518.8740844726562,526.5468990304774,515.9967790134733,526.5468990304774,9227235,ICICIBANK.NS
2020-02-14,523.477783203125,526.2112586260373,514.606091002821,519.1138814502214,14458649,ICICIBANK.NS
2020-02-17,519.4495239257812,523.0461557620628,515.7570053227707,520.7922898935649,7793293,ICICIBANK.NS
2020-02-18,519.06591796875,522.1350555080863,514.0785767846946,518.8740858964921,15918303,ICICIBANK.NS
2020-02-19,522.5186767578125,524.1491616124262,518.3945505059768,521.2718560592015,8704234,ICICIBANK.NS
2020-02-20,524.628662109375,526.8825278271814,519.6413212553947,523.1900094710495,13588526,ICICIBANK.NS
2020-02-24,508.1801452636719,519.6893686743559,505.97422248441154,517.4355025053386,16940750,ICICIBANK.NS
2020-02-25,509.2351379394531,516.7640640312139,503.8161890822969,510.673790711555,14942960,ICICIBANK.NS
2020-02-26,502.2816467285156,507.7005370163985,500.84299396446926,505.3027824096545,15743918,ICICIBANK.NS
2020-02-27,494.27313232421875,501.89800400703473,491.68360406950643,501.41845306520895,26315054,ICICIBANK.NS
2020-02-28,476.91339111328125,486.12077465382595,472.06993851715174,481.08548998143834,32737933,ICICIBANK.NS
2020-03-02,485.4013977050781,499.26040032172443,478.0642752292698,487.46346059744144,28642076,ICICIBANK.NS
2020-03-03,493.69769287109375,498.2534268023957,487.7033061193806,488.99809951164394,19661945,ICICIBANK.NS
2020-03-04,487.5594177246094,496.3351935538423,476.7215495597258,496.3351935538423,21883404,ICICIBANK.NS
2020-03-05,483.86688232421875,490.2449037596339,479.55092400814544,488.90216702630426,16671516,ICICIBANK.NS
2020-03-06,466.45916748046875,476.48176375450055,457.7792786065244,465.1643741932545,31024353,ICICIBANK.NS
2020-03-09,439.0289001464844,455.57340812578934,424.83420355898363,455.57340812578934,42027175,ICICIBANK.NS
2020-03-11,446.60577392578125,452.45630110826033,431.2122008263867,431.59583571535165,31018779,ICICIBANK.NS
2020-03-12,408.2417297363281,427.7115164334054,398.9864019864495,420.0866443991944,50757033,ICICIBANK.NS
2020-03-13,428.91033935546875,445.74256434315896,379.0370454429475,384.5998242100199,67104335,ICICIBANK.NS
2020-03-16,386.4221496582031,406.85103768999426,381.19506186485506,406.85103768999426,34833637,ICICIBANK.NS
2020-03-17,352.2301330566406,391.74513858861565,349.11305223313053,390.3544292826487,47232699,ICICIBANK.NS
2020-03-18,340.5291442871094,360.1427913704658,328.30059411407757,354.0045445884849,61202289,ICICIBANK.NS
2020-03-19,324.70391845703125,354.4840483554927,309.7898964502615,322.3541364945522,57985870,ICICIBANK.NS
2020-03-20,331.5614929199219,345.0848044337443,309.7898710775821,314.58537991779235,88640642,ICICIBANK.NS
2020-03-23,272.3849182128906,300.8702541140669,268.5485109141175,298.42452689942013,56867949,ICICIBANK.NS
2020-03-24,284.37371826171875,292.52608455252687,257.32703250678003,283.2227842540529,67895418,ICICIBANK.NS
2020-03-25,303.9393310546875,320.48383582487685,270.0830518414471,272.3848901294941,66544138,ICICIBANK.NS
2020-03-26,316.7433776855469,349.4966991532631,301.3977484865499,308.8307876298141,76173940,ICICIBANK.NS
2020-03-27,325.9507751464844,344.8450643526848,312.6672084430917,341.2484323537228,72889985,ICICIBANK.NS
2020-03-30,300.5824890136719,320.24407530845514,298.3765666493595,316.59950028842695,36559880,ICICIBANK.NS
2020-03-31,310.5092468261719,321.15528399981986,303.0762069407577,311.42040535862265,46279768,ICICIBANK.NS
2020-04-01,298.424560546875,310.50925075445554,295.4993113595238,305.95351657350216,33141186,ICICIBANK.NS
2020-04-03,274.926513671875,296.84199474350277,269.9871454613765,296.84199474350277,57326314,ICICIBANK.NS
2020-04-07,312.76312255859375,316.11997907029706,284.7093931393589,295.6910918802516,57661076,ICICIBANK.NS
2020-04-08,305.905517578125,338.323145307297,302.21296995404646,309.64600858234286,73931321,ICICIBANK.NS
2020-04-09,328.6842346191406,330.8901572933091,309.45422385824037,318.80546743392085,52431174,ICICIBANK.NS
2020-04-13,317.1270446777344,331.6574329431638,315.7843078407334,327.1016988133431,30994190,ICICIBANK.NS
2020-04-15,313.9620056152344,337.5079450122009,311.70811034805513,328.6842252963358,49132329,ICICIBANK.NS
2020-04-16,328.0128173828125,333.5755961452616,306.2891673486331,311.9958055279713,56494027,ICICIBANK.NS
2020-04-17,360.1907043457031,369.73377989247865,334.774504171512,347.19488539838466,69006835,ICICIBANK.NS
2020-04-20,346.52349853515625,363.40369752571104,342.399372147054,360.6223079195863,55810736,ICICIBANK.NS
2020-04-21,318.2779235839844,332.0410396365414,314.5853759694745,327.05369879753295,50118175,ICICIBANK.NS
2020-04-22,322.2102355957031,324.17638242034957,309.83779995166475,312.667161742704,49115085,ICICIBANK.NS
2020-04-23,338.5150146484375,340.28932968148405,324.1764300720784,326.3344092663452,45953398,ICICIBANK.NS
2020-04-24,321.1552734375,329.21172345251,317.9422762549368,324.08052249163654,38513206,ICICIBANK.NS
2020-04-27,333.6715087890625,338.4670177663973,324.1764068678324,325.4232274941538,38980019,ICICIBANK.NS
2020-04-28,345.1328125,348.01011809938393,335.9254287280781,339.2822852606927,32933194,ICICIBANK.NS
2020-04-29,355.29931640625,361.1018712888954,337.268182828019,338.56297626820736,39341745,ICICIBANK.NS
2020-04-30,364.60260009765625,376.87912260785737,358.84798840303756,366.37694455739074,45734705,ICICIBANK.NS
2020-05-04,324.224365234375,344.317560485833,322.25821817058466,344.317560485833,38837299,ICICIBANK.NS
2020-05-05,317.31884765625,333.7674382566729,316.07199771027877,333.7674382566729,45069968,ICICIBANK.NS
2020-05-06,327.4373779296875,331.41764490151724,311.9478883292609,317.94227511498843,49952812,ICICIBANK.NS
2020-05-07,322.9775390625,328.8760094231115,320.0522902086211,323.21731451837417,27656346,ICICIBANK.NS
2020-05-08,323.888671875,338.0833660318131,320.05226488456805,329.9310011771453,42968091,ICICIBANK.NS
2020-05-11,307.05645751953125,329.49943540119364,305.1862264365813,327.05373734292596,83665601,ICICIBANK.NS
2020-05-12,308.0635070800781,311.1326152506269,295.40335172685593,305.28208846967624,69072308,ICICIBANK.NS
2020-05-13,324.224365234375,334.1510751301298,318.7095296555629,329.45148196903517,72816461,ICICIBANK.NS
2020-05-14,314.0099182128906,320.819546732862,312.33149009096985,316.5035887050657,33999095,ICICIBANK.NS
2020-05-15,309.5022277832031,317.03115508405705,305.76170655946413,315.8322775814408,31828868,ICICIBANK.NS
2020-05-18,286.29193115234375,307.39217398434226,281.2566459310714,306.9126230108878,74034133,ICICIBANK.NS
2020-05-19,288.01824951171875,298.7602010318865,284.94914141271596,294.4921864522171,61827491,ICICIBANK.NS
2020-05-20,293.14947509765625,295.64314576579454,285.3328008607425,286.7714536381916,42238419,ICICIBANK.NS
2020-05-21,291.9505615234375,300.0070102226646,289.64872321929573,293.48513014935264,43075357,ICICIBANK.NS
2020-05-22,279.1465759277344,295.11564481360847,273.87151586246944,288.6896508444997,80358245,ICICIBANK.NS
2020-05-26,280.7291259765625,285.7164380841608,278.1395392481895,283.9420937902361,46681705,ICICIBANK.NS
2020-05-27,305.8096618652344,308.7828837568736,282.7912151213982,283.990092555973,80541990,ICICIBANK.NS
2020-05-28,313.48248291015625,316.2638727529525,307.63195507356943,309.07060802013325,66136408,ICICIBANK.NS
2020-05-29,318.3738708496094,320.62773678177984,306.9125920330875,309.69398154449425,60487477,ICICIBANK.NS
2020-06-01,325.37530517578125,333.7674464293939,322.4500562180226,325.1355297113923,44024770,ICICIBANK.NS
2020-06-02,334.15106201171875,335.68563074903574,318.9013492115839,323.21730732121443,47558213,ICICIBANK.NS
2020-06-03,342.2555236816406,357.7450137305581,339.3302452838255,343.26256898301466,69689299,ICICIBANK.NS
2020-06-04,333.6235656738281,348.1539520328777,331.36967059878583,342.3993412554748,57061575,ICICIBANK.NS
2020-06-05,342.5911865234375,345.2766599485849,332.8083361171082,335.68564161667973,37251097,ICICIBANK.NS
2020-06-08,345.0848388671875,358.46432157419815,338.70681732718526,351.55877644745726,46827341,ICICIBANK.NS
2020-06-09,334.2949523925781,354.24428928659967,331.1299278601376,345.32462413882456,47621969,ICICIBANK.NS
2020-06-10,338.5629577636719,342.25550579147483,331.177861708066,334.29494276396383,36292403,ICICIBANK.NS
2020-06-11,327.2934875488281,339.7138675020564,326.19052633845376,338.03543936078034,36999490,ICICIBANK.NS
2020-06-12,330.12286376953125,331.9930947886784,310.8449110055828,310.94082704310796,47509067,ICICIBANK.NS
2020-06-15,317.55859375,328.2525723571211,312.1876181219661,327.2455272322546,43500660,ICICIBANK.NS
2020-06-16,328.9239807128906,333.6715171578462,312.71513654739533,328.25259773143927,57511237,ICICIBANK.NS
2020-06-17,327.9648742675781,336.6447339040419,322.3541228486179,324.75187736360397,37107002,ICICIBANK.NS
2020-06-18,337.6038818359375,340.1934687737164,323.4091848756229,326.09465859153056,39285919,ICICIBANK.NS
2020-06-19,348.9212341308594,350.5037755663153,334.91837082503446,336.6447424116672,51367236,ICICIBANK.NS
2020-06-22,352.51788330078125,359.9029794639235,350.21604464910916,351.9903889760424,40133602,ICICIBANK.NS
2020-06-23,360.7661437988281,362.82820685827653,349.3048946096097,353.9085716385859,32493320,ICICIBANK.NS
2020-06-24,333.8633728027344,364.4587171518517,330.8901510983917,364.4587171518517,57955780,ICICIBANK.NS
2020-06-25,336.6447448730469,341.05661917826757,324.6559719074825,331.75331964920355,69902888,ICICIBANK.NS
2020-06-26,334.82244873046875,343.8379999176524,331.9451432918273,341.05661051419185,34596104,ICICIBANK.NS
2020-06-29,329.06787109375,331.4656258681587,324.6559964549444,331.129934345848,27384244,ICICIBANK.NS
2020-06-30,337.0763244628906,339.95362973608826,332.13692699499774,332.80830993319563,47526095,ICICIBANK.NS
2020-07-01,349.1610412597656,350.7915262268436,337.2202399519337,339.7618541786995,36922617,ICICIBANK.NS
2020-07-02,348.0101318359375,355.7308904579162,346.5714789794594,351.031296980648,50964311,ICICIBANK.NS
2020-07-03,346.23577880859375,352.1342495188912,345.08484484437963,349.7364948180006,28779044,ICICIBANK.NS
2020-07-06,347.051025390625,352.80563674124096,345.756231982843,352.80563674124096,33334074,ICICIBANK.NS
2020-07-07,360.6702575683594,362.5405179800114,347.2908036331583,348.15398948874105,46030825,ICICIBANK.NS
2020-07-08,353.8606262207031,363.49958775008986,352.5178602646298,362.4445699000885,46315597,ICICIBANK.NS
2020-07-09,355.203369140625,360.6222886345652,350.35988732999766,358.17659067209024,35144463,ICICIBANK.NS
2020-07-10,345.6123962402344,353.1413524605296,344.317602743711,349.97629843908715,27864858,ICICIBANK.NS
2020-07-13,339.1383972167969,351.990355288987,338.08337939882273,349.2089659648469,32379935,ICICIBANK.NS
2020-07-14,331.41766357421875,338.0354903740963,326.67012653411734,337.1243318235426,34031256,ICICIBANK.NS
2020-07-15,331.65740966796875,342.20753007032073,329.6912625734986,335.20609823836435,30442553,ICICIBANK.NS
2020-07-16,330.554443359375,334.3429073358175,327.05372749666157,333.71949699360255,35535437,ICICIBANK.NS
2020-07-17,339.3302001953125,341.4402358323993,331.3217236973988,331.8492179719387,27511781,ICICIBANK.NS
2020-07-20,348.15399169921875,351.3669889365623,340.7209519315357,343.3584821716813,36312529,ICICIBANK.NS
2020-07-21,363.3077697753906,364.3627876663257,354.91562857164774,355.82678703869755,45559912,ICICIBANK.NS
2020-07-22,365.51373291015625,373.57018286122906,359.95092443552346,371.07651211532243,45500191,ICICIBANK.NS
2020-07-23,376.20770263671875,379.468643089938,363.35574363316886,366.9044029351117,37838027,ICICIBANK.NS
2020-07-24,366.1850891113281,372.802915553753,356.9297617465089,372.4192513829998,52980980,ICICIBANK.NS
2020-07-27,343.8379821777344,370.0214486106804,342.01569468117316,369.2541789077482,73275058,ICICIBANK.NS
2020-07-28,337.69976806640625,347.914196940043,329.1637674343824,346.33168473755825,125939354,ICICIBANK.NS
2020-07-29,336.69268798828125,343.02276596293785,333.95927116988736,338.754780352284,50194622,ICICIBANK.NS
2020-07-30,330.8421936035156,340.0975205668244,326.4782626409795,338.9465866434276,40820253,ICICIBANK.NS
2020-07-31,332.6164855957031,338.5629283394794,328.0607521407101,332.2808233882744,37345191,ICICIBANK.NS
2020-08-03,329.2117004394531,335.06222740822056,326.57417042864904,332.61650020015975,32119883,ICICIBANK.NS
2020-08-04,336.6447448730469,338.7547806227723,330.122864087566,332.80833752406625,30811518,ICICIBANK.NS
2020-08-05,337.795654296875,345.2766363772638,336.40494502590354,338.94655885645466,37057881,ICICIBANK.NS
2020-08-06,344.07781982421875,348.87332950818,334.3429410196711,338.99459126700714,48021824,ICICIBANK.NS
2020-08-07,343.31048583984375,344.94094126608195,338.7067798416976,344.74913847624015,28510964,ICICIBANK.NS
2020-08-10,348.68145751953125,350.02422349298587,342.73504375344413,344.7971068277281,22856010,ICICIBANK.NS
2020-08-11,352.3260803222656,358.99182080483564,349.16102656691316,354.86769444207914,45446107,ICICIBANK.NS
2020-08-12,351.8465270996094,353.6688147999395,348.87330544672,350.7915091880078,25706005,ICICIBANK.NS
2020-08-13,352.9974365234375,357.12159218427325,351.27106484087994,353.86065163418294,26257336,ICICIBANK.NS
2020-08-14,346.6194152832031,356.5940690303773,339.71389927491333,356.5940690303773,28893259,ICICIBANK.NS
2020-08-17,345.4684753417969,351.3669454772133,339.85772403465876,351.0312539979127,24232497,ICICIBANK.NS
2020-08-18,354.43609619140625,354.8677037551115,346.81125363186186,347.09897249468725,26517363,ICICIBANK.NS
2020-08-19,359.13568115234375,360.47841782007566,355.25130129596516,358.70407363403586,35790233,ICICIBANK.NS
2020-08-20,352.7097473144531,354.53203519243544,347.77037805299835,351.9904208413441,68444775,ICICIBANK.NS
2020-08-21,355.9706726074219,357.7450170175688,352.03834887210195,354.86771125067145,34109928,ICICIBANK.NS
2020-08-24,364.79437255859375,365.60961493594914,358.5602109085857,359.51931270089466,32907235,ICICIBANK.NS
2020-08-25,370.54901123046875,373.85789510155524,365.80144529306136,366.8564631979815,53072303,ICICIBANK.NS
2020-08-26,373.4263000488281,375.63222253045626,368.48693152207665,372.32333880801406,37163882,ICICIBANK.NS
2020-08-27,376.1597900390625,381.19507519010585,371.74791529092136,374.00181068861536,36910405,ICICIBANK.NS
2020-08-28,392.9440612792969,395.05406790374616,376.8311317508082,377.7902336535944,83472297,ICICIBANK.NS
2020-08-31,378.4615783691406,404.74096199045755,371.65194969502915,397.8833899338486,72744175,ICICIBANK.NS
2020-09-01,374.9609069824219,383.30507611696663,369.5419577238967,378.5575391790708,34872793,ICICIBANK.NS
2020-09-02,376.3515930175781,377.88616196574895,365.513752872033,371.41222391176717,31295799,ICICIBANK.NS
2020-09-03,367.0962219238281,376.49540806020553,365.4657371206261,376.35154864097353,26135555,ICICIBANK.NS
2020-09-04,357.3133850097656,364.4107621649971,353.28517477326045,359.66319626649306,33118984,ICICIBANK.NS
2020-09-07,358.12860107421875,361.43751394403415,353.9085590692907,358.79998403227114,22323904,ICICIBANK.NS
2020-09-08,360.3345642089844,365.7055109664409,354.0524297484958,357.16951065248537,32052920,ICICIBANK.NS
2020-09-09,352.56585693359375,357.16953424969876,347.09896450993585,355.6349653878416,25285238,ICICIBANK.NS
2020-09-10,355.5390930175781,359.6632195607543,350.50380794372757,356.4981949364068,24852274,ICICIBANK.NS
2020-09-11,355.34722900390625,358.3683939229209,350.16808496138606,357.744983585579,22678353,ICICIBANK.NS
2020-09-14,348.8253173828125,358.56019426909467,344.65321892598797,358.22450280347203,27140598,ICICIBANK.NS
2020-09-15,356.3542785644531,357.02566156329186,348.8253525017936,349.16101473174746,24967618,ICICIBANK.NS
2020-09-16,359.37548828125,361.2936920526589,350.07218828213,356.1624911102467,22068622,ICICIBANK.NS
2020-09-17,353.9085388183594,356.5460685792008,352.3739701945229,354.86764054957445,24084936,ICICIBANK.NS
2020-09-18,354.43609619140625,359.327521745708,349.640586681202,354.8677037551115,78166508,ICICIBANK.NS
2020-09-21,336.3570251464844,352.37400822474325,334.2469894022993,351.65468184869815,28932482,ICICIBANK.NS
2020-09-22,339.90570068359375,341.5841289749047,335.2061073218164,339.5220657851874,28593292,ICICIBANK.NS
2020-09-23,337.4599609375,342.49524518984884,328.4444102252823,342.0156943086727,22740143,ICICIBANK.NS
2020-09-24,321.97052001953125,332.7604164106755,320.10025960394603,330.8422126078054,25840472,ICICIBANK.NS
2020-09-25,334.3908386230469,336.1651828170583,322.8336735749252,325.18345543664685,23231600,ICICIBANK.NS
2020-09-28,348.15399169921875,349.0651502172378,334.8224810665581,337.1243197858826,18495592,ICICIBANK.NS
2020-09-29,342.44732666015625,348.87332119126,339.7618530089453,348.87332119126,17080848,ICICIBANK.NS
2020-09-30,340.2413635253906,342.87889347519985,335.06221965965807,342.35139919302367,19565058,ICICIBANK.NS
2020-10-01,354.10040283203125,356.01860646759053,343.5982262195582,343.5982262195582,23237122,ICICIBANK.NS
2020-10-05,357.8409118652344,367.0003229728012,355.5870166274584,355.5870166274584,26530105,ICICIBANK.NS
2020-10-06,365.0342102050781,366.1851149902739,359.75914944855816,361.67735336001994,18093629,ICICIBANK.NS
2020-10-07,367.0003356933594,368.63082062897934,358.80002616704456,363.78733847873605,21845743,ICICIBANK.NS
2020-10-08,371.6519470214844,373.76198268655327,367.0002974435807,369.2541925245716,21085500,ICICIBANK.NS
2020-10-09,385.0793762207031,386.9975798382409,371.07648395878465,374.721088393785,41641237,ICICIBANK.NS
2020-10-12,387.52508544921875,393.2317530859349,384.3121177115278,386.94964776271394,25742564,ICICIBANK.NS
2020-10-13,380.0440673828125,384.5998006826696,377.4065375776321,384.5998006826696,19922778,ICICIBANK.NS
2020-10-14,390.1626281738281,392.5124394580894,373.09062663212404,378.22182747954395,23368177,ICICIBANK.NS
2020-10-15,375.0088195800781,393.1358385089561,373.23447532152227,390.2585329878813,34234586,ICICIBANK.NS
2020-10-16,379.9002685546875,384.88758087446166,374.52929205922766,377.88614871020667,25339096,ICICIBANK.NS
2020-10-19,400.0414123535156,401.62392465048373,384.7437251873998,385.60691105215807,41072871,ICICIBANK.NS
2020-10-20,397.6436462402344,399.8495688616532,394.19087361019336,396.5886283158515,26158669,ICICIBANK.NS
2020-10-21,403.1104736328125,410.97512007719797,393.5194556613493,398.98634761286894,43124966,ICICIBANK.NS
2020-10-22,396.0131530761719,402.4870906464744,390.97786829926986,399.37000959410653,33088074,ICICIBANK.NS
2020-10-23,399.8975524902344,403.30235255790654,394.9102108578312,399.9454958778764,22151463,ICICIBANK.NS
2020-10-26,387.90875244140625,402.00753198390356,385.0314469099417,400.9525141018068,21712057,ICICIBANK.NS
2020-10-27,393.183837890625,395.5336199975577,377.1668243600465,389.7310651767286,33571163,ICICIBANK.NS
2020-10-28,379.85223388671875,393.13579889093035,378.6533567070871,393.13579889093035,28145103,ICICIBANK.NS
2020-10-29,383.5447998046875,386.42210517346905,373.71400646135055,376.2076769681873,32615425,ICICIBANK.NS
2020-10-30,376.5434265136719,386.2303619362455,372.1794951363974,383.0653079808374,27225165,ICICIBANK.NS
2020-11-02,400.3770446777344,405.5082157199174,390.35441949639306,399.94543717443713,72698777,ICICIBANK.NS
2020-11-03,425.6973876953125,428.622636806758,406.8510410580854,407.61831087665445,61813071,ICICIBANK.NS
2020-11-04,419.1754455566406,423.92301135082164,407.90599898792533,419.4152210155495,43426662,ICICIBANK.NS
2020-11-05,420.56610107421875,427.9991393486206,417.78471196091556,426.80026220758805,30129938,ICICIBANK.NS
2020-11-06,424.6903076171875,426.70442745161944,418.3602585224973,421.86097458715886,27831424,ICICIBANK.NS
2020-11-09,443.7763977050781,445.59868520194163,430.6366918365777,431.59579360013356,40995422,ICICIBANK.NS
2020-11-10,464.0614318847656,467.1305402160259,453.6551710501244,465.9316629140964,57535138,ICICIBANK.NS
2020-11-11,466.6510009765625,470.48740843877073,452.7919965810151,464.9246293263553,45609279,ICICIBANK.NS
2020-11-12,457.203857421875,463.7736815899854,452.07265673985023,461.90345056944835,31071572,ICICIBANK.NS
2020-11-13,465.69189453125,467.17851996991544,448.4280611210911,453.36745909568145,34815091,ICICIBANK.NS
2020-11-14,466.9867248535156,469.8160872608035,464.82874550643885,469.8160872608035,3636073,ICICIBANK.NS
2020-11-17,466.50714111328125,472.83721927388365,458.59455072989476,470.4394646122514,36127378,ICICIBANK.NS
2020-11-18,477.29705810546875,478.59185153365166,466.36330222091806,468.04173055795997,29156543,ICICIBANK.NS
2020-11-19,459.1700134277344,473.172906375194,456.3406512455631,469.9599093046263,31896908,ICICIBANK.NS
2020-11-20,460.56072998046875,463.67781105999023,448.95559149204934,459.88934696324685,30089190,ICICIBANK.NS
2020-11-23,449.0994567871094,463.58190107663614,447.4210284915889,462.0952755960666,29513544,ICICIBANK.NS
2020-11-24,458.6425476074219,460.36891934718676,451.9288342002754,454.61430785534696,23135994,ICICIBANK.NS
2020-11-25,453.36749267578125,469.91200091927163,451.83292373843346,465.16443467204806,34168305,ICICIBANK.NS
2020-11-26,455.8611145019531,457.6834315001028,446.74964658907174,455.6693116865199,28707911,ICICIBANK.NS
2020-11-27,453.9908447265625,459.9372583490195,452.0246684669037,456.9160935206499,48390771,ICICIBANK.NS
2020-12-01,465.26031494140625,468.5212553890953,454.90199736293613,460.08117078690407,20120049,ICICIBANK.NS
2020-12-02,460.8004455566406,467.082550284926,452.8878561524299,466.4591400039413,21244707,ICICIBANK.NS
2020-12-03,462.1432189941406,465.1643838809175,459.26591352683596,462.38299444974933,22701738,ICICIBANK.NS
2020-12-04,481.51708984375,483.3873502280141,463.2462106351802,463.917593662728,39547014,ICICIBANK.NS
2020-12-07,489.57354736328125,494.51288673032496,483.5311881919838,484.3464306122539,37778332,ICICIBANK.NS
2020-12-08,487.6073913574219,491.06016398936544,484.7300857090467,490.58061304796956,19339943,ICICIBANK.NS
2020-12-09,490.5806579589844,493.9375148560644,485.3535405114577,489.1420050030929,21272782,ICICIBANK.NS
2020-12-10,486.2166748046875,493.3619950045769,478.35202824653265,487.3196360334683,20419020,ICICIBANK.NS
2020-12-11,494.3690185546875,495.75972782756736,485.4014111603573,488.4225758789116,25335765,ICICIBANK.NS
2020-12-14,504.2956848144531,506.2138883006541,496.9105896847944,496.9105896847944,26369591,ICICIBANK.NS
2020-12-15,496.8627014160156,502.80914459058613,492.1151355532968,502.5693691282158,26969145,ICICIBANK.NS
2020-12-16,491.49176025390625,500.3634524659301,490.19696688798797,498.7809109801044,24263586,ICICIBANK.NS
2020-12-17,489.52557373046875,495.37610081372037,488.2787530451129,492.97834621152424,23883288,ICICIBANK.NS
2020-12-18,495.9995422363281,497.054530849573,488.3266982118283,492.97834801096093,21735833,ICICIBANK.NS
2020-12-21,474.2758483886719,493.6497167950445,468.23351865085885,493.5537714900108,29157759,ICICIBANK.NS
2020-12-22,479.8386535644531,481.27730636858735,469.0967301885972,476.9613479561846,32328041,ICICIBANK.NS
2020-12-23,483.0037536621094,484.82604153505355,476.24206727189755,478.59187878534465,19205951,ICICIBANK.NS
2020-12-24,492.5467224121094,494.8485901697854,484.4423296859619,486.02484181726584,17576807,ICICIBANK.NS
2020-12-28,498.828857421875,499.8839045985341,492.5946952887402,494.8006764131491,14470472,ICICIBANK.NS
2020-12-29,507.17303466796875,509.0912383229451,496.6708579491871,501.17864824616754,19092649,ICICIBANK.NS
2020-12-30,507.1250305175781,511.20121279597004,503.0967916170298,509.9064488995794,21365141,ICICIBANK.NS
2020-12-31,513.1674194335938,516.4763324355349,504.96711054282105,508.41985369506335,27817770,ICICIBANK.NS
2021-01-01,505.92620849609375,515.0376757581087,504.58344253664615,513.6469664155943,13592625,ICICIBANK.NS
2021-01-04,509.9544982910156,513.11952289266,502.8571207270198,510.52993602261097,16549750,ICICIBANK.NS
2021-01-05,515.2774658203125,517.8670525075586,501.6102645398296,505.1110096868941,23311516,ICICIBANK.NS
2021-01-06,524.3410034179688,528.0814655831948,513.9347130173905,516.716131852681,28178838,ICICIBANK.NS
2021-01-07,518.9700317382812,531.7261342588523,517.6752675462828,529.5681549128975,21138034,ICICIBANK.NS
2021-01-08,519.881103515625,524.7245557537454,514.4142117104807,524.6286689921694,21937965,ICICIBANK.NS
2021-01-11,522.4227294921875,523.6695500464178,513.1194309062886,522.8543369829777,19394393,ICICIBANK.NS
2021-01-12,525.5878295898438,528.129472984273,515.1335956952024,518.8741164381487,16388310,ICICIBANK.NS
2021-01-13,533.740234375,538.056193143531,525.8276432993598,528.9447246321878,21920297,ICICIBANK.NS
2021-01-14,530.6710815429688,535.6104798550574,528.0814946467178,531.3904079842088,13330898,ICICIBANK.NS
2021-01-15,520.792236328125,528.4650501230145,519.3535837415832,527.5059483986532,15708956,ICICIBANK.NS
2021-01-18,511.34515380859375,525.9714564222927,507.26897111297274,522.2309359448572,21580313,ICICIBANK.NS
2021-01-19,524.1011962890625,525.3480169354823,512.0644802697094,516.9558760898676,20575358,ICICIBANK.NS
2021-01-20,528.4651489257812,531.917892363443,523.6696394073984,524.1012469718398,16097138,ICICIBANK.NS
2021-01-21,530.0955810546875,538.0561143542824,527.2182756303331,532.3015035055736,18189277,ICICIBANK.NS
2021-01-22,511.96856689453125,530.8628854559439,508.8994292003689,530.4792212920739,24515997,ICICIBANK.NS
2021-01-25,516.0447387695312,520.1209216327012,509.47491451152393,514.6060859942947,23415249,ICICIBANK.NS
2021-01-27,500.9867248535156,517.1476228242569,497.8696444823574,515.8048570949595,28049286,ICICIBANK.NS
2021-01-28,506.6455383300781,508.1800778323068,491.0601336961666,493.55377502202055,29836591,ICICIBANK.NS
2021-01-29,515.0377197265625,522.6625915308599,507.7965120974116,511.53697437988643,33172808,ICICIBANK.NS
2021-02-01,579.1056518554688,584.5246004103781,528.4650888097932,529.4241906043663,69354326,ICICIBANK.NS
2021-02-02,592.1015014648438,598.479552159034,574.21428715268,587.9294318485382,42362384,ICICIBANK.NS
2021-02-03,596.89697265625,601.8363702660362,588.8884961646952,597.9040763619406,27155908,ICICIBANK.NS
2021-02-04,602.6036987304688,605.8167251477457,584.0930441777774,593.492230882047,29982222,ICICIBANK.NS
2021-02-05,589.0324096679688,609.3173781581226,586.0112155014483,602.6036653782369,32015570,ICICIBANK.NS
2021-02-08,603.8504638671875,608.0225917791083,596.8969758862472,596.8969758862472,18230551,ICICIBANK.NS
2021-02-09,607.4471435546875,616.8943320603111,602.8914096901439,605.528939822248,27155615,ICICIBANK.NS
2021-02-10,606.2962036132812,612.0987575785106,600.7813684695071,607.4470788991019,23967387,ICICIBANK.NS
2021-02-11,604.8576049804688,607.68690860618,598.5754410332529,601.1170843507472,16072702,ICICIBANK.NS
2021-02-12,621.1142578125,623.3202386257649,603.658653132906,604.1382039985855,19049709,ICICIBANK.NS
2021-02-15,646.38671875,649.1201356713515,625.3344209385314,628.2117265563467,27155194,ICICIBANK.NS
2021-02-16,631.4246215820312,651.6137605027892,622.9845377844182,645.8591499309268,24966739,ICICIBANK.NS
2021-02-17,630.4656372070312,637.7548470785972,622.7928216826061,628.0199389664081,21684753,ICICIBANK.NS
2021-02-18,618.2849731445312,625.718011786274,611.5232589038053,623.416144146164,27845347,ICICIBANK.NS
2021-02-19,598.5275268554688,609.5092552791426,593.6840739855063,609.5092552791426,24055811,ICICIBANK.NS
2021-02-22,584.908203125,603.5627446453855,582.4625052686657,596.5613132872595,27092321,ICICIBANK.NS
2021-02-23,591.0945434570312,597.5684818755977,584.1410540444969,589.6079470835188,23534585,ICICIBANK.NS
2021-02-24,614.880126953125,618.6206473058942,589.9434807051355,589.9434807051355,17762047,ICICIBANK.NS
2021-02-25,602.3159790039062,621.8816807183324,600.6854941045485,616.4147883093957,38571809,ICICIBANK.NS
2021-02-26,573.3031616210938,589.8476694219534,566.7333370113986,589.8476694219534,57349273,ICICIBANK.NS
2021-03-01,583.4696044921875,586.826461067641,575.652959304134,582.7023346970133,21527318,ICICIBANK.NS
2021-03-02,585.5316772460938,591.2862883246794,574.5020060121378,585.0521263228783,24051433,ICICIBANK.NS
2021-03-03,606.248291015625,607.8308325751816,588.7446812412707,592.7249775644374,21036174,ICICIBANK.NS
2021-03-04,595.3624877929688,605.0973952215884,590.6149218128098,593.4442840465557,25057198,ICICIBANK.NS
2021-03-05,584.5245971679688,589.5598815615465,576.8997262356227,588.1212288776671,26645968,ICICIBANK.NS
2021-03-08,583.181884765625,590.8067563977,576.5641169358287,586.5866847221433,19632433,ICICIBANK.NS
2021-03-09,599.5345458984375,602.6516269259059,587.2580538672711,589.7037518887294,23056249,ICICIBANK.NS
2021-03-10,600.01416015625,604.7137831554279,596.3695844318557,603.0353547327126,15838994,ICICIBANK.NS
2021-03-12,587.78564453125,611.9070835442201,583.4696854780384,605.6249770745559,21757862,ICICIBANK.NS
2021-03-15,578.8179931640625,587.7855724594814,566.4455553130019,586.874472491116,24347946,ICICIBANK.NS
2021-03-16,570.6176147460938,582.1747794676077,569.3707941420046,582.0308907852822,17925629,ICICIBANK.NS
2021-03-17,565.3905029296875,578.9618166191433,562.9927484643368,573.1112606003312,20214082,ICICIBANK.NS
2021-03-18,554.936279296875,576.8038472165829,551.9630871258432,570.4257968168466,22776537,ICICIBANK.NS
2021-03-19,562.6571655273438,564.8151448501964,546.6880951226602,551.67543682104,29162618,ICICIBANK.NS
2021-03-22,549.9968872070312,562.8488149953349,546.2084237454372,562.8488149953349,21755401,ICICIBANK.NS
2021-03-23,562.4174194335938,565.1508366364551,550.8122504565164,552.4427355156523,29486417,ICICIBANK.NS
2021-03-24,544.2903442382812,556.8066126931541,541.8925894178483,556.2791183404461,24434219,ICICIBANK.NS
2021-03-25,548.1746215820312,555.3199416932971,534.3155888768913,544.8657086672648,27170186,ICICIBANK.NS
2021-03-26,554.888427734375,560.5950961091419,550.8122444008184,560.5950961091419,20724410,ICICIBANK.NS
2021-03-30,567.2607421875,568.8432249528785,558.1972189351494,558.1972189351494,28011943,ICICIBANK.NS
2021-03-31,558.2931518554688,565.5344175034764,555.3199595978914,562.0336724082287,20119972,ICICIBANK.NS
2021-04-01,570.0901489257812,571.7205751992258,556.4708912855509,563.5202662927583,15631940,ICICIBANK.NS
2021-04-05,547.8869018554688,567.788264154814,540.453862924388,567.788264154814,23260127,ICICIBANK.NS
2021-04-06,542.7557373046875,554.840396686435,541.3170845907209,551.1958215188389,23284697,ICICIBANK.NS
2021-04-07,554.0252685546875,556.2791347367527,536.5216578496087,543.3792017148111,23984399,ICICIBANK.NS
2021-04-08,553.1140747070312,561.8898219253443,549.8531048475571,558.1973030441482,19262565,ICICIBANK.NS
2021-04-09,543.0435180664062,555.3200109177684,541.8925840561989,550.4765579362037,23239564,ICICIBANK.NS
2021-04-12,516.5242919921875,529.37628025704,509.42697339280977,528.8487859448932,26601702,ICICIBANK.NS
2021-04-13,537.6724853515625,540.7416230458899,515.8529177909982,518.8741120995725,25445897,ICICIBANK.NS
2021-04-15,551.6753540039062,553.1619500509174,531.4862732997768,542.8036625639912,37614884,ICICIBANK.NS
2021-04-16,543.7628173828125,554.1211058801416,541.0293419275475,551.0999115714098,24045008,ICICIBANK.NS
2021-04-19,536.8572387695312,539.3029366800793,512.5440312734322,527.5059961111964,28526176,ICICIBANK.NS
2021-04-20,536.2338256835938,549.2297026977005,529.9996636032064,542.0843821439317,24425842,ICICIBANK.NS
2021-04-22,555.5118408203125,556.8545483778173,524.5328606766932,529.4242570271306,34942633,ICICIBANK.NS
2021-04-23,546.64013671875,556.7586500023934,543.8587178079017,546.5921933317907,33749097,ICICIBANK.NS
2021-04-26,566.925048828125,580.7361381213975,563.9518566728023,577.3792818316784,62584522,ICICIBANK.NS
2021-04-27,574.2622680664062,577.3314058832747,566.9251150463095,568.9872075664226,24239685,ICICIBANK.NS
2021-04-28,595.9378662109375,597.3285754965107,573.5428631152361,573.5428631152361,33292864,ICICIBANK.NS
2021-04-29,596.0338745117188,602.7475876658382,584.0930444083912,597.0888631632214,34537860,ICICIBANK.NS
2021-04-30,575.940673828125,591.1424150756256,573.6388059209825,585.1480283788301,23653258,ICICIBANK.NS
2021-05-03,572.343994140625,574.3580844874256,563.4723025682734,568.3157549080961,18010557,ICICIBANK.NS
2021-05-04,567.3567504882812,583.1339893757245,564.9110522077332,572.2482055883153,15115127,ICICIBANK.NS
2021-05-05,578.1465454101562,580.064748983872,560.7868264835993,570.953282008722,17253943,ICICIBANK.NS
2021-05-06,583.3257446289062,585.8673293546784,574.7417715438693,578.1465713320879,16949763,ICICIBANK.NS
2021-05-07,582.270751953125,589.6558484415726,579.0098405499609,586.9703747745741,10941083,ICICIBANK.NS
2021-05-10,588.1692504882812,591.7658826763466,586.0112711754421,586.0112711754421,12060808,ICICIBANK.NS
2021-05-11,584.908203125,587.8335104151873,578.5781547275551,581.5993487811564,13818480,ICICIBANK.NS
2021-05-12,570.42578125,581.8391157994505,568.9391852050531,578.530202964616,14785569,ICICIBANK.NS
2021-05-14,572.8715209960938,577.3313679962519,566.9250778421932,567.7882929192984,12675754,ICICIBANK.NS
2021-05-17,598.0958862304688,598.959101305248,576.6120400580105,578.578187129529,20453101,ICICIBANK.NS
2021-05-18,607.3032836914062,609.5092061680208,600.3977388846279,602.3159425232369,19242627,ICICIBANK.NS
2021-05-19,599.8703002929688,608.0706099016792,597.8561511620471,601.4527833184056,13911576,ICICIBANK.NS
2021-05-20,593.3004150390625,607.0156191122103,591.4302131553919,602.36393974943,13900762,ICICIBANK.NS
2021-05-21,616.1749877929688,617.6136405505807,596.8490623334765,596.8490623334765,23975898,ICICIBANK.NS
2021-05-24,620.8744506835938,626.725006069563,611.9068733687579,616.9421572013379,20323003,ICICIBANK.NS
2021-05-25,623.7039794921875,625.3344644969762,616.2229960725571,623.5121473965177,14884778,ICICIBANK.NS
2021-05-26,625.81396484375,629.7942609859152,616.9902160071322,622.7927705634143,14487031,ICICIBANK.NS
2021-05-27,625.5741577148438,629.6503404213031,621.5938617741413,624.4711672139949,23349546,ICICIBANK.NS
2021-05-28,616.75048828125,633.0072778054033,613.1059126319759,631.1370173222818,14191446,ICICIBANK.NS
2021-05-31,635.644775390625,637.8027546356328,617.4218395438927,617.4218395438927,21786138,ICICIBANK.NS
2021-06-01,623.5121459960938,637.706901498667,621.8337176058916,637.3711806972645,14123196,ICICIBANK.NS
2021-06-02,621.8336791992188,622.7927810772396,614.8801905835679,621.9775678964951,16025108,ICICIBANK.NS
2021-06-03,623.656005859375,626.9169757108145,618.3809454484152,626.7251436244474,11805702,ICICIBANK.NS
2021-06-04,616.414794921875,628.1158496593986,613.2497704003066,626.2935326572268,15111572,ICICIBANK.NS
2021-06-07,621.6898803710938,623.4162521307455,617.9014160542043,618.8125745920288,7556341,ICICIBANK.NS
2021-06-08,616.1270141601562,621.4979607759825,611.3315052035515,621.4979607759825,11912935,ICICIBANK.NS
2021-06-09,610.0846557617188,619.1961232230994,603.0832240518123,618.0452478485959,15823094,ICICIBANK.NS
2021-06-10,614.2088623046875,616.1270660488759,605.1932812914291,609.4612963300348,10712418,ICICIBANK.NS
2021-06-11,609.7011108398438,618.1891395358292,605.6728710113161,617.6616451801863,9015059,ICICIBANK.NS
2021-06-14,609.173583984375,610.0846839414522,597.8561349416061,609.7010783118758,10170497,ICICIBANK.NS
2021-06-15,618.9083862304688,619.7716012749639,609.9887511060434,610.3244133239423,11039987,ICICIBANK.NS
2021-06-16,613.9210815429688,622.6489436544905,611.5233268758913,618.5248173349036,8601339,ICICIBANK.NS
2021-06-17,607.1115112304688,611.4754132289987,601.0691808833553,607.1594546183555,9720060,ICICIBANK.NS
2021-06-18,604.6177978515625,610.5641821776268,595.314498688147,606.7277749794288,13820690,ICICIBANK.NS
2021-06-21,605.4330444335938,607.2073594452721,591.0465166450728,597.3765654564494,13407446,ICICIBANK.NS
2021-06-22,605.0494384765625,617.7575392454788,603.802617656079,609.0297349631564,15270093,ICICIBANK.NS
2021-06-23,599.1510009765625,609.029739371974,597.9521235368538,607.8308619322653,10950633,ICICIBANK.NS
2021-06-24,608.1184692382812,610.2764482338315,598.9111156061708,601.3568134266758,12815724,ICICIBANK.NS
2021-06-25,622.45703125,623.4161329930662,610.0845953488754,610.0845953488754,14785922,ICICIBANK.NS
2021-06-28,623.7039794921875,626.2935664363887,619.7237415669875,624.3753625575637,12093491,ICICIBANK.NS
2021-06-29,613.9210815429688,622.2173361066301,610.4203948523949,619.8675248251076,12225470,ICICIBANK.NS
2021-06-30,605.0974731445312,614.5925477886685,604.0424258247781,612.1947927968753,14276494,ICICIBANK.NS
2021-07-01,605.0494384765625,611.3316030463085,604.2821686284908,608.0226896288788,10517081,ICICIBANK.NS
2021-07-02,614.06494140625,615.1199299946561,606.392126831865,606.392126831865,10999396,ICICIBANK.NS
2021-07-05,621.3540649414062,621.9775045141616,614.976073225874,616.4626692775288,7358568,ICICIBANK.NS
2021-07-06,623.7039794921875,628.2117703152138,618.8125830167583,618.8125830167583,9209891,ICICIBANK.NS
2021-07-07,627.2525634765625,627.9718898108246,619.4838624821024,624.2793713771832,7741559,ICICIBANK.NS
2021-07-08,615.6475219726562,627.2526313387323,612.0028879869421,623.895774748999,10782941,ICICIBANK.NS
2021-07-09,612.4344482421875,614.9281480681834,607.8787146508283,613.3456066682451,7069698,ICICIBANK.NS
2021-07-12,619.819580078125,623.6559875370225,616.1270613145091,619.5798046119439,6992783,ICICIBANK.NS
2021-07-13,637.7547607421875,639.09746815383,626.2934823963672,628.3555747049742,19825411,ICICIBANK.NS
2021-07-14,637.1793212890625,640.6800666255692,631.2808797511246,634.9254552486929,11648541,ICICIBANK.NS
2021-07-15,640.1525268554688,642.2145606624689,634.0621951238438,637.8986024361379,8244429,ICICIBANK.NS
2021-07-16,633.294921875,640.4402421625099,630.8012805513392,640.1525233234613,9212875,ICICIBANK.NS
2021-07-19,629.0748901367188,630.0339919307744,619.1481514448853,619.2440967476476,9121737,ICICIBANK.NS
2021-07-20,615.6475219726562,624.6151011610847,612.9619898697231,622.1214596814276,13169127,ICICIBANK.NS
2021-07-22,629.1229248046875,633.2949947986282,621.7857715999655,625.8140114272848,13123569,ICICIBANK.NS
2021-07-23,648.9763793945312,650.1272549415291,624.1356146505657,629.1229566636674,19298083,ICICIBANK.NS
2021-07-26,649.0722045898438,659.6223253884965,636.4599913104262,652.1892857349003,31054759,ICICIBANK.NS
2021-07-27,649.7435913085938,657.5602366395053,645.7632950236668,652.3331781362008,12598869,ICICIBANK.NS
2021-07-28,657.03271484375,658.9029751710174,642.646187001588,650.1751716956785,18367497,ICICIBANK.NS
2021-07-29,661.313232421875,666.122783203125,657.0808042502404,666.122783203125,11043138,ICICIBANK.NS
2021-07-30,656.5036010742188,661.4574612551011,652.1750059023008,660.8321962461366,14536250,ICICIBANK.NS
2021-08-02,655.445556640625,661.8422234917526,651.886477577339,657.9945831444882,9348206,ICICIBANK.NS
2021-08-03,664.1028442382812,665.5457095788537,650.8765786163672,656.9846850739874,10162609,ICICIBANK.NS
2021-08-04,687.4290771484375,690.0743299261285,666.7960937403815,667.5656100790976,28730606,ICICIBANK.NS
2021-08-05,675.6937866210938,689.208612286743,672.4232686753058,688.2467021509624,17774554,ICICIBANK.NS
2021-08-06,671.0765991210938,679.1085249046,669.2008626997581,678.1946985751973,14701949,ICICIBANK.NS
2021-08-09,676.0784912109375,679.3970928024713,667.9022553499315,670.8361281271473,8602980,ICICIBANK.NS
2021-08-10,674.2028198242188,681.3209194145638,670.7399082007802,677.2808852090524,10843554,ICICIBANK.NS
2021-08-11,667.1328125,680.214826544879,663.7180430063108,679.3490838742131,9748084,ICICIBANK.NS
2021-08-12,674.6356201171875,676.1747114919038,666.89225561203,667.0846493726611,8840339,ICICIBANK.NS
2021-08-13,677.9542236328125,682.8600003465434,674.2989770116207,680.1185213478998,12787590,ICICIBANK.NS
2021-08-16,675.8861694335938,680.4552425044824,672.0385289528454,675.645691903547,7920846,ICICIBANK.NS
2021-08-17,674.4913940429688,676.1266530039627,665.1608540517307,673.144696378542,8669653,ICICIBANK.NS
2021-08-18,662.082763671875,674.1547246618211,657.5617740939139,674.1547246618211,11069373,ICICIBANK.NS
2021-08-20,654.7722778320312,658.3313572757779,649.6260230912382,657.8022597032034,13121808,ICICIBANK.NS
2021-08-23,656.696044921875,663.669893230874,648.1831052081379,663.669893230874,10917371,ICICIBANK.NS
2021-08-24,667.9984741210938,670.6918106325534,654.483649091002,657.2250693649223,9821388,ICICIBANK.NS
2021-08-25,664.72802734375,673.7700066449852,660.9766128160503,673.2890515483309,9535359,ICICIBANK.NS
2021-08-26,672.1828002929688,674.8280532023797,663.7180027249211,665.6899067880511,10756731,ICICIBANK.NS
2021-08-27,673.0966186523438,673.7699674905975,662.8041684399942,669.5856231666646,9135827,ICICIBANK.NS
2021-08-30,686.4671630859375,687.7657182306314,674.2028093692373,677.6656622286431,10797869,ICICIBANK.NS
2021-08-31,691.6614990234375,692.4791578977184,682.3309585915356,686.803864385746,19760246,ICICIBANK.NS
2021-09-01,692.4791259765625,706.8115516854041,689.8819568838502,699.8857870082829,13729351,ICICIBANK.NS
2021-09-02,697.5291748046875,700.3186790376726,690.1705386092486,694.7876956272153,8627956,ICICIBANK.NS
2021-09-03,696.7114868164062,703.9258127023493,693.633362696337,697.1443581116297,8993813,ICICIBANK.NS
2021-09-06,693.6814575195312,700.2705178919373,692.5752374755424,697.7695752407411,5329995,ICICIBANK.NS
2021-09-07,689.593505859375,694.9320961917692,684.543476870018,693.4411469941232,6242711,ICICIBANK.NS
2021-09-08,693.4891967773438,695.2206234610518,687.7658191278479,689.2086844826615,7118011,ICICIBANK.NS
2021-09-09,692.8157958984375,696.3267914825784,690.266710478682,693.344834746782,6243422,ICICIBANK.NS
2021-09-13,680.4552612304688,690.5553177703846,678.3390471657525,690.5553177703846,6967906,ICICIBANK.NS
2021-09-14,680.5032958984375,686.8037951624129,679.5894695829758,686.0823626044692,5241865,ICICIBANK.NS
2021-09-15,687.1404418945312,688.727617010042,679.3970774956327,680.1665938172648,5936741,ICICIBANK.NS
2021-09-16,699.5010375976562,701.6172515631584,685.6975924140474,692.5752731243462,13557169,ICICIBANK.NS
2021-09-17,692.7196044921875,706.4268238622698,686.8038337009652,704.983958665419,17075003,ICICIBANK.NS
2021-09-20,682.9562377929688,692.9601272954802,679.5895521137077,682.9562377929688,7943459,ICICIBANK.NS
2021-09-21,684.7357177734375,687.2848031587205,667.9504326001814,684.0624276357428,10009615,ICICIBANK.NS
2021-09-22,676.5595092773438,687.7657864853312,675.5014315515018,687.7657864853312,9740470,ICICIBANK.NS
2021-09-23,689.6895141601562,692.5752443449268,680.2147235376254,683.9180537906152,10412491,ICICIBANK.NS
2021-09-24,695.4130249023438,697.0001415838975,689.2567758365958,695.0763210896441,11780868,ICICIBANK.NS
2021-09-27,702.1944580078125,703.8778008865983,694.7877375990867,696.9039518173427,7712240,ICICIBANK.NS
2021-09-28,689.8339233398438,707.3887844879531,679.6857237626651,706.1382542598163,13491800,ICICIBANK.NS
2021-09-29,682.4752807617188,684.8319724725902,674.5876054505937,680.407150366184,11453404,ICICIBANK.NS
2021-09-30,674.1546630859375,686.7076367285839,672.1827591435228,682.5713763733572,18487517,ICICIBANK.NS
2021-10-01,665.9784545898438,668.3832299132855,661.6980014823853,666.6037196580726,10935810,ICICIBANK.NS
2021-10-04,673.5294189453125,676.5594003324971,667.6136487398155,670.4993788477985,8976533,ICICIBANK.NS
2021-10-05,670.547607421875,672.3752603691038,665.4975786422788,666.6037989067081,7497208,ICICIBANK.NS
2021-10-06,663.237060546875,678.1466681443754,662.1308403700223,670.0665992525628,13200810,ICICIBANK.NS
2021-10-07,675.4532470703125,678.0984997008346,667.0365341550146,670.9803418654793,10041549,ICICIBANK.NS
2021-10-08,676.6076049804688,682.9561883173127,671.7018281198759,679.1085478197504,9383924,ICICIBANK.NS
2021-10-11,686.1304931640625,691.998180261745,673.625661306808,675.2609202917469,9337637,ICICIBANK.NS
2021-10-12,681.6094360351562,685.8418637274239,677.5694608047454,679.5894484199508,7376091,ICICIBANK.NS
2021-10-13,682.9081420898438,688.6315193866254,680.984321735318,686.6595565549661,6357766,ICICIBANK.NS
2021-10-14,699.5972290039062,702.0020043398955,682.0423690511852,683.1966729545271,8950350,ICICIBANK.NS
2021-10-18,717.0558471679688,720.3744485300217,704.1662292178003,710.8515157015793,15345601,ICICIBANK.NS
2021-10-19,718.9797973632812,726.2422076981952,710.6111668040288,726.2422076981952,11349799,ICICIBANK.NS
2021-10-20,717.4406127929688,728.5988049955231,713.6411149287688,718.3063553528533,12762996,ICICIBANK.NS
2021-10-21,726.72314453125,730.9074303505043,709.3125936725454,720.3745607964493,12166996,ICICIBANK.NS
2021-10-22,730.3782958984375,736.6787950414567,724.654919306561,729.6087795934703,13248928,ICICIBANK.NS
2021-10-25,809.6397094726562,833.9760222554611,767.9890156049629,769.5280482172651,96124084,ICICIBANK.NS
2021-10-26,797.8082885742188,809.6397714796174,791.0267751616714,797.1349397383935,16925115,ICICIBANK.NS
2021-10-27,803.1949462890625,816.6616879034899,792.8063287857138,797.183008068336,22898400,ICICIBANK.NS
2021-10-28,768.2776489257812,800.2611614290471,765.9209573150523,798.4815924244681,18750423,ICICIBANK.NS
2021-10-29,771.5,777.9448095460341,754.0413665482897,767.6042757560868,15701200,ICICIBANK.NS
2021-11-01,773.2796020507812,778.8586692435149,762.7947578098651,776.9348489211696,11406421,ICICIBANK.NS
2021-11-02,770.44189453125,779.1471690607887,767.6042480376659,778.1852589755284,9452457,ICICIBANK.NS
2021-11-03,756.0133056640625,775.2995927236186,750.7227997583802,775.2995927236186,11839149,ICICIBANK.NS
2021-11-04,752.3098754882812,758.9470787485428,749.3279776237197,758.4661236923016,3149310,ICICIBANK.NS
2021-11-08,750.4342041015625,762.7947256676549,743.7008332570813,762.7947256676549,13967995,ICICIBANK.NS
2021-11-09,756.5904541015625,758.5623582643697,749.5204376340731,754.1375948400054,10084357,ICICIBANK.NS
2021-11-10,751.1556396484375,754.4260988452852,743.6526937096465,752.7427561275397,9507347,ICICIBANK.NS
2021-11-11,742.0655517578125,747.4041410230534,736.9192975425867,747.115579737698,9221059,ICICIBANK.NS
2021-11-12,747.0194091796875,750.1937596861887,741.8251295251473,743.267994769798,15380106,ICICIBANK.NS
2021-11-15,743.8450927734375,754.6665817502892,742.161750043705,747.4041720012247,10934583,ICICIBANK.NS
2021-11-16,734.9474487304688,746.2018093862573,732.975544637226,743.8451177434534,12785837,ICICIBANK.NS
2021-11-17,732.3021850585938,742.5465516347117,727.4926343111837,731.9174562250028,11657214,ICICIBANK.NS
2021-11-18,733.84130859375,738.2660719906005,727.5888923488785,735.7651289767874,20644385,ICICIBANK.NS
2021-11-22,723.3563842773438,741.1036370964275,712.0539407730103,739.0355069285229,20403786,ICICIBANK.NS
2021-11-23,723.2120971679688,729.0797841012621,703.3486885004858,712.7273121306753,24913042,ICICIBANK.NS
2021-11-24,731.244140625,742.835146711187,718.2583530165816,721.6731224604313,23186419,ICICIBANK.NS
2021-11-25,722.442626953125,726.1941001289069,716.9116434333895,726.1460163621073,17749726,ICICIBANK.NS
2021-11-26,694.6915283203125,713.7854214854136,691.2286165229643,710.8516072435933,18987552,ICICIBANK.NS
2021-11-29,691.0363159179688,700.030152865704,683.4372018015565,699.0682426590869,15878074,ICICIBANK.NS
2021-11-30,687.1404418945312,704.4067395658299,684.0142341357566,689.4490495697592,23965914,ICICIBANK.NS
2021-12-01,699.9819946289062,704.8396289134694,687.7657245624437,689.1124221925735,15214913,ICICIBANK.NS
2021-12-02,694.8839111328125,699.4048418388916,687.958146357702,697.000066480196,21924640,ICICIBANK.NS
2021-12-03,689.0162353515625,701.713461196151,687.8619314183568,693.0562697626139,20130259,ICICIBANK.NS
2021-12-06,682.5233154296875,699.1162650367804,680.5514114213463,691.613377826075,20129080,ICICIBANK.NS
2021-12-07,706.6673583984375,712.7273809719758,684.880068684384,689.6896197285159,30513303,ICICIBANK.NS
2021-12-08,724.703125,729.8974045444193,715.7573137045512,719.4126192151085,33432411,ICICIBANK.NS
2021-12-09,726.2421264648438,733.9374072750672,719.8935432805426,730.1378506329528,16007459,ICICIBANK.NS
2021-12-10,729.1278076171875,730.8592339407033,722.4425211219034,727.6849425625361,7627774,ICICIBANK.NS
2021-12-13,725.2802734375,740.3822749580407,723.8374081720408,733.9374650302553,16855546,ICICIBANK.NS
2021-12-14,729.753173828125,735.2360148279045,717.873548004482,722.4426213111899,17488089,ICICIBANK.NS
2021-12-15,723.596923828125,730.5707725456443,722.2983685855495,728.7431197424353,7358740,ICICIBANK.NS
2021-12-16,712.9197998046875,729.0317963686343,710.803585528847,729.0317963686343,14123215,ICICIBANK.NS
2021-12-17,700.5592041015625,713.7373859068707,698.3949060984756,713.7373859068707,13227787,ICICIBANK.NS
2021-12-20,682.9081420898438,692.7677214067882,671.605697507005,690.7476748083334,16900016,ICICIBANK.NS
2021-12-21,692.9119262695312,701.18438846579,688.8719507640491,692.5752812141857,14563335,ICICIBANK.NS
2021-12-22,704.8876953125,706.9558254698961,692.6233417850086,698.5871960267178,9843359,ICICIBANK.NS
2021-12-23,703.4448852539062,711.3325602742,700.2225097158387,710.8996889619862,9994049,ICICIBANK.NS
2021-12-24,699.4048461914062,705.945882176033,692.1905200704235,705.945882176033,8800690,ICICIBANK.NS
2021-12-27,707.9658813476562,710.6111343010613,688.8238455825182,696.4229593691618,7955163,ICICIBANK.NS
2021-12-28,707.7734985351562,714.1702247147841,704.5992066839718,712.1983205883165,17833655,ICICIBANK.NS
2021-12-29,707.6773071289062,716.5749759916604,704.0220603111393,709.889688725686,7143073,ICICIBANK.NS
2021-12-30,707.6773071289062,712.2944640939979,701.232497399763,705.3686992911923,14326182,ICICIBANK.NS
2021-12-31,711.9578247070312,717.8254531683938,708.4949129228311,708.4949129228311,6973055,ICICIBANK.NS
2022-01-03,735.5726928710938,736.8231643060474,714.6992311741425,714.747314938884,9653095,ICICIBANK.NS
2022-01-04,743.4122314453125,748.3660921719735,734.5145626116483,738.6989069650325,12114437,ICICIBANK.NS
2022-01-05,758.0332641601562,765.5361514118554,741.8251019975007,743.5565284847644,19741360,ICICIBANK.NS
2022-01-06,755.1474609375,762.3137024374956,744.5183667969989,745.5283605912855,13018067,ICICIBANK.NS
2022-01-07,763.0352172851562,771.7404922956018,756.301846316362,762.0252233819042,12250210,ICICIBANK.NS
2022-01-10,779.8685913085938,781.8404952152263,768.5661479562953,769.7685355469653,10905080,ICICIBANK.NS
2022-01-11,779.7725219726562,783.6682465149016,771.3558077781524,778.9067793142289,9982061,ICICIBANK.NS
2022-01-12,792.37353515625,794.0087942546344,781.1191739618869,787.4196740926849,13034848,ICICIBANK.NS
2022-01-13,793.2872924804688,796.4615841535064,786.265360304274,789.7282132729815,9372244,ICICIBANK.NS
2022-01-14,788.7662963867188,790.6901166218083,780.6862279152089,789.7282065042635,7552844,ICICIBANK.NS
2022-01-17,788.0928955078125,797.3272672525007,783.523822751268,788.7662442876851,6722700,ICICIBANK.NS
2022-01-18,791.7481079101562,804.1567705571914,787.0347840744747,789.7281203677682,10835146,ICICIBANK.NS
2022-01-19,777.8004760742188,789.7281846863799,772.6542805716622,784.9186342315298,16416144,ICICIBANK.NS
2022-01-20,779.3876342773438,781.9848032086095,765.1032932208796,772.4137862693083,13567654,ICICIBANK.NS
2022-01-21,773.856689453125,780.4457502732224,765.1994983964711,772.413824277016,12078277,ICICIBANK.NS
2022-01-24,768.0372314453125,785.5920930641793,753.4642680419524,782.0330134870532,29612316,ICICIBANK.NS
2022-01-25,771.1152954101562,773.6643220820446,756.1094618404804,758.9471085257047,19513184,ICICIBANK.NS
2022-01-27,764.3818969726562,770.9709577814772,751.2998841721226,756.9270935755179,23984679,ICICIBANK.NS
2022-01-28,751.3961791992188,775.1553142653355,748.8470936749562,773.1353263214464,14072314,ICICIBANK.NS
2022-01-31,758.7546997070312,768.2776334895249,754.1375428195905,758.8990097108374,14824509,ICICIBANK.NS
2022-02-01,779.435791015625,781.8886501819028,759.2356776527822,771.5000321945082,20031583,ICICIBANK.NS
2022-02-02,782.75439453125,787.5158615764568,778.0410112520883,783.956782234063,11214375,ICICIBANK.NS
2022-02-03,778.1371459960938,787.2272077025588,775.2994996090566,783.0428637625897,9755335,ICICIBANK.NS
2022-02-04,774.3858032226562,781.071090927714,765.4881337755118,778.9548767225414,10314067,ICICIBANK.NS
2022-02-07,756.4461669921875,774.3376723346677,751.684699997876,767.6523850364191,14659368,ICICIBANK.NS
2022-02-08,762.3137817382812,765.3919059113421,744.8070055449376,759.9090064015675,14642455,ICICIBANK.NS
2022-02-09,772.2214965820312,773.616278113673,763.9490923486941,766.88290671573,8855292,ICICIBANK.NS
2022-02-10,774.8187255859375,777.9930177475728,765.9691393244515,775.2515969512386,13159771,ICICIBANK.NS
2022-02-11,760.678466796875,767.0271084448705,757.8889628377385,766.498010941456,13138408,ICICIBANK.NS
2022-02-14,724.9916381835938,744.4703172806362,722.5387792245511,742.5945808847806,16170656,ICICIBANK.NS
2022-02-15,746.4903564453125,748.3660929705321,714.8916316594186,724.2702555751805,18880659,ICICIBANK.NS
2022-02-16,734.9474487304688,747.9332359386085,731.4365118596554,746.1537256201465,10549784,ICICIBANK.NS
2022-02-17,721.769287109375,738.0255927938574,717.8735625844956,737.3041601518302,16683808,ICICIBANK.NS
2022-02-18,720.37451171875,727.9735664338679,717.1520775933826,718.4025490062162,8945567,ICICIBANK.NS
2022-02-21,725.713134765625,733.8412873911825,711.8135211577078,717.8254596809992,10967164,ICICIBANK.NS
2022-02-22,722.68310546875,730.8112582203097,709.6492342902711,710.2744993905211,13156371,ICICIBANK.NS
2022-02-23,716.23828125,727.588868099901,714.4106871732275,725.857382844603,11624282,ICICIBANK.NS
2022-02-24,680.4552612304688,699.4048441513754,675.5494842563079,685.7457670370914,28023104,ICICIBANK.NS
2022-02-25,702.2424926757812,711.1401615558102,692.8157849557639,697.336774399035,16935750,ICICIBANK.NS
2022-02-28,714.4107055664062,716.382609702001,688.1505692791155,695.412979427951,20547432,ICICIBANK.NS
2022-03-02,687.6214599609375,697.3367878818245,680.7919212537596,689.6895903058222,25252492,ICICIBANK.NS
2022-03-03,671.7018432617188,694.4510417005139,667.0366025373921,690.2666973388883,23190595,ICICIBANK.NS
2022-03-04,661.8422241210938,679.6375607441131,658.9084100955814,664.6798706219661,18697223,ICICIBANK.NS
2022-03-07,628.8487548828125,641.5940642551984,617.690620727726,638.2273787606059,27799873,ICICIBANK.NS
2022-03-08,639.6702270507812,643.950738808451,618.5082045017328,618.7967657944257,26716975,ICICIBANK.NS
2022-03-09,642.0269775390625,648.8084327366437,632.9369143672521,639.3817244774972,33728639,ICICIBANK.NS
2022-03-10,650.828369140625,674.2989997486787,647.9907812312059,667.5175450881378,35959638,ICICIBANK.NS
2022-03-11,652.0789184570312,658.6198957779757,645.0569273475875,648.9527104489741,20546724,ICICIBANK.NS
2022-03-14,669.6337890625,671.8461707138538,651.4536633454682,652.271263506728,24648981,ICICIBANK.NS
2022-03-15,670.7880249023438,681.1285590962989,661.7941884131315,674.779975540424,27714580,ICICIBANK.NS
2022-03-16,681.0323486328125,684.3028664465384,674.5394554784743,679.9742710103129,14621688,ICICIBANK.NS
2022-03-17,692.6714477539062,697.3848307840285,688.9200335455442,690.4590662396927,18329844,ICICIBANK.NS
2022-03-21,683.6776733398438,695.3649057315828,678.6276447995212,693.5372528709495,12866839,ICICIBANK.NS
2022-03-22,690.8438720703125,693.5372087115915,672.8561407680419,681.657642004896,11761758,ICICIBANK.NS
2022-03-23,690.9400634765625,699.1162999228361,687.0443390295231,697.384873358634,7140403,ICICIBANK.NS
2022-03-24,677.377197265625,685.5534342394253,671.4133420838435,675.6938543592543,17727969,ICICIBANK.NS
2022-03-25,672.6156616210938,679.2047225589896,670.1147187552602,678.1466448950605,15263007,ICICIBANK.NS
2022-03-28,683.2929077148438,686.2267808816904,669.15287431622,675.2609807864912,13806166,ICICIBANK.NS
2022-03-29,688.0542602539062,689.6414353510589,678.9641983645424,687.0923501854091,11489374,ICICIBANK.NS
2022-03-30,703.0601806640625,703.8777808406234,691.7095934649486,693.5853300756726,20154520,ICICIBANK.NS
2022-03-31,702.4829711914062,711.7173438627146,700.0781958150764,711.7173438627146,16046383,ICICIBANK.NS
2022-04-01,708.2064208984375,710.17832516702,695.5572776386613,697.3849305960845,12658848,ICICIBANK.NS
2022-04-04,718.1620483398438,721.2401723640381,697.3848139196131,713.7372854184179,17192197,ICICIBANK.NS
2022-04-05,713.544921875,726.6750186186015,709.8896751272518,718.3544725194936,12290391,ICICIBANK.NS
2022-04-06,713.3526000976562,716.5269508116409,704.21445295091,704.4068467381728,13518142,ICICIBANK.NS
2022-04-07,720.0377807617188,728.9354490279135,709.0238985712276,709.0238985712276,15087175,ICICIBANK.NS
2022-04-08,725.5687866210938,727.2040455555474,715.2763366681216,721.2882748754262,15480705,ICICIBANK.NS
2022-04-11,730.6668090820312,736.2940177817819,723.0196715862314,723.6448778570968,13216391,ICICIBANK.NS
2022-04-12,734.7550659179688,739.6127592847214,721.6731109824291,728.1660046833707,14020000,ICICIBANK.NS
2022-04-13,733.2160034179688,743.1236661071316,731.7250544446566,740.2860194551491,16119956,ICICIBANK.NS
2022-04-18,728.9354858398438,733.8412627362319,720.6630821938585,722.3945086883281,17651530,ICICIBANK.NS
2022-04-19,737.1116943359375,748.2698866683684,728.165942191112,732.7830989067962,31088359,ICICIBANK.NS
2022-04-20,726.7711791992188,740.670792170988,725.0878364897393,737.5926680458729,15984202,ICICIBANK.NS
2022-04-21,733.3121948242188,735.0917638654281,722.5869316518666,730.1379030043821,8953098,ICICIBANK.NS
2022-04-22,719.1721801757812,729.9455273825204,717.488837335936,728.1660170073909,14411607,ICICIBANK.NS
2022-04-25,723.548828125,733.1679296456452,715.6611531360037,719.1721486751737,35417460,ICICIBANK.NS
2022-04-26,725.0398559570312,739.276116013522,723.0198679021836,738.7470771144278,18727514,ICICIBANK.NS
2022-04-27,708.63916015625,721.4325523423887,704.6472098824895,720.4706422725989,21441480,ICICIBANK.NS
2022-04-28,718.691162109375,723.2602351314856,706.6672857353999,710.947738756268,18649559,ICICIBANK.NS
2022-04-29,714.98779296875,731.0036202312174,711.909668788805,721.5287701571733,19560317,ICICIBANK.NS
2022-05-02,712.7754516601562,715.4687884533765,703.2525172833952,704.1182599395875,10903446,ICICIBANK.NS
2022-05-04,696.6634521484375,718.546908877988,693.6815540562385,717.7773924713242,12212165,ICICIBANK.NS
2022-05-05,701.0401611328125,714.6992980873166,698.8277793545566,702.9639815852682,9121547,ICICIBANK.NS
2022-05-06,691.8538208007812,695.460983578679,683.2447138954657,688.968090578463,12455025,ICICIBANK.NS
2022-05-09,683.2929077148438,692.5753649092218,677.617672589709,678.4352728002569,13055889,ICICIBANK.NS
2022-05-10,684.2067260742188,692.5753567098644,678.1467034450756,678.1467034450756,12797419,ICICIBANK.NS
2022-05-11,686.9962158203125,692.3828889797495,680.2147612521699,690.6514625149543,13516852,ICICIBANK.NS
2022-05-12,669.2970581054688,683.6295425564442,666.8922827754618,680.5995021565014,16685166,ICICIBANK.NS
2022-05-13,651.5498046875,675.6457004720367,649.289339360527,675.6457004720367,15717043,ICICIBANK.NS
2022-05-16,656.9846801757812,664.6318781658691,650.0108310816752,650.9246575326262,9025623,ICICIBANK.NS
2022-05-17,682.9562377929688,684.880058181118,659.0527929543505,659.9665606704501,12765052,ICICIBANK.NS
2022-05-18,680.4071044921875,689.6895606969994,679.2047168340687,685.2166551246631,11835013,ICICIBANK.NS
2022-05-19,664.006591796875,672.0866608694896,659.4856021660154,666.6999285843003,16661023,ICICIBANK.NS
2022-05-20,682.5233154296875,684.7838394429415,667.2770634777389,668.3351411279704,11695528,ICICIBANK.NS
2022-05-23,683.9662475585938,698.2987332656113,680.5033942640471,682.5233822341426,17438451,ICICIBANK.NS
2022-05-24,681.1766967773438,690.0262231964891,679.1566502344494,683.966200988479,13779981,ICICIBANK.NS
2022-05-25,686.1785888671875,693.3929150641945,684.4952460878859,684.9281174017736,10457589,ICICIBANK.NS
2022-05-26,700.7515258789062,705.0801214402721,688.198610493012,695.4610201927924,14028733,ICICIBANK.NS
2022-05-27,711.62109375,712.967791399704,703.3967739809054,705.6091555108469,8110620,ICICIBANK.NS
2022-05-30,719.98974609375,723.3083478478726,715.949711728311,720.2302236308554,7628515,ICICIBANK.NS
2022-05-31,724.1739501953125,727.8773390758449,712.2943846843708,712.7753397044143,20272212,ICICIBANK.NS
2022-06-01,723.9817504882812,726.8193386686997,715.8535973880984,719.5088444816322,10102092,ICICIBANK.NS
2022-06-02,721.192138671875,723.11595898177,714.8916388990363,722.4426101312393,10949759,ICICIBANK.NS
2022-06-03,715.9496459960938,728.1659155015277,712.9677482938922,727.3483154345685,8563791,ICICIBANK.NS
2022-06-06,718.306396484375,722.346430811289,711.4287155046086,712.0058968143595,9107831,ICICIBANK.NS
2022-06-07,707.2444458007812,714.6511657817688,704.4548828500401,712.7754292259489,9938912,ICICIBANK.NS
2022-06-08,701.7135009765625,712.7754684354117,698.779686566501,708.5430400104985,9369224,ICICIBANK.NS
2022-06-09,704.8396606445312,706.1382158596396,694.6434365642413,697.3848570007303,7444368,ICICIBANK.NS
2022-06-10,692.5753173828125,700.559159993908,690.6514970567491,697.144390657213,7990818,ICICIBANK.NS
2022-06-13,661.7941284179688,675.5494306822643,656.1188355186239,675.5013469208119,16622521,ICICIBANK.NS
2022-06-14,659.3894653320312,668.1909674562671,654.7242241817981,656.4075670911068,13348598,ICICIBANK.NS
2022-06-15,661.07275390625,669.8261128310595,659.966533744062,661.3132314449573,9199591,ICICIBANK.NS
2022-06-16,652.6561279296875,673.3852828153043,650.5399135620544,673.3371990431558,13237239,ICICIBANK.NS
2022-06-17,660.68798828125,666.2671143326384,644.4317413514729,645.6822128521729,16335613,ICICIBANK.NS
2022-06-20,659.8223266601562,661.601837081696,651.7903411029278,659.8704104290523,10981042,ICICIBANK.NS
2022-06-21,669.5855712890625,681.0323245215084,662.3712458174364,664.2469821821254,13319648,ICICIBANK.NS
2022-06-22,660.4474487304688,672.2789898849275,659.0045835858111,667.8060844523557,6838249,ICICIBANK.NS
2022-06-23,672.5194702148438,679.1085309188036,660.8322390102239,663.9103630737355,14960412,ICICIBANK.NS
2022-06-24,686.2747802734375,688.0062067307631,679.6375770249666,683.8219212330318,10856736,ICICIBANK.NS
2022-06-27,690.0261840820312,701.0881501892466,688.8237964616818,701.0881501892466,8285225,ICICIBANK.NS
2022-06-28,683.2448120117188,689.9781834973959,680.0705200533961,683.9662446708984,8339931,ICICIBANK.NS
2022-06-29,675.9823608398438,679.7819176908649,674.250934304413,678.0985749210753,9570557,ICICIBANK.NS
2022-06-30,680.2628173828125,684.7838064813714,674.4913569277157,675.982305803216,11970404,ICICIBANK.NS
2022-07-01,677.088623046875,679.830043672348,667.6618559824033,676.6557517085529,9884899,ICICIBANK.NS
2022-07-04,692.6714477539062,693.6333578653325,678.002318554656,678.002318554656,8303732,ICICIBANK.NS
2022-07-05,692.0462646484375,704.2625352158726,690.7476507282008,695.5091176817302,11460367,ICICIBANK.NS
2022-07-06,698.2986450195312,704.0220218253087,694.4990884032364,695.4609984979778,12163533,ICICIBANK.NS
2022-07-07,713.7374267578125,715.6612473151112,705.0802342499684,707.9178813140528,10374018,ICICIBANK.NS
2022-07-08,726.9154663085938,728.6468927274638,716.1901453275482,722.6830384310603,9797700,ICICIBANK.NS
2022-07-11,740.1898193359375,742.1617232919068,726.2421229351953,726.2421229351953,12440573,ICICIBANK.NS
2022-07-12,730.9554443359375,738.2178532116258,728.8392305595595,736.1978069526762,10219829,ICICIBANK.NS
2022-07-13,724.5107421875,735.6207927617427,721.3364504106216,735.6207927617427,8674121,ICICIBANK.NS
2022-07-14,723.7412109375,730.5707494296004,720.2782992163064,721.432603123371,7044542,ICICIBANK.NS
2022-07-15,722.5868530273438,730.0897397970256,715.8534825680827,724.5587569197754,6358018,ICICIBANK.NS
2022-07-18,742.5946655273438,743.7008857282622,728.9836128758354,730.3303106238806,8045363,ICICIBANK.NS
2022-07-19,750.9152221679688,752.2137774556554,737.9294344497446,738.5546408544184,12825591,ICICIBANK.NS
2022-07-20,753.2717895507812,759.4761215508933,750.5784529637742,759.4280377870839,8152179,ICICIBANK.NS
2022-07-21,756.0614013671875,758.8990481398317,750.386107821899,755.0033236534806,8312338,ICICIBANK.NS
2022-07-22,769.5762329101562,773.2796223541096,759.0433046266951,759.0433046266951,12267898,ICICIBANK.NS
2022-07-25,770.3938598632812,786.6501061139277,766.738554338088,772.4138476869208,21034148,ICICIBANK.NS
2022-07-26,765.968994140625,772.2214097355484,761.4961474412256,771.0671058836498,7374145,ICICIBANK.NS
2022-07-27,770.0090942382812,773.1833860702128,764.3819432048724,764.718588281616,9536564,ICICIBANK.NS
2022-07-28,783.572021484375,784.4377641441448,774.6262684115555,776.2134437176873,11124518,ICICIBANK.NS
2022-07-29,787.4196166992188,792.0368323370208,777.2233927048,789.3915794534339,11095993,ICICIBANK.NS
2022-08-01,792.0368041992188,793.5758368835868,786.1691173306066,789.4396351728058,7974903,ICICIBANK.NS
2022-08-02,786.60205078125,790.6901690518954,781.2634610169454,788.7663486892387,11106772,ICICIBANK.NS
2022-08-03,793.383544921875,796.4616693959081,780.638234391083,786.6020895513332,11073975,ICICIBANK.NS
2022-08-04,789.0067749023438,798.3373147962578,777.560021005119,792.6139378476455,11113742,ICICIBANK.NS
2022-08-05,806.2731323242188,808.8703015771094,791.7482532411908,791.7482532411908,16056522,ICICIBANK.NS
2022-08-08,809.9019165039062,815.0789944859878,804.2893695647675,809.5631921761261,12142951,ICICIBANK.NS
2022-08-10,821.320556640625,825.4332074397091,814.9338754953446,814.9338754953446,23658553,ICICIBANK.NS
2022-08-11,831.9166259765625,838.4968549181506,830.3682985968268,832.2552912138466,22787391,ICICIBANK.NS
2022-08-12,846.1416015625,848.899473062235,830.7554261885765,836.0293076257171,10792853,ICICIBANK.NS
2022-08-16,850.8348999023438,855.9152333962162,848.0770282021615,852.9638133694502,13804836,ICICIBANK.NS
2022-08-17,854.70556640625,856.8828520268717,850.0123299157488,853.3024149715411,9058040,ICICIBANK.NS
2022-08-18,856.4957885742188,858.9634262899489,846.7705909046541,852.0928448500796,13137856,ICICIBANK.NS
2022-08-19,842.2708740234375,858.237635318903,836.3679753190374,856.3990149386066,10787199,ICICIBANK.NS
2022-08-22,824.7073974609375,839.3678107269875,822.1430152518094,837.577562692972,13848023,ICICIBANK.NS
2022-08-23,835.98095703125,839.9484317589669,815.5628203147241,818.0303989411165,13254855,ICICIBANK.NS
2022-08-24,845.0771484375,847.0608858274338,829.3523071984492,829.3523071984492,10494109,ICICIBANK.NS
2022-08-25,844.1578369140625,852.9637834319626,838.6904660215745,845.0771471360761,9827829,ICICIBANK.NS
2022-08-26,842.7063598632812,849.141472711744,839.2710984813665,845.8997596603579,5976725,ICICIBANK.NS
2022-08-29,828.1911010742188,833.1746899177208,819.6271339840993,822.578553999964,7755134,ICICIBANK.NS
2022-08-30,858.6246948242188,861.9632113565701,831.3360357366329,832.6908149001724,12544701,ICICIBANK.NS
2022-09-01,846.0932006835938,857.076432891248,835.1100275385942,835.1100275385942,15877583,ICICIBANK.NS
2022-09-02,844.206298828125,852.8186382751104,838.9807893180364,845.8513119492113,8401284,ICICIBANK.NS
2022-09-05,853.9314575195312,857.2699740492576,843.3836943531853,843.3836943531853,8744999,ICICIBANK.NS
2022-09-06,855.0927124023438,861.1891006795504,849.7220269779261,853.9798538402657,9879326,ICICIBANK.NS
2022-09-07,847.8834838867188,854.1250483069637,844.303046547282,850.1575143125283,8814960,ICICIBANK.NS
2022-09-08,869.7530517578125,871.6884168302877,856.8828858383836,856.8828858383836,12163106,ICICIBANK.NS
2022-09-09,872.1239013671875,882.4781165024692,868.688640114694,880.7362997186498,9936230,ICICIBANK.NS
2022-09-12,877.881591796875,879.5266638893588,873.623765094288,875.8010507589318,6016978,ICICIBANK.NS
2022-09-13,880.5911254882812,884.4134833949648,876.0430056649864,884.4134833949648,10400475,ICICIBANK.NS
2022-09-14,888.4292602539062,892.4451661664057,869.0272383644723,869.2207866727828,14712947,ICICIBANK.NS
2022-09-15,887.9454345703125,906.3798333664477,886.155245578044,890.2678961854223,16253099,ICICIBANK.NS
2022-09-16,879.7201538085938,887.9454552145844,875.9462274246139,885.3327596651574,11966860,ICICIBANK.NS
2022-09-19,870.14013671875,883.0103024654416,866.4145235666459,875.7043112274364,11235656,ICICIBANK.NS
2022-09-20,887.1229248046875,892.6870991353413,878.0266857521228,879.8169338004462,12090663,ICICIBANK.NS
2022-09-21,885.67138671875,887.3648310528203,876.3816585683393,882.5264186697624,8917640,ICICIBANK.NS
2022-09-22,874.2044067382812,882.2361597916347,866.3661429375974,876.7203576495209,11125669,ICICIBANK.NS
2022-09-23,853.7379150390625,875.6559480442714,850.351026172373,872.559352125053,15927517,ICICIBANK.NS
2022-09-26,833.2230224609375,849.528508368895,831.4328334230806,841.8837928319115,14208640,ICICIBANK.NS
2022-09-27,824.9977416992188,846.577050634224,821.175383834994,836.9970288789647,12493809,ICICIBANK.NS
2022-09-28,822.0463256835938,835.3519607373306,816.724071662099,816.724071662099,11411458,ICICIBANK.NS
2022-09-29,816.6273803710938,833.7553153634176,813.9178218057762,830.2716815832371,13803629,ICICIBANK.NS
2022-09-30,834.1423950195312,839.0291803007915,810.4341714951942,816.6273637143701,13175031,ICICIBANK.NS
2022-10-03,820.9334716796875,833.1263073068725,818.3691483472479,831.9167041134606,8232026,ICICIBANK.NS
2022-10-04,839.6098022460938,844.4482150774257,832.3037516206572,837.0454198204252,8975095,ICICIBANK.NS
2022-10-06,856.83447265625,862.8824882192667,844.8351861541638,844.8351861541638,12116698,ICICIBANK.NS
2022-10-07,854.0281982421875,855.9151909732008,844.5932936497752,848.851120372951,9705750,ICICIBANK.NS
2022-10-10,853.2540893554688,861.0439220785901,842.5612089793093,843.8191844830947,7357588,ICICIBANK.NS
2022-10-11,842.4644165039062,854.7056245622693,837.4808867374292,854.7056245622693,11130051,ICICIBANK.NS
2022-10-12,840.287109375,843.5288813192437,833.6585076058656,839.9000717968735,14557532,ICICIBANK.NS
2022-10-13,826.0137329101562,837.4808056192348,823.0139408776964,834.4809545241243,11563124,ICICIBANK.NS
2022-10-14,842.125732421875,855.2378190572801,840.4806602874627,855.2378190572801,8199540,ICICIBANK.NS
2022-10-17,856.5925903320312,858.8182483462003,840.480652526728,843.819169079309,8936947,ICICIBANK.NS
2022-10-18,867.9144897460938,871.5916715685945,862.3503151667695,867.0919241532964,8097552,ICICIBANK.NS
2022-10-19,863.2695922851562,871.5433254629044,856.9312832993331,870.9626804865298,5529462,ICICIBANK.NS
2022-10-20,859.93115234375,864.4308409240948,851.6574189961223,860.9472072449468,8107159,ICICIBANK.NS
2022-10-21,877.8333129882812,880.5911848321972,857.0765089618475,859.3021671769134,17022807,ICICIBANK.NS
2022-10-24,896.3643188476562,903.3316449004477,887.9454689948104,895.1063433668068,4390050,ICICIBANK.NS
2022-10-25,895.1546630859375,912.7664959710066,893.1225535103204,911.6052651866606,15838120,ICICIBANK.NS
2022-10-27,894.5257568359375,903.5251925773455,890.509850700247,896.1223975772693,16080842,ICICIBANK.NS
2022-10-28,878.5105590820312,897.5255443749835,871.8819573928411,888.3325603625174,9854094,ICICIBANK.NS
2022-10-31,879.3331298828125,887.4132554113622,875.3655960584165,883.1070563253497,9000840,ICICIBANK.NS
2022-11-01,879.236328125,891.2356151901904,870.4788129913081,891.2356151901904,9823761,ICICIBANK.NS
2022-11-02,875.46240234375,890.9936952377803,873.1883129460064,890.8485192322834,7690974,ICICIBANK.NS
2022-11-03,879.2847900390625,884.3166921482643,868.059636799892,871.9303670762977,9022366,ICICIBANK.NS
2022-11-04,876.04296875,883.8812325567034,871.1078115500653,877.0106512647051,7099336,ICICIBANK.NS
2022-11-07,887.8487548828125,890.3647059309873,874.2528266341956,880.8330562747467,11100219,ICICIBANK.NS
2022-11-09,881.0748901367188,892.1064939348253,876.4783983979495,890.2678736142573,11590409,ICICIBANK.NS
2022-11-10,881.2684936523438,883.4457793492138,874.7366365617335,878.2202700516638,10009741,ICICIBANK.NS
2022-11-11,877.2526245117188,898.0094275096842,874.3012044773703,895.9773177319772,17921457,ICICIBANK.NS
2022-11-14,866.027587890625,877.2526828559912,862.4471503208002,875.752786581009,12641308,ICICIBANK.NS
2022-11-15,882.2361450195312,884.1231377026921,869.7530171733775,871.446461544456,15176911,ICICIBANK.NS
2022-11-16,884.0747680664062,888.4293396104207,878.7525139570553,883.0587131853342,13008311,ICICIBANK.NS
2022-11-17,890.0744018554688,892.4936082418244,880.9297899025129,883.4941722971123,12584194,ICICIBANK.NS
2022-11-18,890.6066284179688,892.2033282812789,881.1233510578792,890.0744148177511,10874061,ICICIBANK.NS
2022-11-21,891.6227416992188,894.9128269925257,884.5102393874712,884.5102393874712,9245704,ICICIBANK.NS
2022-11-22,893.848388671875,896.5578880157866,890.6550480500273,893.8967609871374,11256509,ICICIBANK.NS
2022-11-23,897.4771728515625,901.7349405392831,893.8483633697614,897.0417039012154,10959704,ICICIBANK.NS
2022-11-24,908.5087890625,910.2506649996778,897.5739874507686,897.5739874507686,10844395,ICICIBANK.NS
2022-11-25,900.235107421875,912.4279435714485,897.5256079650782,909.9119333837626,9815055,ICICIBANK.NS
2022-11-28,907.1056518554688,913.2987847778865,894.0903096613513,894.1386819766326,9381474,ICICIBANK.NS
2022-11-29,916.1534423828125,919.201666001015,903.3800210752162,903.3800210752162,13096845,ICICIBANK.NS
2022-11-30,922.104736328125,927.2334420907079,910.5892902230893,917.411440468021,20858573,ICICIBANK.NS
2022-12-01,909.8151245117188,926.0721791673291,905.9927667141189,925.1044966394636,15920653,ICICIBANK.NS
2022-12-02,900.525390625,904.2993763342832,896.1708189893614,898.251360173674,14228874,ICICIBANK.NS
2022-12-05,903.428466796875,906.7186113167917,898.3965644431103,906.7186113167917,10984608,ICICIBANK.NS
2022-12-06,892.832275390625,899.7027974627792,890.4614414713092,895.1063056230931,18220912,ICICIBANK.NS
2022-12-07,892.3484497070312,903.041329623835,890.8969259428682,892.2032737055537,15675663,ICICIBANK.NS
2022-12-08,901.7833862304688,903.3800269902132,893.9451221877637,895.1063530529038,10136870,ICICIBANK.NS
2022-12-09,899.8480224609375,904.5896314951109,895.1547266788406,901.8801321809183,9575331,ICICIBANK.NS
2022-12-12,900.235107421875,903.7188002057496,895.1547737918839,895.1547737918839,8493863,ICICIBANK.NS
2022-12-13,902.7994384765625,905.6541137851639,897.8158497651402,899.4609218974406,10415140,ICICIBANK.NS
2022-12-14,891.9613037109375,905.7991510175465,890.2678594131407,905.7507787072823,12319827,ICICIBANK.NS
2022-12-15,879.4298706054688,890.1711821157284,875.752688807537,886.3971966272971,8929748,ICICIBANK.NS
2022-12-16,872.8496704101562,884.1715681914225,870.5756400158575,876.2365593751624,9157260,ICICIBANK.NS
2022-12-19,877.1558227539062,881.1716697316784,872.0271172648877,878.6557188314514,7015083,ICICIBANK.NS
2022-12-20,880.30078125,882.9619081225438,866.7532262625047,876.7203441907743,6384331,ICICIBANK.NS
2022-12-21,863.4147338867188,886.2520178769291,858.3344006248467,880.8330193559941,11341147,ICICIBANK.NS
2022-12-22,861.866455078125,874.6398170181222,857.7053730160692,871.3981042199335,9788367,ICICIBANK.NS
2022-12-23,850.4962158203125,860.8988032205845,847.0125232068142,854.5120629604986,11059215,ICICIBANK.NS
2022-12-26,864.3340454101562,868.0112272022727,846.9641322283046,852.6250513893447,6943159,ICICIBANK.NS
2022-12-27,871.5433349609375,873.5754447437527,859.495675087415,868.688659551625,4994381,ICICIBANK.NS
2022-12-28,869.898193359375,874.7366058492067,866.84996986572,867.0435181778438,8980300,ICICIBANK.NS
2022-12-29,878.7041625976562,893.5096943878732,860.6084863817653,868.8822197628393,11994220,ICICIBANK.NS
2022-12-30,862.0599365234375,879.139556373027,859.8342785729984,879.139556373027,9688527,ICICIBANK.NS
2023-01-02,873.2850952148438,877.6880388341714,865.1081661717191,865.1081661717191,4315403,ICICIBANK.NS
2023-01-03,872.2206420898438,876.6720172537239,867.7693259886192,869.4627704497066,5846855,ICICIBANK.NS
2023-01-04,870.0433349609375,878.5589884345696,865.8823119142538,869.9465903334593,12454582,ICICIBANK.NS
2023-01-05,850.7380981445312,873.8173022704675,843.8191446066974,871.7851926344346,16547196,ICICIBANK.NS
2023-01-06,841.9805297851562,850.5445554510902,832.6908012981177,850.5445554510902,14804613,ICICIBANK.NS
2023-01-09,845.12548828125,850.3509974095962,834.4326084620582,845.9964261568585,16811853,ICICIBANK.NS
2023-01-10,833.5133666992188,850.0124019391619,828.9168744439911,847.1093541990182,13470142,ICICIBANK.NS
2023-01-11,838.3033447265625,842.7062883246897,827.2233681992996,835.0132596375089,15558460,ICICIBANK.NS
2023-01-12,832.8359375,841.254727699147,827.3201356345016,837.52917383229,16659001,ICICIBANK.NS
2023-01-13,845.2222900390625,846.6254414742714,830.5618765632579,836.755068178072,11223103,ICICIBANK.NS
2023-01-16,837.2872924804688,849.0930309249112,833.2230141225258,848.8994826102181,8319812,ICICIBANK.NS
2023-01-17,837.1906127929688,839.9001122208812,830.3684033124389,838.9324296350084,12624859,ICICIBANK.NS
2023-01-18,841.3999633789062,843.8191697140958,830.9006315092457,836.5131783943544,11313898,ICICIBANK.NS
2023-01-19,838.1582641601562,842.416031941814,834.1423579533002,839.9484532522791,6694679,ICICIBANK.NS
2023-01-20,842.2224731445312,848.1737443770304,837.5776087756478,845.2706967636465,8127162,ICICIBANK.NS
2023-01-23,843.5288696289062,854.7539633041429,836.6582882575105,853.4959878330195,16882379,ICICIBANK.NS
2023-01-24,842.6095581054688,853.2056935599804,839.9484311634187,850.5929389316187,11504090,ICICIBANK.NS
2023-01-25,827.6588134765625,848.4639868002098,820.5947431838545,845.077098119616,14918485,ICICIBANK.NS
2023-01-27,790.7901611328125,815.7563581461058,786.8226273934423,812.030804097546,39718683,ICICIBANK.NS
2023-01-30,796.8865356445312,799.5476625091609,770.2752669982355,774.1459969831512,36301441,ICICIBANK.NS
2023-01-31,805.01513671875,811.2082695992232,787.7903400840028,799.3057860504701,27291226,ICICIBANK.NS
2023-02-01,820.5464477539062,846.915797809219,796.5479318096759,816.191876185139,39237711,ICICIBANK.NS
2023-02-02,830.1748657226562,832.7875613023073,799.402514032967,801.6282311010465,16798190,ICICIBANK.NS
2023-02-03,835.8842163085938,844.4482427381685,824.5623180998856,836.706781954458,14914366,ICICIBANK.NS
2023-02-06,826.110595703125,839.7548958836825,822.1914932310632,833.6585076979579,8463833,ICICIBANK.NS
2023-02-07,825.1912841796875,828.3362524278072,819.8206579069681,827.3685698899242,9337066,ICICIBANK.NS
2023-02-08,831.3359985351562,832.8843259474374,824.3687318991716,824.9493177646199,8082983,ICICIBANK.NS
2023-02-09,832.9811401367188,836.9486740907996,824.0784487262168,830.7554820497575,6299265,ICICIBANK.NS
2023-02-10,826.2556762695312,834.0455676189112,824.465487275508,827.9007483266255,8656405,ICICIBANK.NS
2023-02-13,823.1592407226562,831.5296599113982,821.9012060720385,825.8203679160006,9394365,ICICIBANK.NS
2023-02-14,837.335693359375,839.2710584470253,824.562271968352,826.3041477973615,13402934,ICICIBANK.NS
2023-02-15,842.657958984375,845.0287930620101,832.7875850885544,838.4001911703535,12070288,ICICIBANK.NS
2023-02-16,841.3516235351562,849.4317493814649,836.9002482690221,847.6415602493975,10715685,ICICIBANK.NS
2023-02-17,834.7713623046875,839.5129712878102,827.5137432933884,839.5129712878102,9990618,ICICIBANK.NS
2023-02-20,824.562255859375,838.5452801570017,822.7720668133345,834.7713537474057,9013430,ICICIBANK.NS
2023-02-21,826.5944213867188,831.6747546228045,819.4819194186063,826.7879697034813,11704445,ICICIBANK.NS
2023-02-22,812.1275634765625,826.4976254250806,807.7729920906293,823.7397538390513,13880984,ICICIBANK.NS
2023-02-23,812.6113891601562,817.1595087774535,806.6117457753803,809.5147933103377,11743574,ICICIBANK.NS
2023-02-24,812.5630493164062,818.2723409257021,808.5471431075151,816.6757001552671,8246139,ICICIBANK.NS
2023-02-27,828.7233276367188,830.5618889735571,806.6117467803197,806.6117467803197,14422574,ICICIBANK.NS
2023-02-28,827.223388671875,830.2716122720615,822.5301520177766,827.2718200485879,19600146,ICICIBANK.NS
2023-03-01,828.6265869140625,836.0777546418046,824.3203875920912,836.0777546418046,11015843,ICICIBANK.NS
2023-03-02,826.40087890625,833.9971631259353,823.5945759500078,825.4331963782566,12327141,ICICIBANK.NS
2023-03-03,840.480712890625,844.786912285828,822.3850364048458,829.0620699895568,12823098,ICICIBANK.NS
2023-03-06,839.7064819335938,848.5123689804957,837.3840203291142,843.5772118992917,13904231,ICICIBANK.NS
2023-03-08,843.9159545898438,845.4159098393197,833.6585428645134,838.6421317777392,16144568,ICICIBANK.NS
2023-03-09,828.2879028320312,841.6902827242536,826.5460860285978,839.1743316818115,10624440,ICICIBANK.NS
2023-03-10,815.417724609375,818.0304202449772,809.2245326625901,817.4014620248957,17273189,ICICIBANK.NS
2023-03-13,801.6282348632812,827.6588595926465,797.3220357740603,814.2564801205943,16413159,ICICIBANK.NS
2023-03-14,803.5151977539062,807.4827317254363,791.8062622910114,800.2734847719724,15456802,ICICIBANK.NS
2023-03-15,799.2090454101562,816.6757037068646,795.6286081458696,809.4180845479008,12914488,ICICIBANK.NS
2023-03-16,797.273681640625,804.4344971185735,784.1131634393323,802.886228653789,14987868,ICICIBANK.NS
2023-03-17,809.2244873046875,811.305028296212,792.193298999629,804.9182883848257,11104490,ICICIBANK.NS
2023-03-20,809.4181518554688,810.7244997876498,798.3381738722251,809.9503654921847,14838651,ICICIBANK.NS
2023-03-21,824.8526611328125,826.8847709413091,811.9340631533026,815.7564211861012,18755854,ICICIBANK.NS
2023-03-22,832.4005126953125,834.6745429845437,823.4978217289552,829.9329340902065,17431520,ICICIBANK.NS
2023-03-23,827.8040161132812,839.4162062490099,825.2396338332466,829.3039121932823,17920621,ICICIBANK.NS
2023-03-24,824.8526611328125,832.2070251720605,821.7076927237321,824.9494057664903,17295696,ICICIBANK.NS
2023-03-27,821.2720947265625,828.723261291582,816.7723477769475,827.3201099477393,17047675,ICICIBANK.NS
2023-03-28,827.1266479492188,831.1425541001529,820.7883391486262,827.9007821657716,24469018,ICICIBANK.NS
2023-03-29,823.4978637695312,834.2391166284191,820.5948160711663,829.352331482036,34881515,ICICIBANK.NS
2023-03-31,848.8994750976562,852.5282844810888,830.7554281804934,834.0939446257819,25739021,ICICIBANK.NS
2023-04-03,855.23779296875,858.4311334483423,840.7709275903899,851.7541595478591,26416933,ICICIBANK.NS
2023-04-05,856.011962890625,859.0601865581069,845.7545514523069,857.9473279969231,21068934,ICICIBANK.NS
2023-04-06,846.7222290039062,861.3342118450829,844.4965709573414,853.4960068359375,26042745,ICICIBANK.NS
2023-04-10,840.3839721679688,854.2701939584161,836.4648694207223,851.6090667881962,30906205,ICICIBANK.NS
2023-04-11,853.3992919921875,856.9796702925302,837.0454327447134,845.4642830137524,39504022,ICICIBANK.NS
2023-04-12,861.3826293945312,863.1728184534817,851.8509210177381,854.8991446182802,22686032,ICICIBANK.NS
2023-04-13,869.946533203125,872.5109153520875,857.8505024300003,862.3018181294501,34439635,ICICIBANK.NS
2023-04-17,872.1722412109375,887.6551614909503,864.2856641308982,887.6551614909503,29957514,ICICIBANK.NS
2023-04-18,867.8660888671875,878.6074008266793,865.2049618009515,878.6074008266793,26699379,ICICIBANK.NS
2023-04-19,863.0760498046875,867.9144623295201,858.5763025315322,866.9467798245536,24377956,ICICIBANK.NS
2023-04-20,865.495361328125,870.2369707415409,860.4633998777846,863.4148200643517,16999919,ICICIBANK.NS
2023-04-21,857.028076171875,871.5916867731976,853.8831078765245,865.6404154507798,29578071,ICICIBANK.NS
2023-04-24,875.5108032226562,877.204247716317,866.0758981865458,875.7527238646078,30881665,ICICIBANK.NS
2023-04-25,883.9296264648438,886.3972051250955,873.9140767553679,877.0106726906066,41383839,ICICIBANK.NS
2023-04-26,885.381103515625,887.3164684901113,876.478412820458,881.9942148102741,30371555,ICICIBANK.NS
2023-04-27,888.6712036132812,890.1711587440801,879.1879268899205,880.1072370809303,25835108,ICICIBANK.NS
2023-04-28,887.9938354492188,890.7033345320275,880.8329616007633,885.5261979194149,20381002,ICICIBANK.NS
2023-05-02,892.300048828125,895.880486047962,889.0099636211668,894.1386692839658,17515017,ICICIBANK.NS
2023-05-03,893.0258178710938,893.9935004213415,882.091016865825,889.8324772678072,18715142,ICICIBANK.NS
2023-05-04,891.9130249023438,894.0419383409981,882.3329439597278,890.2679527423538,20485002,ICICIBANK.NS
2023-05-05,896.9933471679688,911.9924266199449,893.606458259458,895.1063543921246,19002035,ICICIBANK.NS
2023-05-08,907.5894775390625,911.2666593771053,897.0417142320913,897.0417142320913,18623913,ICICIBANK.NS
2023-05-09,904.20263671875,914.4600485590047,901.686626544379,910.5893181947338,21507610,ICICIBANK.NS
2023-05-10,905.7991943359375,910.5892345341686,898.2512826316067,904.3960428952724,25910923,ICICIBANK.NS
2023-05-11,908.8474731445312,916.3953853081388,903.670336005355,909.6699796963557,20027372,ICICIBANK.NS
2023-05-12,913.3955688476562,917.3630436179886,904.8799152854667,909.379662700427,13873480,ICICIBANK.NS
2023-05-15,915.1858520507812,918.3308206145297,907.8798599690672,913.2504867807822,10453762,ICICIBANK.NS
2023-05-16,915.766357421875,921.4273357760685,912.5246445049526,919.2984223538758,19612293,ICICIBANK.NS
2023-05-17,908.9925537109375,917.7501277880057,905.5572925692524,916.6856415758675,19273344,ICICIBANK.NS
2023-05-18,915.9114990234375,921.4756734760364,911.6536723389962,917.3146504805366,21550141,ICICIBANK.NS
2023-05-19,923.45947265625,925.1045448518862,911.1698920993472,920.7016009331666,15427412,ICICIBANK.NS
2023-05-22,919.6370239257812,923.4110092338516,915.5728047480459,920.3144134762877,15509525,ICICIBANK.NS
2023-05-23,922.5885620117188,927.8623846317511,914.4600050088006,921.2337828236806,16579935,ICICIBANK.NS
2023-05-24,910.2506103515625,923.0239727062751,908.1700692529853,916.1050779412483,18049620,ICICIBANK.NS
2023-05-25,909.4764404296875,911.1698849283796,902.7994661295811,906.7185687283087,19328582,ICICIBANK.NS
2023-05-26,919.9757690429688,921.6692134262162,905.3153554715091,909.4280061165383,10957182,ICICIBANK.NS
2023-05-29,917.5082397460938,926.6527926566437,916.2018328569751,923.0239830690742,12108079,ICICIBANK.NS
2023-05-30,919.2500610351562,921.5240914294349,914.1213552721521,914.7986858150222,18483624,ICICIBANK.NS
2023-05-31,918.4758911132812,921.23376268112,910.1054136571358,918.8145563715582,27254425,ICICIBANK.NS
2023-06-01,905.8475341796875,923.4109945894461,902.6541938495451,923.4109945894461,21650700,ICICIBANK.NS
2023-06-02,907.831298828125,914.1212346473649,904.8314478459753,912.5245350066523,12494376,ICICIBANK.NS
2023-06-05,916.1534423828125,921.0402273846815,912.524632867169,912.524632867169,10751684,ICICIBANK.NS
2023-06-06,911.6536865234375,917.1694887487128,907.782956409231,915.9115132741265,11894330,ICICIBANK.NS
2023-06-07,909.8151245117188,915.2824953565665,903.6219327083176,913.8309715647682,16486469,ICICIBANK.NS
2023-06-08,907.5894775390625,919.7822539132716,904.9767228695448,906.3314429874264,17608140,ICICIBANK.NS
2023-06-09,907.734619140625,913.4923422203289,905.9444300187516,910.976391174022,12253128,ICICIBANK.NS
2023-06-12,905.7024536132812,913.0084447235517,903.1380713464422,907.6861909387297,10520125,ICICIBANK.NS
2023-06-13,913.0568237304688,915.6695783292494,903.9122121660633,905.6540879403527,13528776,ICICIBANK.NS
2023-06-14,909.4281005859375,916.3470548384208,905.9928391498903,915.4761168686471,13489262,ICICIBANK.NS
2023-06-15,896.6546020507812,912.4762467370247,894.4773163743614,910.2989610606047,19366819,ICICIBANK.NS
2023-06-16,904.009033203125,907.4442943791796,897.0417071602234,899.2673651712831,11249387,ICICIBANK.NS
2023-06-19,893.316162109375,903.7671217485372,889.0099629857297,903.3316527921857,19351375,ICICIBANK.NS
2023-06-20,895.6386108398438,898.541658614634,885.2360229801786,891.187294543562,15212286,ICICIBANK.NS
2023-06-21,894.8160400390625,898.396477183526,890.267920372455,898.0093805496068,9210553,ICICIBANK.NS
2023-06-22,895.8321533203125,905.3154308434969,890.9453680771945,894.5258054552514,27291569,ICICIBANK.NS
2023-06-23,893.6548461914062,901.7834033389462,889.3002746615077,896.1224249124842,8767733,ICICIBANK.NS
2023-06-26,897.4771728515625,901.6865682253899,893.3645221055212,897.1384485290017,11749040,ICICIBANK.NS
2023-06-27,905.8475341796875,909.5731471170624,892.3967833193545,899.9446947531411,13422726,ICICIBANK.NS
2023-06-28,907.1539916992188,913.4923004032572,904.1057681310743,913.4923004032572,25708001,ICICIBANK.NS
2023-06-30,904.3960571289062,911.7504796986727,900.5737584353333,910.1054076065767,13843218,ICICIBANK.NS
2023-07-03,912.089111328125,915.1857070821438,906.2346441262783,906.7184853671359,12350359,ICICIBANK.NS
2023-07-04,914.1697387695312,920.5564201279725,911.5569840092028,916.6373175188082,14041699,ICICIBANK.NS
2023-07-05,927.0398559570312,933.571712979693,910.5892530851423,911.6053079205813,13817767,ICICIBANK.NS
2023-07-06,928.3946533203125,932.7492247541551,923.1691439746393,923.846533565768,16334427,ICICIBANK.NS
2023-07-07,915.8148193359375,924.1852382336124,913.2988091848515,922.2015007528141,8593807,ICICIBANK.NS
2023-07-10,917.7501220703125,922.1046933935976,910.9279130803762,915.4276604061656,12069184,ICICIBANK.NS
2023-07-11,914.41162109375,921.9111607222271,911.4602011815253,917.750137644119,16977595,ICICIBANK.NS
2023-07-12,913.87939453125,920.4112515342325,910.8311709714633,917.7501246070915,21511161,ICICIBANK.NS
2023-07-13,924.814208984375,928.2494701654196,911.7504947834543,917.0727487171628,23222286,ICICIBANK.NS
2023-07-14,929.0236206054688,933.8136610419978,920.6047706053051,928.7333276529091,12871569,ICICIBANK.NS
2023-07-17,937.39404296875,942.3292000589743,922.056240014047,931.7814963207601,16290763,ICICIBANK.NS
2023-07-18,943.9259643554688,956.0219963476638,939.7649411626849,946.3935430693452,29709508,ICICIBANK.NS
2023-07-19,941.9905395507812,948.3288481005554,936.2811891871556,948.3288481005554,15994261,ICICIBANK.NS
2023-07-20,963.4247436523438,965.8923814574687,940.6842032435259,944.5065612098798,26487838,ICICIBANK.NS
2023-07-21,964.7794799804688,969.0856790406557,956.84447144192,963.1344078710805,16903003,ICICIBANK.NS
2023-07-24,959.9411010742188,976.1014116649148,958.1024805821794,972.4726020590396,21687719,ICICIBANK.NS
2023-07-25,962.5538330078125,966.714856111477,956.3122688209883,966.714856111477,29325327,ICICIBANK.NS
2023-07-26,964.247314453125,965.5052899891136,958.0057500267827,961.0055423866522,12780537,ICICIBANK.NS
2023-07-27,958.2476806640625,973.9725226845534,955.2962605896712,970.1501646578101,25932395,ICICIBANK.NS
2023-07-28,964.00537109375,966.4245774762064,945.4742265790718,956.070362346762,12584130,ICICIBANK.NS
2023-07-31,966.0374755859375,967.1019618260334,956.6509430604292,963.8118175386905,14303116,ICICIBANK.NS
2023-08-01,962.4086303710938,971.2629489797961,958.4411556974744,969.2792116429864,15508569,ICICIBANK.NS
2023-08-02,955.0543212890625,961.9732162053438,945.9097092186121,953.4092491126727,15787996,ICICIBANK.NS
2023-08-03,933.813720703125,951.2320077214216,929.0236799605615,944.9904430606667,30994707,ICICIBANK.NS
2023-08-04,939.1358642578125,944.4581179965224,930.1848011518003,937.3456752616711,20582882,ICICIBANK.NS
2023-08-07,944.1194458007812,949.7803647470605,936.910199431587,939.5713262813622,16686062,ICICIBANK.NS
2023-08-08,948.232177734375,954.7156037290013,940.8777547355696,944.2162714278614,23784778,ICICIBANK.NS
2023-08-09,949.0126342773438,951.5492947573501,940.1342034996886,951.2078418442472,19317331,ICICIBANK.NS
2023-08-10,940.6220703125,949.9395549383418,936.0853435299007,947.8906587198094,24858441,ICICIBANK.NS
2023-08-11,929.64599609375,940.0366691362146,926.8654236423497,939.9391281743053,17162177,ICICIBANK.NS
2023-08-14,936.182861328125,939.4513172807983,922.9628451701761,925.8897886538025,19026691,ICICIBANK.NS
2023-08-16,933.2070922851562,936.42671801736,923.5481555397309,931.2070262658186,17930805,ICICIBANK.NS
2023-08-17,928.4752807617188,934.4754791838435,923.4019001385633,933.6462023482969,27077611,ICICIBANK.NS
2023-08-18,927.4996337890625,931.7436780317744,922.9628475581766,924.8166022554632,13257508,ICICIBANK.NS
2023-08-21,931.9388427734375,935.9389751584126,925.3044492708552,927.548427427032,13358017,ICICIBANK.NS
2023-08-22,928.8167724609375,933.6462413283504,926.1825113015468,933.1096469094867,16872719,ICICIBANK.NS
2023-08-23,943.3051147460938,944.4759040942181,926.7191010359882,930.7680634965125,14707331,ICICIBANK.NS
2023-08-24,945.35400390625,958.4764795059389,943.2075667089148,948.8175418923399,28389740,ICICIBANK.NS
2023-08-25,946.7686767578125,948.9150543418253,936.8170569956474,939.5000885244812,10275758,ICICIBANK.NS
2023-08-28,946.9150390625,951.2566840430246,941.5489757166163,946.3296741533865,10481574,ICICIBANK.NS
2023-08-29,944.1831665039062,953.4518206829681,942.134329925956,949.5979999303318,13209913,ICICIBANK.NS
2023-08-30,935.5487670898438,952.134780892738,932.133999542189,946.8174880873403,13936165,ICICIBANK.NS
2023-08-31,935.40234375,942.6709318902067,930.8167871042523,936.6219035202087,36675400,ICICIBANK.NS
2023-09-01,945.1100463867188,949.3540905448681,929.5972223729281,933.597414127154,16268147,ICICIBANK.NS
2023-09-04,943.7929077148438,945.4515209412026,937.1585143582263,945.1100680190779,9512956,ICICIBANK.NS
2023-09-05,944.8173828125,946.3783955216684,938.8171248357994,940.6220495025765,16623486,ICICIBANK.NS
2023-09-06,934.182861328125,945.8906360915063,927.6460085088062,939.1098712979502,30802100,ICICIBANK.NS
2023-09-07,942.1343383789062,945.8905586551218,931.4509828721614,934.0852438880298,13462347,ICICIBANK.NS
2023-09-08,946.9150390625,951.2566840430246,937.8415256783153,943.9393249350013,13086915,ICICIBANK.NS
2023-09-11,954.427490234375,958.086169598933,945.7442007229635,951.2078643033275,7894110,ICICIBANK.NS
2023-09-12,966.379150390625,970.9159365012332,958.7203389445621,965.9888674492851,20959591,ICICIBANK.NS
2023-09-13,965.6962280273438,970.6232377499122,956.671485433468,965.6962280273438,21997553,ICICIBANK.NS
2023-09-14,963.6473999023438,968.720780666579,958.3301071739512,968.1353562233099,11464188,ICICIBANK.NS
2023-09-15,968.28173828125,973.2087481037405,964.5254582610313,966.2328420296343,13307980,ICICIBANK.NS
2023-09-18,966.0865478515625,971.9892056473607,963.257145164905,965.9889473337481,16713222,ICICIBANK.NS
2023-09-20,963.1107788085938,971.7452382810216,956.7690679161975,957.6471152335464,25741856,ICICIBANK.NS
2023-09-21,935.93896484375,958.574006734418,934.1340401518692,956.0861166419703,19742813,ICICIBANK.NS
2023-09-22,927.1580810546875,937.4999833370895,924.328738198691,933.2071092502335,12701888,ICICIBANK.NS
2023-09-25,933.060791015625,937.7927187843896,918.5724443637747,927.1581334740866,8997098,ICICIBANK.NS
2023-09-26,925.5971069335938,935.5974971770788,924.0360346784909,935.5974971770788,10521409,ICICIBANK.NS
2023-09-27,920.1334228515625,923.4506492144903,911.6453345707359,923.2555077433504,15152973,ICICIBANK.NS
2023-09-28,919.6456298828125,924.1824161569504,911.9868181606855,922.4750324374734,25991282,ICICIBANK.NS
2023-09-29,928.7191772460938,932.7193094608657,920.718853267733,923.6457967074638,10447334,ICICIBANK.NS
2023-10-03,917.401611328125,928.4264195210825,916.133281102177,928.4264195210825,11131636,ICICIBANK.NS
2023-10-04,907.4012451171875,912.7185376578814,902.4742355248961,912.2307137467868,17334739,ICICIBANK.NS
2023-10-05,917.938232421875,920.9627764089626,911.7916630335349,912.425857939374,10478856,ICICIBANK.NS
2023-10-06,922.182373046875,923.4994738438675,915.1576965156688,922.9628794283824,6355755,ICICIBANK.NS
2023-10-09,915.7431030273438,919.1091002211714,913.4991247477328,917.3529458957726,6725306,ICICIBANK.NS
2023-10-10,928.0362548828125,934.1828244813858,917.4504398891626,917.4992699211415,11452715,ICICIBANK.NS
2023-10-11,929.8899536132812,938.6220138894535,927.5972049567132,931.6461674042404,12233117,ICICIBANK.NS
2023-10-12,931.011962890625,936.7194790060307,925.3044467752193,929.6460320781218,7836818,ICICIBANK.NS
2023-10-13,928.1337890625,934.0852766849174,921.548166066008,926.8166882827292,6650442,ICICIBANK.NS
2023-10-16,928.2314453125,931.597382962648,923.1092937854471,925.4020425542179,5763024,ICICIBANK.NS
2023-10-17,930.6705322265625,937.5488378388338,928.3289535059158,932.1340040397615,7747527,ICICIBANK.NS
2023-10-18,920.7676391601562,927.4996330037417,916.2308529331116,926.0849317410963,12000153,ICICIBANK.NS
2023-10-19,912.9624633789062,921.9872058702285,911.2550796643318,913.2063753381311,8612676,ICICIBANK.NS
2023-10-20,910.0355224609375,917.108969298613,907.3524909018192,909.303786581178,6586576,ICICIBANK.NS
2023-10-23,907.3037109375,921.7920573857958,902.8645252231158,919.060255373007,11856890,ICICIBANK.NS
2023-10-25,893.7909545898438,911.0599331166206,889.2054574209906,903.4986624227306,12593434,ICICIBANK.NS
2023-10-26,886.5224609375,894.2788138653154,877.1074351720209,892.034835673972,21693345,ICICIBANK.NS
2023-10-27,890.5225830078125,895.7911052641983,889.1078817029663,893.6934385485141,8645505,ICICIBANK.NS
2023-10-30,902.376708984375,903.7425802279794,886.083378183647,886.9614255083601,7687791,ICICIBANK.NS
2023-10-31,893.0592651367188,908.3281783124116,891.8397052839899,906.6695650029363,17211107,ICICIBANK.NS
2023-11-01,891.7908935546875,895.2544314664859,887.1565663286538,891.5469815954225,12927203,ICICIBANK.NS
2023-11-02,897.5472412109375,902.279109409575,890.5713353440126,897.6447821752898,9747311,ICICIBANK.NS
2023-11-03,911.0599365234375,911.7429019177837,904.2304016776113,905.9377853890679,7146961,ICICIBANK.NS
2023-11-06,922.42626953125,924.6702476712292,914.5723162669136,918.0846246991575,10338367,ICICIBANK.NS
2023-11-07,925.0116577148438,927.3044657799691,907.791509730304,920.6212426036691,15704942,ICICIBANK.NS
2023-11-08,912.9624633789062,925.3532028172963,911.3526206284945,925.3532028172963,17606074,ICICIBANK.NS
2023-11-09,914.5234375,919.4016764786073,910.2793934081378,911.2550412038593,9406117,ICICIBANK.NS
2023-11-10,915.7431030273438,918.523735295646,909.6941336341723,912.1332534052325,9560455,ICICIBANK.NS
2023-11-13,911.6941528320312,917.987093425993,909.3038036701303,917.987093425993,11470096,ICICIBANK.NS
2023-11-15,918.1821899414062,921.401875563048,915.8894412581842,921.401875563048,19492138,ICICIBANK.NS
2023-11-16,913.2063598632812,923.1579795407855,911.2550642225477,916.1333033243815,19706373,ICICIBANK.NS
2023-11-17,899.4009399414062,915.5479593765705,897.7423862479302,903.9864967116965,10956653,ICICIBANK.NS
2023-11-20,899.0107421875,904.1816639914177,895.1569211892373,899.5473366065142,10562301,ICICIBANK.NS
2023-11-21,903.5474243164062,905.4499494794524,899.5472920649286,901.8888706577264,8989572,ICICIBANK.NS
2023-11-22,900.279052734375,902.6694018743736,892.4738699417713,900.7668766589127,12197979,ICICIBANK.NS
2023-11-23,900.52294921875,902.8156978051427,896.1325339733714,900.52294921875,5534614,ICICIBANK.NS
2023-11-24,906.76708984375,907.7427376445077,897.7911181670157,899.0594483982376,7452002,ICICIBANK.NS
2023-11-28,902.9620971679688,908.3769308976238,899.2546471984909,906.2793237215551,14231987,ICICIBANK.NS
2023-11-29,916.7186889648438,918.1821607285481,903.4499021267856,908.2306003744137,11680078,ICICIBANK.NS
2023-11-30,912.1819458007812,917.9382322384056,905.5963229827007,916.0845371003845,23950292,ICICIBANK.NS
2023-12-01,923.6458129882812,928.8167345798552,910.2794258014757,913.1575988110403,16986046,ICICIBANK.NS
2023-12-04,967.0621337890625,970.6232126126973,937.987840581793,940.2318186642837,33131257,ICICIBANK.NS
2023-12-05,988.7703247070312,991.0143028504854,970.8183804617602,978.0869688482517,31378461,ICICIBANK.NS
2023-12-06,978.8186645507812,991.502086070004,975.8917211232683,989.3068784993693,18786590,ICICIBANK.NS
2023-12-07,974.6721801757812,977.7942651351568,964.0864250614673,972.0866896120442,11841945,ICICIBANK.NS
2023-12-08,986.2335815429688,988.1848771958599,969.0622036170539,970.2817634001109,16116363,ICICIBANK.NS
2023-12-11,992.3314208984375,995.1608235299625,980.1846526032307,982.574942236379,11714606,ICICIBANK.NS
2023-12-12,990.9655151367188,996.1364367379356,984.0383797983786,992.3313863725926,12380856,ICICIBANK.NS
2023-12-13,989.2093505859375,995.8437438660465,984.6237939125858,990.0873978964831,15887040,ICICIBANK.NS
2023-12-14,1008.4783935546875,1014.6737333957984,996.3803367600569,997.3559845806298,16317672,ICICIBANK.NS
2023-12-15,1012.1371459960938,1018.2836562511309,1000.7219942122084,1018.234945315164,14306067,ICICIBANK.NS
2023-12-18,996.5755615234375,1004.8685091425787,993.209564351382,1004.8685091425787,8592711,ICICIBANK.NS
2023-12-19,990.7216186523438,1000.5268676099422,987.9409865576811,1000.5268676099422,10094256,ICICIBANK.NS
2023-12-20,982.1358642578125,997.1120339024774,977.5990782488085,997.1120339024774,16490281,ICICIBANK.NS
2023-12-21,979.940673828125,986.2823845261098,965.1108153630744,972.2818028712693,18064916,ICICIBANK.NS
2023-12-22,970.0866088867188,984.965238040039,967.4523478809576,978.5259862915714,20881976,ICICIBANK.NS
2023-12-26,970.8671264648438,973.2087050634708,965.7938054158475,970.6720445389727,14339699,ICICIBANK.NS
2023-12-27,977.8430786132812,980.4285692907043,967.8426879365178,973.6478046781592,12996468,ICICIBANK.NS
2023-12-28,981.4041748046875,987.0629203019365,974.7697219298256,983.4530114256305,24915990,ICICIBANK.NS
2023-12-29,972.3306274414062,983.9896312060448,969.501284394201,979.5992158632049,12280140,ICICIBANK.NS
2024-01-01,975.0624389648438,980.3796718566513,966.8669735931653,967.4035679755073,7683792,ICICIBANK.NS
2024-01-02,958.3300170898438,973.3550164890929,956.3787215600095,972.7208216223713,16263825,ICICIBANK.NS
2024-01-03,960.0863037109375,963.9401248241994,951.3542430995774,960.720498665219,16826752,ICICIBANK.NS
2024-01-04,963.1107788085938,965.0620744677926,957.9886277031968,962.3790429363942,22789140,ICICIBANK.NS
2024-01-05,969.501220703125,973.9891767169987,959.8422837638905,963.9400163911056,14875499,ICICIBANK.NS
2024-01-08,958.0861206054688,973.89162656188,956.4275074685884,969.7938939733564,8393164,ICICIBANK.NS
2024-01-09,955.8909301757812,970.7695590966088,951.6468860736289,962.2326408633471,14660414,ICICIBANK.NS
2024-01-10,968.8670654296875,970.7208201257515,950.5736686217577,950.5736686217577,9409181,ICICIBANK.NS
2024-01-11,967.0133666992188,974.1843544018284,962.8180334077583,971.0622694484135,6451345,ICICIBANK.NS
2024-01-12,979.0626220703125,984.1360028238887,967.598759779006,970.5744738257089,12255743,ICICIBANK.NS
2024-01-15,985.2579345703125,987.0141482984905,974.9160914205547,979.0625946865415,12388044,ICICIBANK.NS
2024-01-16,984.4774780273438,991.0631011947543,980.1358330664721,981.5993048814522,11505126,ICICIBANK.NS
2024-01-17,957.84228515625,983.2578999623713,952.9640458633737,963.8425433060156,41914771,ICICIBANK.NS
2024-01-18,962.3302001953125,970.086612247944,946.5247532036159,950.2322029973618,17902484,ICICIBANK.NS
2024-01-19,974.8673095703125,986.2824009262613,963.500988695396,967.1596680050709,23271148,ICICIBANK.NS
2024-01-23,1003.9904174804688,1033.6013044278507,996.331546511633,1033.3085624484331,50797448,ICICIBANK.NS
2024-01-24,974.8673095703125,1010.7223072563087,972.379419549497,1004.3805964528723,34578943,ICICIBANK.NS
2024-01-25,985.3555297851562,990.380080339403,964.0864191743161,974.086809350288,28315035,ICICIBANK.NS
2024-01-29,991.6484985351562,1006.8685811752547,985.4043284757821,995.1608069755424,14078922,ICICIBANK.NS
2024-01-30,992.1363525390625,998.9170576629135,983.4530625914942,990.233827264166,16085742,ICICIBANK.NS
2024-01-31,1003.1123657226562,1013.6981211276084,978.8187103188384,992.0387268414895,25627447,ICICIBANK.NS
2024-02-01,1000.1853637695312,1008.7709929318956,992.6240933363141,1008.7709929318956,13058880,ICICIBANK.NS
2024-02-02,999.0633544921875,1024.4301974773407,996.770605964979,1011.8443169459497,14774650,ICICIBANK.NS
2024-02-05,998.5755615234375,1001.4536750045531,987.453152358168,997.5999136860917,12948430,ICICIBANK.NS
2024-02-06,1001.4049682617188,1009.6979749138608,991.9411722900987,998.6243361843565,12886927,ICICIBANK.NS
2024-02-07,997.2584838867188,1006.4295975899541,988.3312821484757,1002.9660000480089,16410895,ICICIBANK.NS
2024-02-08,965.2084350585938,1003.2099318661822,961.2570730572876,999.1609693476559,20565502,ICICIBANK.NS
2024-02-09,986.0872802734375,989.0629942650385,961.5009428835466,964.7693393163379,12799837,ICICIBANK.NS
2024-02-12,971.8428344726562,987.5508011511549,961.2570787394588,985.7946468678402,8050066,ICICIBANK.NS
2024-02-13,994.9656372070312,1002.0391434670632,975.9405046734194,981.5017091699309,18706292,ICICIBANK.NS
2024-02-14,997.7950439453125,1010.4784061393933,983.013955556177,984.9652512089306,17878720,ICICIBANK.NS
2024-02-15,991.8923950195312,1001.6488733670452,982.0870866412254,997.9413639559355,10069878,ICICIBANK.NS
2024-02-16,998.3316650390625,1001.2097785647912,992.136324995411,998.2828945562029,7159395,ICICIBANK.NS
2024-02-19,1018.3323974609375,1020.5276050243264,998.4291584000189,998.4291584000189,9388255,ICICIBANK.NS
2024-02-20,1023.2107543945312,1027.0158050957184,1008.0882116597372,1015.6983130621115,11293528,ICICIBANK.NS
2024-02-21,1026.332763671875,1038.08936853922,1022.4790020950211,1031.0647512783883,15946325,ICICIBANK.NS
2024-02-22,1036.8209228515625,1040.0406083965356,1014.9665062834417,1030.284129893754,13432573,ICICIBANK.NS
2024-02-23,1035.455078125,1043.9431665127322,1031.8939397655,1043.9431665127322,13142759,ICICIBANK.NS
2024-02-26,1028.5279541015625,1036.4307972587308,1024.9181045612984,1027.4547652461576,7875941,ICICIBANK.NS
2024-02-27,1034.3817138671875,1040.235600463148,1021.0153871121286,1025.1618901176007,10580973,ICICIBANK.NS
2024-02-28,1020.72265625,1038.9185111032964,1016.7713542133081,1037.1135865360943,7730332,ICICIBANK.NS
2024-02-29,1026.57666015625,1034.869667204587,1013.2103317291641,1017.6495772588014,20944844,ICICIBANK.NS
2024-03-01,1060.431640625,1063.40729502092,1028.3328034897127,1029.3084513108604,14909562,ICICIBANK.NS
2024-03-04,1065.748779296875,1068.3342696136383,1053.7970945454895,1054.6752013263406,11424581,ICICIBANK.NS
2024-03-05,1061.5535888671875,1072.7247080376237,1050.2848096430214,1059.748545239955,9222544,ICICIBANK.NS
2024-03-06,1070.3831787109375,1086.4326564967669,1053.9923671118995,1053.9923671118995,21796484,ICICIBANK.NS
2024-03-07,1061.4560546875,1068.3344198240536,1056.3339033595764,1068.285589791398,9963926,ICICIBANK.NS
2024-03-11,1052.4312744140625,1061.456016908724,1050.5288087704587,1061.456016908724,13310362,ICICIBANK.NS
2024-03-12,1050.6263427734375,1068.1392927948118,1029.9426563996108,1050.821543798178,21785435,ICICIBANK.NS
2024-03-13,1057.5533447265625,1063.1146084324603,1047.016420348109,1050.9190113988607,24855870,ICICIBANK.NS
2024-03-14,1057.2119140625,1070.383159135781,1048.8701969746664,1053.6996058624843,14231421,ICICIBANK.NS
2024-03-15,1054.041015625,1059.797361129833,1043.9430853016538,1045.894380788199,66192734,ICICIBANK.NS
2024-03-18,1054.870361328125,1058.3827887115601,1034.2355054874226,1048.8702225929605,8769440,ICICIBANK.NS
2024-03-19,1057.5533447265625,1062.2365016265157,1049.0652568302282,1052.1872820317788,16708715,ICICIBANK.NS
2024-03-20,1058.0899658203125,1063.4560283486774,1041.503954369003,1053.6995510243776,18725251,ICICIBANK.NS
2024-03-21,1055.455810546875,1073.212552411357,1052.870320123813,1065.4073702120015,19992607,ICICIBANK.NS
2024-03-22,1063.7489013671875,1067.0660087880365,1052.431290998509,1054.821699696048,17214415,ICICIBANK.NS
2024-03-26,1057.3094482421875,1062.626800085145,1050.7238257477718,1054.675246883473,13367635,ICICIBANK.NS
2024-03-27,1057.3583984375,1065.8953174560265,1053.2607249476644,1057.3095684040516,26907245,ICICIBANK.NS
2024-03-28,1066.67578125,1078.1396428341293,1058.5778569174774,1058.5778569174774,22070566,ICICIBANK.NS
2024-04-01,1072.8712158203125,1076.0907823680045,1067.7977753821392,1069.3589072693567,10848191,ICICIBANK.NS
2024-04-02,1054.870361328125,1067.7976947713503,1052.967895743458,1067.7976947713503,14380396,ICICIBANK.NS
2024-04-03,1050.9677734375,1057.2607732714453,1046.1383644163889,1048.8213958942579,15477184,ICICIBANK.NS
2024-04-04,1052.57763671875,1059.358460590309,1037.5526363294593,1058.3339827305892,21419689,ICICIBANK.NS
2024-04-05,1057.0169677734375,1059.5536285157325,1041.4553121759684,1043.9432619814309,15340637,ICICIBANK.NS
2024-04-08,1060.675537109375,1065.1634932016668,1050.0897822238517,1052.089788769452,8023461,ICICIBANK.NS
2024-04-09,1080.091064453125,1088.0913296616127,1061.7976661736764,1065.3586857606263,12298463,ICICIBANK.NS
2024-04-10,1082.3837890625,1089.3596952702449,1078.2372855450287,1083.8959718279336,10598000,ICICIBANK.NS
2024-04-12,1077.505615234375,1084.7741447920198,1069.115066719454,1076.6275082635652,12216657,ICICIBANK.NS
2024-04-15,1052.08984375,1079.2129018387545,1050.3824599986701,1073.4077256256494,10526597,ICICIBANK.NS
2024-04-16,1041.06494140625,1048.4310101922226,1036.8207785700372,1044.4797084070326,11278092,ICICIBANK.NS
2024-04-18,1029.7474365234375,1051.7971723738806,1024.8691974587614,1047.8457510924395,16564216,ICICIBANK.NS
2024-04-19,1041.2601318359375,1045.8944589628718,1022.5764523362437,1027.308320425271,11284433,ICICIBANK.NS
2024-04-22,1060.187744140625,1062.1877507445827,1044.2846367847953,1052.52893245238,10346714,ICICIBANK.NS
2024-04-23,1063.7000732421875,1073.2126398224318,1056.3338843025326,1073.2126398224318,9848215,ICICIBANK.NS
2024-04-24,1070.041748046875,1071.6515907716011,1062.4804774315448,1065.6513328508768,5461309,ICICIBANK.NS
2024-04-25,1086.6278076171875,1098.2380410085623,1063.407340834438,1063.4561708666527,19905338,ICICIBANK.NS
2024-04-26,1080.9202880859375,1092.7256033742926,1075.8956777866083,1085.066791491599,14190059,ICICIBANK.NS
2024-04-29,1131.8978271484375,1135.1173934530657,1080.9202292309824,1081.017770192159,28578063,ICICIBANK.NS
2024-04-30,1122.38525390625,1141.0689331118688,1118.8241156136564,1131.702618945696,29568491,ICICIBANK.NS
2024-05-02,1111.701904296875,1127.361100058772,1105.6529352155806,1115.16550183226,25118334,ICICIBANK.NS
2024-05-03,1114.2386474609375,1129.2148177723732,1107.7992765304286,1113.5069115913466,19933604,ICICIBANK.NS
2024-05-06,1118.3851318359375,1130.2391574450266,1110.3847483382629,1113.7508047401204,14970524,ICICIBANK.NS
2024-05-07,1104.3358154296875,1124.6780491020515,1098.8722113377237,1119.9948918245757,15097728,ICICIBANK.NS
2024-05-08,1095.6524658203125,1104.4332959114815,1088.8717613334063,1099.1160631064367,19913090,ICICIBANK.NS
2024-05-09,1088.5302734375,1101.3600666593375,1082.9691282557828,1093.262260852585,12229853,ICICIBANK.NS
2024-05-10,1089.847412109375,1101.408814608253,1084.969173156462,1090.7742298713763,8573656,ICICIBANK.NS
2024-05-13,1100.53076171875,1103.1162523100456,1079.7494151217084,1085.3106792591882,9707983,ICICIBANK.NS
2024-05-14,1093.26220703125,1100.4331946539014,1091.3109114007254,1098.4818990233766,8944262,ICICIBANK.NS
2024-05-15,1096.9696044921875,1100.335660935582,1086.3838494464303,1094.7743968933958,10743423,ICICIBANK.NS
2024-05-16,1103.5064697265625,1108.8725325190837,1085.7008977331961,1105.4089352594046,14265565,ICICIBANK.NS
2024-05-17,1102.9698486328125,1116.1410940609796,1093.3109114992967,1103.5065025670874,8641784,ICICIBANK.NS
2024-05-21,1093.65234375,1106.1895131432295,1089.0668467710689,1094.8719034888254,10452900,ICICIBANK.NS
2024-05-22,1084.042236328125,1098.481871268217,1071.3588150501846,1097.603764437141,17527411,ICICIBANK.NS
2024-05-23,1106.8724365234375,1109.311556039796,1084.3349960118126,1088.383958228494,13787687,ICICIBANK.NS
2024-05-24,1104.3843994140625,1107.3601726271318,1096.7744185849785,1102.4819339811972,6312670,ICICIBANK.NS
2024-05-27,1102.2869873046875,1119.8486485845435,1094.2378925514201,1104.3358239678098,11599857,ICICIBANK.NS
2024-05-28,1099.5062255859375,1107.5553198262376,1097.6037600409186,1104.9211184411913,9311718,ICICIBANK.NS
2024-05-29,1075.1639404296875,1096.1891994265106,1071.7491729237856,1087.896192626463,19268547,ICICIBANK.NS
2024-05-30,1086.5789794921875,1093.7012565449618,1070.1881668205704,1070.2857077875317,15255387,ICICIBANK.NS
2024-05-31,1093.7501220703125,1103.0674880238118,1084.188725045031,1090.774348346767,26197718,ICICIBANK.NS
2024-06-03,1131.75146484375,1144.4348864325161,1108.6286592786682,1141.5079429889547,25699977,ICICIBANK.NS
2024-06-04,1045.35791015625,1131.1662156790471,1027.8939077680864,1129.702743807571,43476837,ICICIBANK.NS
2024-06-05,1081.6519775390625,1095.8964118662052,1025.454687026523,1058.5778828175676,42172104,ICICIBANK.NS
2024-06-06,1083.3592529296875,1090.7741517877903,1069.8952667444207,1090.7741517877903,18574162,ICICIBANK.NS
2024-06-07,1094.3841552734375,1100.8235264178431,1076.724952853582,1083.3594059306379,17197635,ICICIBANK.NS
2024-06-10,1096.4329833984375,1105.6039769227384,1087.9447765589168,1088.8228833488845,10851455,ICICIBANK.NS
2024-06-11,1090.9693603515625,1101.5552346286859,1083.9447435857408,1092.4816621333332,12250002,ICICIBANK.NS
2024-06-12,1092.28662109375,1105.7993202810974,1084.9204320321733,1093.701262866966,16096514,ICICIBANK.NS
2024-06-13,1080.3836669921875,1095.8476622265855,1078.0909182705975,1094.872014336748,12494254,ICICIBANK.NS
2024-06-14,1078.7249755859375,1086.8716106071388,1072.6758879821507,1086.8716106071388,11377979,ICICIBANK.NS
2024-06-18,1095.506103515625,1107.4090780810202,1074.3833049204777,1086.8228143148967,18306176,ICICIBANK.NS
2024-06-19,1116.580078125,1137.166342002539,1098.7257948267247,1100.4818894098034,34309514,ICICIBANK.NS
2024-06-20,1128.6295166015625,1131.751542182319,1107.8481690931235,1125.9464849282854,15475933,ICICIBANK.NS
2024-06-21,1130.4344482421875,1141.410486972395,1122.629265145151,1135.2151467086508,69259425,ICICIBANK.NS
2024-06-24,1141.6055908203125,1147.0204843368606,1124.580582502217,1126.531878313925,12210295,ICICIBANK.NS
2024-06-25,1168.77734375,1176.631356914064,1139.2152841020384,1141.7519447999034,27309845,ICICIBANK.NS
2024-06-26,1188.339111328125,1193.0709797006668,1164.7771913357117,1172.728745333667,25403461,ICICIBANK.NS
2024-06-27,1190.19287109375,1204.9251302431871,1179.6558263643078,1198.4370480300415,20516632,ICICIBANK.NS
2024-06-28,1170.3870849609375,1197.119858680918,1167.2162295895332,1197.119858680918,12507092,ICICIBANK.NS
2024-07-01,1182.3387451171875,1185.7535123666644,1163.0209904215824,1170.3870597440186,8636894,ICICIBANK.NS
2024-07-02,1161.6063232421875,1187.3634506753801,1156.6793729867939,1187.3634506753801,16153925,ICICIBANK.NS
2024-07-03,1172.33837890625,1186.24136013032,1150.7277562015904,1167.70405183156,22330897,ICICIBANK.NS
2024-07-04,1202.9737548828125,1204.8762204814082,1184.729188396717,1199.0711636260962,15275791,ICICIBANK.NS
2024-07-05,1203.364013671875,1212.339925743088,1191.1195862106667,1195.1685483777583,9535575,ICICIBANK.NS
2024-07-08,1204.973876953125,1209.3154620742414,1187.2658453589734,1198.9736190942626,6617190,ICICIBANK.NS
2024-07-09,1217.8524169921875,1219.7548826422453,1199.3639380524303,1204.8762530735444,13366874,ICICIBANK.NS
2024-07-10,1212.9254150390625,1222.2429000724055,1206.2422507799674,1222.2429000724055,18226503,ICICIBANK.NS
2024-07-11,1208.291015625,1227.1698965417374,1195.2174298923792,1215.998657353838,11307116,ICICIBANK.NS
2024-07-12,1202.876220703125,1222.389177096727,1200.144359168967,1205.8031641621653,12208290,ICICIBANK.NS
2024-07-15,1199.998046875,1208.2910537479374,1194.241819735426,1203.071361476852,15612671,ICICIBANK.NS
2024-07-16,1209.7056884765625,1214.6814682619654,1199.0711040112092,1200.0467517768816,12320605,ICICIBANK.NS
2024-07-18,1219.8525390625,1225.8526779859858,1201.7053940039573,1204.8275385430438,10999632,ICICIBANK.NS
2024-07-19,1218.2427978515625,1220.0477226821429,1210.0473315126171,1213.706011208785,7958817,ICICIBANK.NS
2024-07-22,1210.92529296875,1214.974255165563,1202.8761986042646,1209.8032741772045,9958965,ICICIBANK.NS
2024-07-23,1196.8759765625,1218.2426878788428,1182.972994972106,1210.9253291470568,19369832,ICICIBANK.NS
2024-07-24,1193.21728515625,1203.6079582700647,1172.777510944099,1195.1685807983697,20122521,ICICIBANK.NS
2024-07-25,1168.728515625,1188.5829244027202,1161.6062390935692,1176.143415035895,14154461,ICICIBANK.NS
2024-07-26,1177.802001953125,1190.2903417018374,1157.0694857554495,1161.020907069825,19309265,ICICIBANK.NS
2024-07-29,1183.16796875,1212.486231027865,1174.826252016832,1185.5583771757993,28458261,ICICIBANK.NS
2024-07-30,1179.9971923828125,1200.876079269409,1175.0702424166864,1183.4607897362628,23972277,ICICIBANK.NS
2024-07-31,1185.314697265625,1194.827264609521,1181.509646508537,1189.3148299701952,22297629,ICICIBANK.NS
2024-08-01,1180.63134765625,1192.875774860644,1177.5093224180825,1182.97292613369,8725046,ICICIBANK.NS
2024-08-02,1167.4114990234375,1172.3872793090957,1161.118498843589,1167.8504929230744,10735395,ICICIBANK.NS
2024-08-05,1144.0445556640625,1159.9476620150213,1138.5809519506631,1153.2156685567127,14306771,ICICIBANK.NS
2024-08-06,1138.4346923828125,1158.776926636575,1133.215000102,1146.3862463365044,13575619,ICICIBANK.NS
2024-08-07,1143.8983154296875,1151.069422664435,1133.312559694185,1150.2400266838533,15753644,ICICIBANK.NS
2024-08-08,1136.239501953125,1145.8008988559393,1130.6783566530576,1138.5322506611303,10806438,ICICIBANK.NS
2024-08-09,1143.0689697265625,1152.1912530849597,1140.5323091971482,1147.8984979263976,8687307,ICICIBANK.NS
2024-08-12,1154.09033203125,1159.4533399572713,1137.5582949209468,1152.3189994398172,10860455,ICICIBANK.NS
2024-08-13,1149.7113037109375,1170.2779103089574,1145.0370803987933,1164.3243778306348,13117927,ICICIBANK.NS
2024-08-14,1143.1181640625,1151.3841824712085,1134.6061339161688,1148.3827912230433,13431801,ICICIBANK.NS
2024-08-16,1168.3096923828125,1173.9679621079767,1147.0543031789523,1151.33488320732,10961370,ICICIBANK.NS
2024-08-19,1157.140869140625,1176.67417769156,1154.58237101426,1171.9999545311712,6686394,ICICIBANK.NS
2024-08-20,1160.6341552734375,1170.8191375512558,1151.3349594196018,1155.4679086606573,10427061,ICICIBANK.NS
2024-08-21,1156.1075439453125,1159.846970432822,1146.513086110094,1158.223268928432,17234142,ICICIBANK.NS
2024-08-22,1172.098388671875,1173.5744592109102,1157.829706794536,1163.1435847596479,8564142,ICICIBANK.NS
2024-08-23,1184.300537109375,1185.7766075752363,1169.589082848793,1173.968043848346,7518309,ICICIBANK.NS
2024-08-26,1193.9442138671875,1195.5677952382332,1181.889638715724,1186.3178499958535,10920226,ICICIBANK.NS
2024-08-27,1206.7860107421875,1212.8379237983015,1189.6144386937667,1193.9442695051366,16295325,ICICIBANK.NS
2024-08-28,1204.325927734375,1206.8352956977394,1197.8804917932434,1203.1451193533376,12291305,ICICIBANK.NS
2024-08-29,1202.4071044921875,1215.2980967161698,1197.5852499624118,1199.504093644897,10806748,ICICIBANK.NS
2024-08-30,1209.5904541015625,1215.8392482869917,1199.4548426639624,1210.3777397050092,21211148,ICICIBANK.NS
2024-09-02,1210.3284912109375,1219.4309254466023,1202.997389524353,1219.2341641068904,12516759,ICICIBANK.NS
2024-09-03,1227.79541015625,1230.9935629487222,1200.930998773239,1207.6224463883482,19114907,ICICIBANK.NS
2024-09-04,1216.62646484375,1223.859186152754,1213.1331701237295,1220.070629288316,13505843,ICICIBANK.NS
2024-09-05,1216.23291015625,1224.9909529744998,1211.65718744667,1218.2502546691317,9142811,ICICIBANK.NS
2024-09-06,1188.8763427734375,1214.21555165295,1185.7765708665058,1206.3923063523205,10170479,ICICIBANK.NS
2024-09-09,1215.2979736328125,1218.5453765912819,1181.299103730193,1183.710090812365,13863250,ICICIBANK.NS
2024-09-10,1217.5614013671875,1221.5467196441462,1207.4256692162026,1217.216888818786,15545130,ICICIBANK.NS
2024-09-11,1216.62646484375,1219.5294755207808,1206.83524540051,1211.8538609951502,11993242,ICICIBANK.NS
2024-09-12,1232.174560546875,1236.9471648033514,1206.7860981365827,1218.2502705064035,15376442,ICICIBANK.NS
2024-09-13,1230.403076171875,1235.9137150505585,1222.2355585854264,1232.0267776590285,9877288,ICICIBANK.NS
2024-09-16,1242.7037353515625,1245.4098646133787,1224.8432581989914,1231.042802375231,8973335,ICICIBANK.NS
2024-09-17,1247.8699951171875,1251.9538142521255,1238.3247871252927,1239.849987924078,11513121,ICICIBANK.NS
2024-09-18,1267.796875,1274.6852037097235,1241.8672616672682,1241.8672616672682,12466597,ICICIBANK.NS
2024-09-19,1271.388671875,1279.2610475522447,1264.8447355687065,1267.7968764476732,13172268,ICICIBANK.NS
2024-09-20,1317.09765625,1340.616403523679,1270.9459481482343,1274.340862241716,73257767,ICICIBANK.NS
2024-09-23,1300.8116455078125,1310.553734024932,1287.62539277616,1309.7664484410157,11380409,ICICIBANK.NS
2024-09-24,1297.5643310546875,1310.1601805182468,1294.4645590257803,1299.9260678444703,13886037,ICICIBANK.NS
2024-09-25,1302.7305908203125,1306.568398126912,1289.1999446337225,1289.8395992053097,8728019,ICICIBANK.NS
2024-09-26,1307.84765625,1312.0789860913483,1295.8914616978661,1298.9419832399822,11100869,ICICIBANK.NS
2024-09-27,1285.7557373046875,1311.7346011418329,1283.0496081575457,1311.7346011418329,17117379,ICICIBANK.NS
2024-09-30,1252.69189453125,1276.1122623682022,1250.625419751032,1271.4871691598821,12622212,ICICIBANK.NS
2024-10-01,1254.069580078125,1259.8262312755362,1247.3780121127852,1249.542987688833,10972413,ICICIBANK.NS
2024-10-03,1236.307373046875,1245.5574384870451,1228.2382360313827,1233.6012439093365,17648551,ICICIBANK.NS
2024-10-04,1219.97216796875,1244.2289485494368,1216.4787533567373,1227.2048887996382,13488887,ICICIBANK.NS
2024-10-07,1214.215576171875,1242.8020684792546,1205.4575341441214,1221.7435594913184,20667247,ICICIBANK.NS
2024-10-08,1216.8724365234375,1227.8938344569156,1210.1317389284563,1221.202267135771,12219259,ICICIBANK.NS
2024-10-09,1224.302001953125,1244.9177369185495,1212.9854623508438,1223.2195743635768,14765997,ICICIBANK.NS
2024-10-10,1223.6624755859375,1234.6837542167523,1218.2502169484444,1226.8606284171833,9118195,ICICIBANK.NS
2024-10-11,1203.489501953125,1221.0055869072553,1202.5054549359925,1217.2661601929808,8472512,ICICIBANK.NS
2024-10-14,1212.099853515625,1218.1517663968125,1197.9788035414683,1201.5213486036762,11833929,ICICIBANK.NS
2024-10-15,1235.470947265625,1238.2263267782284,1215.691627570544,1219.1849221736488,11657338,ICICIBANK.NS
2024-10-16,1223.3179931640625,1234.9296751311315,1221.7926723383464,1228.5826203359522,7869727,ICICIBANK.NS
2024-10-17,1211.60791015625,1236.897870871355,1204.867212000474,1229.5175181191341,8459497,ICICIBANK.NS
2024-10-18,1244.327392578125,1248.6572232672752,1205.7035490362575,1208.3604278039818,11018126,ICICIBANK.NS
2024-10-21,1238.9644775390625,1252.0522311372122,1230.6000776735575,1244.3274858742436,7742775,ICICIBANK.NS
2024-10-22,1247.279541015625,1264.4019824079978,1239.653176958133,1246.3938747133964,20090801,ICICIBANK.NS
2024-10-23,1231.6331787109375,1247.7223228428932,1223.2196490881518,1240.8832443668052,14055447,ICICIBANK.NS
2024-10-24,1232.764892578125,1240.3420065108755,1221.251590602818,1230.3047750515273,12223031,ICICIBANK.NS
2024-10-25,1235.4217529296875,1248.657257098042,1214.5107542672154,1227.3526156126327,13546055,ICICIBANK.NS
2024-10-28,1272.2252197265625,1286.9367953731105,1260.1706432204314,1264.9924978474703,24096412,ICICIBANK.NS
2024-10-29,1310.6029052734375,1314.0470695956533,1278.5229987539544,1280.5894733227,20656117,ICICIBANK.NS
2024-10-30,1291.21728515625,1309.6681662645217,1284.771729306591,1302.878217992093,15055031,ICICIBANK.NS
2024-10-31,1271.6346435546875,1297.908648500615,1267.9937179678298,1286.3953474845157,23497314,ICICIBANK.NS
2024-11-01,1271.19189453125,1275.521605000899,1265.7303859247397,1269.3713115804678,1007022,ICICIBANK.NS
2024-11-04,1256.82470703125,1271.1918884914494,1249.7888674900407,1269.5189366152897,14309121,ICICIBANK.NS
2024-11-05,1276.013671875,1280.540384084737,1242.9497173467564,1252.6918064806564,16431920,ICICIBANK.NS
2024-11-06,1281.5736083984375,1294.0218271864514,1272.077530661039,1279.507133687592,12037405,ICICIBANK.NS
2024-11-07,1258.30078125,1282.016408736549,1254.905867336954,1276.4565194695,9909035,ICICIBANK.NS
2024-11-08,1238.7674560546875,1254.6598380276207,1232.7155433996181,1249.739603368689,11195808,ICICIBANK.NS
2024-11-11,1249.0509033203125,1255.545589486218,1226.7622147783625,1241.8673121816607,8387780,ICICIBANK.NS
2024-11-12,1250.330078125,1274.34084864136,1244.3274155266408,1255.7915869540607,13486168,ICICIBANK.NS
2024-11-13,1233.6995849609375,1255.8898912252891,1230.058659378344,1250.330002060316,12260404,ICICIBANK.NS
2024-11-14,1236.897705078125,1247.4762092717035,1223.219549242433,1233.7488030417599,9506892,ICICIBANK.NS
2024-11-18,1233.45361328125,1242.4576669848584,1229.468295169204,1239.8991689148563,6195554,ICICIBANK.NS
2024-11-19,1229.173095703125,1240.8832791422965,1221.054707873685,1236.996341503432,11537317,ICICIBANK.NS
2024-11-21,1230.5999755859375,1236.8486497660301,1212.887130281342,1228.6318816632047,9593870,ICICIBANK.NS
2024-11-22,1257.6612548828125,1260.9577881469831,1235.962971544977,1237.931065448711,11604338,ICICIBANK.NS
2024-11-25,1280.1959228515625,1290.2824048083883,1269.420656029783,1275.3249381508517,22717581,ICICIBANK.NS
2024-11-26,1284.132080078125,1293.2837651950626,1281.6719625867895,1289.691969633128,7646955,ICICIBANK.NS
2024-11-27,1279.9498291015625,1289.9379297411074,1277.1453192983001,1277.7849738450245,21938082,ICICIBANK.NS
2024-11-28,1265.8287353515625,1289.593492566128,1261.8434173872402,1280.294297193127,22803745,ICICIBANK.NS
2024-11-29,1279.3594970703125,1282.4592691846208,1262.6306978559342,1262.6306978559342,11397228,ICICIBANK.NS
2024-12-02,1283.8369140625,1289.6428152581445,1268.58418590124,1279.1626909163074,9626400,ICICIBANK.NS
2024-12-03,1287.527099609375,1291.8569303693412,1275.4232736408442,1283.1480184509742,11509276,ICICIBANK.NS
2024-12-04,1295.0550537109375,1298.9419911656362,1280.9338836934899,1281.819549984778,11570281,ICICIBANK.NS
2024-12-05,1315.1788330078125,1321.4767579162362,1287.7238973177443,1295.2518809925427,19210697,ICICIBANK.NS
2024-12-06,1307.552490234375,1325.6097291981625,1305.5351457750585,1321.0831368877882,8942672,ICICIBANK.NS
2024-12-09,1301.205322265625,1307.8476391384686,1299.1879779810015,1301.008440803049,8000764,ICICIBANK.NS
2024-12-10,1309.2252197265625,1310.750540551898,1294.2677540997624,1297.957930171136,8218214,ICICIBANK.NS
2024-12-11,1306.3223876953125,1310.01256393174,1295.005847236935,1303.567008056277,8138066,ICICIBANK.NS
2024-12-12,1308.04443359375,1317.392879799611,1300.467319981326,1300.467319981326,9076896,ICICIBANK.NS
2024-12-13,1323.44482421875,1325.658929951843,1292.5457246301107,1304.206657466483,13536684,ICICIBANK.NS
2024-12-16,1324.6256103515625,1328.9061906725217,1318.672198220594,1323.4448020295467,9071006,ICICIBANK.NS
2024-12-17,1312.47265625,1326.5937063526414,1304.8955425723648,1320.591043814433,9879257,ICICIBANK.NS
2024-12-18,1293.1854248046875,1313.6535308964567,1286.5922376487658,1304.108322781897,8510595,ICICIBANK.NS
2024-12-19,1266.3701171875,1282.2132499737959,1263.9591299468714,1265.4844508567164,11517304,ICICIBANK.NS
2024-12-20,1267.84619140625,1277.0470069229707,1252.1014392500044,1263.4671101390386,58491181,ICICIBANK.NS
2024-12-23,1276.1121826171875,1286.149413849784,1266.5177244802055,1273.9964575675247,6827512,ICICIBANK.NS
2024-12-24,1276.5550537109375,1283.689394924585,1269.6667242632777,1276.1122805813325,7138516,ICICIBANK.NS
2024-12-26,1276.6533203125,1291.8076677677632,1268.6333134333681,1286.149397655659,7338444,ICICIBANK.NS
2024-12-27,1286.6907958984375,1294.9566951975391,1277.834372258314,1277.834372258314,4756066,ICICIBANK.NS
2024-12-30,1273.9964599609375,1305.3383325760412,1268.8793435378464,1284.1320718868315,14207425,ICICIBANK.NS
2024-12-31,1261.203857421875,1269.3713754212274,1259.6785365277274,1266.3701041548643,8449607,ICICIBANK.NS
2025-01-01,1263.1719970703125,1272.3728127979782,1246.8859706361397,1261.2039030056599,4705399,ICICIBANK.NS
2025-01-02,1270.0111083984375,1272.7664882086394,1258.0057823459824,1264.5988495821298,7433222,ICICIBANK.NS
2025-01-03,1244.86865234375,1267.4524819820733,1242.1132728120124,1265.6811494083963,11194997,ICICIBANK.NS
2025-01-06,1243.933837890625,1257.3661039966464,1236.9471279387867,1247.8208957681682,7504047,ICICIBANK.NS
2025-01-07,1258.8421630859375,1268.387371227451,1246.2955634538516,1246.2955634538516,7539758,ICICIBANK.NS
2025-01-08,1243.58935546875,1264.500353533012,1232.3711960120443,1260.1213925757818,7566309,ICICIBANK.NS
2025-01-09,1242.260986328125,1244.5734728084612,1228.1890658447487,1237.9311554007072,8684920,ICICIBANK.NS
2025-01-10,1229.9111328125,1244.7702186556908,1223.2688154875007,1238.9151869887507,7854524,ICICIBANK.NS
2025-01-13,1210.1318359375,1224.1052557235084,1205.3592318634503,1215.1997021699149,9669336,ICICIBANK.NS
2025-01-14,1220.5135498046875,1224.9908916090162,1207.868449677033,1213.6743510380347,10342698,ICICIBANK.NS
2025-01-15,1218.49609375,1224.5480063080474,1210.3777066929133,1214.3138943569554,5355382,ICICIBANK.NS
2025-01-16,1229.173095703125,1235.4710205893364,1219.8738995113004,1225.2369076646085,11895924,ICICIBANK.NS
2025-01-17,1205.9002685546875,1229.0746219251816,1198.569166937447,1223.51473271735,9790533,ICICIBANK.NS
2025-01-20,1213.28076171875,1221.9404238041425,1195.8631769905248,1204.3752079938956,7676418,ICICIBANK.NS
2025-01-21,1177.0677490234375,1219.1848851844006,1173.6727150709557,1217.216791341657,20520898,ICICIBANK.NS
2025-01-22,1181.299072265625,1188.236651072606,1172.787162540538,1181.840346118592,10377123,ICICIBANK.NS
2025-01-23,1182.5784912109375,1188.6304043313805,1167.0797508434964,1178.150279677383,8770650,ICICIBANK.NS
2025-01-24,1189.90966796875,1198.569330226456,1182.824577120033,1183.9070048715128,9216792,ICICIBANK.NS
2025-01-27,1208.3604736328125,1214.9536606503923,1174.0664594794448,1175.9361728164579,16164687,ICICIBANK.NS
2025-01-28,1227.0081787109375,1243.8353577059515,1216.28204282006,1227.4509517938643,18066499,ICICIBANK.NS
2025-01-29,1231.6824951171875,1235.7663143361442,1223.2197146425951,1232.0268875547777,7666777,ICICIBANK.NS
2025-01-30,1235.5693359375,1239.7515355072983,1219.72620394473,1230.058696999526,11921041,ICICIBANK.NS
2025-01-31,1232.814208984375,1235.963111537846,1219.332692143045,1234.4870409428568,10195417,ICICIBANK.NS
2025-02-01,1235.520263671875,1241.2276642201673,1214.117241339197,1231.1904328305643,3011914,ICICIBANK.NS
2025-02-03,1233.0108642578125,1239.8991931084147,1218.0533982313877,1226.9589513144845,6176831,ICICIBANK.NS
2025-02-04,1247.9683837890625,1260.0722101946521,1239.8992462672875,1242.6546259748302,14839077,ICICIBANK.NS
2025-02-05,1247.476318359375,1257.366038635732,1244.9670706142904,1249.9364358288246,6840709,ICICIBANK.NS
2025-02-06,1252.101318359375,1258.5960039721779,1243.0480146698765,1254.6598163131562,8396554,ICICIBANK.NS
2025-02-07,1236.8487548828125,1254.6599823726938,1229.616033126662,1251.707841237699,7382039,ICICIBANK.NS
2025-02-10,1242.4576416015625,1244.8193782805915,1229.4190196551453,1237.143764104477,5740361,ICICIBANK.NS
2025-02-11,1232.764892578125,1241.7196963503554,1228.48431210643,1235.815414286521,6586627,ICICIBANK.NS
2025-02-12,1231.8299560546875,1249.49354984024,1224.7939967031841,1237.1437132102558,8809352,ICICIBANK.NS
2025-02-13,1228.976318359375,1245.8034979804984,1226.0241773689,1232.5681139223714,7263785,ICICIBANK.NS
2025-02-14,1239.99755859375,1243.3433423047895,1224.5971995418054,1232.125182860914,10368438,ICICIBANK.NS
2025-02-17,1231.1904296875,1238.0787586965241,1213.5759643398394,1231.1904296875,8386151,ICICIBANK.NS
2025-02-18,1223.2196044921875,1237.537415485285,1217.3153228151366,1232.912442887429,8135042,ICICIBANK.NS
2025-02-19,1241.52294921875,1244.2782088063445,1210.6238487061553,1215.150440982361,10683412,ICICIBANK.NS
2025-02-20,1230.009521484375,1243.8354301295267,1226.8606190775215,1235.323399403501,8398849,ICICIBANK.NS
2025-02-21,1213.28076171875,1224.843314551203,1205.0148626007026,1221.3007691973355,7786428,ICICIBANK.NS
2025-02-24,1198.9136962890625,1212.2475818317712,1190.9429392289517,1207.1304651110468,11522480,ICICIBANK.NS
2025-02-25,1204.6212158203125,1212.0015686679765,1201.5214435997075,1207.0320830347105,11059417,ICICIBANK.NS
2025-02-27,1202.9482421875,1215.1504493679895,1199.0120540726923,1205.6052412387521,12008162,ICICIBANK.NS
2025-02-28,1184.8909912109375,1205.4575979266801,1180.9548031360748,1196.6011747582393,20215075,ICICIBANK.NS
2025-03-03,1186.9573974609375,1197.5851526992194,1184.9401732626818,1191.188847446512,8158881,ICICIBANK.NS
2025-03-04,1191.0904541015625,1197.2407475483415,1187.0066352283177,1187.8923015092375,9574490,ICICIBANK.NS
2025-03-05,1196.305908203125,1206.3923901078597,1191.9761974350436,1197.5852173719204,9052846,ICICIBANK.NS
2025-03-06,1198.6185302734375,1208.3604997504162,1189.7128566225836,1208.3604997504162,11949475,ICICIBANK.NS
2025-03-07,1195.17431640625,1198.4215993904008,1187.0559287614878,1191.7792822265046,6620284,ICICIBANK.NS
2025-03-10,1195.469482421875,1206.2448692222129,1188.7287844485525,1188.7287844485525,7363437,ICICIBANK.NS
2025-03-11,1225.5321044921875,1228.0906025562624,1197.7819082260587,1197.7819082260587,10927950,ICICIBANK.NS
2025-03-12,1224.105224609375,1231.9776006544478,1215.5933141089804,1227.0573656262773,11548372,ICICIBANK.NS
2025-03-13,1230.10791015625,1235.5692985318378,1225.4336872491594,1231.0919570840585,8132940,ICICIBANK.NS
2025-03-17,1248.7557373046875,1253.626722273369,1234.7330664957105,1236.9964228158067,11164812,ICICIBANK.NS
2025-03-18,1248.7557373046875,1248.7557373046875,1248.7557373046875,1248.7557373046875,0,ICICIBANK.NS
2025-03-19,1292.1519775390625,1297.2690935608202,1281.3767118900164,1284.771625690972,11278014,ICICIBANK.NS
2025-03-20,1300.6148681640625,1303.1242360561191,1290.1348637421092,1298.9420363179743,10886735,ICICIBANK.NS
2025-03-21,1321.673583984375,1327.47948567053,1290.676101553966,1295.005932648197,60494318,ICICIBANK.NS
2025-03-24,1336.4835205078125,1351.0965951268047,1323.592528220555,1334.3185449313019,9352280,ICICIBANK.NS
2025-03-25,1322.263916015625,1342.0433569660177,1308.8317704607064,1337.3198832805363,16419207,ICICIBANK.NS
2025-03-26,1314.58837890625,1336.3357930453642,1310.2585481884407,1322.608385783058,10859639,ICICIBANK.NS
2025-03-27,1315.326416015625,1329.9394896015347,1311.8822515956433,1311.8822515956433,15109614,ICICIBANK.NS
2025-03-28,1326.8397216796875,1336.2865486646785,1306.027104024632,1314.6867654992452,8266544,ICICIBANK.NS
2025-04-01,1297.416748046875,1330.7759661157215,1294.4154767036698,1318.6230094191676,14288024,ICICIBANK.NS
2025-04-02,1310.0125732421875,1316.605640115626,1301.0577695360655,1301.0577695360655,8042214,ICICIBANK.NS
2025-04-03,1308.3397216796875,1311.7346357410256,1300.172083625529,1300.8608684683468,4591008,ICICIBANK.NS
2025-04-04,1313.998046875,1317.196199721689,1301.0085540085365,1308.3397764539347,8648542,ICICIBANK.NS
2025-04-07,1267.009765625,1303.8622778051142,1244.8194576780902,1274.5868794921314,19185012,ICICIBANK.NS
2025-04-08,1279.1627197265625,1289.1508208042862,1266.8128818235116,1279.113469327377,13085762,ICICIBANK.NS
2025-04-09,1280.04833984375,1284.2796697185806,1264.008326268558,1284.1320386492785,13005622,ICICIBANK.NS
2025-04-11,1290.7252197265625,1303.8622226242683,1284.2796640863085,1284.2796640863085,13064247,ICICIBANK.NS
2025-04-15,1328.66015625,1332.6948448810174,1314.8834988213314,1329.4474418665204,15202603,ICICIBANK.NS
2025-04-16,1334.7613525390625,1338.0086355110902,1321.4767182608662,1335.35175670462,14039073,ICICIBANK.NS
2025-04-17,1384.2587890625,1386.4237644145942,1338.4022254639915,1340.271938683508,17490424,ICICIBANK.NS
2025-04-21,1387.3095703125,1413.0915548092914,1382.2908342910866,1413.0915548092914,16882426,ICICIBANK.NS
2025-04-22,1393.902587890625,1396.1659440599142,1376.5833845612567,1390.2616620074302,16135274,ICICIBANK.NS
2025-04-23,1401.676513671875,1407.0887719511927,1388.7855225220842,1406.2031056627204,13990764,ICICIBANK.NS
2025-04-24,1380.3226318359375,1398.5275007158652,1376.4849447649922,1393.7057666784372,15678099,ICICIBANK.NS
2025-04-25,1382.38916015625,1392.2296293483562,1366.2507666566128,1387.5061560869792,11705093,ICICIBANK.NS
2025-04-28,1406.00634765625,1412.1073907727903,1381.4051736009749,1383.1763860592027,10948561,ICICIBANK.NS
2025-04-29,1406.9903564453125,1415.354755397171,1399.9051464358704,1406.0063095097996,10786910,ICICIBANK.NS
2025-04-30,1404.235107421875,1410.828174453101,1377.665837694902,1410.1393895834246,14192027,ICICIBANK.NS
2025-05-02,1407.2855224609375,1423.5222971739024,1401.8732642232824,1404.136620262742,8842434,ICICIBANK.NS
2025-05-05,1406.5968017578125,1423.719243532893,1403.251017942901,1417.0276759030696,4565705,ICICIBANK.NS
2025-05-06,1408.7615966796875,1410.8280712604956,1397.740318833432,1406.2030986214052,6301690,ICICIBANK.NS
2025-05-07,1412.5010986328125,1418.9957848579238,1398.3307976997987,1402.2669857299177,10480453,ICICIBANK.NS
2025-05-08,1412.5994873046875,1425.7857413048096,1403.3494213569647,1415.6500090207114,15306490,ICICIBANK.NS
2025-05-09,1366.742919921875,1397.2483773146432,1364.8732065732167,1392.6232842813388,13491197,ICICIBANK.NS
2025-05-12,1425.39208984375,1429.8203013758846,1381.601998025975,1386.9158758891217,9925445,ICICIBANK.NS
2025-05-13,1407.777587890625,1424.8016487219365,1404.6286855985884,1417.126034216079,12475424,ICICIBANK.NS
2025-05-14,1403.44775390625,1417.7164351068907,1394.6898318883327,1407.088799803615,8026837,ICICIBANK.NS
2025-05-15,1427.6553955078125,1433.2644152009339,1392.9184893353395,1403.152601872172,18209264,ICICIBANK.NS
2025-05-16,1430.8043212890625,1435.4292940858757,1423.915992369514,1430.115536446277,6439208,ICICIBANK.NS
2025-05-19,1425.8841552734375,1436.413410510274,1420.7671587350164,1423.4240376832488,6005334,ICICIBANK.NS
2025-05-20,1415.25634765625,1435.724573309837,1412.5994688048465,1427.0649116587983,11352383,ICICIBANK.NS
2025-05-21,1421.6527099609375,1428.1475165201844,1415.5516663650185,1419.88149736354,5510460,ICICIBANK.NS
2025-05-22,1419.0941162109375,1422.2431385993382,1405.0223165661077,1418.11006923761,7245933,ICICIBANK.NS
2025-05-23,1426.67138671875,1428.639480716087,1411.5170389146704,1419.1925334305297,5203706,ICICIBANK.NS
2025-05-26,1437.2989501953125,1448.1234666381572,1431.7883113035389,1434.7404521515875,5608725,ICICIBANK.NS
2025-05-27,1423.3255615234375,1439.660717201896,1412.7961868700127,1429.3282240162364,14842959,ICICIBANK.NS
2025-05-28,1430.6075439453125,1434.7404932016627,1419.487765050342,1424.5063806110309,8618343,ICICIBANK.NS
2025-05-29,1433.264404296875,1439.5623288964678,1421.9478642011566,1433.3627849687755,15545514,ICICIBANK.NS
2025-05-30,1422.7352294921875,1437.5943154688398,1421.2591589622632,1436.6102684488903,11803975,ICICIBANK.NS
2025-06-02,1427.3602294921875,1436.7086763589064,1409.9426449581042,1418.9958296640707,9458990,ICICIBANK.NS
2025-06-03,1414.961181640625,1431.7883610343827,1409.1552804132207,1431.6899803606145,11167345,ICICIBANK.NS
2025-06-04,1408.1712646484375,1417.1260683724902,1403.6446724484365,1414.4691895072294,8025388,ICICIBANK.NS
2025-06-05,1431.591552734375,1435.724501880477,1404.5302615748733,1408.072806574806,11385668,ICICIBANK.NS
2025-06-06,1436.413330078125,1438.0862820195339,1419.0941272375726,1425.4904326139017,11580994,ICICIBANK.NS
2025-06-09,1411.9107666015625,1443.40027245163,1410.5330766960358,1441.6289396983907,11022031,ICICIBANK.NS
2025-06-10,1400.200439453125,1418.7004501751119,1393.902514902332,1416.0435714397854,12905272,ICICIBANK.NS
2025-06-11,1408.1712646484375,1411.6154291671444,1395.9690577575766,1399.1180802484353,7136877,ICICIBANK.NS
2025-06-12,1402.4637451171875,1413.5835243358638,1397.3467487343728,1407.679242298958,7953247,ICICIBANK.NS
2025-06-13,1393.5089111328125,1398.822788875249,1381.2083238229704,1381.2083238229704,7573103,ICICIBANK.NS
2025-06-16,1404.13671875,1406.2031934701922,1391.639249505445,1394.000986381205,5451137,ICICIBANK.NS
2025-06-17,1400.49560546875,1406.990411596049,1395.1818479070278,1404.1366513466178,6970098,ICICIBANK.NS
2025-06-18,1390.064697265625,1409.1552321163663,1387.7029605615166,1394.3945278693373,6751745,ICICIBANK.NS
2025-06-19,1388.78564453125,1392.1313083904192,1382.2908379271437,1385.538241229197,8849883,ICICIBANK.NS
2025-06-20,1404.33349609375,1410.4346597691706,1387.7030772194692,1388.7856250535913,12408178,ICICIBANK.NS
2025-06-23,1397.4451904296875,1400.4957122573712,1389.3760526760818,1394.394668602004,5514384,ICICIBANK.NS
2025-06-24,1401.38134765625,1412.993150628414,1393.9026142728064,1404.9238929302046,11188438,ICICIBANK.NS
2025-06-25,1403.05419921875,1406.104720760603,1392.7217061711412,1399.3147727333048,7527388,ICICIBANK.NS
2025-06-26,1416.1419677734375,1424.4079863300926,1399.0195265038492,1402.0701682033073,13617435,ICICIBANK.NS
2025-06-27,1438.8734130859375,1442.6128395732899,1414.1738584793554,1415.9451910518737,22532899,ICICIBANK.NS
2025-06-30,1422.7352294921875,1438.5783624887893,1419.291064922364,1438.4799818113797,6325073,ICICIBANK.NS
2025-07-01,1409.1552734375,1424.506382279972,1406.7935366641375,1422.6366689959384,7761449,ICICIBANK.NS
2025-07-02,1405.0223388671875,1427.8521809615802,1399.905222450911,1409.352049520214,13372280,ICICIBANK.NS
2025-07-03,1403.152587890625,1423.030288484485,1400.9876124993152,1409.253631009119,10177738,ICICIBANK.NS
2025-07-04,1419.7830810546875,1421.35753225384,1398.4291887589882,1404.2350901711065,5066503,ICICIBANK.NS
2025-07-07,1412.796142578125,1417.9132587357801,1406.7934802735126,1414.0754516482682,5177477,ICICIBANK.NS
2025-07-08,1418.9957275390625,1421.947868442403,1407.1871639257,1409.1552578612602,5315847,ICICIBANK.NS
2025-07-09,1409.0570068359375,1415.7484547587683,1403.8415093776578,1413.2883371129633,8827347,ICICIBANK.NS
2025-07-10,1401.38134765625,1416.0436723886824,1399.4132536015054,1413.8788169776346,7795964,ICICIBANK.NS
2025-07-11,1399.2164306640625,1405.2190932422636,1392.032839631232,1399.3148113378843,7158015,ICICIBANK.NS
2025-07-14,1400.2989501953125,1402.1686636122888,1393.5090015352046,1402.1686636122888,5846154,ICICIBANK.NS
2025-07-15,1407.9744873046875,1410.9266282871913,1396.3626847243358,1398.429159387504,6041457,ICICIBANK.NS
2025-07-16,1403.6446533203125,1406.3999128239755,1396.4610622300193,1403.2510104989537,5649093,ICICIBANK.NS
2025-07-17,1396.0675048828125,1400.495716617636,1387.0143200519017,1398.3308611520058,12927394,ICICIBANK.NS
2025-07-18,1403.05419921875,1406.2031014317106,1386.0301388149505,1393.213729649599,11297246,ICICIBANK.NS
2025-07-21,1442.4161376953125,1444.2857308931439,1414.07553610418,1424.9000530820128,13867136,ICICIBANK.NS
2025-07-22,1450.0916748046875,1458.3576938551728,1446.25386737522,1450.5836983181339,8930165,ICICIBANK.NS
2025-07-23,1464.852294921875,1466.2299847038992,1449.1075434082761,1459.243275244324,11974174,ICICIBANK.NS
2025-07-24,1459.7353515625,1464.9507286163912,1454.5198543856832,1463.9666816111749,6700578,ICICIBANK.NS
2025-07-25,1453.5357666015625,1476.0704664133914,1450.0916021799312,1476.0704664133914,8696077,ICICIBANK.NS
2025-07-28,1464.6556396484375,1469.969517693696,1453.5358600374882,1453.5358600374882,7507479,ICICIBANK.NS
2025-07-29,1462.4906005859375,1466.0332658775797,1451.8629650797843,1456.2911765714125,9776027,ICICIBANK.NS
2025-07-30,1458.7513427734375,1464.754005637929,1453.7327269399423,1463.9667199639605,7238625,ICICIBANK.NS
2025-07-31,1457.767333984375,1470.6583264040125,1440.6448911712775,1446.4507928310486,12406146,ICICIBANK.NS
2025-08-01,1448.12353515625,1461.408169601032,1446.3523226373668,1456.7831967694258,4416771,ICICIBANK.NS
2025-08-04,1439.8575439453125,1455.2087734738848,1437.987950715613,1453.240679444368,6140054,ICICIBANK.NS
2025-08-05,1421.357421875,1438.184600497358,1418.0116382597967,1429.820201520808,14799343,ICICIBANK.NS
2025-08-06,1420.5703125,1430.8044259536912,1418.6022183790183,1419.291123395121,7805252,ICICIBANK.NS
2025-08-07,1417.322998046875,1424.8017315172433,1406.301599138448,1418.110163604165,7432535,ICICIBANK.NS
2025-08-08,1412.9931640625,1424.5064663430474,1409.1553565946745,1422.8336344297813,5415511,ICICIBANK.NS
2025-08-11,1413.681884765625,1415.4532174004985,1397.7403715434584,1405.1207239838918,8492484,ICICIBANK.NS
2025-08-12,1410.112060546875,1421.8134608053708,1408.2279203629066,1419.0368204237539,5913947,ICICIBANK.NS
2025-08-13,1408.922119140625,1415.7643381003145,1403.368838463484,1412.6902784003407,9009465,ICICIBANK.NS
2025-08-14,1415.3677978515625,1419.1359571615956,1400.1956576735638,1400.1956576735638,7577793,ICICIBANK.NS
2025-08-18,1422.606689453125,1440.2579294966365,1419.0368097392131,1437.8779693374279,6908844,ICICIBANK.NS
2025-08-19,1424.29248046875,1426.474039895735,1414.3760811646432,1419.1358802007367,6709554,ICICIBANK.NS
2025-08-20,1418.64013671875,1423.8958770531979,1411.1036970512757,1420.6234166864958,5817858,ICICIBANK.NS
2025-08-21,1433.911376953125,1435.6963772945633,1424.3916575816534,1428.0606770004104,6238645,ICICIBANK.NS
2025-08-22,1424.3917236328125,1433.9114434457279,1417.450243616132,1432.2257038615987,6657207,ICICIBANK.NS
2025-08-25,1421.2183837890625,1423.8958843891958,1412.0953443103494,1423.8958843891958,6738427,ICICIBANK.NS
2025-08-26,1404.7572021484375,1415.9627825871721,1401.2864621426106,1415.9627825871721,8720155,ICICIBANK.NS
2025-08-28,1387.4034423828125,1399.9973424915918,1384.6269231275805,1396.2290622275916,12990789,ICICIBANK.NS
2025-08-29,1386.1143798828125,1393.254139151069,1380.4619594997932,1380.4619594997932,8519507,ICICIBANK.NS
2025-09-01,1399.2039794921875,1400.5922996421114,1386.4117998354175,1386.4117998354175,4927348,ICICIBANK.NS
2025-09-02,1382.54443359375,1402.0798141390458,1378.3795940317052,1402.0798141390458,7163073,ICICIBANK.NS
2025-09-03,1385.321044921875,1388.2959648465462,1372.6280048233573,1377.387925122752,9813382,ICICIBANK.NS
2025-09-04,1393.75,1403.2697196534332,1390.180120261188,1398.1132401473494,10564859,ICICIBANK.NS
2025-09-05,1391.0726318359375,1399.699851362779,1376.098771088494,1399.2040313658385,6621077,ICICIBANK.NS
2025-09-08,1390.973388671875,1398.807368933041,1385.9160488487796,1390.4775686686341,5880943,ICICIBANK.NS
2025-09-09,1391.9649658203125,1395.7332460946977,1383.5360261458507,1387.304306420236,6470679,ICICIBANK.NS
2025-09-10,1392.163330078125,1401.8813288190768,1390.3783297737682,1398.2123094765393,7452347,ICICIBANK.NS
2025-09-11,1389.882568359375,1396.2290884258164,1384.3294086949145,1386.3126886500647,10192026,ICICIBANK.NS
2025-09-12,1405.847900390625,1407.8311802789096,1388.39506158368,1393.3532613043915,7770038,ICICIBANK.NS
2025-09-15,1407.5338134765625,1414.8719735471493,1404.4597537449094,1410.1120532176328,5845637,ICICIBANK.NS
2025-09-16,1409.71533203125,1412.987792293879,1401.8813521978338,1402.1788926034542,8213151,ICICIBANK.NS
2025-09-17,1407.33544921875,1414.1777894755733,1404.5589298296168,1408.2279494348236,7484283,ICICIBANK.NS
2025-09-18,1409.814453125,1420.821753289835,1403.4680543540285,1419.1358927633355,8130537,ICICIBANK.NS
2025-09-19,1390.4775390625,1406.145499251229,1388.494259091765,1404.26135906907,13457344,ICICIBANK.NS
2025-09-22,1389.783447265625,1398.1132473992611,1385.5193468847744,1392.1634074537787,8847948,ICICIBANK.NS
2025-09-23,1382.6436767578125,1391.568436605077,1379.3712163938944,1379.3712163938944,12827524,ICICIBANK.NS
2025-09-24,1371.1405029296875,1379.2720231049968,1364.9923836933056,1374.8096433544556,9735678,ICICIBANK.NS
2025-09-25,1364.29833984375,1379.867039189023,1360.331779903573,1365.488259405882,21613389,ICICIBANK.NS
2025-09-26,1348.233642578125,1361.2241016242142,1345.655402935739,1356.563442311047,18342280,ICICIBANK.NS
2025-09-29,1336.829833984375,1355.076033842118,1334.9456938107846,1348.233693764239,20563163,ICICIBANK.NS
2025-09-30,1336.730712890625,1345.2587926353076,1331.3758327091439,1342.3830124406416,20166871,ICICIBANK.NS
2025-10-01,1360.530029296875,1367.8681892333634,1335.8381700071102,1336.7306701838102,20952632,ICICIBANK.NS
2025-10-03,1353.786865234375,1360.4309257938526,1349.9195661151996,1360.4309257938526,12163695,ICICIBANK.NS
2025-10-06,1352.001953125,1361.1249923873581,1347.73785285358,1359.5383926525742,14314283,ICICIBANK.NS
2025-10-07,1364.3974609375,1371.5372203120692,1352.2002408686599,1352.2002408686599,16126464,ICICIBANK.NS
2025-10-08,1358.8443603515625,1370.0498198860423,1352.8945202642897,1360.8276403806535,8100832,ICICIBANK.NS
2025-10-09,1364.69482421875,1367.173924045517,1353.687645197864,1358.3484255020637,7909575,ICICIBANK.NS
2025-10-10,1368.7607421875,1373.4214017735967,1358.8443421746942,1358.8443421746942,7673816,ICICIBANK.NS
2025-10-13,1367.8681640625,1374.8096436760768,1361.6207839903618,1361.6207839903618,8923018,ICICIBANK.NS
2025-10-14,1372.52880859375,1377.3878684808556,1363.6040491867466,1377.3878684808556,10610855,ICICIBANK.NS
2025-10-15,1386.7093505859375,1388.692630514965,1373.9171708337506,1374.9088107982643,8988550,ICICIBANK.NS
2025-10-16,1405.451416015625,1407.0380158006922,1387.7010358612888,1389.287635646356,12185032,ICICIBANK.NS
2025-10-17,1424.5899658203125,1427.5648857493748,1399.1048668479334,1400.1956466119625,17037215,ICICIBANK.NS
2025-10-20,1378.6771240234375,1432.9197829584125,1377.5862231965677,1429.944862993793,23330227,ICICIBANK.NS
2025-10-21,1370.4464111328125,1375.999570643796,1364.3974316467445,1372.9255110082336,3415560,ICICIBANK.NS
2025-10-23,1352.2994384765625,1378.1813396780694,1348.7295586366392,1373.4214191916344,21124942,ICICIBANK.NS
2025-10-24,1366.182373046875,1370.0497932383416,1356.66265330236,1356.66265330236,10570263,ICICIBANK.NS
2025-10-27,1366.083251953125,1375.206412664237,1362.5133721313011,1370.5456319928564,11499836,ICICIBANK.NS
2025-10-28,1351.7044677734375,1364.298368477702,1344.8621275230646,1361.521728041381,26477914,ICICIBANK.NS
2025-10-29,1358.9434814453125,1360.2325408166014,1347.043801434495,1353.191921020162,16129382,ICICIBANK.NS
2025-10-30,1351.0103759765625,1358.7450954369456,1349.9195961737937,1351.0103759765625,9324401,ICICIBANK.NS
2025-10-31,1334.0533447265625,1350.6136843601014,1332.07006472016,1345.6554843440952,15926798,ICICIBANK.NS
2025-11-03,1335.14404296875,1340.3005222505137,1326.715103456384,1329.2933430972657,11071450,ICICIBANK.NS
2025-11-04,1325.7235107421875,1338.5156906678078,1322.0543701938611,1331.375810196628,15211183,ICICIBANK.NS
2025-11-06,1309.3614501953125,1330.979129069885,1306.386530263507,1318.88116976713,24221853,ICICIBANK.NS
2025-11-07,1331.7724609375,1333.0616413002483,1307.576421800604,1309.3614221413634,7719245,ICICIBANK.NS
2025-11-10,1336.730712890625,1338.3173126722259,1329.7892329275433,1331.6733731274833,8542340,ICICIBANK.NS
2025-11-11,1346.944580078125,1349.0269997439532,1334.9456399539874,1337.7222802082897,8305184,ICICIBANK.NS
2025-11-12,1347.53955078125,1358.5467300041707,1344.0688109600715,1358.5467300041707,9736761,ICICIBANK.NS
2025-11-13,1374.3138427734375,1378.7762225869417,1347.142883699029,1347.5395638924115,18296626,ICICIBANK.NS
2025-11-14,1361.521728515625,1369.653128146561,1351.8036080349211,1362.513368521827,9694498,ICICIBANK.NS
2025-11-17,1367.4715576171875,1370.9422976111398,1362.1166774165574,1363.6041374139656,7660717,ICICIBANK.NS
2025-11-18,1361.9183349609375,1371.2397747243117,1357.6542347453071,1368.6614140079962,9529560,ICICIBANK.NS
2025-11-19,1371.5372314453125,1372.4297316368286,1360.133371680989,1362.0175118520117,10393918,ICICIBANK.NS
2025-11-20,1371.4381103515625,1376.6938507345087,1363.9016706145442,1368.5623301618334,10131863,ICICIBANK.NS
2025-11-21,1358.0509033203125,1364.4965629563708,1353.1918433847088,1361.5216431243439,11483595,ICICIBANK.NS
2025-11-24,1356.960205078125,1365.488284898759,1350.1178648436169,1361.8192653055182,15896003,ICICIBANK.NS
2025-11-25,1346.4488525390625,1365.3891524995797,1342.978112507823,1353.5886121834044,12235000,ICICIBANK.NS
2025-11-26,1363.5050048828125,1365.4882848899147,1348.5312650391513,1348.6304048295453,9659004,ICICIBANK.NS
2025-11-27,1380.5611572265625,1382.3461576434415,1364.1990972544559,1367.471557668799,15158741,ICICIBANK.NS
2025-11-28,1377.189697265625,1386.8085569633604,1374.0163765969262,1380.3628968845176,7683986,ICICIBANK.NS
2025-12-01,1378.478759765625,1388.2960201178482,1373.8181001180092,1382.3461800316288,8867593,ICICIBANK.NS
2025-12-02,1361.521728515625,1370.2482089901266,1359.1417682907786,1370.2482089901266,12126396,ICICIBANK.NS
2025-12-03,1379.8670654296875,1382.544445020301,1355.5718853340877,1355.5718853340877,7955933,ICICIBANK.NS
2025-12-04,1375.1070556640625,1379.9661155774988,1368.3639767054422,1375.4045960658268,7373909,ICICIBANK.NS
2025-12-05,1380.858642578125,1383.6352828825825,1369.4547830523452,1369.4547830523452,4942638,ICICIBANK.NS
2025-12-08,1377.98291015625,1383.2386505394277,1371.7356508298087,1375.404670384236,7826227,ICICIBANK.NS
2025-12-09,1363.7032470703125,1372.7272676950297,1361.9183677427457,1368.3640275890855,10492030,ICICIBANK.NS
2025-12-10,1352.2001953125,1367.8681547535796,1346.5478960855444,1366.3806948465074,8725381,ICICIBANK.NS
2025-12-11,1348.63037109375,1355.1751707435094,1341.490611666704,1352.299390595187,6734750,ICICIBANK.NS
2025-12-12,1354.5802001953125,1359.240859638436,1351.90282069391,1356.5634801370334,3890885,ICICIBANK.NS
2025-12-15,1353.786865234375,1358.5467856038574,1344.7629655399599,1344.7629655399599,5342530,ICICIBANK.NS
2025-12-16,1354.5802001953125,1357.257579696715,1344.1679805012782,1352.5969202535916,12359741,ICICIBANK.NS
2025-12-17,1341.0938720703125,1353.5885110391764,1331.8715722565005,1353.5885110391764,9440391,ICICIBANK.NS
2025-12-18,1345.4571533203125,1358.0509324595278,1334.2515732926577,1335.0449336848067,7314573,ICICIBANK.NS
2025-12-19,1342.7796630859375,1349.0270433350909,1339.5073238052678,1342.6805232986085,14318512,ICICIBANK.NS
2025-12-22,1357.059326171875,1359.8359665635035,1343.4739067302291,1346.647106277973,9375294,ICICIBANK.NS
2025-12-23,1351.605224609375,1353.5885044694035,1345.6553850292898,1349.7210845323889,9105467,ICICIBANK.NS
2025-12-24,1348.43212890625,1356.7618081188289,1346.2504482626368,1352.3986889312134,8955140,ICICIBANK.NS
2025-12-26,1339.110595703125,1350.6135947672478,1337.2264556120658,1345.159575111433,2812144,ICICIBANK.NS
2025-12-29,1332.070068359375,1344.3663075928198,1330.2850679288142,1340.7964277815033,6057201,ICICIBANK.NS
2025-12-30,1331.276611328125,1335.8381308143366,1326.9133714087848,1332.0699716952038,18621277,ICICIBANK.NS
2025-12-31,1331.67333984375,1338.7139594203709,1328.3017397359904,1331.574200056716,6150634,ICICIBANK.NS
2026-01-01,1326.8143310546875,1337.1274113505744,1324.8310510381634,1332.665031313395,4179311,ICICIBANK.NS
2026-01-02,1344.06884765625,1345.5563076202234,1325.12854832495,1326.8142878641993,8226205,ICICIBANK.NS
2026-01-05,1360.0341796875,1364.0007394532674,1341.2921605842894,1342.878760280637,6920565,ICICIBANK.NS
2026-01-06,1399.4022216796875,1401.7821817231495,1354.5801452353044,1360.5299848190614,17260416,ICICIBANK.NS
2026-01-07,1415.7642822265625,1417.9459627064246,1392.4607438290054,1396.2290239898057,15813795,ICICIBANK.NS
2026-01-08,1423.00341796875,1430.1431776389843,1411.4012782421678,1417.0535778936194,14861699,ICICIBANK.NS
2026-01-09,1392.56005859375,1417.549337423264,1389.7834182572258,1415.1693772847862,12555636,ICICIBANK.NS
2026-01-12,1401.286376953125,1412.3928169264516,1380.0652579976486,1388.1967781468372,10923811,ICICIBANK.NS
2026-01-13,1424.9866943359375,1429.746614803746,1399.3031938675902,1408.1288141663404,14295581,ICICIBANK.NS
2026-01-14,1406.5421142578125,1431.8289327125644,1403.0713744699053,1413.6818734015883,13832255,ICICIBANK.NS
2026-01-15,1406.5421142578125,1406.5421142578125,1406.5421142578125,1406.5421142578125,0,ICICIBANK.NS
2026-01-16,1399.0057373046875,1417.0535365865687,1388.494256638521,1406.0463569783972,12530886,ICICIBANK.NS
2026-01-19,1369.05810546875,1388.2959449153948,1348.6303464892405,1388.1968051292893,23302883,ICICIBANK.NS
2026-01-20,1364.29833984375,1376.1980196642805,1360.0342394881388,1363.207439020359,15012785,ICICIBANK.NS
2026-01-21,1337.7222900390625,1360.0341888721825,1328.3017105317451,1356.0676290796277,21766068,ICICIBANK.NS
2026-01-22,1334.2515869140625,1346.6470866066866,1326.814287098488,1343.7713064680374,17179765,ICICIBANK.NS
2026-01-23,1332.169189453125,1343.8704687287582,1324.5334888848981,1329.2934092663852,14056524,ICICIBANK.NS
2026-01-27,1350.0186767578125,1357.6542560921293,1317.492837384778,1328.7975572308817,25263634,ICICIBANK.NS
2026-01-28,1356.2659912109375,1368.859891948821,1351.2086513775284,1351.2086513775284,13242696,ICICIBANK.NS
2026-01-29,1372.0330810546875,1376.098780848474,1343.0772414479197,1347.6387612421634,23118234,ICICIBANK.NS
2026-01-30,1343.672119140625,1370.347257745332,1341.8871188281207,1356.7617179329986,24013717,ICICIBANK.NS
2026-02-02,1341.4906005859375,1343.0772003288644,1317.9886606539171,1318.7820210502812,12800245,ICICIBANK.NS
2026-02-03,1378.08203125,1405.15385111339,1361.918372212169,1400.1956512153185,24896698,ICICIBANK.NS
2026-02-04,1396.625732421875,1402.1788919423802,1375.3054734566974,1375.4046132419246,11080683,ICICIBANK.NS
2026-02-05,1384.8251953125,1402.1788945018798,1381.5527350454402,1402.1788945018798,8982761,ICICIBANK.NS
2026-02-06,1394.344970703125,1398.7082108846507,1383.0402505668367,1385.0235305539115,10851190,ICICIBANK.NS
2026-02-09,1384.626953125,1402.1789323590788,1377.1896532716103,1401.6831123688528,7889742,ICICIBANK.NS
2026-02-10,1394.7415771484375,1397.716496971719,1383.8335377964056,1389.2875574724217,16497628,ICICIBANK.NS
2026-02-11,1394.344970703125,1401.1873108684945,1388.6926711598828,1395.6341511146452,8551341,ICICIBANK.NS
2026-02-12,1418.045166015625,1421.0200859443291,1393.5517070225485,1394.3449463736551,19646265,ICICIBANK.NS
2026-02-13,1402.77392578125,1422.4084462850303,1398.9065055547715,1413.3845464564506,12228083,ICICIBANK.NS
2026-02-16,1399.7989501953125,1402.1789103209517,1388.7917707952565,1392.2625106722887,5000042,ICICIBANK.NS
2026-02-17,1395.7332763671875,1401.782256054804,1381.9494563906167,1394.4440959690942,11756187,ICICIBANK.NS
2026-02-18,1396.4273681640625,1400.4931889124357,1387.2051890014204,1398.3115083316352,4758071,ICICIBANK.NS
2026-02-19,1377.189697265625,1400.4932375506726,1373.2231372171063,1396.7249570846573,14323091,ICICIBANK.NS
2026-02-20,1382.8419189453125,1391.9649581225938,1372.4296994050287,1376.8920792080073,10337877,ICICIBANK.NS
2026-02-23,1387.7010498046875,1396.5266700756697,1383.6353499865377,1388.29600959884,10728445,ICICIBANK.NS
2026-02-24,1373.2230224609375,1389.1884011120849,1370.7439226377844,1389.1884011120849,18274784,ICICIBANK.NS
2026-02-25,1388.791748046875,1395.634087902335,1376.5945282588896,1380.164528913772,16297015,ICICIBANK.NS
2026-02-26,1393.155029296875,1398.2123689746954,1380.4619891586024,1393.3533088725535,27288792,ICICIBANK.NS
2026-02-27,1367.3724365234375,1390.4775761692113,1365.1907558675261,1388.296016563106,15096898,ICICIBANK.NS
2026-03-02,1362.5133056640625,1367.6697850385044,1343.672146415433,1343.672146415433,16928683,ICICIBANK.NS
2026-03-04,1353.9852294921875,1364.4965888884906,1314.9145907457403,1314.9145907457403,20009132,ICICIBANK.NS
2026-03-05,1346.2503662109375,1359.3400861254038,1336.3339667529167,1357.45594601842,17590491,ICICIBANK.NS
2026-03-06,1302.419921875,1346.2503588188658,1299.4450020539286,1327.8058801381828,22778852,ICICIBANK.NS
2026-03-09,1267.7125244140625,1271.9765035292385,1240.6407056127512,1262.060104122135,16116652,ICICIBANK.NS
2026-03-10,1300.9324951171875,1304.006554800674,1274.8523156012538,1276.8355955325096,19136143,ICICIBANK.NS
2026-03-11,1283.777099609375,1295.5776396338345,1280.1080800869731,1289.1319797351587,13224259,ICICIBANK.NS
2026-03-12,1255.9119873046875,1269.7949465011072,1247.780588195275,1265.0350263567016,19676187,ICICIBANK.NS
2026-03-13,1244.3099365234375,1251.747236619689,1238.2608356053079,1241.434156276259,17344394,ICICIBANK.NS
2026-03-16,1262.258544921875,1266.125965023717,1229.7327054112554,1244.5081652081492,22740688,ICICIBANK.NS
2026-03-17,1277.9263916015625,1283.578812107693,1262.3576923623407,1268.2083924442081,22303102,ICICIBANK.NS
2026-03-18,1278.521484375,1286.2562036480494,1260.1761446052265,1275.2490239961462,12961135,ICICIBANK.NS
2026-03-19,1239.6490478515625,1275.1498056385733,1233.3025281122907,1257.0027465645267,14422899,ICICIBANK.NS
2026-03-20,1234.9884033203125,1263.34928134462,1231.3192629188682,1247.8797225177066,16421006,ICICIBANK.NS
2026-03-23,1212.4781494140625,1224.5762297429494,1207.9166297375125,1216.3455695278035,17049534,ICICIBANK.NS
2026-03-24,1240.7398681640625,1243.4173686829902,1213.46976929413,1226.757768953439,20617782,ICICIBANK.NS
2026-03-25,1249.1688232421875,1262.2585434912949,1243.9132040249544,1248.3755838951454,17290030,ICICIBANK.NS
2026-03-27,1223.4854736328125,1250.358893273775,1219.8163330232837,1245.499833090769,23630905,ICICIBANK.NS
2026-03-30,1195.8187255859375,1212.3790655174357,1190.3647054702,1206.3300855990337,23952775,ICICIBANK.NS
2026-04-01,1202.561767578125,1223.6837477872427,1199.884388024768,1217.8330476356737,25472333,ICICIBANK.NS
2026-04-02,1205.635986328125,1211.883245832491,1177.67166509731,1186.001465486272,20851722,ICICIBANK.NS
2026-04-06,1221.10546875,1224.0803886246306,1190.4637698313447,1202.8592693089724,10058414,ICICIBANK.NS
2026-04-07,1235.0875244140625,1239.9465842479708,1206.429106422035,1218.7254656803555,25600557,ICICIBANK.NS
2026-04-08,1298.2550048828125,1322.3519046587187,1281.595525957938,1299.048365281531,25148651,ICICIBANK.NS
2026-04-09,1270.58837890625,1297.065118454786,1265.2334987026684,1289.032858674316,22923062,ICICIBANK.NS
2026-04-10,1310.848876953125,1312.931296642674,1277.7280783414542,1278.2238983175278,18174755,ICICIBANK.NS
2026-04-13,1339.8046875,1345.655387306946,1285.8594510059597,1293.9909710757174,30572141,ICICIBANK.NS
2026-04-15,1336.829833984375,1353.3902942945808,1326.8142943876721,1346.647094004827,23827473,ICICIBANK.NS
2026-04-16,1334.2515869140625,1355.4727065977952,1328.995846624469,1340.697246754227,24017236,ICICIBANK.NS
2026-04-17,1335.540771484375,1341.5897511433582,1322.8477313394578,1335.7390510601572,18151993,ICICIBANK.NS
2026-04-20,1344.862060546875,1364.893260297481,1341.6888611060856,1353.2910001768837,21551520,ICICIBANK.NS
2026-04-21,1376.79296875,1381.4536282235813,1348.6303691835594,1356.5634890022861,23312455,ICICIBANK.NS
2026-04-22,1356.166748046875,1368.5622472083335,1353.588508431251,1368.463107425001,13613487,ICICIBANK.NS
2026-04-23,1336.730712890625,1342.680552858981,1332.268332914358,1337.1273930984762,20111792,ICICIBANK.NS
2026-04-24,1315.1129150390625,1337.5240758015216,1312.931355466517,1325.1285758443225,14056743,ICICIBANK.NS
2026-04-27,1303.114013671875,1324.7318126631535,1299.9408143015023,1316.7986931874252,15385625,ICICIBANK.NS
2026-04-28,1281.1988525390625,1306.6839515728986,1275.943112231791,1303.3124724850059,16774778,ICICIBANK.NS
2026-04-29,1270.290771484375,1285.9587310592146,1265.5308513211887,1283.876190331697,11716030,ICICIBANK.NS
2026-04-30,1252.8380126953125,1261.5643721523936,1248.474772441869,1250.4580524616338,17740110,ICICIBANK.NS
2026-05-01,1252.8380126953125,1252.8380126953125,1252.8380126953125,1252.8380126953125,0,ICICIBANK.NS
2026-05-04,1260.1761474609375,1271.4807465048432,1253.7304875272214,1253.7304875272214,14597051,ICICIBANK.NS
2026-05-05,1240.839111328125,1256.11026963796,1235.0875512284588,1253.4328902069624,24447935,ICICIBANK.NS
2026-05-06,1268.8033447265625,1272.0758050555082,1241.6323852719695,1251.449645209005,22909586,ICICIBANK.NS
2026-05-07,1268.3074951171875,1283.1820943562475,1262.5559349914981,1273.9597944081108,25028552,ICICIBANK.NS
2026-05-08,1254.226318359375,1268.902517705381,1250.6563175253964,1268.902517705381,11137424,ICICIBANK.NS
2026-05-11,1255.8128662109375,1265.035045184508,1241.5332266149906,1248.871386509416,18980488,ICICIBANK.NS
2026-05-12,1229.93115234375,1249.3672723222166,1225.9645923052954,1245.4998520747622,21110708,ICICIBANK.NS
2026-05-13,1225.2703857421875,1238.7566658178762,1216.940585355795,1227.9478864287817,19490295,ICICIBANK.NS
2026-05-14,1235.5833740234375,1246.193873036946,1225.6669745529443,1228.7410341788377,16535600,ICICIBANK.NS
2026-05-15,1234.095947265625,1247.4830869105315,1231.616847331383,1236.178367000428,11745614,ICICIBANK.NS
2026-05-18,1240.6407470703125,1243.218986792355,1221.7004477797907,1225.171187688256,13918850,ICICIBANK.NS
2026-05-19,1230.4268798828125,1245.7972988767476,1219.518840596794,1240.6406985843882,38929053,ICICIBANK.NS
2026-05-20,1226.9561767578125,1229.3360158332805,1213.0732172518474,1219.7171565954964,14953103,ICICIBANK.NS
2026-05-21,1232.41015625,1237.8641758775068,1224.0803566089394,1234.8892560806848,14394386,ICICIBANK.NS
2026-05-22,1253.73046875,1260.1761285871792,1231.6168488886804,1231.6168488886804,11601085,ICICIBANK.NS
2026-05-25,1281.0006103515625,1282.6863499447102,1260.2753099809177,1260.3744497717253,13853923,ICICIBANK.NS
2026-05-26,1268.4066162109375,1290.9169153575494,1265.5308361904704,1279.215515708668,18400405,ICICIBANK.NS
2026-05-27,1262.0601806640625,1282.587201311576,1256.1103406589523,1275.2490410953124,18366272,ICICIBANK.NS
2026-05-28,1262.0601806640625,1262.0601806640625,1262.0601806640625,1262.0601806640625,0,ICICIBANK.NS
2026-05-29,1245.896484375,1277.0340036893715,1237.4675446174365,1264.4401034217194,31007884,ICICIBANK.NS
2026-06-01,1229.3360595703125,1251.3505402000205,1225.5679002002253,1246.5906197801364,9911975,ICICIBANK.NS
2026-06-02,1216.3455810546875,1227.3527606751832,1210.4948809348448,1222.692101166893,17920892,ICICIBANK.NS
2026-06-03,1231.6168212890625,1237.8642014111729,1203.5533622069204,1209.7016025437176,13934754,ICICIBANK.NS
2026-06-04,1241.2357177734375,1251.7471984286103,1221.8987381131592,1221.8987381131592,19461560,ICICIBANK.NS
2026-06-05,1251.548828125,1254.4246083541127,1239.5500082550523,1246.4914883012805,10166393,ICICIBANK.NS
2026-06-08,1239.748291015625,1243.516571470306,1232.7076711606426,1235.98013161075,10714196,ICICIBANK.NS
2026-06-09,1264.3409423828125,1269.2000023713417,1242.2273229706288,1244.5081432866116,22368579,ICICIBANK.NS
2026-06-10,1282.488037109375,1295.0818164605482,1260.6719575059049,1260.6719575059049,25951584,ICICIBANK.NS
2026-06-11,1305.9898681640625,1321.8561080202699,1275.7448484381675,1275.7448484381675,35919374,ICICIBANK.NS
2026-06-12,1329.5909423828125,1333.0616823357286,1307.6756018402702,1318.881182108178,18339846,ICICIBANK.NS
2026-06-15,1316.501220703125,1351.3077599885314,1314.2205213660739,1343.2755003149457,16172921,ICICIBANK.NS
2026-06-16,1323.145263671875,1326.1201835892518,1315.2121438922036,1320.7653035280132,13069159,ICICIBANK.NS
2026-06-17,1325.6243896484375,1334.7474291543856,1322.2527894658729,1330.7808691866162,8026424,ICICIBANK.NS
2026-06-18,1331.078369140625,1335.6398887549333,1320.2694693470728,1322.4510288431072,13467985,ICICIBANK.NS
2026-06-19,1335.2431640625,1340.994724069171,1320.8643850956182,1329.293324489997,9057322,ICICIBANK.NS
2026-06-22,1341.0938720703125,1351.307690769155,1337.1273123310036,1341.6888318212496,4814845,ICICIBANK.NS
2026-06-23,1327.11181640625,1357.654254763427,1320.3686162099664,1346.647075338441,11884879,ICICIBANK.NS
2026-06-24,1362.11669921875,1366.0832592753275,1329.3925787519856,1329.3925787519856,16440708,ICICIBANK.NS
2026-06-25,1375.9005126953125,1392.2625728462838,1368.562352417643,1370.3473528540349,17173209,ICICIBANK.NS
2026-06-26,1375.9005126953125,1375.9005126953125,1375.9005126953125,1375.9005126953125,0,ICICIBANK.NS
2026-06-29,1375.9996337890625,1390.2792739367474,1371.6363935981306,1378.379593988644,13249405,ICICIBANK.NS
2026-06-30,1363.7032470703125,1390.2792468566804,1354.6793474953972,1390.2792468566804,18398057,ICICIBANK.NS
2026-07-01,1368.264892578125,1373.5205118412996,1356.2659519824388,1359.935092537661,11948034,ICICIBANK.NS
2026-07-02,1388.2960205078125,1393.2542205810548,1365.2900205878914,1370.347360452637,15779429,ICICIBANK.NS
2026-07-03,1399.6007080078125,1408.128787723501,1394.1466880553623,1402.1789477753737,12901785,ICICIBANK.NS
2026-07-06,1414.9710693359375,1419.6317286825692,1399.7989296759679,1400.1956098660596,12306949,ICICIBANK.NS
2026-07-07,1402.873046875,1421.0201071305735,1398.212387337131,1419.6317869331858,15664178,ICICIBANK.NS
2026-07-08,1369.05810546875,1406.4430046152802,1364.397446073597,1398.5098849300493,10573142,ICICIBANK.NS
2026-07-09,1369.1572265625,1391.8658055614053,1365.7857475821456,1371.3389070760331,13948838,ICICIBANK.NS
2026-07-10,1389.48583984375,1396.4273194454097,1377.9828407138161,1378.081980498166,6409645,ICICIBANK.NS
2026-07-13,1397.716552734375,1401.1872926666704,1374.710553603081,1381.850313043882,10091437,ICICIBANK.NS
2026-07-14,1395.9315185546875,1399.9973392167874,1380.36281965522,1388.2959393084109,14133017,ICICIBANK.NS
2026-07-15,1404.3604736328125,1416.061873669893,1397.4189938599209,1401.0881343697583,12961648,ICICIBANK.NS
2026-07-16,1406.34375,1411.7977698077207,1394.4440704195183,1408.2278901435363,10165264,ICICIBANK.NS
2026-07-17,1432.2257080078125,1442.935347434669,1407.8312670387277,1410.2112272612976,11112550,ICICIBANK.NS
2026-07-20,1447.99267578125,1467.6271961496604,1427.4657762550246,1432.4239762420166,22236415,ICICIBANK.NS
2026-07-21,1450.868408203125,1461.5781682422519,1444.4227484323062,1457.7107481698004,18269907,ICICIBANK.NS
2026-07-22,1428.6556396484375,1454.1408592092237,1426.374940373995,1454.1408592092237,8345136,ICICIBANK.NS
2026-07-23,1422.606689453125,1433.9114094220142,1414.673569622298,1420.5242697074934,12409328,ICICIBANK.NS
2026-07-24,1420.9208984375,1427.9615178223592,1403.5671994361867,1416.0618385071728,10870914,ICICIBANK.NS
2026-07-27,1433.6138916015625,1436.8863520032721,1416.8552725346733,1423.6974916567503,10608300,ICICIBANK.NS
2026-07-28,1418.8385009765625,1433.8122401392648,1405.7487808950839,1430.2423604987887,19486209,ICICIBANK.NS
2026-07-29,1425.879150390625,1436.3905099608405,1416.557710375603,1430.4406700852692,10856166,ICICIBANK.NS
2026-07-30,1421.91259765625,1430.143136895818,1410.7070174140658,1419.13595728037,14141173,ICICIBANK.NS
2026-07-31,1423.4000244140625,1429.8456841613988,1419.4334645695478,1422.309244666781,8752440,ICICIBANK.NS
2026-08-03,,,,,4096003,ICICIBANK.NS
