Date,Close,High,Low,Open,Volume,Ticker
2020-01-01,619.7403564453125,622.3897387047475,616.123777690043,618.1844026324181,2112415,INFY.NS
2020-01-02,617.9320678710938,623.062557139031,614.7360228516574,621.4645602966463,5658200,INFY.NS
2020-01-03,627.4360961914062,629.1182304975495,617.2592041731061,617.2592041731061,7882938,INFY.NS
2020-01-06,621.4224853515625,633.9964503630143,619.4459979490006,627.5202226022485,6519403,INFY.NS
2020-01-07,612.2127685546875,624.576413976731,609.8577395841436,620.7075258131158,7899363,INFY.NS
2020-01-08,604.054443359375,613.1379584021026,595.7278579583198,609.731646677913,8639443,INFY.NS
2020-01-09,611.9183959960938,615.240621512479,600.7742562352731,606.9981736921635,13521186,INFY.NS
2020-01-10,620.8336791992188,624.8287477877989,614.3994955700625,622.7681231962308,9341405,INFY.NS
2020-01-13,650.6075439453125,653.9297697628099,635.0057571330179,639.2110932729718,36952038,INFY.NS
2020-01-14,652.3737182617188,653.4670952274895,645.2666909822158,647.579625512934,11414418,INFY.NS
2020-01-15,645.5609741210938,650.859686024242,641.0192430618195,650.859686024242,6047430,INFY.NS
2020-01-16,645.0985107421875,649.7243801151758,639.4213074207928,648.2104694964037,5740586,INFY.NS
2020-01-17,645.8133544921875,650.0607844299849,641.1033992493434,648.2104265364883,3762957,INFY.NS
2020-01-20,646.3181762695312,651.3225369661824,641.6923061244154,648.9675074609296,3887680,INFY.NS
2020-01-21,641.3136596679688,648.0421964251409,639.8417922523373,646.3180191480478,4448374,INFY.NS
2020-01-22,647.7899780273438,654.3502920249273,644.2574854641315,646.3181104038944,9733935,INFY.NS
2020-01-23,659.6909790039062,660.6582267315861,653.2568462980249,653.5932423472493,12528017,INFY.NS
2020-01-24,658.3452758789062,661.4992775199742,650.6494913408358,652.4578061489128,7540490,INFY.NS
2020-01-27,654.4343872070312,660.069547881193,651.3224795424171,655.2334113376766,3741610,INFY.NS
2020-01-28,654.3502197265625,657.5462645174204,649.3038170037356,656.873421087976,5121009,INFY.NS
2020-01-29,664.1907958984375,666.7980837544111,659.6069692687182,661.5834567077947,6832757,INFY.NS
2020-01-30,656.6210327148438,664.1906358940819,654.350141494141,664.1906358940819,3859680,INFY.NS
2020-01-31,652.6260986328125,660.1957033693199,648.9674255427001,656.4949871864937,6092028,INFY.NS
2020-02-03,645.4349365234375,665.242057181126,642.9958213109562,657.7144960957066,6416745,INFY.NS
2020-02-04,662.634765625,664.35899443358,647.7058229908439,647.7058229908439,5771311,INFY.NS
2020-02-05,659.859130859375,661.0786883248703,651.3223312702238,656.8733531574093,6310409,INFY.NS
2020-02-06,648.7571411132812,661.7516391580695,647.6217209675293,659.6910143244213,7341622,INFY.NS
2020-02-07,653.7614135742188,655.0650572465045,648.4627013785246,652.6259935803769,2853344,INFY.NS
2020-02-10,650.3131103515625,654.3502222786368,647.4114185076872,650.985953783631,3827682,INFY.NS
2020-02-11,650.6075439453125,655.2754567937272,646.9489220374206,655.191370604796,4312817,INFY.NS
2020-02-12,656.9154663085938,658.7658242465668,651.9111066586198,652.4998639117927,2948825,INFY.NS
2020-02-13,666.33544921875,667.8073167304354,657.8827346328608,660.2377123846245,4387430,INFY.NS
2020-02-14,661.457275390625,672.1808816342858,659.9012703505496,668.2278557324347,5321680,INFY.NS
2020-02-17,663.9804077148438,667.3446759899614,658.8078247079864,664.6952941894423,2929629,INFY.NS
2020-02-18,670.8772583007812,672.0547215548595,659.1023177519982,660.2377379139069,5083346,INFY.NS
2020-02-19,673.2321166992188,676.9327808428955,669.6155387249624,672.8536262675117,3985192,INFY.NS
2020-02-20,670.33056640625,677.9842574837965,667.6811841607392,675.5872364690342,4564569,INFY.NS
2020-02-24,669.36328125,682.6100890694331,666.2513738141197,672.9378166933391,6627536,INFY.NS
2020-02-25,671.5079956054688,677.9000850547504,668.984794296332,672.0126153334312,6996695,INFY.NS
2020-02-26,658.3452758789062,674.0732409959639,656.4528748942655,667.7652377138281,8760569,INFY.NS
2020-02-27,654.2239990234375,656.6631140571616,649.4720008848509,654.3501796176391,5223386,INFY.NS
2020-02-28,615.4088745117188,636.5196404921938,607.2925555769194,630.8003938548435,14123957,INFY.NS
2020-03-02,623.2728271484375,644.1733774955193,617.1330469651554,619.8665153162788,9821523,INFY.NS
2020-03-03,628.2771606445312,638.3699664380177,623.4410245351523,635.0056978401889,7826587,INFY.NS
2020-03-04,638.1597290039062,640.472663771301,627.0576318534781,634.080573675277,11013444,INFY.NS
2020-03-05,634.6692504882812,650.6074832384764,632.2722296460365,642.3650354401867,7755293,INFY.NS
2020-03-06,621.506591796875,625.7539707128719,613.2220494214494,623.2307692180619,9216022,INFY.NS
2020-03-09,592.48974609375,610.4885517564255,586.2237857495801,609.353131672268,10308654,INFY.NS
2020-03-11,576.9721069335938,585.3407359526984,562.7160074355749,580.8830899998828,16165009,INFY.NS
2020-03-12,530.8817138671875,563.5151163057177,527.7697544505043,561.8329816301782,13965574,INFY.NS
2020-03-13,540.259521484375,560.9918494997559,479.4083271587119,497.91180645255696,16903113,INFY.NS
2020-03-16,490.46832275390625,523.2699411824093,487.8189407315845,523.1437605776648,19140152,INFY.NS
2020-03-17,466.7502136230469,497.91174049341305,462.5869210665155,494.63155815562135,16059887,INFY.NS
2020-03-18,449.3821716308594,486.1368166515516,444.0834588097219,477.72614508318566,15390183,INFY.NS
2020-03-19,458.8441162109375,469.31541118990197,428.3133927391713,428.3133927391713,16583991,INFY.NS
2020-03-20,492.19244384765625,519.3168559853499,460.904739580036,462.16634014457986,21354894,INFY.NS
2020-03-23,442.7798156738281,471.7966326299263,433.9065674223022,454.17626539979733,17146150,INFY.NS
2020-03-24,496.0613098144531,505.6074511322419,439.03697708118455,439.03697708118455,20027097,INFY.NS
2020-03-25,509.85491943359375,534.0776432214278,475.7916996690775,502.1170913436101,18339548,INFY.NS
2020-03-26,540.80615234375,547.4085086308779,514.8171580813906,517.2562732370237,14843813,INFY.NS
2020-03-27,548.9645385742188,567.6362395542232,540.1753765977544,559.3516973334354,13495283,INFY.NS
2020-03-30,527.0967407226562,558.0479984958881,522.3867343505311,525.7510026157663,14624804,INFY.NS
2020-03-31,539.5444946289062,556.7863685804145,532.9841821240443,546.6935643161171,15175521,INFY.NS
2020-04-01,506.99517822265625,536.1802134407963,499.5937988766008,533.5308318522852,13083824,INFY.NS
2020-04-03,492.613037109375,509.6866898864946,489.62725901146126,507.58402202392654,10221655,INFY.NS
2020-04-07,537.44189453125,541.8574969511077,515.4900630349658,517.2562834690434,15145605,INFY.NS
2020-04-08,531.2179565429688,551.4456612406818,526.8023542952592,529.8722697251504,11806896,INFY.NS
2020-04-09,535.1290283203125,549.0486807939698,531.6385787608582,544.0022773834835,11931114,INFY.NS
2020-04-13,536.0962524414062,548.1235031036816,526.5501089450446,529.0312674456261,8330276,INFY.NS
2020-04-15,537.4839477539062,549.4691545480491,534.5822558420756,547.8711577762954,11963447,INFY.NS
2020-04-16,524.6996459960938,533.993477742919,507.5839524738782,521.4195153807357,17783287,INFY.NS
2020-04-17,528.8209838867188,543.3293925897739,526.5080491659418,541.6472582473906,8878320,INFY.NS
2020-04-20,549.4691772460938,555.9454047851077,537.4419268648772,538.2829940430695,13322913,INFY.NS
2020-04-21,532.563720703125,543.7499033433327,528.0219376355332,528.0219376355332,11660575,INFY.NS
2020-04-22,539.8389282226562,542.488310271803,528.2322118512158,532.5637281957789,8266728,INFY.NS
2020-04-23,571.3369140625,574.995587025574,536.6849366494273,544.2124980318446,14451289,INFY.NS
2020-04-24,553.4223022460938,567.7204468329988,550.7308765275059,562.2955522963262,7319940,INFY.NS
2020-04-27,558.9732055664062,572.7667273161079,555.9874274603991,555.9874274603991,7183306,INFY.NS
2020-04-28,555.6930541992188,569.4024379327346,549.2588702234253,566.0381694663669,7296571,INFY.NS
2020-04-29,569.02392578125,573.6077516589464,553.4221416298926,560.1506783062439,8639056,INFY.NS
2020-04-30,601.7835693359375,605.5683716588051,587.1489798203163,588.7470280016161,16253821,INFY.NS
2020-05-04,566.6268920898438,589.7562363827487,563.8092866206395,580.1680513056442,9122740,INFY.NS
2020-05-05,566.6268920898438,576.6355593648868,563.5149336816846,573.397471697744,6393053,INFY.NS
2020-05-06,560.066650390625,573.1452346488045,558.5106453215642,569.3183892829877,7934250,INFY.NS
2020-05-07,559.2676391601562,567.1736399581171,557.1649711817623,559.7722589411038,4779548,INFY.NS
2020-05-08,567.0475463867188,572.6827071905893,562.253452827167,565.4074549933629,8400321,INFY.NS
2020-05-11,574.3648071289062,587.5274779099074,570.243557345785,574.028359717549,7370186,INFY.NS
2020-05-12,578.35986328125,581.1774177829448,568.1408765736312,570.6640780980144,7356039,INFY.NS
2020-05-13,583.8268432617188,588.6629798758297,575.0797234605891,584.3735061651205,8287101,INFY.NS
2020-05-14,553.54833984375,564.9868320237259,548.8803763082393,554.2632263545,16888262,INFY.NS
2020-05-15,548.6280517578125,559.1413903678222,543.9180965943926,559.1413903678222,9255353,INFY.NS
2020-05-18,558.3843994140625,563.9774641390311,549.2167486199288,554.9780370110996,10435442,INFY.NS
2020-05-19,562.33740234375,567.552028258066,550.8989111349637,558.4685144940701,5902208,INFY.NS
2020-05-20,563.136474609375,566.0381664128967,554.8099410008298,562.25336440865,5794636,INFY.NS
2020-05-21,565.365234375,571.4629699816402,559.6459891763926,560.5711423207796,7213225,INFY.NS
2020-05-22,582.312744140625,585.2564787782514,566.4586509832712,567.720251542254,11867731,INFY.NS
2020-05-26,572.3880615234375,588.284246272767,571.0844181113209,582.8593545672244,7099606,INFY.NS
2020-05-27,593.3307495117188,596.4847508898008,567.7202480547613,577.0140285152447,8774636,INFY.NS
2020-05-28,594.9708862304688,597.1576401535042,580.3362981773491,594.634438857081,9440091,INFY.NS
2020-05-29,589.088623046875,597.4432703910662,575.405750096254,590.3673971924181,28290128,INFY.NS
2020-06-01,596.3775634765625,602.4304583583724,589.5148200132496,595.6955610762953,12276438,INFY.NS
2020-06-02,603.6665649414062,606.693038399021,594.6725314563955,597.1874640887264,7059304,INFY.NS
2020-06-03,598.08251953125,606.9060903206365,593.3510666906208,605.8830608334472,11378568,INFY.NS
2020-06-04,603.3682250976562,604.8175127670321,594.6299357196965,598.4662578856301,10782424,INFY.NS
2020-06-05,599.7875366210938,606.735561852459,597.2726043698574,602.728726812084,7718679,INFY.NS
2020-06-08,614.5360717773438,618.7560359307533,600.1711995336993,603.2829034128403,10719105,INFY.NS
2020-06-09,611.765380859375,621.995571522799,609.5914757500856,613.811439805436,10078029,INFY.NS
2020-06-10,610.2734985351562,613.3425870572468,604.6042989056473,609.5488808188883,7263049,INFY.NS
2020-06-11,600.1286010742188,608.1848870428197,596.9742817173634,606.9913439239739,8825715,INFY.NS
2020-06-12,589.983642578125,592.6264731974438,575.8745142565444,576.1302586304287,9795316,INFY.NS
2020-06-15,586.1473388671875,600.5122640371706,584.1865625626119,590.793561263612,7857344,INFY.NS
2020-06-16,597.7841186523438,606.9912793367189,596.0364715834129,598.4661209190683,10131760,INFY.NS
2020-06-17,599.8728637695312,605.5420635672415,595.0561278809,596.6759289850708,7291916,INFY.NS
2020-06-18,608.6112670898438,610.9130189424848,601.8763690589473,603.7519148933004,6670195,INFY.NS
2020-06-19,601.4925537109375,606.9060606338522,597.6136169604639,604.4337438301982,22438862,INFY.NS
2020-06-22,599.91552734375,604.1781073987241,596.7612076963795,602.8140505610636,7804096,INFY.NS
2020-06-23,614.3656616210938,617.6478273297574,590.0262887724396,593.0953775196116,12157390,INFY.NS
2020-06-24,608.8243408203125,619.6086373298346,604.7748896965528,611.1687598919627,10220838,INFY.NS
2020-06-25,597.1875610351562,601.5353725719226,591.2199480055401,600.8959854616066,14945284,INFY.NS
2020-06-26,637.8523559570312,640.7508785659869,605.286240765496,605.4567543385962,26030458,INFY.NS
2020-06-29,623.8285522460938,634.8686443085215,622.4218801020619,626.9402563060698,8954428,INFY.NS
2020-06-30,627.4091796875,629.9667277652803,617.4347317774669,624.7237333924511,10411290,INFY.NS
2020-07-01,623.9564819335938,632.8226171237593,622.1235517180992,628.5174217254794,5477468,INFY.NS
2020-07-02,645.0136108398438,652.5584089646596,626.9403125365895,628.6026771769775,17263756,INFY.NS
2020-07-03,650.2140502929688,651.3223108340321,641.5183755269753,643.6496658111181,7796572,INFY.NS
2020-07-06,651.3222045898438,660.6998803103781,649.1909146533586,652.3452341660457,8810958,INFY.NS
2020-07-07,677.0255737304688,679.4126080233551,652.6435859361666,655.9258036181499,19362533,INFY.NS
2020-07-08,660.4441528320312,669.1398264021884,658.3128628409852,669.1398264021884,8476642,INFY.NS
2020-07-09,666.4118041992188,673.4876769810639,660.6999362788918,664.9625165129492,6854166,INFY.NS
2020-07-10,666.53955078125,673.4023455592946,659.4210636675116,659.4210636675116,5206452,INFY.NS
2020-07-13,679.4978637695312,686.573736125106,670.1201878195426,671.7826044173664,10804688,INFY.NS
2020-07-14,667.733154296875,687.4689204303594,666.1133530900535,676.0025698700881,8961822,INFY.NS
2020-07-15,708.3982543945312,723.3172859485203,677.5797769710528,681.1603549507006,30060599,INFY.NS
2020-07-16,776.6420288085938,814.5789885034153,762.3623866762733,767.3495841598553,90432109,INFY.NS
2020-07-17,769.9498901367188,784.2295339513297,760.5722136017504,776.6421203051116,31682878,INFY.NS
2020-07-20,796.505615234375,805.6275460032164,773.0188119983243,774.5107148612932,18421053,INFY.NS
2020-07-21,798.5943603515625,809.6344529216389,792.1578749795978,805.6276173282375,12877784,INFY.NS
2020-07-22,782.5244750976562,800.5125422953873,775.789577730354,800.4699269011028,14354201,INFY.NS
2020-07-23,774.0418701171875,780.7340995364518,767.8185140654958,780.6062533635381,13051307,INFY.NS
2020-07-24,786.7443237304688,789.2166407991177,770.0350319220125,770.0350319220125,18209580,INFY.NS
2020-07-27,808.5687255859375,812.277148982619,783.1637618639511,785.6360267839249,16827870,INFY.NS
2020-07-28,820.844970703125,824.851806119034,802.3880314019972,806.4800976004691,15818463,INFY.NS
2020-07-29,813.4281616210938,818.4153594040835,804.4340762008848,812.6608764082735,11152710,INFY.NS
2020-07-30,819.6514282226562,829.1996167764545,817.3496248697896,820.1203015642635,12492320,INFY.NS
2020-07-31,823.5304565429688,840.9644191611527,812.7034929291409,826.3011335447954,12704346,INFY.NS
2020-08-03,815.7724609375,823.0188458691074,807.7161755186133,818.4152393344751,8479792,INFY.NS
2020-08-04,809.7622680664062,827.5372571462865,801.8338800032506,818.7989685101674,11133170,INFY.NS
2020-08-05,805.371826171875,819.2252103215355,799.9157032934003,811.5951821831875,9614176,INFY.NS
2020-08-06,827.6651000976562,830.6915733865991,803.4962934115978,812.8739689845713,10976491,INFY.NS
2020-08-07,810.657470703125,826.4716318133721,809.0376695187394,826.4716318133721,8010948,INFY.NS
2020-08-10,811.041015625,815.6872378870407,805.8833046142795,808.9523932066882,5716319,INFY.NS
2020-08-11,808.5687255859375,820.120305764603,806.5652819765306,809.8048840626453,6802442,INFY.NS
2020-08-12,814.1101684570312,817.3923342591754,803.2405894056235,808.1851718223195,6908726,INFY.NS
2020-08-13,810.9132080078125,825.6617240082926,808.398275468109,813.9822447126891,5097703,INFY.NS
2020-08-14,812.9592895507812,820.972961284278,811.6379000717075,814.8774506752771,4663873,INFY.NS
2020-08-17,816.2840576171875,829.0291820305367,813.3854824477792,813.3854824477792,9008210,INFY.NS
2020-08-18,824.851806640625,826.2584787879165,817.3070612084666,821.7401546068832,6141761,INFY.NS
2020-08-19,817.818603515625,828.2619247087329,816.241469699841,827.7078205185552,6622744,INFY.NS
2020-08-20,814.2805786132812,823.1040973206389,810.9983611946828,817.4775132222428,5656501,INFY.NS
2020-08-21,808.8671875,821.3565679775162,806.9490264594328,821.0155407569249,6513773,INFY.NS
2020-08-24,807.6737670898438,811.5953203031374,800.6831247225589,807.3327398393604,5798574,INFY.NS
2020-08-25,799.7452392578125,808.7393246898694,795.9089172555522,807.7589104759129,6233918,INFY.NS
2020-08-26,810.5721435546875,813.5133339478789,800.0009771421063,802.4306267523615,5153601,INFY.NS
2020-08-27,807.375244140625,819.22523701272,805.7981103994258,818.415336429356,6154280,INFY.NS
2020-08-28,797.3155517578125,812.0214520709077,795.4400062387288,811.1263207194082,7593610,INFY.NS
2020-08-31,791.6463012695312,810.3164216452781,779.7110778050032,797.31555322856,12808355,INFY.NS
2020-09-01,779.327392578125,797.1023274080193,777.5796934420838,789.6428136488533,6907773,INFY.NS
2020-09-02,787.7247924804688,789.7708517158751,778.7733743840998,780.0521483978669,5678118,INFY.NS
2020-09-03,797.5712280273438,809.378604287557,787.7246799348462,789.8559696532847,8827948,INFY.NS
2020-09-04,783.5900268554688,792.4135457935314,779.5831916341169,780.0520649823359,8650342,INFY.NS
2020-09-07,788.619873046875,790.7511629324314,778.3896815962045,783.3769311484731,6700385,INFY.NS
2020-09-08,800.7681274414062,811.5950891423245,789.0460345047393,792.7971250578479,12891964,INFY.NS
2020-09-09,790.9216918945312,806.4801083613328,789.4297889456599,797.1024326827127,5528947,INFY.NS
2020-09-10,801.40771484375,803.0701315737617,788.4068448793129,797.3582635433515,5171884,INFY.NS
2020-09-11,806.2244262695312,813.4281971859399,793.6924301240407,797.0172634803677,6671903,INFY.NS
2020-09-14,834.1017456054688,844.8860426955162,808.4409806198194,815.857880852441,21871587,INFY.NS
2020-09-15,837.5542602539062,847.4008085379761,828.3470988978077,835.0393279305308,11608203,INFY.NS
2020-09-16,854.0079956054688,857.3328291793804,837.1708027797058,840.5808671494806,10059251,INFY.NS
2020-09-17,861.8936157226562,870.4187751264412,848.2533606766004,848.2533606766004,15628241,INFY.NS
2020-09-18,854.3489379882812,868.5432982973871,851.7487225378605,861.8936838435625,12897633,INFY.NS
2020-09-21,860.9558715820312,878.943937164553,852.9422009050778,853.3684588765447,14140637,INFY.NS
2020-09-22,858.909912109375,871.6976527363136,845.0139110347917,860.1886861720689,12625762,INFY.NS
2020-09-23,869.353271484375,884.0591738458415,859.421438351511,869.6942987293261,13486204,INFY.NS
2020-09-24,831.5442504882812,860.1887715213998,826.9406425924259,855.073674763096,14427432,INFY.NS
2020-09-25,862.2772827148438,865.2184731991076,831.2030654016025,831.885067766525,13311078,INFY.NS
2020-09-28,861.3822021484375,866.2841692334301,851.2372407591603,865.1332413934064,8554526,INFY.NS
2020-09-29,860.1886596679688,876.3864639630048,856.0113103785012,867.8613038077226,8708463,INFY.NS
2020-09-30,859.54931640625,872.9338289379866,856.7786392147594,860.1887034504401,8048817,INFY.NS
2020-10-01,867.5628662109375,875.1076114583554,862.5330013570299,870.0777466044478,5563358,INFY.NS
2020-10-05,894.033447265625,899.3191086674569,867.903864263749,867.903864263749,14212509,INFY.NS
2020-10-06,900.0438232421875,903.6670164685946,879.2424107289642,899.4044362022333,9090819,INFY.NS
2020-10-07,909.2509765625,913.8971471108864,882.7803132773535,890.7939844478612,9284008,INFY.NS
2020-10-08,932.396728515625,958.2280055225741,927.8784560542776,929.2424608715354,21482613,INFY.NS
2020-10-09,943.5646362304688,949.1059895598183,927.9208862702608,933.5901377975102,10567867,INFY.NS
2020-10-12,965.1331176757812,971.8680133182909,948.0828016526533,957.3752446986321,14633537,INFY.NS
2020-10-13,987.0430297851562,994.0762865240634,968.0745494893155,968.0745494893155,17523825,INFY.NS
2020-10-14,969.3106689453125,993.095885592969,964.280803851567,990.6235684383932,16649573,INFY.NS
2020-10-15,944.8009643554688,1011.0840908870615,931.3738358297763,1005.9689943058454,44288251,INFY.NS
2020-10-16,961.2116088867188,968.4153261026231,935.124645015452,949.574746865979,18365685,INFY.NS
2020-10-19,959.847900390625,971.0158405173465,950.8112505196483,967.6057761081548,12902123,INFY.NS
2020-10-20,969.7366943359375,975.8747662909213,946.2925105168268,953.8799217298397,10448776,INFY.NS
2020-10-21,978.986572265625,984.1016674530453,967.6055062869906,972.848499667472,19811433,INFY.NS
2020-10-22,962.5331420898438,987.2134363723998,958.0574335052538,973.5731816384115,11271335,INFY.NS
2020-10-23,967.229248046875,978.0001750852589,965.2043348006257,976.2768267591174,9069862,INFY.NS
2020-10-26,958.5693359375,973.3470681820671,950.5558297055002,967.0137844157754,6309368,INFY.NS
2020-10-27,939.9571533203125,956.1996887637388,928.1522604456292,952.7529924283772,10172479,INFY.NS
2020-10-28,927.6353759765625,951.934545658751,922.0344938341937,943.9640595330724,7608392,INFY.NS
2020-10-29,926.170654296875,932.3316469379187,913.4609576311316,921.9915547352799,6935616,INFY.NS
2020-10-30,913.8916015625,933.7101074269049,906.7827896763548,923.7147081148677,8800386,INFY.NS
2020-11-02,923.9733276367188,930.5650514106525,905.7057706771407,917.6830636243235,7183119,INFY.NS
2020-11-03,915.572021484375,930.0912116403529,911.2205244238265,923.714801118054,7204782,INFY.NS
2020-11-04,942.62841796875,961.6283755268847,919.2340483571605,920.2680152891693,15702690,INFY.NS
2020-11-05,951.2884521484375,967.6602642778038,946.9800805354464,956.3723516887378,9568890,INFY.NS
2020-11-06,958.828125,966.0230847257787,940.6898380091849,954.7351718714896,8807127,INFY.NS
2020-11-09,979.3360595703125,987.4788403949126,966.0662530690456,973.0889203095244,10160320,INFY.NS
2020-11-10,940.129638671875,959.7757464994585,928.884748758151,959.7757464994585,15622869,INFY.NS
2020-11-11,967.229248046875,970.5466725377303,936.6398152578646,944.394882725501,12514800,INFY.NS
2020-11-12,963.1364135742188,984.03201458444,959.6897165003679,972.0547212158386,9180976,INFY.NS
2020-11-13,968.6940307617188,976.2768053040325,962.4900189978855,965.075041430288,6363212,INFY.NS
2020-11-14,976.6646118164062,982.0070551418073,974.6396984172352,979.723597400256,1136144,INFY.NS
2020-11-17,968.2632446289062,986.6169469384652,958.7418079462105,986.4015283910987,12813968,INFY.NS
2020-11-18,956.9323120117188,976.0183111371115,949.0909927493254,972.3993216197281,9839468,INFY.NS
2020-11-19,945.0411987304688,960.5082088719068,942.4993018609314,947.8416399393806,10092343,INFY.NS
2020-11-20,950.7280883789062,955.5965680357107,940.172580751821,953.0115457596897,8063554,INFY.NS
2020-11-23,982.179443359375,986.4447943140922,949.5219659021549,952.1501146273297,10546363,INFY.NS
2020-11-24,982.3518676757812,995.147710513366,976.5785865204556,986.6171135600243,8515426,INFY.NS
2020-11-25,961.3267822265625,985.3243861608058,957.5353949463887,979.7235042106132,8958701,INFY.NS
2020-11-26,959.2157592773438,965.032060624021,946.3768967488529,965.032060624021,10962256,INFY.NS
2020-11-27,947.8414306640625,965.9365852494673,940.0863644131747,963.351563165838,25306145,INFY.NS
2020-12-01,980.4561157226562,982.5241551524058,952.1932607989286,952.1932607989286,8933802,INFY.NS
2020-12-02,983.0839233398438,988.727825133926,965.9365890801373,977.1383514869542,6741637,INFY.NS
2020-12-03,970.6328735351562,988.3403206566016,967.4015952418151,988.3403206566016,16212632,INFY.NS
2020-12-04,977.6985473632812,979.7234604794616,960.7666301095862,969.3833711868023,10564055,INFY.NS
2020-12-07,985.324462890625,993.5103679168261,978.8619062909926,988.5988669750417,7792141,INFY.NS
2020-12-08,993.811767578125,1005.5736396703599,986.6168101307302,986.6168101307302,12308330,INFY.NS
2020-12-09,1012.6395263671875,1016.3447676789543,996.9570972484528,1006.47863968937,10039346,INFY.NS
2020-12-10,1006.219970703125,1009.5805208651112,990.9252548136105,997.3016644467687,9488782,INFY.NS
2020-12-11,1002.2993774414062,1009.8390266167494,995.4491096931723,999.283517771269,10574009,INFY.NS
2020-12-14,1003.4627075195312,1010.399121551592,989.3742505409245,1007.6418062519265,6728187,INFY.NS
2020-12-15,994.8889770507812,1002.7301909718936,992.6486452425828,996.0953419274529,6905926,INFY.NS
2020-12-16,1004.4537353515625,1007.2111563485201,994.0274968819294,999.5422336909888,7788404,INFY.NS
2020-12-17,998.852783203125,1007.2110868292062,996.2677603633811,1004.6260639894623,6658153,INFY.NS
2020-12-18,1025.2200927734375,1029.7007569220882,1012.9842549777642,1019.2313934611827,15995676,INFY.NS
2020-12-21,1014.448974609375,1042.4102574830144,992.6917032711265,1023.6688455381866,10858352,INFY.NS
2020-12-22,1051.67333984375,1054.559927318439,1013.4149851000539,1018.4988838142667,10901851,INFY.NS
2020-12-23,1079.720947265625,1084.7185947409778,1060.3332768878963,1066.7527078945845,15878346,INFY.NS
2020-12-24,1065.072265625,1077.0064303379504,1056.412399234346,1077.0064303379504,7313885,INFY.NS
2020-12-28,1068.7342529296875,1075.3691003370097,1065.0290128337692,1067.1400719584237,4607051,INFY.NS
2020-12-29,1077.3511962890625,1080.9270597457682,1064.167540154912,1064.167540154912,6878105,INFY.NS
2020-12-30,1074.3355712890625,1079.9364543014929,1066.8820674740116,1079.6779099346707,5194690,INFY.NS
2020-12-31,1082.090576171875,1084.3309082075723,1067.614406551476,1071.0611035863476,7430470,INFY.NS
2021-01-01,1086.09716796875,1090.448664611065,1082.0904672170202,1083.899961941162,4253550,INFY.NS
2021-01-04,1110.0518798828125,1111.5598098574253,1086.700528170064,1093.4646501620718,7208454,INFY.NS
2021-01-05,1114.834228515625,1119.3148927096533,1098.6778357224719,1104.6664299105278,8145280,INFY.NS
2021-01-06,1104.75244140625,1121.8997785672482,1092.6459823290795,1120.1764302130741,7161715,INFY.NS
2021-01-07,1087.56201171875,1118.1514429822316,1081.8318577831321,1116.729659647104,10954918,INFY.NS
2021-01-08,1130.6025390625,1134.6524703484326,1101.4348924983926,1101.4348924983926,13186251,INFY.NS
2021-01-11,1185.8359375,1191.9969287839901,1154.6433749666262,1156.4528696665475,20528626,INFY.NS
2021-01-12,1182.00146484375,1187.386928051531,1171.876794013122,1187.386928051531,8309868,INFY.NS
2021-01-13,1195.271484375,1200.1399650362782,1171.8770069132547,1183.8111745128651,14442997,INFY.NS
2021-01-14,1180.9244384765625,1192.5570396581995,1136.074256291206,1171.8768597797336,27521697,INFY.NS
2021-01-15,1158.90869140625,1175.7113385699836,1154.6434461232384,1171.8769303937345,15018441,INFY.NS
2021-01-18,1130.5596923828125,1154.6434445439536,1125.3465213241816,1152.920096119261,8861765,INFY.NS
2021-01-19,1134.5233154296875,1146.8883187154604,1130.5165095076513,1137.4099028583078,5585744,INFY.NS
2021-01-20,1154.1695556640625,1161.8816034699987,1137.8839961542835,1137.8839961542835,8225838,INFY.NS
2021-01-21,1154.385009765625,1172.781840093079,1150.3351826571766,1163.260297069055,6142421,INFY.NS
2021-01-22,1155.375732421875,1168.4301164859517,1143.053855513784,1143.441566797093,9646591,INFY.NS
2021-01-25,1141.804443359375,1161.4506568831903,1131.3782067409234,1158.951780705668,6542611,INFY.NS
2021-01-27,1121.038330078125,1143.915826159427,1107.337686867255,1137.0654519615634,8133665,INFY.NS
2021-01-28,1099.6685791015625,1117.1174817647845,1096.5235523990264,1113.1107808566571,4660690,INFY.NS
2021-01-29,1067.657470703125,1112.5506759537004,1060.7209512469485,1108.32845129276,12183519,INFY.NS
2021-02-01,1086.4849853515625,1101.176466884617,1069.3376482785413,1077.566678701436,8880279,INFY.NS
2021-02-02,1095.4033203125,1115.351098962238,1088.8114916842712,1102.9429695181907,6892490,INFY.NS
2021-02-03,1106.94970703125,1123.6230806340604,1096.911182244754,1100.9179880401161,8182968,INFY.NS
2021-02-04,1102.3826904296875,1114.4892530774284,1096.0925328865717,1107.2511699180425,5032240,INFY.NS
2021-02-05,1096.1356201171875,1110.4825151618702,1087.4327325969195,1108.4576020295785,5477481,INFY.NS
2021-02-08,1123.2354736328125,1128.7932302881572,1099.0654696431639,1107.682211859104,6921922,INFY.NS
2021-02-09,1124.9588623046875,1147.7501042069305,1118.3239074502417,1126.1221015084686,7965949,INFY.NS
2021-02-10,1117.1605224609375,1123.924643422674,1106.0449050184593,1116.5573926368966,5951207,INFY.NS
2021-02-11,1113.84326171875,1116.7298494747902,1105.5712097966468,1110.6981296088,4673317,INFY.NS
2021-02-12,1128.620849609375,1140.6411619904115,1121.5120378349307,1124.4847715939468,5797875,INFY.NS
2021-02-15,1128.491455078125,1144.6478437226267,1126.2941441485439,1137.4097605729255,4363513,INFY.NS
2021-02-16,1111.904296875,1137.1944110642016,1108.1129097393925,1132.2397849125675,6896421,INFY.NS
2021-02-17,1104.0631103515625,1115.4371668503802,1098.6345212315448,1111.9043239367195,4575741,INFY.NS
2021-02-18,1113.6708984375,1125.3466271870793,1098.6347240915209,1099.496398384926,6437551,INFY.NS
2021-02-19,1112.6798095703125,1119.7454951301386,1100.185535095986,1116.8157821474692,5389696,INFY.NS
2021-02-22,1090.1900634765625,1127.5437210322782,1085.7094000898064,1115.8679945367455,7371303,INFY.NS
2021-02-23,1091.1812744140625,1112.4215678345515,1083.5986033677766,1095.3173533010224,6612942,INFY.NS
2021-02-24,1098.031494140625,1100.013281724026,1078.8161170740752,1085.7526365780805,4537258,INFY.NS
2021-02-25,1098.2469482421875,1119.9610970869585,1096.049636849095,1110.2241360693142,8788221,INFY.NS
2021-02-26,1079.9364013671875,1098.031560981931,1072.5690443072458,1093.4646452909378,15132388,INFY.NS
2021-03-01,1091.7410888671875,1106.8203856747455,1084.8476960408755,1088.552936758949,5756286,INFY.NS
2021-03-02,1124.053955078125,1128.793163014445,1102.2535564971179,1104.8817047902842,10461434,INFY.NS
2021-03-03,1157.7025146484375,1160.675248824271,1127.0699520877108,1136.7206618970913,9056399,INFY.NS
2021-03-04,1146.3282470703125,1175.194332673044,1142.4938389671688,1150.3350531237788,12041941,INFY.NS
2021-03-05,1134.5662841796875,1154.643333469925,1124.527864719399,1144.7340809811906,6486176,INFY.NS
2021-03-08,1150.9813232421875,1159.8996302572925,1134.9972246111543,1141.5460327392925,5119392,INFY.NS
2021-03-09,1159.42578125,1163.6479007526516,1136.33287023034,1145.5958680350614,6518173,INFY.NS
2021-03-10,1178.8994140625,1183.94018639556,1167.5683788689837,1169.2055806586063,7925984,INFY.NS
2021-03-12,1184.6727294921875,1199.1919184391575,1180.5367565245792,1183.0786532905622,9462061,INFY.NS
2021-03-15,1183.5955810546875,1189.0241702261578,1170.5843225404135,1180.4935751787755,6658635,INFY.NS
2021-03-16,1192.5570068359375,1211.513837869457,1189.5411473533322,1194.323480892539,9352771,INFY.NS
2021-03-17,1195.14208984375,1206.3438542042177,1190.8337189358776,1199.6658792970159,7626744,INFY.NS
2021-03-18,1152.144287109375,1200.9581403626944,1131.8088016978647,1200.9581403626944,10961755,INFY.NS
2021-03-19,1158.477783203125,1167.740780430042,1135.6865437280399,1146.026633655761,12767112,INFY.NS
2021-03-22,1181.18310546875,1185.6637695004824,1151.2829458450037,1163.3463853602702,4862758,INFY.NS
2021-03-23,1181.829345703125,1191.910892235116,1171.5322754263343,1182.6047683710906,7165335,INFY.NS
2021-03-24,1166.491455078125,1180.8813722284217,1160.028898540296,1170.0242982818368,6134303,INFY.NS
2021-03-25,1149.3009033203125,1165.4141661686415,1143.958461037334,1160.4595403235624,8749994,INFY.NS
2021-03-26,1151.368896484375,1169.033215628549,1147.7499073190118,1158.6931263734227,4922071,INFY.NS
2021-03-30,1193.6771240234375,1206.3436907018781,1151.3258227021893,1160.58881889865,10546381,INFY.NS
2021-03-31,1178.8134765625,1196.0038354373928,1174.7205239556358,1190.8337900392485,8220987,INFY.NS
2021-04-01,1193.5909423828125,1199.1056777574358,1181.3552120200663,1189.1102790573973,5675155,INFY.NS
2021-04-05,1214.8743896484375,1227.88564811075,1195.1420308277966,1198.588727383897,9479572,INFY.NS
2021-04-06,1215.865478515625,1228.7474663306377,1211.9016928634576,1226.162443610447,5793571,INFY.NS
2021-04-07,1232.366455078125,1236.4594077151494,1212.030964065878,1215.17609607656,5879234,INFY.NS
2021-04-08,1240.681640625,1250.8924593912707,1224.4391021437357,1232.1941703487278,5654434,INFY.NS
2021-04-09,1241.7154541015625,1253.7357652407666,1232.237039381529,1253.7357652407666,6052712,INFY.NS
2021-04-12,1228.531982421875,1273.166747756868,1219.2689848339141,1270.1077622934201,20384532,INFY.NS
2021-04-13,1203.8880615234375,1236.7178256509376,1184.8019580352127,1234.7790588105163,14855206,INFY.NS
2021-04-15,1172.52294921875,1177.3914285787607,1137.4097321100496,1148.0083648695484,25342491,INFY.NS
2021-04-16,1166.491455078125,1181.226062947407,1160.3304634750934,1176.1852898848683,10879878,INFY.NS
2021-04-19,1174.0740966796875,1188.8517234682965,1148.0514755348884,1154.6433034910378,12508028,INFY.NS
2021-04-20,1164.423583984375,1188.2489002289828,1156.7116408102752,1188.2489002289828,8560766,INFY.NS
2021-04-22,1164.2078857421875,1176.0128843300108,1159.0809667878193,1168.04239869778,6622446,INFY.NS
2021-04-23,1149.3009033203125,1161.8813235595494,1146.8881738783452,1157.2282625985106,7316262,INFY.NS
2021-04-26,1157.7025146484375,1164.3804902819847,1138.2717176665642,1147.9655532636489,7088606,INFY.NS
2021-04-27,1161.9676513671875,1165.8451852427174,1154.7726928795603,1159.813465880782,3636115,INFY.NS
2021-04-28,1168.4302978515625,1171.446157764896,1158.607190239735,1170.1536463734674,4879234,INFY.NS
2021-04-29,1168.7318115234375,1179.6320114831685,1164.4665661928148,1178.7703372600251,5412357,INFY.NS
2021-04-30,1167.0084228515625,1183.8541954072941,1159.7273179909107,1160.0720087052553,8354677,INFY.NS
2021-05-03,1165.026611328125,1172.7385531266991,1152.920047085616,1155.3327768515082,4560337,INFY.NS
2021-05-04,1145.509765625,1167.5254795369788,1140.9428500394654,1166.7069310758193,4887060,INFY.NS
2021-05-05,1155.93603515625,1158.0040744447103,1144.131139711262,1155.5913444106986,3939788,INFY.NS
2021-05-06,1173.255615234375,1175.9267843211148,1152.4031408587186,1158.9518439960027,4810090,INFY.NS
2021-05-07,1165.4573974609375,1183.1217172904696,1161.967575128,1176.4437427207686,4991435,INFY.NS
2021-05-10,1154.2557373046875,1165.7590670432264,1150.3782033354155,1163.130918612339,7195348,INFY.NS
2021-05-11,1146.586669921875,1155.5049758799562,1141.804336560745,1151.972133083135,6420988,INFY.NS
2021-05-12,1143.4415283203125,1146.0265506149326,1132.6706020927286,1146.0265506149326,5241898,INFY.NS
2021-05-14,1134.3079833984375,1143.3124370755465,1129.9134658392018,1143.3124370755465,4824609,INFY.NS
2021-05-17,1145.509765625,1150.2919945875576,1137.6685510099821,1137.6685510099821,5017129,INFY.NS
2021-05-18,1154.6434326171875,1158.6071129160698,1145.5958534810081,1152.9200842102962,5620150,INFY.NS
2021-05-19,1152.058349609375,1169.6795440720994,1148.8270715158558,1156.3667204007338,4435878,INFY.NS
2021-05-20,1154.040283203125,1162.48462714297,1150.3350421171274,1161.8814972847088,4490092,INFY.NS
2021-05-21,1167.1376953125,1169.7227178934802,1160.1150295972031,1161.10597595688,4969733,INFY.NS
2021-05-24,1161.580078125,1174.46206679099,1159.038075837983,1168.9904560421035,4225371,INFY.NS
2021-05-25,1173.255615234375,1178.770351365451,1167.0946234282085,1170.1536090309082,4099340,INFY.NS
2021-05-26,1203.974365234375,1206.3439694601002,1173.6434732190312,1178.6842466258772,6850024,INFY.NS
2021-05-27,1208.28271484375,1220.346154321598,1199.1920094490051,1209.9629375542268,15365391,INFY.NS
2021-05-28,1210.6953125,1218.4072541065857,1202.983265708581,1214.745138951032,4261312,INFY.NS
2021-05-31,1213.9178466796875,1220.667883136561,1204.5548928846692,1220.667883136561,4429904,INFY.NS
2021-06-01,1208.2130126953125,1220.232475755332,1200.7662615923773,1219.3615032530086,4791325,INFY.NS
2021-06-02,1200.7664794921875,1212.3503520832535,1188.8776814140658,1202.5955008149974,9272276,INFY.NS
2021-06-03,1210.34716796875,1218.4907410067083,1199.372933809797,1208.9971178292371,5115645,INFY.NS
2021-06-04,1206.863037109375,1216.6614775007154,1199.895257275533,1214.0920448950565,4194328,INFY.NS
2021-06-07,1210.34716796875,1212.3939324384116,1199.5906769729504,1211.5229597857979,5154576,INFY.NS
2021-06-08,1230.6405029296875,1238.3051031560915,1215.4856670818356,1215.8775621634632,7360630,INFY.NS
2021-06-09,1232.6875,1241.1358912581513,1223.3680298666877,1231.0326308810106,5394317,INFY.NS
2021-06-10,1240.5262451171875,1244.619773572991,1235.9100480756292,1240.2649108243102,3496575,INFY.NS
2021-06-11,1260.210205078125,1264.3037335391286,1245.011670273987,1245.577823696013,6140828,INFY.NS
2021-06-14,1273.1876220703125,1286.4263613244386,1265.9149167591186,1281.2005264104598,7132294,INFY.NS
2021-06-15,1283.7264404296875,1285.5554614889663,1274.2328185354727,1275.103791070357,5403104,INFY.NS
2021-06-16,1289.56201171875,1297.2700979732745,1278.1522919101415,1282.681306907179,7661710,INFY.NS
2021-06-17,1302.365234375,1308.7668610479423,1284.7715259128947,1284.7715259128947,7677951,INFY.NS
2021-06-18,1309.3328857421875,1320.2200410273454,1295.4844029554913,1314.2973860242691,13533974,INFY.NS
2021-06-21,1306.72021484375,1311.5105640723955,1292.6974711367075,1300.3620724304985,5454052,INFY.NS
2021-06-22,1316.77978515625,1325.141100097342,1308.2878030729764,1314.9071729713455,6427862,INFY.NS
2021-06-23,1309.2022705078125,1328.2329974366169,1305.2828944498028,1328.2329974366169,5529809,INFY.NS
2021-06-24,1358.0203857421875,1366.3382162960427,1316.2137024706592,1321.2653858939264,10785137,INFY.NS
2021-06-25,1371.0848388671875,1374.3945768272977,1343.9105399521675,1369.1687419344182,9780240,INFY.NS
2021-06-28,1368.9945068359375,1376.2671053562678,1359.23955183632,1369.9525552441462,5019178,INFY.NS
2021-06-29,1361.3736572265625,1370.605944791992,1358.020327926008,1359.5881210099008,5913567,INFY.NS
2021-06-30,1376.83349609375,1385.7173738759964,1369.2124860237218,1369.2124860237218,6058722,INFY.NS
2021-07-01,1359.0655517578125,1373.3930072922922,1357.8897601108913,1373.3930072922922,4814317,INFY.NS
2021-07-02,1365.5108642578125,1366.9478839702683,1343.5622912761874,1357.8026718078984,5166064,INFY.NS
2021-07-05,1375.221923828125,1380.491349741526,1359.6316018427842,1366.6864575080867,4058338,INFY.NS
2021-07-06,1360.63330078125,1382.015719815571,1356.1913619563304,1370.6494852954324,4089574,INFY.NS
2021-07-07,1362.7235107421875,1367.9058607513202,1345.3476524242224,1363.986484620662,4797120,INFY.NS
2021-07-08,1359.3702392578125,1372.6525690022825,1349.1363130612535,1365.6847894641999,3326813,INFY.NS
2021-07-09,1361.242919921875,1367.3397273251671,1350.8783260723017,1355.2331885032247,3436594,INFY.NS
2021-07-12,1348.1348876953125,1374.3947322658926,1335.8541955721248,1367.9060290680072,4588982,INFY.NS
2021-07-13,1345.6087646484375,1355.5814624040297,1338.0749384566736,1355.5814624040297,4456160,INFY.NS
2021-07-14,1373.4365234375,1378.5752823277203,1339.6427487234016,1353.4912324038655,5657716,INFY.NS
2021-07-15,1376.83349609375,1390.8125422016935,1355.2333335958833,1356.8882027607826,10021355,INFY.NS
2021-07-16,1354.754150390625,1371.4768864021955,1349.6589824626813,1370.6929898779226,6265593,INFY.NS
2021-07-19,1342.7784423828125,1352.533399494465,1339.1639910747317,1345.391360236307,5669162,INFY.NS
2021-07-20,1350.051025390625,1356.7138802520703,1339.5557637771587,1339.8170980665798,5069939,INFY.NS
2021-07-22,1385.020263671875,1387.3283617887168,1359.9363224213166,1359.9363224213166,7854575,INFY.NS
2021-07-23,1385.238037109375,1392.2494075892132,1380.5348711168035,1383.5832745741461,4179719,INFY.NS
2021-07-26,1396.9527587890625,1403.7027953972172,1388.4171860985402,1388.4171860985402,4586710,INFY.NS
2021-07-27,1395.777099609375,1401.6561643095713,1391.7270559963727,1397.9109398244527,5892859,INFY.NS
2021-07-28,1398.43359375,1400.1755389605307,1380.927065648147,1397.9981074473674,4686788,INFY.NS
2021-07-29,1408.36279296875,1410.9757109519944,1393.643333732492,1393.643333732492,4660873,INFY.NS
2021-07-30,1402.7012939453125,1413.9368611216748,1398.9125846109287,1402.2658076696387,6234257,INFY.NS
2021-08-02,1421.03515625,1423.8222255873973,1410.2785613387637,1417.4640841166172,5553389,INFY.NS
2021-08-03,1441.6336669921875,1444.638585966481,1424.562626930286,1434.4917348838053,5513668,INFY.NS
2021-08-04,1436.451416015625,1463.146744783546,1427.5675389174712,1453.7401991220645,6740391,INFY.NS
2021-08-05,1440.1966552734375,1451.0402206367958,1434.5353338843984,1436.6691740338504,5420536,INFY.NS
2021-08-06,1437.27880859375,1446.380535210929,1431.8788215028985,1443.201464252009,3754855,INFY.NS
2021-08-09,1448.688720703125,1452.3031718189327,1433.9692629808042,1446.6854412607183,5018477,INFY.NS
2021-08-10,1460.8385009765625,1463.2336751471903,1446.7287902084508,1452.782006038996,6846517,INFY.NS
2021-08-11,1461.0999755859375,1466.7177057432823,1452.7821455937024,1458.7048011852285,4899639,INFY.NS
2021-08-12,1471.59521484375,1477.6049467665491,1458.0080641834384,1462.493594127551,5659579,INFY.NS
2021-08-13,1491.2791748046875,1500.25023470125,1473.075933355373,1478.0404344197511,5612790,INFY.NS
2021-08-16,1484.4857177734375,1498.0292778847625,1472.030767090066,1487.359863555825,4564109,INFY.NS
2021-08-17,1516.9293212890625,1523.2438721030503,1468.9387563667328,1484.0501084300226,9510390,INFY.NS
2021-08-18,1509.7872314453125,1528.9922175200145,1504.1695013711565,1505.9114463640587,6686090,INFY.NS
2021-08-20,1509.351806640625,1519.8470681780625,1494.6759407419665,1494.6759407419665,6206972,INFY.NS
2021-08-23,1514.4031982421875,1526.9452215505537,1508.5241347838785,1511.7902811496058,6189051,INFY.NS
2021-08-24,1498.81298828125,1530.298665061431,1491.7145412231635,1524.2018576309072,7602939,INFY.NS
2021-08-25,1511.6165771484375,1521.5020951474821,1496.3309650992367,1496.3309650992367,6153253,INFY.NS
2021-08-26,1504.7791748046875,1520.7180143906892,1498.0727289530273,1510.2663441886914,5302248,INFY.NS
2021-08-27,1488.3179931640625,1504.7792899357576,1485.1824068076487,1502.4277064883427,6698514,INFY.NS
2021-08-30,1478.954833984375,1496.896845466197,1472.2918733754789,1483.3096963013163,6559667,INFY.NS
2021-08-31,1486.2711181640625,1493.7179762587919,1468.3291042613178,1480.7840546962734,12255438,INFY.NS
2021-09-01,1461.274169921875,1488.9275478953632,1457.267717526702,1488.9275478953632,7801974,INFY.NS
2021-09-02,1471.15966796875,1475.688788882233,1448.1224872534362,1460.9257408190936,6830050,INFY.NS
2021-09-03,1481.2193603515625,1485.835450675509,1467.0660576377923,1477.2129082319484,5339139,INFY.NS
2021-09-06,1507.1307373046875,1508.5242719501346,1480.0870004095007,1485.1386831091097,4876026,INFY.NS
2021-09-07,1486.4453125,1511.0502868517522,1484.137213995946,1506.782500124992,3520341,INFY.NS
2021-09-08,1474.7740478515625,1481.3934169692038,1465.802989411685,1481.3934169692038,4584896,INFY.NS
2021-09-09,1473.3370361328125,1476.2112878647204,1465.1063886676236,1468.372535490299,3331674,INFY.NS
2021-09-13,1473.598388671875,1481.9597033775865,1459.0530841826737,1465.8467121859994,4662374,INFY.NS
2021-09-14,1468.5902099609375,1477.1256761332663,1462.0143254707277,1477.1256761332663,4945167,INFY.NS
2021-09-15,1490.625732421875,1493.8048030758805,1472.117568164851,1474.7740766214572,4062344,INFY.NS
2021-09-16,1482.6129150390625,1497.4194473085083,1473.2063696575788,1493.891966210481,3246568,INFY.NS
2021-09-17,1473.0758056640625,1496.3307284738578,1467.1095590889208,1478.0403062981004,7454864,INFY.NS
2021-09-20,1470.0709228515625,1487.3597058300793,1461.4482737789863,1467.5886724736702,5660743,INFY.NS
2021-09-21,1496.72265625,1503.9517705576725,1467.2838494209095,1480.6532560868934,4672222,INFY.NS
2021-09-22,1495.372802734375,1514.5341989673232,1492.0195796575874,1495.4598787260009,4553892,INFY.NS
2021-09-23,1517.713134765625,1519.8469748097546,1499.0307113119939,1508.5243325905415,3826090,INFY.NS
2021-09-24,1536.2650146484375,1557.2990244133016,1526.3359056449099,1531.1698461513333,8280446,INFY.NS
2021-09-27,1499.074462890625,1540.7504791781873,1496.4179540192567,1540.5327360352849,5045337,INFY.NS
2021-09-28,1469.41748046875,1489.362769227051,1458.8787359387782,1489.362769227051,6557197,INFY.NS
2021-09-29,1473.9033203125,1481.8727405310417,1441.4595923280765,1445.1612257222725,7792548,INFY.NS
2021-09-30,1459.0531005859375,1483.2661787983272,1454.6111620660795,1483.2661787983272,6914031,INFY.NS
2021-10-01,1450.2998046875,1462.3191607744086,1446.9029908490702,1450.2562135367987,5733906,INFY.NS
2021-10-04,1462.1451416015625,1470.2016375418839,1450.517679535455,1456.7015632635075,2947154,INFY.NS
2021-10-05,1474.38232421875,1483.2226102398492,1448.4273005977032,1455.3950807569224,4373310,INFY.NS
2021-10-06,1457.6162109375,1488.4921465220082,1454.5242157353737,1482.4824144265476,4271698,INFY.NS
2021-10-07,1472.8145751953125,1484.3113702738483,1460.3161404249604,1469.330685011527,5476108,INFY.NS
2021-10-08,1501.4259033203125,1508.0888641225727,1479.2596960117546,1485.2258362951297,4738376,INFY.NS
2021-10-11,1472.7708740234375,1506.7823919299244,1449.0368739193389,1464.9757128474757,8840633,INFY.NS
2021-10-12,1467.7193603515625,1471.072583282753,1447.5563252906663,1460.6209130640477,7439300,INFY.NS
2021-10-13,1488.6661376953125,1492.5420290685638,1463.277374662343,1477.1257522003684,7104171,INFY.NS
2021-10-14,1494.3709716796875,1553.4664307761761,1479.0853627504664,1527.6856676824548,19655776,INFY.NS
2021-10-18,1560.9132080078125,1566.8793476841583,1515.4919760813984,1515.4919760813984,13438109,INFY.NS
2021-10-19,1587.042724609375,1597.7992148215726,1552.334488195164,1579.9442767437083,10324260,INFY.NS
2021-10-20,1569.797119140625,1609.5570313577834,1562.5681118501532,1593.3569656178327,5876115,INFY.NS
2021-10-21,1527.3809814453125,1579.9441517799685,1521.4583257794832,1579.9441517799685,8779629,INFY.NS
2021-10-22,1497.8985595703125,1535.6986813056806,1486.7500689564513,1524.11481075835,7369809,INFY.NS
2021-10-25,1487.2291259765625,1506.564672832556,1469.5047506520364,1499.8582271507623,5905209,INFY.NS
2021-10-26,1497.0263671875,1517.1484199782562,1490.1726392111948,1502.6061429097938,5871709,INFY.NS
2021-10-27,1519.21337890625,1523.782638320306,1494.785823536902,1501.7713769207796,5090259,INFY.NS
2021-10-28,1497.2022705078125,1515.522964410046,1486.7897990608278,1510.7780094844702,5329972,INFY.NS
2021-10-29,1465.4375,1504.8467856229756,1459.5503108556832,1492.8966047069405,5875091,INFY.NS
2021-11-01,1493.8193359375,1500.1018935472132,1472.6867651673283,1474.0048022483252,3636806,INFY.NS
2021-11-02,1491.9302978515625,1499.4430457112571,1481.7813682676247,1489.3820710857715,3471772,INFY.NS
2021-11-03,1495.97216796875,1509.108562016102,1492.896747946494,1501.6836622957965,3530713,INFY.NS
2021-11-04,1501.419921875,1508.713103252184,1498.1688066656807,1506.955720487767,483407,INFY.NS
2021-11-08,1526.726318359375,1529.80173828125,1496.4114648437499,1520.1361328125,5245903,INFY.NS
2021-11-09,1531.1197509765625,1537.7099364183555,1516.621343004618,1524.3098926867096,4016134,INFY.NS
2021-11-10,1529.054931640625,1538.544734840755,1513.0626830662195,1516.6214263051052,4780368,INFY.NS
2021-11-11,1523.03564453125,1528.7031604047386,1501.6834034382516,1522.7280167723425,4731349,INFY.NS
2021-11-12,1564.2464599609375,1566.5750137314162,1527.2097015420263,1531.5591812690018,5069009,INFY.NS
2021-11-15,1570.353271484375,1581.6444339073435,1560.1164957791602,1565.9158372510615,4354074,INFY.NS
2021-11-16,1574.878662109375,1589.508788323187,1561.4346405883132,1572.8576289550256,6034233,INFY.NS
2021-11-17,1570.616943359375,1583.401946486974,1564.6857762457305,1575.0983554327267,4732492,INFY.NS
2021-11-18,1563.54345703125,1572.3742410091222,1545.618131495533,1565.476535154988,4326924,INFY.NS
2021-11-22,1545.9696044921875,1568.8155799150782,1538.7204007522319,1567.5853905552658,6621839,INFY.NS
2021-11-23,1526.1993408203125,1535.2937767088104,1502.5625171967754,1524.6176531605086,8436160,INFY.NS
2021-11-24,1490.2607421875,1529.362512840415,1483.231210384729,1528.923167102742,7333061,INFY.NS
2021-11-25,1513.4581298828125,1516.7970929361409,1491.0953687886788,1493.7754205362603,4476260,INFY.NS
2021-11-26,1486.4381103515625,1509.8991243873395,1479.716100674578,1496.0158666598963,4494181,INFY.NS
2021-11-29,1490.5682373046875,1504.3197801115232,1466.667872488146,1485.8672594442673,3942776,INFY.NS
2021-11-30,1504.890869140625,1520.0482960069558,1493.8193787950365,1497.7734901514705,14808963,INFY.NS
2021-12-01,1506.8680419921875,1530.5927119756113,1505.1985067261105,1506.9558896878457,5193264,INFY.NS
2021-12-02,1536.1719970703125,1538.1490524075973,1503.748268086418,1506.9555126415478,5559574,INFY.NS
2021-12-03,1525.0128173828125,1569.913923973845,1522.3767433293804,1556.2502305587047,6754012,INFY.NS
2021-12-06,1489.6456298828125,1523.6069679725288,1486.3065595311832,1520.1361797156055,3991449,INFY.NS
2021-12-07,1504.0123291015625,1515.6549914895222,1488.50340265687,1494.7420908613853,4202122,INFY.NS
2021-12-08,1540.653564453125,1546.3211884129332,1522.4207176698017,1522.7722156867264,3029169,INFY.NS
2021-12-09,1549.5283203125,1554.7565985466379,1530.680432518433,1545.6181864523098,2082171,INFY.NS
2021-12-10,1545.837890625,1549.7920020405534,1534.1952292347592,1546.496909194259,1823469,INFY.NS
2021-12-13,1533.0089111328125,1556.4699276693766,1527.8685881008832,1552.691619157812,4040584,INFY.NS
2021-12-14,1539.5989990234375,1549.1327782768003,1502.8696593903012,1520.9268087010425,4768144,INFY.NS
2021-12-15,1523.8265380859375,1535.9085444800232,1512.4035502224383,1533.3164478312353,3053149,INFY.NS
2021-12-16,1556.6895751953125,1561.9617232986577,1544.7393942801555,1548.8253305126736,4481031,INFY.NS
2021-12-17,1599.965087890625,1618.5494309854728,1587.5755615814348,1599.2182217120308,18887243,INFY.NS
2021-12-20,1580.6781005859375,1607.69786318161,1570.485301026665,1583.138372334925,5773891,INFY.NS
2021-12-21,1591.837158203125,1615.034630275392,1582.5230517551581,1582.5230517551581,5353584,INFY.NS
2021-12-22,1603.3480224609375,1607.258263225774,1592.4962060182195,1603.6116727640501,4156428,INFY.NS
2021-12-23,1632.2569580078125,1635.7717232521284,1605.3690253412217,1609.103463413307,4112933,INFY.NS
2021-12-24,1637.44140625,1648.2053757839751,1629.0938380399784,1645.744996985642,3780347,INFY.NS
2021-12-27,1639.7698974609375,1647.1069488401015,1621.2295312790468,1634.3659241624905,2647733,INFY.NS
2021-12-28,1658.9693603515625,1665.9110438520706,1650.5339443784728,1652.5548702377228,3340933,INFY.NS
2021-12-29,1656.8165283203125,1664.065732003417,1648.7764809648074,1655.0151681366292,3236635,INFY.NS
2021-12-30,1663.23095703125,1678.1248402781916,1646.9751665027095,1655.893905461335,4584738,INFY.NS
2021-12-31,1658.7496337890625,1668.0637408590383,1644.602724183878,1660.7266893716478,4619420,INFY.NS
2022-01-03,1668.1517333984375,1681.8594057710459,1658.7497778274603,1658.7497778274603,3329616,INFY.NS
2022-01-04,1668.7669677734375,1675.3571539606305,1650.1826212731244,1668.1518193720126,3921999,INFY.NS
2022-01-05,1620.8780517578125,1672.0618238908942,1616.792115448411,1669.5135974739028,6995719,INFY.NS
2022-01-06,1597.285400390625,1606.2480104983958,1581.6446492872608,1606.2480104983958,6449205,INFY.NS
2022-01-07,1594.2098388671875,1613.2773992100788,1587.619653412898,1595.2202481604722,4834389,INFY.NS
2022-01-10,1626.238037109375,1643.0649981325935,1593.0674382165591,1594.8248209393573,7857560,INFY.NS
2022-01-11,1630.5,1643.1531796270988,1625.7111740123644,1629.9728065284858,5142287,INFY.NS
2022-01-12,1649.6990966796875,1659.848025074008,1634.3659749272922,1642.1863497006073,5362535,INFY.NS
2022-01-13,1666.7017822265625,1680.4971934061439,1639.9455664762318,1673.907008333963,14277630,INFY.NS
2022-01-14,1695.3031005859375,1698.510345401381,1652.8183961200198,1653.6970874523536,7688506,INFY.NS
2022-01-17,1704.2220458984375,1716.8752240721528,1696.3138229476326,1703.3873319362635,5262464,INFY.NS
2022-01-18,1687.746337890625,1709.0546022112537,1679.5744657824005,1688.932549709658,3690315,INFY.NS
2022-01-19,1640.560791015625,1683.5726913474412,1636.8702228464153,1683.5726913474412,5747770,INFY.NS
2022-01-20,1602.4696044921875,1623.8218502987,1595.2643772820832,1620.3070843889625,5533463,INFY.NS
2022-01-21,1569.0791015625,1588.6739615819963,1560.5558383681557,1577.2509740263736,8252758,INFY.NS
2022-01-24,1526.111328125,1554.0976288940496,1518.378800587523,1550.890383701955,7116712,INFY.NS
2022-01-25,1513.2386474609375,1528.9232698979781,1494.2149542882253,1517.148781884265,9137653,INFY.NS
2022-01-27,1474.9713134765625,1502.29859365424,1463.0211322868854,1495.5327130043718,11231734,INFY.NS
2022-01-28,1481.6494140625,1517.9833897106614,1475.7622245146904,1477.0802616309584,10998502,INFY.NS
2022-01-31,1525.583984375,1537.2706230423364,1507.2632899140617,1509.591843604878,8788872,INFY.NS
2022-02-01,1557.0853271484375,1564.070881720928,1524.2661135677781,1551.8570483269698,5119935,INFY.NS
2022-02-02,1570.309326171875,1575.3179313391013,1557.041107934789,1571.978861227617,4253717,INFY.NS
2022-02-03,1527.6490478515625,1563.1920737397209,1523.6509588896436,1563.1920737397209,3832922,INFY.NS
2022-02-04,1529.889404296875,1541.1805660739483,1502.6939514077194,1521.8933349019508,4700077,INFY.NS
2022-02-07,1506.955810546875,1521.8935649371356,1489.733479878767,1513.2823459720125,4310209,INFY.NS
2022-02-08,1508.9769287109375,1515.7428102343724,1490.2607571927513,1502.562437971465,6053401,INFY.NS
2022-02-09,1526.550537109375,1531.5590349384013,1515.7425905156294,1524.5295040838362,3867244,INFY.NS
2022-02-10,1554.9322509765625,1558.7106668309207,1536.611557080806,1542.6745490801131,4334630,INFY.NS
2022-02-11,1512.535400390625,1534.1511870988509,1505.1983487478708,1528.9230162412698,7551371,INFY.NS
2022-02-14,1478.1346435546875,1510.0751620435087,1474.6638553981247,1484.9884794415796,7459637,INFY.NS
2022-02-15,1527.38525390625,1534.8541304534688,1485.383764065274,1492.896618085269,4669915,INFY.NS
2022-02-16,1523.03564453125,1542.4985706502596,1517.368021395642,1527.385123479544,5350642,INFY.NS
2022-02-17,1515.56689453125,1536.8311824527893,1511.612783427169,1532.4377256704772,3937950,INFY.NS
2022-02-18,1499.8822021484375,1513.5458959572875,1496.850759804493,1502.5622537515017,5602215,INFY.NS
2022-02-21,1520.7510986328125,1526.550547436766,1486.3064401172699,1494.6540080635389,5120890,INFY.NS
2022-02-22,1523.95849609375,1538.5887302005694,1485.911220635109,1493.6876185215017,8878515,INFY.NS
2022-02-23,1531.4273681640625,1544.9592379110045,1523.1237768881938,1537.7100334675147,5478811,INFY.NS
2022-02-24,1474.575927734375,1506.9117054360172,1467.8539173756792,1485.0762465850694,13592379,INFY.NS
2022-02-25,1489.030517578125,1518.5106587861058,1473.565569428914,1506.9558447051804,9737281,INFY.NS
2022-02-28,1507.4830322265625,1518.4228051512885,1463.0212662482625,1478.1347163040493,15076542,INFY.NS
2022-03-02,1496.2357177734375,1506.4285162813565,1485.8671166330619,1502.5622527750063,6771489,INFY.NS
2022-03-03,1512.09619140625,1523.563157969651,1498.6522763017938,1511.5250204995646,7344147,INFY.NS
2022-03-04,1514.2489013671875,1525.408239012716,1477.0802130071288,1489.6015651994855,9074499,INFY.NS
2022-03-07,1528.7911376953125,1538.5885677889987,1490.2605431011661,1491.1392344591268,9742588,INFY.NS
2022-03-08,1562.4888916015625,1581.6444056414032,1509.9870842476325,1509.9870842476325,10984500,INFY.NS
2022-03-09,1593.375,1609.411117760778,1573.7362690166242,1573.7362690166242,10193515,INFY.NS
2022-03-10,1604.40283203125,1620.9661453613448,1590.6073111176956,1620.9661453613448,6547182,INFY.NS
2022-03-11,1600.9757080078125,1609.2354285026502,1591.310102745416,1593.9461769078878,4758657,INFY.NS
2022-03-14,1661.341796875,1665.1202128221414,1609.367286068122,1609.367286068122,10289724,INFY.NS
2022-03-15,1616.1771240234375,1659.2768725454414,1608.0052511537049,1659.2768725454414,7140443,INFY.NS
2022-03-16,1660.19970703125,1664.197688915831,1624.7005497169687,1638.759613424633,5233979,INFY.NS
2022-03-17,1629.6212158203125,1689.9873855375893,1610.6854785690437,1689.9873855375893,17731459,INFY.NS
2022-03-21,1628.259033203125,1658.002713659227,1617.7586073153645,1635.2445864629065,8362085,INFY.NS
2022-03-22,1658.442138671875,1660.7267148165508,1615.9134542580089,1625.579059476518,5709382,INFY.NS
2022-03-23,1645.261962890625,1669.513826496781,1631.7300925286959,1666.8777520338913,6192824,INFY.NS
2022-03-24,1657.8270263671875,1664.7687099000984,1630.9830683752546,1630.9830683752546,3784303,INFY.NS
2022-03-25,1648.9083251953125,1664.2414466217965,1632.6085574568626,1662.4840638904113,3438588,INFY.NS
2022-03-28,1646.579833984375,1652.7306737771728,1627.9076417562392,1639.6381504800765,4008555,INFY.NS
2022-03-29,1657.2120361328125,1660.1996084457126,1634.8493821555994,1646.5798912876753,3917785,INFY.NS
2022-03-30,1672.9844970703125,1686.2088459320603,1665.1202517150882,1678.3006231006957,7795839,INFY.NS
2022-03-31,1675.5325927734375,1680.9365660718338,1664.4171256540967,1669.5135784299448,5399145,INFY.NS
2022-04-01,1672.633056640625,1678.5642235880214,1650.4460988003643,1657.9588459097863,6171518,INFY.NS
2022-04-04,1654.5318603515625,1663.362751461479,1645.788924187718,1660.5070045294929,7364074,INFY.NS
2022-04-05,1635.3326416015625,1660.3753480101589,1631.8618532673324,1655.2790019404306,5472024,INFY.NS
2022-04-06,1606.9947509765625,1632.169281125761,1601.107561481124,1629.9725526181892,5407453,INFY.NS
2022-04-07,1591.3101806640625,1606.3797601498356,1588.2787381336382,1600.1410724456011,5797544,INFY.NS
2022-04-08,1594.4732666015625,1615.034665184189,1588.6739252736745,1601.8542952289317,5131446,INFY.NS
2022-04-11,1552.2523193359375,1593.946182924903,1548.7375537727073,1593.946182924903,8248407,INFY.NS
2022-04-12,1531.0758056640625,1544.300154299906,1518.1590848316712,1544.300154299906,6456184,INFY.NS
2022-04-13,1536.4359130859375,1544.3001583273306,1521.8935272961232,1542.0594523193558,6257693,INFY.NS
2022-04-18,1424.7103271484375,1449.8408809660887,1397.1193943855035,1410.7391117521547,30523965,INFY.NS
2022-04-19,1372.5159912109375,1438.110326839995,1361.9716942234015,1438.110326839995,17044923,INFY.NS
2022-04-20,1395.0982666015625,1402.6550983089535,1373.3946323351558,1383.9389289365774,10678747,INFY.NS
2022-04-21,1422.4256591796875,1429.8065810155888,1396.4602858072528,1401.5127612789481,7766514,INFY.NS
2022-04-22,1393.1214599609375,1415.3084213582451,1390.4415151197413,1409.7287515285802,8134245,INFY.NS
2022-04-25,1371.72509765625,1382.0058512029284,1365.5742579702844,1382.0058512029284,7000570,INFY.NS
2022-04-26,1389.211181640625,1398.8767875849937,1376.5141331003783,1385.8721112277144,5345435,INFY.NS
2022-04-27,1364.43212890625,1381.9619804602605,1362.279270492614,1381.9619804602605,8819356,INFY.NS
2022-04-28,1390.616943359375,1407.4878820528004,1368.5178339093395,1379.5454535287045,9245177,INFY.NS
2022-04-29,1377.3927001953125,1403.5337684574995,1371.4615334467492,1397.1192785504973,9831395,INFY.NS
2022-05-02,1354.0634765625,1364.3881007348616,1345.276562373256,1362.7625430622788,7072627,INFY.NS
2022-05-04,1349.2745361328125,1379.5454100276122,1344.5295814229673,1359.5551819523712,6220959,INFY.NS
2022-05-05,1392.8577880859375,1396.592226787759,1368.5179703073688,1370.8026539111372,6144870,INFY.NS
2022-05-06,1355.6890869140625,1372.384224522361,1348.8353579374136,1361.9717522559292,6171472,INFY.NS
2022-05-09,1379.85302734375,1394.3075653232786,1337.5001444983088,1353.1847646359806,6832202,INFY.NS
2022-05-10,1364.607666015625,1378.7985527649935,1358.5008040403675,1369.0011227639045,6212545,INFY.NS
2022-05-11,1341.5421142578125,1361.9277121263535,1328.2299179037932,1361.9277121263535,7846080,INFY.NS
2022-05-12,1325.7696533203125,1342.201139918884,1321.8155419424827,1330.3388057853947,7034979,INFY.NS
2022-05-13,1321.9033203125,1343.7387794348365,1316.3675217689756,1334.9958431960715,6723761,INFY.NS
2022-05-16,1308.4593505859375,1328.4495800627174,1299.2770683025562,1326.8240224148346,6145331,INFY.NS
2022-05-17,1334.2489013671875,1340.0043728900273,1301.2541039526504,1313.555783441477,6516378,INFY.NS
2022-05-18,1326.1209716796875,1361.70797213733,1322.694161149026,1337.3682641118933,6594126,INFY.NS
2022-05-19,1254.0245361328125,1304.593165199384,1245.6769672791786,1301.3420497086145,16561140,INFY.NS
2022-05-20,1278.6278076171875,1288.8206063685275,1271.2028009563014,1276.7385996614764,10488908,INFY.NS
2022-05-23,1290.2703857421875,1307.4927145622214,1274.1464210976928,1278.5837480095965,5887569,INFY.NS
2022-05-24,1266.1942138671875,1291.2808943889067,1261.14173869041,1290.446073263294,5693167,INFY.NS
2022-05-25,1239.350341796875,1267.5124463343247,1229.50904023106,1260.9222603048568,9630092,INFY.NS
2022-05-26,1251.2125244140625,1256.528650069207,1236.3627261774936,1245.9843537049899,13040065,INFY.NS
2022-05-27,1284.075439453125,1289.0400664785568,1263.0308268759254,1268.7861902183386,8284860,INFY.NS
2022-05-30,1341.5863037109375,1344.398073770826,1304.856953954037,1306.6143370570053,10904213,INFY.NS
2022-05-31,1335.1923828125,1347.9795623962705,1321.4728713370666,1341.4971403772934,16033857,INFY.NS
2022-06-01,1312.9482421875,1345.0936959690998,1307.220595475762,1343.539700941573,8738508,INFY.NS
2022-06-02,1339.099609375,1344.2943706627866,1310.3284820297667,1317.787679252321,7205840,INFY.NS
2022-06-03,1351.26513671875,1380.835483354974,1347.9795908249841,1354.1067924628962,9395707,INFY.NS
2022-06-06,1358.68017578125,1364.4964924732922,1325.7798357609638,1346.2037716099271,6624883,INFY.NS
2022-06-07,1337.9453125,1349.6224971381034,1334.3045457286844,1349.6224971381034,4904592,INFY.NS
2022-06-08,1331.99560546875,1349.9331029298305,1324.89162890625,1349.9331029298305,4697608,INFY.NS
2022-06-09,1345.315673828125,1347.0472249005495,1315.5677694893513,1318.675759494895,4361061,INFY.NS
2022-06-10,1311.3941650390625,1326.6232286366903,1308.5525092706785,1319.6524730579197,6516436,INFY.NS
2022-06-13,1264.951904296875,1281.9126277011962,1253.5854977400272,1281.9126277011962,6987685,INFY.NS
2022-06-14,1279.204345703125,1286.6191002718645,1245.9932304081092,1252.0759892436106,6090247,INFY.NS
2022-06-15,1262.9093017578125,1284.3988943960317,1259.9345334598274,1278.8932479061086,4651958,INFY.NS
2022-06-16,1240.7095947265625,1282.0459060881565,1236.0920528309707,1276.9399223929138,6641772,INFY.NS
2022-06-17,1231.91845703125,1240.487542584052,1214.0252932515164,1235.2484462558373,9692047,INFY.NS
2022-06-20,1255.7613525390625,1263.0428867444693,1227.2122188224364,1234.360640156729,4595194,INFY.NS
2022-06-21,1287.507080078125,1292.9238409740165,1263.3979359517734,1264.507932381181,6270787,INFY.NS
2022-06-22,1276.2738037109375,1296.1205167768,1274.2758102801847,1275.2082505737685,6253366,INFY.NS
2022-06-23,1289.771484375,1294.699912173582,1272.4999822666275,1278.5384065605574,6254281,INFY.NS
2022-06-24,1279.692626953125,1303.1357725824364,1268.8591054568187,1294.6997999490238,6114340,INFY.NS
2022-06-27,1309.4405517578125,1317.7877464947417,1301.049022203048,1303.6242355705597,4511097,INFY.NS
2022-06-28,1314.368896484375,1321.561651135481,1290.2597541406712,1304.4677073865423,4412178,INFY.NS
2022-06-29,1299.3619384765625,1311.5719003108716,1293.811955824604,1300.6494910925776,5060038,INFY.NS
2022-06-30,1298.1629638671875,1316.0116836459267,1292.0357622839565,1300.960176372367,9165177,INFY.NS
2022-07-01,1313.702880859375,1318.6756427483724,1280.8025462113708,1291.147733707834,4651635,INFY.NS
2022-07-04,1321.3397216796875,1325.1137094600226,1298.2517964352844,1314.4577439626057,4800224,INFY.NS
2022-07-05,1310.6392822265625,1340.831183761111,1307.1317370251647,1330.9301027704544,7379669,INFY.NS
2022-07-06,1324.5811767578125,1331.995932435415,1305.3560137867066,1316.1895373446055,5209162,INFY.NS
2022-07-07,1330.84130859375,1344.3832653678094,1328.1773170972135,1334.7041829822008,3323472,INFY.NS
2022-07-08,1344.8271484375,1347.0471411605954,1331.9511906435466,1345.315590195814,3652582,INFY.NS
2022-07-11,1308.153076171875,1331.9070008962192,1302.1590951666665,1327.5557930054122,4702638,INFY.NS
2022-07-12,1277.4727783203125,1304.1126949058805,1275.164007229183,1298.0743788520106,4710356,INFY.NS
2022-07-13,1282.66748046875,1296.4758799465965,1277.4727186568018,1287.5959081661404,5264025,INFY.NS
2022-07-14,1268.814697265625,1290.215406752036,1255.6279613595361,1288.4838556808252,6157606,INFY.NS
2022-07-15,1270.146728515625,1284.0439058847987,1252.6532276522264,1284.0439058847987,5620018,INFY.NS
2022-07-18,1323.0269775390625,1326.3125236399783,1285.8643184329112,1287.5958695188904,5835171,INFY.NS
2022-07-19,1317.9208984375,1320.3184472133253,1305.4444960050953,1306.7321568201792,3418540,INFY.NS
2022-07-20,1345.5821533203125,1354.9061235932559,1331.9957532776436,1333.1057497387085,5079392,INFY.NS
2022-07-21,1361.2109375,1363.475265334351,1334.7485774263982,1347.0917602580191,5008061,INFY.NS
2022-07-22,1337.5899658203125,1367.515422286442,1325.0247862021565,1362.1874401216894,7020642,INFY.NS
2022-07-25,1335.1923828125,1347.2247865607108,1314.3244515105814,1314.3244515105814,7859626,INFY.NS
2022-07-26,1288.6170654296875,1329.0209351127858,1283.1558613643324,1329.0209351127858,7268273,INFY.NS
2022-07-27,1306.2880859375,1308.019636802142,1283.1557197414088,1288.4837019687088,4517285,INFY.NS
2022-07-28,1347.4466552734375,1353.7069690185922,1322.9822948221376,1328.7987184700435,6636841,INFY.NS
2022-07-29,1376.1290283203125,1381.4570107879367,1356.8595350883038,1361.1219644216355,7009465,INFY.NS
2022-08-01,1377.3280029296875,1388.8275224964943,1365.6508188965988,1388.8275224964943,2983249,INFY.NS
2022-08-02,1370.71240234375,1373.731614384653,1357.170445576222,1373.332059019602,4374635,INFY.NS
2022-08-03,1390.6923828125,1394.1555935461508,1367.4268997061906,1375.5076524859794,6011955,INFY.NS
2022-08-04,1420.70654296875,1424.2140880582285,1398.5509508931095,1409.6953575514096,7402209,INFY.NS
2022-08-05,1435.5806884765625,1443.6169980608536,1422.8379503946153,1428.2547116101568,5361971,INFY.NS
2022-08-08,1438.0224609375,1440.331231614356,1417.2433080496378,1435.8912463134488,3763409,INFY.NS
2022-08-10,1422.9710693359375,1439.6210168307325,1410.22833119954,1439.6210168307325,4423829,INFY.NS
2022-08-11,1438.510986328125,1448.6341758452916,1435.0034408313697,1447.4354013336217,3462090,INFY.NS
2022-08-12,1415.5562744140625,1433.2274398690179,1412.0487289334715,1432.6058852060069,3562286,INFY.NS
2022-08-16,1417.6429443359375,1428.7873514369574,1412.8921814722432,1428.7873514369574,3004430,INFY.NS
2022-08-17,1426.3453369140625,1431.4513202213034,1407.4753986046935,1417.6429220050966,4067324,INFY.NS
2022-08-18,1405.655029296875,1419.1969856808453,1397.7074982537147,1415.5562190867397,4635706,INFY.NS
2022-08-19,1418.22021484375,1425.1466359156411,1407.5642491319722,1407.741913599355,4739884,INFY.NS
2022-08-22,1399.1727294921875,1419.907441241582,1397.7075125167294,1408.3634783046587,3950555,INFY.NS
2022-08-23,1369.646728515625,1380.3914715875098,1361.2995342191398,1374.619490522654,5551574,INFY.NS
2022-08-24,1365.2955322265625,1372.8435075266768,1359.5235511147102,1363.0755394912346,2888426,INFY.NS
2022-08-25,1348.11279296875,1375.2410388101719,1344.2055841247086,1374.6194842114278,4331088,INFY.NS
2022-08-26,1351.132080078125,1371.911126256518,1347.4912051170422,1363.2088193983936,3079136,INFY.NS
2022-08-29,1298.0299072265625,1304.0683315463896,1287.5959401255452,1304.0683315463896,8079050,INFY.NS
2022-08-30,1325.7354736328125,1328.532686697627,1301.8039906965078,1308.108749599387,6725875,INFY.NS
2022-09-01,1300.205322265625,1303.668532666685,1288.5282470130728,1296.5202209856338,8140604,INFY.NS
2022-09-02,1290.260009765625,1312.4599411105257,1285.8200234966448,1312.4599411105257,5175653,INFY.NS
2022-09-05,1297.6302490234375,1302.6917893036236,1284.3546268952266,1288.4838352280558,3669352,INFY.NS
2022-09-06,1292.12451171875,1305.355689709022,1283.5553183345817,1297.6301585781393,3428442,INFY.NS
2022-09-07,1294.3890380859375,1301.5817931585523,1276.984316019413,1278.7158670634933,3600574,INFY.NS
2022-09-08,1310.594970703125,1315.212512366536,1299.6725627710948,1309.7957516157421,4061475,INFY.NS
2022-09-09,1342.3408203125,1349.755574320764,1314.2356907860071,1321.3396674929586,4816910,INFY.NS
2022-09-12,1364.14111328125,1372.7547502634757,1350.7768218512558,1354.9060300810474,5494819,INFY.NS
2022-09-13,1371.9110107421875,1379.0594304149024,1368.669908200499,1378.0826553311847,4947158,INFY.NS
2022-09-14,1310.1510009765625,1331.0632685678052,1307.1317890233854,1329.33171750544,14332197,INFY.NS
2022-09-15,1272.3223876953125,1309.9733809599834,1268.9923983100107,1309.7958248853374,12784100,INFY.NS
2022-09-16,1222.8165283203125,1265.3959486362396,1215.0908880161,1265.3959486362396,20464045,INFY.NS
2022-09-19,1234.582275390625,1248.5237849644993,1225.96863943133,1236.0918269349809,6595241,INFY.NS
2022-09-20,1233.0284423828125,1255.2283703476603,1229.964787284812,1250.2554997650657,7219797,INFY.NS
2022-09-21,1222.993896484375,1233.2503054303857,1215.13514453256,1225.347110268316,7917054,INFY.NS
2022-09-22,1214.735595703125,1228.9435493746757,1207.6760620818068,1213.3148220155867,9168498,INFY.NS
2022-09-23,1212.515625,1238.5784272088517,1209.4520782930736,1214.3360624565184,10426200,INFY.NS
2022-09-26,1225.658203125,1242.7077069492407,1203.2362725842238,1207.676258829922,9414587,INFY.NS
2022-09-27,1237.468505859375,1248.9680259096867,1223.6601064369345,1237.3796194234526,8561254,INFY.NS
2022-09-28,1238.48974609375,1248.3909373097592,1222.7722378122673,1224.5482323479425,7022098,INFY.NS
2022-09-29,1241.9971923828125,1251.9427167580907,1236.9799869799815,1247.547174377518,6119965,INFY.NS
2022-09-30,1255.139404296875,1260.3342738295787,1221.8839576743449,1233.3834762714234,8120130,INFY.NS
2022-10-03,1237.64599609375,1253.8519436659194,1230.7640183576234,1253.8519436659194,4943169,INFY.NS
2022-10-04,1269.3031005859375,1271.8338706895042,1255.6279233059583,1260.689463513092,6631341,INFY.NS
2022-10-06,1292.1690673828125,1296.2982757871803,1282.3566555701389,1283.1558746803535,6180672,INFY.NS
2022-10-07,1288.6614990234375,1294.566702109372,1278.8491949585682,1284.3547342638644,3994466,INFY.NS
2022-10-10,1298.828857421875,1300.915628730326,1266.5945223746521,1266.5945223746521,5274677,INFY.NS
2022-10-11,1264.330322265625,1313.9249389319289,1261.0446679361762,1298.8289881372887,12824774,INFY.NS
2022-10-12,1268.681396484375,1279.6925820570834,1255.2283273173289,1276.0518156752744,5481467,INFY.NS
2022-10-13,1260.8670654296875,1276.8953475559135,1256.5158580930706,1270.7238112587875,4821514,INFY.NS
2022-10-14,1309.1298828125,1326.6678276560115,1302.913902361635,1318.6758527906138,14990688,INFY.NS
2022-10-17,1323.0714111328125,1327.5558404413687,1310.239894696481,1311.4831124808618,4286396,INFY.NS
2022-10-18,1335.2811279296875,1341.7191065769207,1329.553590285518,1340.8755527341007,4692004,INFY.NS
2022-10-19,1319.0753173828125,1336.3912617326525,1315.3902159447794,1335.54770780305,3553171,INFY.NS
2022-10-20,1332.794921875,1335.5476913144482,1309.085333326775,1309.7957743941563,4583939,INFY.NS
2022-10-21,1332.439697265625,1337.3236814941895,1324.314501823941,1332.2621411983666,3594485,INFY.NS
2022-10-24,1347.8463134765625,1351.3539668962553,1341.7635553058506,1348.4235332441654,982837,INFY.NS
2022-10-25,1355.35009765625,1361.2108571850185,1350.6881126041244,1356.9484274924105,3914341,INFY.NS
2022-10-27,1368.0523681640625,1377.8822668553057,1357.7737282362873,1374.201712053986,6760137,INFY.NS
2022-10-28,1358.4471435546875,1371.6433151587364,1352.8365077395763,1369.892840617514,3053981,INFY.NS
2022-10-31,1380.3509521484375,1388.205841518274,1373.7079380791174,1373.7079380791174,4542336,INFY.NS
2022-11-01,1412.0848388671875,1413.8802423495363,1388.8343418542265,1394.1757329638529,4542692,INFY.NS
2022-11-02,1394.400146484375,1411.8604013679294,1386.949178263202,1411.1871250678016,2938906,INFY.NS
2022-11-03,1374.15673828125,1385.9615363587588,1365.987675554083,1381.3383511548413,3174027,INFY.NS
2022-11-04,1359.120361328125,1364.9104934069014,1347.5849165055247,1364.9104934069014,4509682,INFY.NS
2022-11-07,1353.240234375,1371.598297862103,1338.5628351175721,1365.763237456549,4898592,INFY.NS
2022-11-09,1356.6068115234375,1372.5859461620792,1347.5400459604302,1372.5859461620792,3334755,INFY.NS
2022-11-10,1348.302978515625,1357.32492412614,1333.086979052459,1333.086979052459,3435763,INFY.NS
2022-11-11,1409.4815673828125,1412.5337754044604,1388.4305041086727,1388.4305041086727,7214098,INFY.NS
2022-11-14,1423.12646484375,1428.602422973989,1408.0001044253945,1414.014771210018,4908813,INFY.NS
2022-11-15,1430.9365234375,1434.392653098893,1411.8603621306952,1416.4386189277827,3497614,INFY.NS
2022-11-16,1438.8363037109375,1444.4020103215976,1430.4876342122222,1433.7642672771042,4497697,INFY.NS
2022-11-17,1425.0118408203125,1438.8364702781969,1421.0170021122965,1433.809252596975,3469515,INFY.NS
2022-11-18,1430.39794921875,1434.527355233414,1414.3290664394517,1428.8717905380126,3126064,INFY.NS
2022-11-21,1407.7755126953125,1425.4153698916546,1404.050138966508,1420.253586031153,3071764,INFY.NS
2022-11-22,1422.902099609375,1425.5502757469735,1402.2100319375143,1408.4939437323687,3399329,INFY.NS
2022-11-23,1421.1964111328125,1429.1410489418556,1417.7402816433105,1426.3581957002846,3245067,INFY.NS
2022-11-24,1463.07421875,1468.639925244856,1422.6327148727294,1426.4479469523692,5282215,INFY.NS
2022-11-25,1468.32568359375,1475.8214702395546,1448.710925020796,1464.5104516907584,4563255,INFY.NS
2022-11-28,1457.328857421875,1484.34965474194,1454.276649943721,1461.4582630298628,3825766,INFY.NS
2022-11-29,1462.40087890625,1471.1085408527335,1449.8330561316118,1455.3538334700106,3131710,INFY.NS
2022-11-30,1467.6973876953125,1477.3926101335646,1448.12755589009,1454.2318618548122,11868134,INFY.NS
2022-12-01,1487.5814208984375,1501.49579683449,1483.272518616262,1486.7734674759286,5407928,INFY.NS
2022-12-02,1470.3455810546875,1491.8006727944214,1466.799593723397,1486.5939592971272,4283343,INFY.NS
2022-12-05,1472.0062255859375,1476.5844819133267,1457.2390778283009,1470.4352477571372,3824966,INFY.NS
2022-12-06,1447.9029541015625,1459.6628233200083,1443.1002723866409,1458.7651217066502,4822398,INFY.NS
2022-12-07,1441.260009765625,1457.6879939155688,1433.3601913539392,1443.5042639072717,4898087,INFY.NS
2022-12-08,1454.411376953125,1457.777758202631,1434.976113956099,1441.2600256218434,4206837,INFY.NS
2022-12-09,1408.7633056640625,1461.4583510232733,1401.4020860579217,1461.4583510232733,8880658,INFY.NS
2022-12-12,1388.923828125,1405.7557325970877,1373.528333834033,1391.4374363592497,8037679,INFY.NS
2022-12-13,1411.32177734375,1416.1244596167126,1383.4930240961316,1388.924053738368,6135067,INFY.NS
2022-12-14,1417.830078125,1425.9991416279158,1412.0847653639985,1420.164080614015,4976020,INFY.NS
2022-12-15,1382.909423828125,1409.3916231159728,1378.1964900565588,1408.7632757795202,6443866,INFY.NS
2022-12-16,1366.4814453125,1390.9887448634156,1357.369860981026,1368.9950538345975,9630453,INFY.NS
2022-12-19,1353.1507568359375,1361.7238526722738,1342.1090906861166,1353.6893559876567,6222740,INFY.NS
2022-12-20,1353.1058349609375,1360.9157960258838,1330.797859741164,1347.4502703396117,7396259,INFY.NS
2022-12-21,1355.125732421875,1365.4043737163634,1348.662214015589,1360.018163169159,6236361,INFY.NS
2022-12-22,1366.346923828125,1373.4386796309227,1357.100552434212,1365.8531440573202,6302640,INFY.NS
2022-12-23,1343.9490966796875,1355.4397214479377,1340.268541890437,1354.3624137356346,6283822,INFY.NS
2022-12-26,1348.70703125,1355.4397938764648,1343.2758922315616,1347.0013761347504,4115459,INFY.NS
2022-12-27,1359.8834228515625,1365.8082322618604,1344.3083199922382,1355.484662525693,4860076,INFY.NS
2022-12-28,1355.664306640625,1368.9502266632046,1345.206059437163,1351.1308690136332,5029860,INFY.NS
2022-12-29,1362.307373046875,1365.673754704515,1347.4503648313955,1350.1434701575076,4624745,INFY.NS
2022-12-30,1353.9136962890625,1373.8427403112848,1350.1883218006867,1371.688234257162,5060544,INFY.NS
2023-01-02,1368.097412109375,1370.3416663943312,1350.188306748515,1359.1203949695496,3801140,INFY.NS
2023-01-03,1366.7957763671875,1375.862541681665,1360.1078329075388,1364.3719160112378,4551130,INFY.NS
2023-01-04,1341.884521484375,1365.4042617792377,1338.5629595029297,1365.4042617792377,7059590,INFY.NS
2023-01-05,1324.28955078125,1351.8490596942972,1318.948269310685,1351.8490596942972,9868404,INFY.NS
2023-01-06,1300.3209228515625,1324.1100180918568,1298.5255194372007,1319.6215095559523,6443714,INFY.NS
2023-01-09,1332.5931396484375,1336.9918995481128,1300.051455589557,1300.051455589557,11498717,INFY.NS
2023-01-10,1319.3970947265625,1332.0995959017448,1305.3032216437111,1330.3939407278556,7158624,INFY.NS
2023-01-11,1320.74365234375,1341.1663664241717,1314.2353148895497,1319.621525196474,6173092,INFY.NS
2023-01-12,1329.13720703125,1333.087116700985,1306.156063838339,1330.3490824935222,6591385,INFY.NS
2023-01-13,1349.8292236328125,1363.9680258321482,1317.8261351507858,1331.7405119183861,11610426,INFY.NS
2023-01-16,1369.4439697265625,1371.6882240197885,1348.617333718516,1355.5295931085607,6073063,INFY.NS
2023-01-17,1382.01171875,1384.435469422026,1368.097342887301,1370.7904478929847,5922644,INFY.NS
2023-01-18,1387.308349609375,1393.098482244262,1382.1016354639867,1386.7248215371396,5843098,INFY.NS
2023-01-19,1381.4732666015625,1391.0338123051622,1370.0275691100205,1382.370968365605,6165284,INFY.NS
2023-01-20,1369.48876953125,1386.9490224533192,1368.097288167546,1380.665111024728,6496429,INFY.NS
2023-01-23,1389.6422119140625,1394.4000746897525,1371.777926420586,1377.9720899793838,4855020,INFY.NS
2023-01-24,1393.143310546875,1408.3144914155778,1391.2132299470666,1400.414672506807,5200802,INFY.NS
2023-01-25,1385.15380859375,1396.8239314140474,1381.3385761332681,1388.7446156153799,4158617,INFY.NS
2023-01-27,1363.7435302734375,1392.2903779726057,1353.1955355242728,1387.8467984858346,6209955,INFY.NS
2023-01-30,1381.3834228515625,1386.051427868807,1364.5065870211054,1372.406405831687,6964719,INFY.NS
2023-01-31,1376.85009765625,1390.4503014665167,1358.222785821618,1390.4503014665167,9448126,INFY.NS
2023-02-01,1392.4251708984375,1395.9711585819437,1371.733211185899,1384.43560335875,6194199,INFY.NS
2023-02-02,1421.735107421875,1424.6077091096986,1393.233077644041,1393.233077644041,6916834,INFY.NS
2023-02-03,1435.7840576171875,1440.4969913344742,1412.084711865144,1434.0784025458154,7040194,INFY.NS
2023-02-06,1409.257080078125,1434.527406432134,1401.8510405893485,1434.527406432134,4570612,INFY.NS
2023-02-07,1402.569091796875,1414.822741340062,1396.0158258630909,1408.4939008206854,4336238,INFY.NS
2023-02-08,1427.79443359375,1439.0157038986365,1405.3518929839772,1405.3518929839772,7983338,INFY.NS
2023-02-09,1451.5836181640625,1454.0522977867906,1423.79979497045,1432.9113793663391,6904911,INFY.NS
2023-02-10,1443.998046875,1450.955234729636,1433.1357691390035,1447.9478465069383,4786762,INFY.NS
2023-02-13,1407.1024169921875,1433.6295447624907,1405.8007934239577,1433.6295447624907,4001199,INFY.NS
2023-02-14,1430.26318359375,1432.731863182567,1416.7079103135172,1422.5877904936112,5043736,INFY.NS
2023-02-15,1433.6744384765625,1435.424912829853,1414.7777752469344,1421.9593883192538,3465747,INFY.NS
2023-02-16,1437.9385986328125,1449.2944372484508,1434.3926112378667,1436.3226917714796,4290289,INFY.NS
2023-02-17,1421.7799072265625,1431.8341218036317,1414.328939750233,1430.9364201598676,2857734,INFY.NS
2023-02-20,1429.544921875,1439.0157179378093,1420.6128344582553,1422.8121596263827,2417716,INFY.NS
2023-02-21,1417.9197998046875,1437.80391388057,1414.7778439330089,1435.1556281819492,2723288,INFY.NS
2023-02-22,1402.0303955078125,1413.8800127338295,1396.1953351378,1403.1075935891906,3656244,INFY.NS
2023-02-23,1392.0657958984375,1409.2568030673553,1389.7767226196806,1409.2568030673553,4766854,INFY.NS
2023-02-24,1392.02099609375,1408.493798396826,1386.9489601804307,1400.4144840656777,2790986,INFY.NS
2023-02-27,1354.901123046875,1382.4605194389667,1348.3478572709923,1382.4605194389667,4920268,INFY.NS
2023-02-28,1335.3760986328125,1368.0972790929927,1329.7654634659286,1360.556563512157,9679811,INFY.NS
2023-03-01,1343.0064697265625,1347.3153714875734,1329.9448681268595,1339.7298370988067,5125043,INFY.NS
2023-03-02,1321.551513671875,1336.3186620674148,1317.197682560526,1333.0869580251103,4644499,INFY.NS
2023-03-03,1327.9700927734375,1337.3959600849184,1322.3145285534606,1334.6579262232572,4615015,INFY.NS
2023-03-06,1353.240234375,1364.8655358556944,1340.40316723241,1341.6599713901492,6561742,INFY.NS
2023-03-08,1339.999267578125,1342.961726985448,1329.585949900398,1338.0692966126087,4137080,INFY.NS
2023-03-09,1328.9573974609375,1345.0710964615623,1323.7506846342324,1342.0638181835122,5104656,INFY.NS
2023-03-10,1321.0130615234375,1323.481741349912,1308.5349852112563,1310.6445624191515,3699580,INFY.NS
2023-03-13,1288.2916259765625,1327.0724033065608,1281.9179661287412,1314.4147222773474,8798403,INFY.NS
2023-03-14,1274.736328125,1300.1861476889799,1266.657013369278,1293.5880625550176,7402784,INFY.NS
2023-03-15,1274.4222412109375,1295.2488768323813,1271.9086326160925,1290.8950455008883,7556182,INFY.NS
2023-03-16,1260.462890625,1272.7614692311392,1255.615279699322,1272.7614692311392,7323117,INFY.NS
2023-03-17,1275.3646240234375,1295.2936653670802,1267.016064862061,1283.7132927675293,9090018,INFY.NS
2023-03-20,1260.0589599609375,1274.4670058884406,1243.1821248798633,1274.4670058884406,8221829,INFY.NS
2023-03-21,1248.4337158203125,1261.2708940195814,1247.8053684606537,1255.8846837960104,8536755,INFY.NS
2023-03-22,1247.1319580078125,1263.2905869400715,1240.758298512187,1259.4753551088436,8356487,INFY.NS
2023-03-23,1233.93603515625,1242.3743442878756,1229.8514481922973,1242.3743442878756,7607718,INFY.NS
2023-03-24,1239.4117431640625,1255.8396167899662,1236.583961191075,1246.0098280458892,7559127,INFY.NS
2023-03-27,1246.86279296875,1252.967208658463,1233.5319439925304,1244.4390420940674,4170193,INFY.NS
2023-03-28,1236.6737060546875,1254.9868406676687,1235.102728249846,1249.6903792948028,6633366,INFY.NS
2023-03-29,1242.01513671875,1247.7155201650944,1224.958805711683,1237.930550460286,8813966,INFY.NS
2023-03-31,1281.873046875,1283.6684502024389,1251.3063709749888,1260.37313586201,8711975,INFY.NS
2023-04-03,1266.5224609375,1288.201979583624,1261.405604921375,1288.201979583624,5242764,INFY.NS
2023-04-05,1277.9232177734375,1281.469095430332,1256.7823002469104,1256.7823002469104,7506334,INFY.NS
2023-04-06,1276.4420166015625,1282.277077411361,1266.073518560293,1271.1455548730469,6948465,INFY.NS
2023-04-10,1281.5589599609375,1287.3042729141996,1270.2479401489488,1278.2823267500144,4993788,INFY.NS
2023-04-11,1262.30322265625,1286.7206641982061,1246.907617130072,1282.7259356078043,6942255,INFY.NS
2023-04-12,1282.1873779296875,1285.059979527605,1256.7823760661174,1268.4974270475386,5831169,INFY.NS
2023-04-13,1247.0870361328125,1266.7019040302373,1241.5213299689306,1265.5348481010121,11267238,INFY.NS
2023-04-17,1129.578125,1132.1365530010617,1064.0458990402255,1122.396511196189,53171705,INFY.NS
2023-04-18,1130.5205078125,1140.0361230223534,1124.9098727143887,1140.0361230223534,12430884,INFY.NS
2023-04-19,1106.1480712890625,1126.0321873055573,1103.6345720960464,1126.0321873055573,11307230,INFY.NS
2023-04-20,1098.248291015625,1111.2200368576048,1096.4528876003903,1104.801447731595,8621249,INFY.NS
2023-04-21,1101.794189453125,1107.0906515432816,1095.1961036957662,1102.4674657463806,8691352,INFY.NS
2023-04-24,1100.8516845703125,1104.1731371660935,1093.4007163156925,1102.3777336910266,8313774,INFY.NS
2023-04-25,1099.594970703125,1109.1105879874403,1090.7077008536949,1100.537491855453,6808576,INFY.NS
2023-04-26,1101.9737548828125,1106.8661852668383,1095.6898430443146,1102.3776768107684,5680192,INFY.NS
2023-04-27,1118.7606201171875,1120.152101431663,1100.0435636550399,1104.1729691026203,8020704,INFY.NS
2023-04-28,1124.5958251953125,1130.2064609226888,1117.5937079744554,1127.2440014255426,10118277,INFY.NS
2023-05-02,1146.76904296875,1148.8338008021124,1126.2117608061656,1126.2117608061656,8886401,INFY.NS
2023-05-03,1139.3182373046875,1142.3255163545746,1132.989395915365,1136.4904547779106,5549783,INFY.NS
2023-05-04,1143.26806640625,1145.2878952710685,1133.3484185926052,1139.13855083866,4505401,INFY.NS
2023-05-05,1130.2962646484375,1148.160551597661,1125.9424330268698,1148.160551597661,5373791,INFY.NS
2023-05-08,1136.13134765625,1140.350611760026,1126.7952272539592,1133.3035651406553,5260842,INFY.NS
2023-05-09,1140.70947265625,1141.8765286648618,1131.7324559214633,1136.4903186239899,4969897,INFY.NS
2023-05-10,1134.021728515625,1145.8265283700148,1130.3411732804484,1145.8265283700148,6515734,INFY.NS
2023-05-11,1127.6031494140625,1145.377687946898,1124.8652248185404,1140.3056511286572,6888461,INFY.NS
2023-05-12,1117.818115234375,1127.5133374467855,1112.2973374345554,1125.1344060204995,8292212,INFY.NS
2023-05-15,1129.6229248046875,1139.0937216777986,1118.2221569213568,1122.0373891886634,5534710,INFY.NS
2023-05-16,1134.9642333984375,1143.6269666049225,1133.5727520158546,1135.5925807167341,5236469,INFY.NS
2023-05-17,1119.34423828125,1131.9568810406574,1115.3494000856915,1131.6427073715677,10465667,INFY.NS
2023-05-18,1118.536376953125,1130.7900277183155,1115.3494919176374,1129.8473970507112,6948732,INFY.NS
2023-05-19,1139.09375,1143.0436595385552,1124.6407740269224,1127.5583046568154,11094136,INFY.NS
2023-05-22,1160.5487060546875,1163.0622048581356,1140.3054905530537,1142.7292411104354,7625947,INFY.NS
2023-05-23,1167.05712890625,1179.714700851119,1164.3640238293533,1166.293994801615,7436031,INFY.NS
2023-05-24,1165.80029296875,1171.500676643536,1159.202207626038,1163.6907159656682,4824077,INFY.NS
2023-05-25,1170.9171142578125,1173.2960455245018,1157.361841386736,1162.0747750049484,4334121,INFY.NS
2023-05-26,1182.677001953125,1188.063211884976,1172.398361832931,1172.398361832931,5521606,INFY.NS
2023-05-29,1179.93896484375,1196.3668378156449,1175.8543788695222,1196.3668378156449,4419365,INFY.NS
2023-05-30,1188.42236328125,1190.7115464294097,1175.2261922392356,1180.477725221967,6274719,INFY.NS
2023-05-31,1183.440185546875,1194.9307014660071,1179.7147016049091,1184.8315574211917,17800782,INFY.NS
2023-06-01,1184.517333984375,1193.4943505359809,1183.2605297506059,1187.2553678657034,4277841,INFY.NS
2023-06-02,1181.7882080078125,1194.4340008819925,1179.104437792939,1190.8858847438232,10909311,INFY.NS
2023-06-05,1186.791748046875,1191.2950529177192,1180.2414662246276,1186.3368642798964,5002553,INFY.NS
2023-06-06,1163.5927734375,1172.3265202842344,1158.134167776339,1172.3265202842344,10008100,INFY.NS
2023-06-07,1172.644775390625,1177.2391456905614,1166.7768194344242,1174.0549594386935,5397578,INFY.NS
2023-06-08,1167.050048828125,1175.419867237597,1165.503377106278,1170.143170160564,5034942,INFY.NS
2023-06-09,1151.72021484375,1166.7769126021076,1149.9462124982956,1166.7769126021076,5339073,INFY.NS
2023-06-12,1175.3741455078125,1178.785773831074,1158.1340948031748,1158.5889785796096,4785588,INFY.NS
2023-06-13,1187.110107421875,1188.6112460171735,1180.0139875118512,1182.606802691583,4846587,INFY.NS
2023-06-14,1183.061767578125,1188.7932366228665,1176.5113744554915,1188.474840185205,3457981,INFY.NS
2023-06-15,1170.6890869140625,1177.1938369363772,1166.9135288571645,1177.1938369363772,6161155,INFY.NS
2023-06-16,1175.1014404296875,1184.0626298234502,1165.4579252792078,1170.8709985269152,8536287,INFY.NS
2023-06-19,1177.2392578125,1182.2429795419966,1170.9164175038359,1177.2392578125,4451787,INFY.NS
2023-06-20,1185.791015625,1187.24662145551,1174.6008306327171,1177.239178669295,4009180,INFY.NS
2023-06-21,1182.1064453125,1186.154977548267,1178.1489786763307,1182.6522836320391,4041529,INFY.NS
2023-06-22,1165.9124755859375,1173.0541275854507,1158.5888034699954,1173.0541275854507,6676607,INFY.NS
2023-06-23,1150.85595703125,1163.9110992338817,1149.354818354435,1161.27275111336,7239467,INFY.NS
2023-06-26,1155.723388671875,1159.044063025893,1148.3542924289115,1155.6324341119628,3403244,INFY.NS
2023-06-27,1163.729248046875,1166.322063496411,1159.2258317923613,1164.5025282959484,3240024,INFY.NS
2023-06-28,1176.6480712890625,1179.6957709731894,1165.7763913386955,1173.6003716049356,5662358,INFY.NS
2023-06-30,1214.99462890625,1218.0878609550978,1186.7463005247835,1190.1579290222737,12821692,INFY.NS
2023-07-03,1213.3570556640625,1224.547242045568,1208.5807755595015,1209.9909598221436,7732412,INFY.NS
2023-07-04,1223.77392578125,1224.5472060405089,1211.2646211133026,1223.0006455219911,5797775,INFY.NS
2023-07-05,1225.72998046875,1235.4189169481579,1219.9983999394044,1235.327962395677,5414936,INFY.NS
2023-07-06,1222.63671875,1225.8663271465525,1216.4957873550766,1221.4085546821386,5963897,INFY.NS
2023-07-07,1210.1728515625,1224.365315371182,1205.7605007879629,1213.6300129632032,6295647,INFY.NS
2023-07-10,1209.2176513671875,1220.817188493727,1200.2564625432983,1215.9499539497926,3940315,INFY.NS
2023-07-11,1226.9124755859375,1229.0049853388443,1207.2615190395204,1213.129475218487,6126128,INFY.NS
2023-07-12,1212.9932861328125,1229.914942685519,1207.2617053550714,1229.0961295664667,8102770,INFY.NS
2023-07-13,1241.923583984375,1252.5679302987028,1210.7640473114604,1214.4486500848052,9977644,INFY.NS
2023-07-14,1297.2830810546875,1300.9676843031073,1256.0706748916025,1256.0706748916025,12833381,INFY.NS
2023-07-17,1294.5538330078125,1327.3054684043354,1286.684431680645,1297.2831359575227,11569884,INFY.NS
2023-07-18,1342.0892333984375,1344.5910945115115,1300.0580111210427,1304.60684950845,16743977,INFY.NS
2023-07-19,1341.86181640625,1363.5598647617583,1328.8976267613086,1351.91479385142,13687062,INFY.NS
2023-07-20,1318.7081298828125,1338.2681331891117,1310.7021306189188,1338.2681331891117,8347221,INFY.NS
2023-07-21,1211.446533203125,1228.1862795203028,1187.2467368696261,1201.0751601871634,45548305,INFY.NS
2023-07-24,1215.995361328125,1228.0953149237007,1213.8574296627578,1219.998361010124,8859789,INFY.NS
2023-07-25,1214.1756591796875,1221.6812409056533,1204.7595879527776,1216.3591233474524,6801982,INFY.NS
2023-07-26,1227.1400146484375,1228.186269607745,1218.5427551834298,1221.817896357927,5528885,INFY.NS
2023-07-27,1231.052001953125,1240.7410487249037,1225.5024420215238,1236.0101907567564,9191861,INFY.NS
2023-07-28,1219.5435791015625,1240.7866322891853,1215.4496245279279,1231.6889554588863,6122735,INFY.NS
2023-07-31,1233.3719482421875,1235.0095744205735,1212.9477090948283,1227.0491075504592,7902180,INFY.NS
2023-08-01,1242.0145263671875,1245.4716872331724,1234.5544774108216,1239.1033148368012,6064652,INFY.NS
2023-08-02,1234.41796875,1248.1554353279967,1226.7758997952656,1245.7446403783597,7419145,INFY.NS
2023-08-03,1241.1959228515625,1243.2428998554956,1227.2764348025732,1228.186202359877,6503741,INFY.NS
2023-08-04,1253.9781494140625,1260.8469392172133,1239.1034713632262,1245.380890015176,5712345,INFY.NS
2023-08-07,1267.3062744140625,1269.1258096249944,1252.7499927266074,1262.6664818373094,3729093,INFY.NS
2023-08-08,1264.7589111328125,1267.8067215289614,1259.482325527499,1267.1698175564386,4161877,INFY.NS
2023-08-09,1268.5799560546875,1270.0355619948482,1257.7536994683937,1259.1183508602219,4090828,INFY.NS
2023-08-10,1263.7581787109375,1269.853688398212,1260.5739920409878,1266.0325977609016,3873025,INFY.NS
2023-08-11,1248.0645751953125,1270.8087636526227,1243.6977576448737,1266.396413303026,5783517,INFY.NS
2023-08-14,1267.8067626953125,1269.1258813755687,1242.378690051583,1248.0647379072082,4304135,INFY.NS
2023-08-16,1290.5052490234375,1291.8243675275844,1278.5873165202784,1283.5000834227826,7735313,INFY.NS
2023-08-17,1284.1824951171875,1291.8699868845008,1279.1332405349353,1291.8699868845008,5618346,INFY.NS
2023-08-18,1263.4853515625,1281.589638878783,1261.0744450887594,1277.0408006474313,5134103,INFY.NS
2023-08-21,1278.58740234375,1280.04300828704,1261.9841437074754,1264.3495172472738,3032722,INFY.NS
2023-08-22,1277.0863037109375,1279.178813670877,1270.6269757839684,1277.9505385325194,2890714,INFY.NS
2023-08-23,1280.9072265625,1288.7767383819312,1278.8148277508842,1288.2309000421885,2559125,INFY.NS
2023-08-24,1295.14501953125,1296.4642490688886,1286.820624510391,1293.2345299499723,5171963,INFY.NS
2023-08-25,1291.9610595703125,1294.1445242124462,1284.046125180156,1285.50173125637,4307172,INFY.NS
2023-08-28,1287.912353515625,1296.2367481573856,1284.0458417309012,1291.9607743738602,3133464,INFY.NS
2023-08-29,1289.73193359375,1295.8728642902074,1287.5940021549932,1295.508935074852,3074444,INFY.NS
2023-08-30,1305.6529541015625,1307.0176054605395,1295.5090234553786,1298.2383261733323,3070887,INFY.NS
2023-08-31,1305.9259033203125,1314.5232740786394,1299.7395500542452,1305.653039664003,9792735,INFY.NS
2023-09-01,1313.5679931640625,1315.524015813637,1299.3301072963106,1301.8319683222358,3582133,INFY.NS
2023-09-04,1332.9005126953125,1337.3583962271932,1305.243554943164,1312.794670582204,4609014,INFY.NS
2023-09-05,1345.45556640625,1346.5018215444338,1325.0767463115808,1332.809772294175,5496840,INFY.NS
2023-09-06,1344.135986328125,1349.0942859762029,1331.2628646848657,1348.1845184505673,5075786,INFY.NS
2023-09-07,1333.901123046875,1340.4515159698167,1330.1256765994524,1337.90412243496,4411743,INFY.NS
2023-09-08,1336.994384765625,1341.679709913553,1328.442547485381,1331.4448248574233,3125838,INFY.NS
2023-09-11,1343.2261962890625,1344.6819131501657,1332.3545189621761,1336.9943110540305,4182226,INFY.NS
2023-09-12,1365.6522216796875,1368.2905701230975,1343.8177976883615,1348.7305652975347,6793161,INFY.NS
2023-09-13,1363.150146484375,1369.2001227261467,1354.3254459295783,1369.2001227261467,4804686,INFY.NS
2023-09-14,1370.9742431640625,1376.0690305788348,1363.8781225031132,1369.200240762729,6444213,INFY.NS
2023-09-15,1375.2047119140625,1381.3911761511094,1372.839338313645,1381.0272468920564,8657816,INFY.NS
2023-09-18,1357.19140625,1369.1093400919283,1353.7342448047293,1369.1093400919283,3991916,INFY.NS
2023-09-20,1355.7811279296875,1360.193478454991,1342.9988490854248,1342.9988490854248,4169337,INFY.NS
2023-09-21,1366.243408203125,1368.790801746706,1342.8168939622524,1352.4149859666784,6779195,INFY.NS
2023-09-22,1361.148681640625,1370.9741041105199,1351.186660777571,1357.2821697249913,5455613,INFY.NS
2023-09-25,1341.1337890625,1355.4170944618959,1338.768415761757,1355.4170944618959,4217863,INFY.NS
2023-09-26,1328.8519287109375,1346.3649531864253,1327.3507901162034,1345.6826275575102,3996528,INFY.NS
2023-09-27,1334.6292724609375,1336.9946463700553,1319.2087537146745,1324.621827336827,3863586,INFY.NS
2023-09-28,1309.5648193359375,1339.723634998435,1305.5163982722486,1335.447772053514,5814602,INFY.NS
2023-09-29,1305.9259033203125,1316.251854791077,1288.2309672949007,1302.8782039633304,6068968,INFY.NS
2023-10-03,1304.606689453125,1307.3359921507258,1292.142918222993,1306.4717573853966,4181867,INFY.NS
2023-10-04,1314.0228271484375,1319.1175035605104,1290.2323819022101,1296.4188460811952,4510406,INFY.NS
2023-10-05,1331.3992919921875,1342.4985228636597,1319.3448718155562,1320.982497846701,7384621,INFY.NS
2023-10-06,1345.2733154296875,1350.5500119701062,1331.2629831328265,1336.9034978713848,3598672,INFY.NS
2023-10-09,1342.3165283203125,1356.4634585781648,1330.2621079137662,1332.7185470073355,3567552,INFY.NS
2023-10-10,1360.239013671875,1361.9220614766054,1336.5395238912695,1350.0041284403374,5688951,INFY.NS
2023-10-11,1359.556640625,1381.254574348816,1347.7750842911132,1361.9220140294271,7220129,INFY.NS
2023-10-12,1333.264404296875,1368.654385789573,1320.982541821264,1357.2822909047482,11081662,INFY.NS
2023-10-13,1302.0140380859375,1308.2459244858892,1273.6747526288211,1278.223591031067,17973439,INFY.NS
2023-10-16,1304.7431640625,1313.340423053773,1300.9676064898863,1302.8780961484347,4850745,INFY.NS
2023-10-17,1312.294189453125,1322.2106781963569,1308.2913009819003,1310.2927452175127,3923764,INFY.NS
2023-10-18,1310.5657958984375,1322.8021260257406,1308.5642404911625,1311.8849145317179,4264837,INFY.NS
2023-10-19,1304.2884521484375,1309.7470582096269,1297.419661765858,1297.419661765858,6795691,INFY.NS
2023-10-20,1298.4656982421875,1308.7005828841384,1296.6461631947295,1300.9675589324422,3928622,INFY.NS
2023-10-23,1281.5440673828125,1303.1055136577397,1278.4508355358098,1296.964582762976,2636516,INFY.NS
2023-10-25,1262.560302734375,1292.5104566531788,1254.4967997562355,1289.2389333048216,6940777,INFY.NS
2023-10-26,1252.7918701171875,1266.2003688015045,1246.9400932403355,1248.7371699932087,6357656,INFY.NS
2023-10-27,1272.0521240234375,1276.3373223697179,1256.6623976967833,1256.6623976967833,4634358,INFY.NS
2023-10-30,1269.0111083984375,1272.0521334622172,1256.155513264206,1272.0521334622172,2667696,INFY.NS
2023-10-31,1261.039794921875,1272.7894712580314,1256.0634389161826,1271.6835518717269,3451595,INFY.NS
2023-11-01,1247.90771484375,1269.379603358429,1245.6038569027073,1265.3249033766447,3090672,INFY.NS
2023-11-02,1262.6524658203125,1268.3199791238953,1254.819348447591,1262.5142118386507,3758060,INFY.NS
2023-11-03,1280.069580078125,1282.7880874213406,1269.6560973022642,1271.7756915818663,3349045,INFY.NS
2023-11-06,1293.2017822265625,1296.8418333328405,1281.6824907597581,1284.5392525449095,2736381,INFY.NS
2023-11-07,1294.123046875,1295.5974933666362,1285.4143969055174,1290.1603664664874,2272209,INFY.NS
2023-11-08,1281.8665771484375,1294.7681818070128,1277.6735106371746,1294.7681818070128,3550635,INFY.NS
2023-11-09,1266.9376220703125,1287.8566074771882,1262.5602919196745,1286.3821608724284,5498051,INFY.NS
2023-11-10,1261.4544677734375,1265.4171487849635,1254.2203756878132,1262.4681428598753,2943649,INFY.NS
2023-11-13,1265.78564453125,1273.9872886097166,1263.2974105189112,1271.5912989072524,3462092,INFY.NS
2023-11-15,1299.836669921875,1303.062071087934,1283.7096640915788,1289.2389232333946,8551860,INFY.NS
2023-11-16,1331.537841796875,1339.3709592887674,1299.9288638617754,1304.9973516506468,6673907,INFY.NS
2023-11-17,1324.7645263671875,1337.1592379171582,1322.4606682729127,1327.9899276991723,4901251,INFY.NS
2023-11-20,1323.8890380859375,1338.0808269307881,1321.170530438921,1328.8653942384274,3584210,INFY.NS
2023-11-21,1326.1005859375,1336.2375605346595,1324.0271138608082,1328.8652153730889,3793135,INFY.NS
2023-11-22,1343.4259033203125,1344.4855881489173,1323.5204775186182,1323.5204775186182,3108786,INFY.NS
2023-11-23,1335.5465087890625,1352.733312304696,1334.1180718038254,1352.733312304696,3186928,INFY.NS
2023-11-24,1324.626220703125,1338.6797545299087,1321.3546973396635,1332.1368202960523,2973195,INFY.NS
2023-11-28,1329.5103759765625,1331.6299704076575,1315.088314388403,1330.7084271755414,3755373,INFY.NS
2023-11-29,1345.08447265625,1346.0981477081089,1336.0534165206054,1337.251355220777,3875778,INFY.NS
2023-11-30,1340.983642578125,1346.0521303013406,1335.8230230312827,1339.2326879569457,10120867,INFY.NS
2023-12-01,1338.357177734375,1345.3608832594507,1332.6896647955414,1345.3608832594507,3489187,INFY.NS
2023-12-04,1349.4617919921875,1356.4194883018783,1335.592634024112,1345.8677509348179,5511948,INFY.NS
2023-12-05,1339.877685546875,1351.8117374373267,1328.8652893459846,1350.798062419795,5123039,INFY.NS
2023-12-06,1358.6312255859375,1361.1193473034825,1337.2053455420607,1342.4580969426866,5269178,INFY.NS
2023-12-07,1350.89013671875,1357.2948166644478,1347.1118322726165,1357.2948166644478,4424453,INFY.NS
2023-12-08,1374.1593017578125,1377.4307129471217,1351.2128512985264,1355.0372784572535,6323433,INFY.NS
2023-12-11,1371.7171630859375,1380.4718241872586,1365.7271318060862,1373.0994779966725,3862018,INFY.NS
2023-12-12,1360.2440185546875,1373.0995024562922,1352.5030324180634,1361.5802113283032,6103494,INFY.NS
2023-12-13,1335.316162109375,1360.2439518858023,1320.7097241735976,1360.19782972632,8549258,INFY.NS
2023-12-14,1383.6510009765625,1392.4517835867966,1346.697140932601,1348.5863495012065,12489858,INFY.NS
2023-12-15,1454.5638427734375,1463.917528966799,1401.6672393803897,1403.5564479809898,18395389,INFY.NS
2023-12-18,1441.6160888671875,1468.0183241638513,1437.88390638634,1444.9336219034078,6467243,INFY.NS
2023-12-19,1436.040771484375,1450.4628321473872,1422.1715017334877,1446.9149134299466,4221721,INFY.NS
2023-12-20,1415.85888671875,1459.2635456213156,1409.9609881911038,1442.2611198785871,6592367,INFY.NS
2023-12-21,1415.4903564453125,1425.3048140325604,1401.897594233354,1401.897594233354,5319038,INFY.NS
2023-12-22,1440.27978515625,1443.1365463701209,1403.5101916485912,1414.522587091421,6741060,INFY.NS
2023-12-26,1422.8165283203125,1426.5488231455345,1403.5102439603677,1414.5687619692478,6878067,INFY.NS
2023-12-27,1444.1502685546875,1446.8227662265847,1422.862643983342,1422.862643983342,4225849,INFY.NS
2023-12-28,1440.049560546875,1445.8552154390939,1432.9997322913293,1445.8552154390939,5702253,INFY.NS
2023-12-29,1421.8489990234375,1437.1004712006081,1419.1765012951132,1420.144166634131,4388990,INFY.NS
2024-01-01,1429.6361083984375,1434.8428502960069,1414.7992844681723,1418.255071679868,2808451,INFY.NS
2024-01-02,1414.015869140625,1427.6086309615123,1403.5102544550214,1424.7057474638627,5396313,INFY.NS
2024-01-03,1373.0994873046875,1400.6996635455614,1371.2564007445471,1400.6996635455614,7550363,INFY.NS
2024-01-04,1394.018310546875,1400.5152349032498,1375.7718232468026,1386.8763509676678,7056038,INFY.NS
2024-01-05,1412.3111572265625,1418.9001014903272,1388.0745246781073,1388.5352963045564,8895403,INFY.NS
2024-01-08,1403.3260498046875,1415.4903752195028,1394.52526712299,1408.9934505703893,4440136,INFY.NS
2024-01-09,1409.3160400390625,1431.1565685607613,1406.1366485499625,1420.9274616897512,4412074,INFY.NS
2024-01-10,1400.653564453125,1414.983494047482,1386.9225479581153,1405.3072902245185,4096845,INFY.NS
2024-01-11,1376.9698486328125,1405.3534251009314,1369.9661425866611,1405.261293276588,11296088,INFY.NS
2024-01-12,1486.2188720703125,1491.056974118596,1433.3683893367258,1439.450552270239,26754401,INFY.NS
2024-01-15,1522.4814453125,1534.3232525223632,1507.6446228067189,1515.8923891628679,13228305,INFY.NS
2024-01-16,1503.543701171875,1519.1638118377712,1497.5075488240086,1515.7541473392093,6500917,INFY.NS
2024-01-17,1511.5150146484375,1518.2423245739706,1493.130273985418,1493.130273985418,9209876,INFY.NS
2024-01-18,1513.726806640625,1519.6247054977496,1500.5026844916376,1513.7729287969016,6375464,INFY.NS
2024-01-19,1529.0244140625,1534.830181149936,1515.1552565650597,1522.0207083253042,4522736,INFY.NS
2024-01-23,1513.3121337890625,1543.3082963711743,1509.2111992011553,1520.638356967558,9401255,INFY.NS
2024-01-24,1543.953369140625,1548.1924450033323,1515.9384357324295,1529.6694507492252,8999681,INFY.NS
2024-01-25,1538.147705078125,1548.6994420250173,1527.9185982399085,1541.6956238359799,8865304,INFY.NS
2024-01-29,1526.62841796875,1547.5935254301967,1518.3345293026832,1534.5076571987393,4253785,INFY.NS
2024-01-30,1521.8824462890625,1557.4079810311105,1518.9335530973535,1532.0194213135253,4995943,INFY.NS
2024-01-31,1530.591064453125,1536.442841049227,1509.5798353047996,1518.93352092331,6763779,INFY.NS
2024-02-01,1527.043212890625,1545.4279548337279,1520.8688059210901,1529.3470709031976,5760011,INFY.NS
2024-02-02,1560.4952392578125,1583.6720744845543,1534.3695106294924,1535.3371760388302,7858483,INFY.NS
2024-02-05,1554.8277587890625,1567.3147150838886,1549.8975247974827,1561.785455468717,3634135,INFY.NS
2024-02-06,1593.7628173828125,1597.034340689009,1542.6171705805966,1554.4129683538292,7694265,INFY.NS
2024-02-07,1560.8638916015625,1593.3482914120157,1554.5052206294124,1593.3482914120157,4613877,INFY.NS
2024-02-08,1559.3431396484375,1572.4751295193644,1550.7728558600897,1564.7802667251876,5919715,INFY.NS
2024-02-09,1538.378173828125,1560.080561966992,1529.577503446997,1552.5238399589869,4600004,INFY.NS
2024-02-12,1548.28466796875,1560.1264752853303,1539.2996220000239,1539.2996220000239,3555808,INFY.NS
2024-02-13,1552.3856201171875,1556.5785741207376,1532.9870910403704,1550.9571831806093,2696481,INFY.NS
2024-02-14,1535.475341796875,1538.470357405494,1507.1840085834583,1529.9460822117326,3768579,INFY.NS
2024-02-15,1544.828857421875,1555.3344719693396,1531.2360957797196,1545.4278829759044,4834391,INFY.NS
2024-02-16,1568.14404296875,1574.917363137815,1555.5188333576436,1556.486498735968,4880654,INFY.NS
2024-02-19,1566.3931884765625,1577.221322004787,1555.2885469674084,1571.2312906913012,3690993,INFY.NS
2024-02-20,1553.03076171875,1561.324650966914,1537.8252980971156,1552.800375906301,3706389,INFY.NS
2024-02-21,1525.660888671875,1542.6633157025528,1516.2150708785946,1542.6633157025528,4300508,INFY.NS
2024-02-22,1549.4366455078125,1552.4316609246032,1515.3856690741432,1534.3694366019563,5841277,INFY.NS
2024-02-23,1545.2896728515625,1565.194983220865,1540.728079066558,1563.8587905950133,5373072,INFY.NS
2024-02-26,1529.89990234375,1543.5386736406174,1515.9385009458492,1543.5386736406174,2782438,INFY.NS
2024-02-27,1533.079345703125,1539.9909201570279,1523.1267459853489,1530.6833557243867,5159088,INFY.NS
2024-02-28,1540.129150390625,1555.380736114235,1531.6509975218291,1538.9772213327412,3188916,INFY.NS
2024-02-29,1542.5712890625,1550.2661528030922,1523.5875203601972,1534.369531530479,7814722,INFY.NS
2024-03-01,1524.8775634765625,1540.7741844629486,1521.4678984651173,1538.0556768856939,6387291,INFY.NS
2024-03-04,1508.7506103515625,1533.862664687169,1505.4791992091916,1527.7805015485362,4445156,INFY.NS
2024-03-05,1480.459228515625,1508.888815229402,1476.312283897934,1505.8016678459578,4596579,INFY.NS
2024-03-06,1490.642333984375,1493.0383239437163,1452.3521668225044,1477.0495710017406,6420684,INFY.NS
2024-03-07,1489.6285400390625,1500.6870590284748,1478.3396352373709,1489.7667940250446,6348359,INFY.NS
2024-03-11,1475.0220947265625,1487.186533050453,1463.4106723438592,1481.9797912201366,6752895,INFY.NS
2024-03-12,1486.4031982421875,1497.5078398363585,1472.3036534614205,1474.46925768503,4614222,INFY.NS
2024-03-13,1484.974609375,1497.0468017752844,1473.1328027552288,1486.3569240580796,5688997,INFY.NS
2024-03-14,1523.5875244140625,1527.6883469444472,1481.8415695289827,1487.7394689212454,8803799,INFY.NS
2024-03-15,1505.8016357421875,1516.6758908384104,1491.3794617139743,1512.344570167545,11809997,INFY.NS
2024-03-18,1476.9112548828125,1504.5575513115562,1473.4093456712776,1502.11543929507,4958904,INFY.NS
2024-03-19,1438.943603515625,1473.5475961267095,1435.764324431153,1467.4193112677192,6870411,INFY.NS
2024-03-20,1432.953369140625,1451.3842307649581,1430.557379628072,1440.3718359416398,4759059,INFY.NS
2024-03-21,1432.72314453125,1453.2274803947662,1422.3097740379771,1441.2935411478331,11062497,INFY.NS
2024-03-22,1390.4703369140625,1408.9473217702673,1380.6558800265154,1401.6671085042765,14673890,INFY.NS
2024-03-26,1375.54150390625,1389.1802760076575,1371.164173630106,1374.9424783172167,8351081,INFY.NS
2024-03-27,1367.431884765625,1381.3932870499673,1365.3124028550521,1378.628657389427,6857402,INFY.NS
2024-03-28,1380.517822265625,1393.189041141791,1370.4729789851785,1370.4729789851785,12499530,INFY.NS
2024-04-01,1378.12158203125,1409.9148189381892,1375.6795828140007,1405.353225596589,6580002,INFY.NS
2024-04-02,1366.51025390625,1376.0021934625806,1364.6671675840935,1368.3533402284065,7279400,INFY.NS
2024-04-03,1364.4830322265625,1377.799287158803,1359.2762903783632,1362.9624633692197,8736248,INFY.NS
2024-04-04,1370.0582275390625,1378.3061066574217,1352.8254147328123,1373.6062588459959,11186915,INFY.NS
2024-04-05,1363.0545654296875,1370.0582714607572,1360.24392608138,1363.93009899174,5072482,INFY.NS
2024-04-08,1360.8427734375,1373.9747637962018,1358.4467836601393,1366.6485404880466,6610887,INFY.NS
2024-04-09,1377.56884765625,1395.0321590156452,1370.6112639030227,1373.0993855776476,9423230,INFY.NS
2024-04-10,1388.5814208984375,1391.3920603288602,1368.0770834855082,1382.6373994109804,6744595,INFY.NS
2024-04-12,1368.26123046875,1388.581302495331,1363.4231287950938,1386.0009366054892,12275616,INFY.NS
2024-04-15,1352.963623046875,1374.8962829242955,1346.420689060188,1363.8838870765444,8531224,INFY.NS
2024-04-16,1303.4766845703125,1340.9835588768526,1302.1866141339272,1337.1591322439795,16173541,INFY.NS
2024-04-18,1307.900146484375,1331.3533752077963,1297.072014216493,1309.6049788534715,22107945,INFY.NS
2024-04-19,1300.52783203125,1314.903883353496,1270.5776782377934,1276.3373231980736,20603621,INFY.NS
2024-04-22,1320.341064453125,1324.1193692022916,1302.1867077963823,1308.4992564312556,5859087,INFY.NS
2024-04-23,1329.23388671875,1333.334708815105,1320.5713584494295,1329.7867901203954,4856174,INFY.NS
2024-04-24,1318.4979248046875,1330.9848800805114,1315.0882599841418,1330.9848800805114,4268213,INFY.NS
2024-04-25,1325.59375,1331.5377710414832,1308.5913232271268,1308.5913232271268,9089398,INFY.NS
2024-04-26,1318.037109375,1331.9985107982977,1315.042094094127,1326.745647271391,8062444,INFY.NS
2024-04-29,1322.18408203125,1326.8379201034072,1316.1940513407444,1317.7606297548816,5055957,INFY.NS
2024-04-30,1309.0982666015625,1323.8429581264434,1306.3336369406475,1322.1380131744238,6936588,INFY.NS
2024-05-02,1303.4766845703125,1312.2774667921617,1301.0806948402314,1302.1404919784582,10076354,INFY.NS
2024-05-03,1305.1817626953125,1313.0148803966708,1293.109456008172,1310.5266461015717,8842345,INFY.NS
2024-05-06,1314.0284423828125,1332.2749298443393,1305.9188174045357,1308.5913151241766,6445422,INFY.NS
2024-05-07,1327.8975830078125,1330.1093091097507,1304.5364861962978,1313.1528923189749,6080661,INFY.NS
2024-05-08,1315.318603515625,1326.791770914921,1313.751912640343,1322.6448266752147,6234983,INFY.NS
2024-05-09,1326.607421875,1336.1913801730982,1313.060670734901,1315.5489046143746,6088406,INFY.NS
2024-05-10,1313.10693359375,1323.289918499904,1302.1405469699123,1322.460619610937,8777481,INFY.NS
2024-05-13,1311.7706298828125,1313.1990668474873,1300.481725623948,1313.1990668474873,3735954,INFY.NS
2024-05-14,1312.9224853515625,1321.2624958851497,1306.7943133773022,1314.4891762078207,3463230,INFY.NS
2024-05-15,1308.545166015625,1319.4655424641765,1307.255095585117,1314.120547134986,4327544,INFY.NS
2024-05-16,1339.3248291015625,1341.5365553493355,1315.0421875208667,1321.4468679639122,9249145,INFY.NS
2024-05-17,1330.98486328125,1342.6884167000094,1326.3310252131012,1342.6884167000094,7542860,INFY.NS
2024-05-21,1321.6312255859375,1331.3534390178734,1316.332352094495,1317.8067987413262,6752663,INFY.NS
2024-05-22,1340.6610107421875,1345.4068679388222,1315.9636094884577,1316.6547668463822,7173285,INFY.NS
2024-05-23,1356.8802490234375,1362.17912249703,1336.2376585581328,1340.5688666610595,8641428,INFY.NS
2024-05-24,1350.15283203125,1359.7369031866842,1345.4529845154584,1353.0557154211108,5277938,INFY.NS
2024-05-27,1355.9124755859375,1363.5152064855856,1345.6833692377497,1356.3732471556132,5821844,INFY.NS
2024-05-28,1351.949951171875,1360.1977175377685,1345.7295347806962,1359.7369459532367,6186922,INFY.NS
2024-05-29,1337.113037109375,1350.5215354265988,1336.237616082271,1350.4294036068611,7401634,INFY.NS
2024-05-30,1315.456787109375,1336.0993771509409,1310.0197722599248,1329.6025651299135,9663150,INFY.NS
2024-05-31,1322.459716796875,1350.5181357141773,1315.9738228639974,1325.18568552157,37113815,INFY.NS
2024-06-03,1321.5198974609375,1353.5732408404072,1319.733909819397,1353.5732408404072,10589244,INFY.NS
2024-06-04,1310.005126953125,1330.0737072910483,1276.823736979712,1324.4338187795668,13736134,INFY.NS
2024-06-05,1344.267333984375,1351.6932097544602,1316.1149378567663,1316.1149378567663,9233424,INFY.NS
2024-06-06,1383.887451171875,1385.814458709679,1351.2231014159079,1358.2259161135482,12660930,INFY.NS
2024-06-07,1441.5552978515625,1447.2891608293014,1388.5873745776473,1392.1123044504961,24075302,INFY.NS
2024-06-10,1409.73681640625,1437.9832975983243,1407.4339083446464,1433.7533821631996,6810606,INFY.NS
2024-06-11,1405.97705078125,1416.0348049461413,1404.2850385180848,1410.0190163300265,4853054,INFY.NS
2024-06-12,1396.060302734375,1418.1969101793593,1393.7573942458623,1416.5519427607585,9564320,INFY.NS
2024-06-13,1404.28515625,1414.6719965407349,1399.961264790733,1405.2721826102318,7307565,INFY.NS
2024-06-14,1399.5382080078125,1413.4498626747718,1396.8592841989566,1413.4498626747718,4237727,INFY.NS
2024-06-18,1408.2799072265625,1416.5517883847267,1405.6480284899164,1407.151975588544,5420939,INFY.NS
2024-06-19,1420.6407470703125,1424.6827126496337,1406.8699977638037,1414.6718886285164,5493456,INFY.NS
2024-06-20,1424.44775390625,1426.4216917830183,1409.1260120772156,1425.2937600659554,7927010,INFY.NS
2024-06-21,1440.709228515625,1464.2558049305671,1432.2493971920012,1452.2710438887668,17301941,INFY.NS
2024-06-24,1435.4925537109375,1437.325471461373,1424.4477727552649,1433.0486251290843,5564989,INFY.NS
2024-06-25,1449.404052734375,1451.2370850310506,1429.1004805403306,1434.411397588946,4551525,INFY.NS
2024-06-26,1448.229248046875,1455.89011914625,1442.8714001458156,1448.5112883548547,4851004,INFY.NS
2024-06-27,1478.9195556640625,1483.6665071274144,1440.0983968135813,1446.1141853395814,14757754,INFY.NS
2024-06-28,1472.7156982421875,1493.1602914681441,1470.3657449978248,1478.1676356666337,8197544,INFY.NS
2024-07-01,1495.3223876953125,1503.8761950899986,1465.900925341744,1465.900925341744,6801771,INFY.NS
2024-07-02,1523.7567138671875,1535.7414752975033,1491.2803144467298,1500.3980870491325,10493173,INFY.NS
2024-07-03,1529.7255859375,1537.809402144264,1509.609963229638,1527.4696078755678,7269965,INFY.NS
2024-07-04,1551.5802001953125,1560.3690026530594,1530.2896001922775,1530.4775505601317,8008311,INFY.NS
2024-07-05,1548.572265625,1565.8679458210338,1535.3185512266714,1552.332191113537,7065022,INFY.NS
2024-07-08,1561.9200439453125,1566.008939897241,1541.5694246287367,1544.483343885064,5880533,INFY.NS
2024-07-09,1557.6900634765625,1566.7138611771477,1551.9091554243114,1560.2750121000736,5191182,INFY.NS
2024-07-10,1549.32421875,1573.5287378659184,1539.2664644712022,1557.5490553427878,9852770,INFY.NS
2024-07-11,1553.507080078125,1565.0688961998292,1543.4963708254108,1556.6090643284788,8857679,INFY.NS
2024-07-12,1609.012939453125,1616.532789615605,1566.6198071109059,1579.1685341207829,17078316,INFY.NS
2024-07-15,1604.59521484375,1624.2877782953476,1600.4592739409936,1622.5957659620963,6942230,INFY.NS
2024-07-16,1622.454833984375,1633.593589888385,1597.9682742375035,1615.4519041715741,6886281,INFY.NS
2024-07-18,1652.5341796875,1659.4430193327232,1615.827863817848,1615.827863817848,11248896,INFY.NS
2024-07-19,1685.339599609375,1733.3256958168,1679.2297205297605,1733.3256958168,29819116,INFY.NS
2024-07-22,1702.1651611328125,1713.5859571917674,1685.3394724496927,1692.1074068427617,8462126,INFY.NS
2024-07-23,1726.6517333984375,1729.5186076175692,1676.2217119382558,1701.3662125939957,7113056,INFY.NS
2024-07-24,1723.878662109375,1731.7745279912915,1710.3899533806657,1727.2156416274588,6002845,INFY.NS
2024-07-25,1715.324951171875,1721.0118842620095,1703.246213719811,1710.7660645530111,5815599,INFY.NS
2024-07-26,1766.1309814453125,1769.9848820315087,1715.7949342558115,1715.7949342558115,11369047,INFY.NS
2024-07-29,1758.799072265625,1788.78450012986,1752.1252276626687,1779.9486525351583,4635931,INFY.NS
2024-07-30,1764.4859619140625,1767.1178407699306,1748.365259289592,1758.7990290172347,2721265,INFY.NS
2024-07-31,1756.1201171875,1772.0058245898792,1753.1122228334534,1764.344953812893,5004209,INFY.NS
2024-08-01,1741.409423828125,1755.7911843622094,1734.3595637121655,1744.699358548906,7475014,INFY.NS
2024-08-02,1711.8939208984375,1747.895251074617,1707.147084115294,1732.3855594141,7400938,INFY.NS
2024-08-05,1646.7532958984375,1689.6164211011132,1615.4049418548652,1677.8196096487513,10736703,INFY.NS
2024-08-06,1646.0013427734375,1689.0994653436978,1640.126459251215,1654.5551502330297,7690163,INFY.NS
2024-08-07,1684.1175537109375,1689.9924369566963,1656.341059827465,1688.206449501223,5094329,INFY.NS
2024-08-08,1638.528564453125,1673.1198103688212,1623.4418174161967,1673.1198103688212,6227910,INFY.NS
2024-08-09,1664.4720458984375,1673.8718597959298,1650.6073203996366,1664.9420365933122,4258524,INFY.NS
2024-08-12,1689.5224609375,1695.2563240862842,1661.9809621451984,1666.6339385624474,4315329,INFY.NS
2024-08-13,1689.5694580078125,1701.3662700318037,1681.6737063397366,1701.3662700318037,4176918,INFY.NS
2024-08-14,1713.821044921875,1715.4660123309595,1689.5694795075585,1693.8464406687062,7450718,INFY.NS
2024-08-16,1747.3782958984375,1750.1042647796944,1719.6958908608178,1738.9655086594769,7335657,INFY.NS
2024-08-19,1752.8773193359375,1755.46226812506,1738.2135180462226,1748.3653628246682,2585989,INFY.NS
2024-08-20,1759.8331298828125,1772.5228787734409,1756.073204285589,1767.165030694927,3870333,INFY.NS
2024-08-21,1760.302978515625,1766.2249067508462,1755.0391060531026,1762.5589566406527,1966902,INFY.NS
2024-08-22,1767.3997802734375,1779.9955522213554,1757.4829319922503,1770.924710030664,4300287,INFY.NS
2024-08-23,1750.3392333984375,1769.6088509029312,1745.5453515046195,1765.4729100507645,5015935,INFY.NS
2024-08-26,1763.5460205078125,1775.3897624868237,1752.125224235838,1757.7651122966831,3728589,INFY.NS
2024-08-27,1786.0584716796875,1788.5494451104064,1761.431007151832,1763.54596510821,3830679,INFY.NS
2024-08-28,1822.7177734375,1833.903574209478,1783.5205978872887,1792.450420519267,6514531,INFY.NS
2024-08-29,1817.3128662109375,1833.4335688344042,1805.610144647818,1816.9838956969513,7228284,INFY.NS
2024-08-30,1827.041748046875,1832.9636765918535,1812.284086394407,1821.6839001205192,13466759,INFY.NS
2024-09-02,1846.59326171875,1857.1680513315453,1826.1957134298164,1826.7126342979332,5573739,INFY.NS
2024-09-03,1824.73876953125,1848.9432889467964,1820.2268132183985,1848.9432889467964,4694322,INFY.NS
2024-09-04,1807.0670166015625,1811.5319278069883,1786.0115271331308,1805.7980647866775,4778310,INFY.NS
2024-09-05,1817.125,1823.563849406098,1794.9883929408672,1810.6391056280906,4081810,INFY.NS
2024-09-06,1787.703369140625,1820.273743345215,1783.0034627545024,1806.6440148254599,5848106,INFY.NS
2024-09-09,1780.9356689453125,1805.5631341580754,1775.6247514250556,1776.564732765143,4772612,INFY.NS
2024-09-10,1797.5263671875,1818.8638977650467,1782.2046254069915,1790.5704823041315,6909600,INFY.NS
2024-09-11,1795.50537109375,1810.4040523138208,1790.6644442667855,1799.7822173243185,5312946,INFY.NS
2024-09-12,1833.386474609375,1838.9794321721197,1796.116307982983,1809.463996501208,8555092,INFY.NS
2024-09-13,1827.417724609375,1841.0474542218399,1819.4749280775688,1833.3865832495185,3843127,INFY.NS
2024-09-16,1833.198486328125,1834.8434535636457,1817.0308542536736,1828.9685705796433,1570181,INFY.NS
2024-09-17,1835.360595703125,1840.9063937669002,1825.584766901514,1830.8486394119768,2793127,INFY.NS
2024-09-18,1778.585693359375,1822.388800311061,1768.3869188956942,1822.388800311061,6385468,INFY.NS
2024-09-19,1780.5125732421875,1809.370068657787,1766.036952686509,1795.9282898631557,7976570,INFY.NS
2024-09-20,1791.3695068359375,1800.0643345616268,1755.3212440246816,1790.664520804125,15242974,INFY.NS
2024-09-23,1782.6275634765625,1803.73021337189,1765.7078993837924,1794.4243751721033,3636672,INFY.NS
2024-09-24,1784.6484375,1796.2102531560402,1759.0809925494216,1774.6846588682515,7277616,INFY.NS
2024-09-25,1781.546630859375,1787.4684442930745,1764.156976545127,1773.1337292502485,4268341,INFY.NS
2024-09-26,1786.199462890625,1802.8370859804254,1779.3845984749128,1783.896554606288,8952803,INFY.NS
2024-09-27,1792.3094482421875,1856.0871602157958,1789.0665584656958,1816.137952637302,14908931,INFY.NS
2024-09-30,1763.0289306640625,1787.1394743316184,1758.2350489085036,1767.1648713969455,6986955,INFY.NS
2024-10-01,1790.053466796875,1794.3773580722982,1762.4650370326212,1762.4650370326212,4029072,INFY.NS
2024-10-03,1779.7607421875,1797.1033525009973,1768.104950294741,1776.0947919095763,7503887,INFY.NS
2024-10-04,1803.025146484375,1836.8174281895435,1772.8047248589348,1776.141704358394,10001483,INFY.NS
2024-10-07,1818.205810546875,1825.4436204048193,1801.051152425151,1807.7719266887534,6112575,INFY.NS
2024-10-08,1831.6005859375,1840.4363182559603,1791.933306709296,1821.5897622643915,5637391,INFY.NS
2024-10-09,1835.5484619140625,1858.3430081700687,1828.3575821051584,1835.3605115538048,4857163,INFY.NS
2024-10-10,1803.82421875,1846.1233796899428,1799.2182871655539,1840.3895163779584,4782119,INFY.NS
2024-10-11,1818.9578857421875,1830.1436867455332,1795.4583520140732,1802.8842276209207,4709431,INFY.NS
2024-10-14,1841.3294677734375,1851.2932470173037,1815.1979406537325,1816.1849669571325,3751378,INFY.NS
2024-10-15,1841.70556640625,1871.9258760220825,1834.6086610794148,1842.3635074756771,5353705,INFY.NS
2024-10-16,1804.858154296875,1841.9404871358424,1801.3332242595482,1837.6635261263593,3111512,INFY.NS
2024-10-17,1849.9771728515625,1859.2830106666543,1814.304928428157,1819.0517651449982,8162822,INFY.NS
2024-10-18,1766.7889404296875,1820.6028732629586,1757.0601563072833,1780.1367445813487,10526196,INFY.NS
2024-10-21,1741.5504150390625,1784.8366013292746,1727.6856903747387,1777.5986762175419,4654601,INFY.NS
2024-10-22,1740.4693603515625,1765.0969393741664,1736.098424337156,1746.6732140121014,4125240,INFY.NS
2024-10-23,1760.9610595703125,1772.804801466981,1733.3255853155424,1734.500561986716,4311910,INFY.NS
2024-10-24,1751.5142822265625,1770.9249206806642,1748.3653675509743,1749.6813644323036,2906475,INFY.NS
2024-10-25,1750.292236328125,1763.7339001545147,1735.581505943881,1751.60811836117,4689120,INFY.NS
2024-10-28,1753.394287109375,1768.951025226307,1745.5454653432146,1748.0833692337449,7018940,INFY.NS
2024-10-29,1748.59326171875,1760.2866061853301,1738.8011693476826,1754.9627985871089,4621252,INFY.NS
2024-10-30,1713.2276611328125,1748.3079249245552,1707.76122797984,1741.653136738328,5919715,INFY.NS
2024-10-31,1670.589599609375,1699.728089871948,1660.3697457491953,1699.728089871948,7395236,INFY.NS
2024-11-01,1674.011962890625,1678.9080088899161,1665.6460129974564,1677.4819828348002,371966,INFY.NS
2024-11-04,1676.674072265625,1679.8588408591163,1633.2753189564019,1639.454765739415,7336722,INFY.NS
2024-11-05,1667.68994140625,1681.2371893406507,1658.9436944231081,1673.2039554066878,3160880,INFY.NS
2024-11-06,1733.762451171875,1737.0898453384439,1675.723259696614,1677.0066599508023,10421494,INFY.NS
2024-11-07,1714.1309814453125,1735.6638830746192,1698.8724555004114,1723.5426610222241,4550965,INFY.NS
2024-11-08,1739.704345703125,1749.829154713953,1723.7329222391422,1728.3437169759088,4210960,INFY.NS
2024-11-11,1768.367431640625,1775.8778590726738,1732.669314114394,1738.8011800020988,3804234,INFY.NS
2024-11-12,1776.638427734375,1788.2367269114475,1769.223045604574,1778.8249314544848,5012450,INFY.NS
2024-11-13,1776.2581787109375,1780.8213927172376,1764.7549244206982,1769.3181384269985,4257495,INFY.NS
2024-11-14,1772.5980224609375,1783.4833086013102,1764.469627272938,1773.5961711004963,4311431,INFY.NS
2024-11-18,1722.1165771484375,1758.0049000608628,1706.4778709351956,1758.0049000608628,4839244,INFY.NS
2024-11-19,1734.7607421875,1767.987103735295,1730.7679155470983,1735.4737552340218,4669769,INFY.NS
2024-11-21,1743.6021728515625,1774.9271666789355,1730.8154024223286,1751.16006482196,5436504,INFY.NS
2024-11-22,1808.4388427734375,1819.6569616576032,1743.554652462339,1762.6633798054363,6301486,INFY.NS
2024-11-25,1796.507568359375,1824.647908539123,1789.187347735094,1821.5106048142616,12764638,INFY.NS
2024-11-26,1829.2587890625,1842.9961275482167,1803.7329448177684,1811.00558516297,6850495,INFY.NS
2024-11-27,1829.591552734375,1845.6581372544963,1817.4703304442407,1834.9153604909611,4447143,INFY.NS
2024-11-28,1765.087646484375,1820.4649949645564,1760.3342260139732,1820.4649949645564,8468790,INFY.NS
2024-11-29,1766.2283935546875,1784.4340168837268,1754.0121263454853,1759.811276019277,5244346,INFY.NS
2024-12-02,1787.095947265625,1789.9479994533772,1744.6953452341356,1767.3216723437565,2868263,INFY.NS
2024-12-03,1798.789306640625,1806.0620629902432,1778.8725217831325,1793.9408410909798,4715792,INFY.NS
2024-12-04,1796.0799560546875,1819.56180716774,1782.5327074778559,1791.0888644737497,4705573,INFY.NS
2024-12-05,1839.4310302734375,1853.7388717964993,1795.7946087095554,1806.2997139926326,9050038,INFY.NS
2024-12-06,1827.5950927734375,1842.3781605401093,1818.088252003757,1837.4822303839658,3573331,INFY.NS
2024-12-09,1828.783447265625,1835.0103583375276,1803.6377838079438,1829.3062538776032,4274645,INFY.NS
2024-12-10,1852.45556640625,1868.664660829215,1836.721697987323,1843.3764867481466,6174921,INFY.NS
2024-12-11,1876.79296875,1880.4530791874988,1855.7352935156714,1858.5873457085745,5025612,INFY.NS
2024-12-12,1889.00927734375,1900.2273959695365,1873.3705705619063,1877.7911587179638,6462130,INFY.NS
2024-12-13,1901.0830078125,1907.5001256882165,1857.4466990978751,1872.6100645470372,5362693,INFY.NS
2024-12-16,1882.402099609375,1900.9879041439099,1880.0728539329739,1897.042541916786,3119221,INFY.NS
2024-12-17,1879.1220703125,1884.255787393359,1861.4393701898068,1870.9462106912868,5811050,INFY.NS
2024-12-18,1881.54638671875,1887.060284654621,1864.8618349910091,1869.8054617493733,3064095,INFY.NS
2024-12-19,1850.2213134765625,1863.1031292043601,1825.3134369549032,1838.623014099366,5323592,INFY.NS
2024-12-20,1827.3575439453125,1882.3070176382269,1816.9950636033855,1877.7438033938301,11056720,INFY.NS
2024-12-23,1829.4013671875,1844.3270603797318,1814.8558547757257,1834.8678004850174,2781793,INFY.NS
2024-12-24,1814.9034423828125,1846.2284355881454,1749.2586619372746,1832.015755380025,2360544,INFY.NS
2024-12-26,1813.3348388671875,1825.0757640546135,1808.4863732653307,1814.9034908105154,3623321,INFY.NS
2024-12-27,1822.2237548828125,1829.25884045684,1810.007487366256,1815.236249934069,3937500,INFY.NS
2024-12-30,1812.00390625,1821.510747311123,1793.4655661808106,1821.2254956591669,7789055,INFY.NS
2024-12-31,1787.2860107421875,1803.4476395627287,1754.0596496753712,1798.9794709559926,3613063,INFY.NS
2025-01-01,1789.6627197265625,1799.5973216045268,1781.5819053214227,1781.5819053214227,1838368,INFY.NS
2025-01-02,1861.296875,1865.8602051810894,1792.3248119514092,1793.9409285299619,7083645,INFY.NS
2025-01-03,1843.1387939453125,1856.6384617090841,1827.214835312903,1856.6384617090841,6218003,INFY.NS
2025-01-06,1842.283203125,1875.6997732327457,1832.9189877307317,1855.7354066651392,7164403,INFY.NS
2025-01-07,1835.6282958984375,1861.9623140172655,1828.7834170796311,1849.08049857111,4294832,INFY.NS
2025-01-08,1837.81494140625,1842.9961231909604,1795.6045452981161,1834.8202633622047,5482050,INFY.NS
2025-01-09,1822.7467041015625,1855.5927707165636,1816.3295863112587,1838.670663062687,6833503,INFY.NS
2025-01-10,1869.9478759765625,1880.262890374542,1836.9591870921913,1841.4749361612496,8036913,INFY.NS
2025-01-13,1865.4322509765625,1885.0164358188285,1852.8832675701437,1859.538056114521,5804152,INFY.NS
2025-01-14,1844.374755859375,1874.5589763818855,1835.8660634362316,1871.7543886244132,5792162,INFY.NS
2025-01-15,1853.501220703125,1861.4869901029845,1841.5700892018165,1850.981884706997,2985439,INFY.NS
2025-01-16,1833.3466796875,1869.948017007702,1822.3187674971882,1868.9973329214629,7533579,INFY.NS
2025-01-17,1725.9193115234375,1766.3709642563163,1722.6394979722525,1759.7161759087412,16409953,INFY.NS
2025-01-20,1723.87548828125,1737.8029172097529,1704.7191808636662,1733.0494968108637,4333011,INFY.NS
2025-01-21,1711.896728515625,1741.3204695981628,1704.6240883474466,1729.3418737355341,7169109,INFY.NS
2025-01-22,1764.8974609375,1773.7864501626696,1716.1274359637641,1718.2664752007781,8373913,INFY.NS
2025-01-23,1773.45361328125,1786.8583519719805,1761.3323909696403,1766.3710631349807,5907471,INFY.NS
2025-01-24,1782.96044921875,1801.4513245969808,1772.312833717117,1773.501188842313,4887027,INFY.NS
2025-01-27,1732.1463623046875,1771.1244088768565,1722.6395216773292,1757.577160982871,7652371,INFY.NS
2025-01-28,1739.5142822265625,1771.5998715284597,1734.9034874184256,1739.7519532584283,6999495,INFY.NS
2025-01-29,1788.474365234375,1795.5094503993766,1749.7339902797964,1754.0120684956396,5145155,INFY.NS
2025-01-30,1768.224853515625,1794.1309953598945,1753.0614884709362,1780.7739533235829,7336056,INFY.NS
2025-01-31,1787.095947265625,1803.875428129993,1778.729881094765,1778.729881094765,5820470,INFY.NS
2025-02-01,1760.0489501953125,1797.3633003755383,1754.9628135718901,1787.571323971164,1701402,INFY.NS
2025-02-03,1771.40966796875,1784.0062318529979,1742.0335070965566,1745.4559465267448,4823228,INFY.NS
2025-02-04,1805.158935546875,1816.947325024505,1782.5326085489075,1795.8421853594061,7334787,INFY.NS
2025-02-05,1803.4952392578125,1825.0281403385413,1800.88085809743,1812.0038151596648,4996744,INFY.NS
2025-02-06,1821.1781005859375,1829.1162899648602,1806.2998705474192,1822.4615009681065,4765255,INFY.NS
2025-02-07,1809.769775390625,1828.8309215990796,1796.2699917999128,1824.648004479721,4126260,INFY.NS
2025-02-10,1787.5712890625,1811.0531389851265,1785.9550565261386,1811.0531389851265,3828734,INFY.NS
2025-02-11,1783.1507568359375,1809.1519452403381,1777.7793681552455,1790.2333073638108,4411601,INFY.NS
2025-02-12,1771.26708984375,1801.1660581275596,1755.9135185424811,1792.0395140512057,5633947,INFY.NS
2025-02-13,1752.3485107421875,1781.106705479717,1745.1233346132335,1776.3532848619434,5237744,INFY.NS
2025-02-14,1764.849853515625,1767.606860408019,1738.1831200991312,1762.5681886374266,5292961,INFY.NS
2025-02-17,1751.4453125,1761.3799146336082,1732.2890052365772,1747.880247229523,4428956,INFY.NS
2025-02-18,1760.619384765625,1769.8410902296603,1746.977091046225,1751.445375977347,4365260,INFY.NS
2025-02-19,1721.498779296875,1758.004955145868,1716.840404092615,1756.2937934312417,4611411,INFY.NS
2025-02-20,1735.14111328125,1740.7025920720746,1716.5077280780874,1716.5077280780874,2218020,INFY.NS
2025-02-21,1725.49169921875,1739.6093353659326,1717.125632438778,1731.9563977351202,3379879,INFY.NS
2025-02-24,1677.1016845703125,1718.8367369576058,1663.9347338827708,1711.2788452920981,7594720,INFY.NS
2025-02-25,1680.524169921875,1690.744023588038,1659.0863139546623,1659.0863139546623,5092963,INFY.NS
2025-02-27,1677.2918701171875,1688.2722009652173,1664.7427713690586,1668.640552657757,5757079,INFY.NS
2025-02-28,1604.469482421875,1668.5456129045258,1599.478390980019,1668.4981483304996,12182167,INFY.NS
2025-03-03,1624.3387451171875,1643.3524261230082,1608.8426647276233,1608.8426647276233,7504969,INFY.NS
2025-03-04,1605.0399169921875,1615.212189837081,1587.642352576766,1611.4094536632444,6759673,INFY.NS
2025-03-05,1627.0958251953125,1647.4879525703643,1608.9852468032536,1608.9852468032536,8180782,INFY.NS
2025-03-06,1631.231201171875,1637.3631829139892,1607.7017709749155,1630.4231429408271,10610547,INFY.NS
2025-03-07,1602.853271484375,1620.9162680194895,1592.8710891886537,1619.109945155919,8019331,INFY.NS
2025-03-10,1617.5413818359375,1634.225933863566,1593.5366088108908,1602.8533592169706,7558981,INFY.NS
2025-03-11,1579.6566162109375,1597.1492261839649,1556.3173920894415,1597.1492261839649,12671234,INFY.NS
2025-03-12,1512.3958740234375,1556.174926049121,1486.679937103563,1556.174926049121,14870008,INFY.NS
2025-03-13,1501.9381103515625,1526.846101049761,1492.859147684044,1520.3814033600804,7822888,INFY.NS
2025-03-17,1511.63525390625,1515.3904095675546,1468.949515897204,1468.949515897204,7526032,INFY.NS
2025-03-18,1511.63525390625,1511.63525390625,1511.63525390625,1511.63525390625,0,INFY.NS
2025-03-19,1508.307861328125,1523.9465678973438,1495.2359553339961,1523.9465678973438,7387068,INFY.NS
2025-03-20,1535.877685546875,1551.4213467784741,1513.4890294263832,1513.4890294263832,7186750,INFY.NS
2025-03-21,1514.011962890625,1524.8022038807094,1486.5371700431922,1500.131882621123,10074677,INFY.NS
2025-03-24,1514.2021484375,1527.844442496362,1495.140885206093,1519.1456594946171,8857726,INFY.NS
2025-03-25,1548.1414794921875,1555.46181670782,1525.84798372026,1525.84798372026,9890140,INFY.NS
2025-03-26,1520.571533203125,1556.9827781599724,1516.3410356679321,1545.8122407498795,6651302,INFY.NS
2025-03-27,1524.469482421875,1540.0606082841557,1507.7849306219216,1516.8640098840594,9426573,INFY.NS
2025-03-28,1493.1920166015625,1519.620965158934,1483.0672076469882,1511.5877308709687,6799047,INFY.NS
2025-04-01,1451.21923828125,1471.0885586286036,1442.9957978349414,1463.3404602190724,12680733,INFY.NS
2025-04-02,1473.7030029296875,1478.9317655581158,1459.4902057913214,1459.4902057913214,6193478,INFY.NS
2025-04-03,1422.69873046875,1458.9673514518697,1411.8134441365378,1458.9673514518697,10459504,INFY.NS
2025-04-04,1380.0606689453125,1399.4070681791675,1376.5906485892897,1388.4742004590178,9590254,INFY.NS
2025-04-07,1327.8680419921875,1336.5668248830998,1242.5441423903983,1285.3249277060586,21715252,INFY.NS
2025-04-08,1358.3375244140625,1384.671428260199,1345.218037067066,1360.4289830692378,12805001,INFY.NS
2025-04-09,1334.47509765625,1339.9415307106342,1313.7502558802394,1335.7586139092537,8546854,INFY.NS
2025-04-11,1339.941650390625,1367.844321400648,1328.1532604606723,1341.652928180614,12567440,INFY.NS
2025-04-15,1355.675537109375,1376.3053358191778,1339.513907284088,1374.3089224037624,10178530,INFY.NS
2025-04-16,1343.41162109375,1357.10149475882,1327.915540556106,1354.724784610381,12022740,INFY.NS
2025-04-17,1349.49609375,1359.2881865002564,1310.327954849587,1329.0563853909828,14264227,INFY.NS
2025-04-21,1379.442626953125,1399.2169026224717,1340.4645789137878,1340.4645789137878,15648970,INFY.NS
2025-04-22,1352.63330078125,1368.9850198763202,1349.3059066357173,1368.9850198763202,9399738,INFY.NS
2025-04-23,1402.1639404296875,1414.4277879886072,1368.6047467603623,1374.6891479419496,11136642,INFY.NS
2025-04-24,1398.8365478515625,1409.7694145318515,1389.4247524558623,1397.4105217628291,7114292,INFY.NS
2025-04-25,1407.2025146484375,1427.642222162945,1391.3261370921732,1402.7343459374797,8329979,INFY.NS
2025-04-28,1409.0087890625,1416.1389193452367,1393.0373668593481,1407.2024661808139,5886253,INFY.NS
2025-04-29,1423.6494140625,1435.3428747016321,1401.4033833138335,1408.9138107783806,8056743,INFY.NS
2025-04-30,1426.1212158203125,1434.3922372400868,1409.4842438297574,1422.9840278751349,7704183,INFY.NS
2025-05-02,1432.5858154296875,1448.081895785028,1422.4134264838601,1425.7408206525301,7402310,INFY.NS
2025-05-05,1434.2020263671875,1447.8919007730015,1428.6881281546378,1440.2864278864722,4282493,INFY.NS
2025-05-06,1436.958984375,1440.856765886036,1425.170478593818,1431.7302219442606,4270530,INFY.NS
2025-05-07,1433.916748046875,1443.8989302169214,1422.7936754272177,1426.0260242923393,5691799,INFY.NS
2025-05-08,1436.8638916015625,1441.7123570303784,1427.166844693632,1433.6315426322524,8424409,INFY.NS
2025-05-09,1433.2513427734375,1436.8639888159648,1420.4171072727893,1426.6915991963783,4478653,INFY.NS
2025-05-12,1546.66796875,1551.516434397431,1456.4480254270004,1461.2014458755218,11372857,INFY.NS
2025-05-13,1491.2430419921875,1532.6928451513845,1487.4403056280353,1529.6507024801845,12846210,INFY.NS
2025-05-14,1513.869384765625,1516.3411402167324,1492.0986956552736,1496.3767741072957,4870057,INFY.NS
2025-05-15,1533.4534912109375,1538.7772990924948,1493.524758023796,1511.3976659657826,11151167,INFY.NS
2025-05-16,1511.49267578125,1533.0731584594146,1503.5069061207216,1533.0731584594146,4576751,INFY.NS
2025-05-19,1482.8770751953125,1506.8342676039738,1478.9791776249906,1498.7534529196623,8855798,INFY.NS
2025-05-20,1483.637451171875,1505.4081383338412,1481.1656959419795,1492.573904126385,7143998,INFY.NS
2025-05-21,1491.14794921875,1493.5246593705174,1475.556707413097,1490.577561992386,4157309,INFY.NS
2025-05-22,1471.18359375,1483.8277382618005,1464.0534632471729,1478.789066286349,6158990,INFY.NS
2025-05-23,1487.63037109375,1508.9255998746105,1473.560201459695,1473.560201459695,5038421,INFY.NS
2025-05-26,1502.55615234375,1505.693456152503,1485.6339297061554,1489.3416207391451,3170102,INFY.NS
2025-05-27,1492.6690673828125,1504.8378701621398,1479.6447417622219,1501.985817890451,7775714,INFY.NS
2025-05-28,1494.2852783203125,1509.4010623010483,1492.5740005619675,1503.0315254066693,3623370,INFY.NS
2025-05-29,1507.4046630859375,1529.555648703017,1498.8485063145804,1510.6370121874,8609500,INFY.NS
2025-05-30,1506.5369873046875,1515.5027951891782,1499.2101525439637,1514.5387348868949,13148092,INFY.NS
2025-06-02,1497.9569091796875,1503.9340358386107,1483.6887699715526,1503.9340358386107,4374509,INFY.NS
2025-06-03,1487.5450439453125,1510.9717563250315,1480.410974183671,1502.9700087561519,6853403,INFY.NS
2025-06-04,1495.4503173828125,1501.3311794658816,1486.0025968815146,1487.545069852834,4548307,INFY.NS
2025-06-05,1498.43896484375,1511.3572786610305,1486.195328477135,1492.2689554139665,6948539,INFY.NS
2025-06-06,1507.5975341796875,1512.5142181403369,1487.641415492617,1498.8244913615613,3960020,INFY.NS
2025-06-09,1516.3704833984375,1530.9277705261318,1514.5387452749073,1521.2871674371763,2903202,INFY.NS
2025-06-10,1538.6402587890625,1549.726952383094,1520.8051430073597,1527.0715350387688,8591925,INFY.NS
2025-06-11,1572.478759765625,1575.8529708756475,1532.9522867625028,1532.9522867625028,10597410,INFY.NS
2025-06-12,1550.787353515625,1569.4901466126246,1540.6647205061456,1558.8854834598367,10483574,INFY.NS
2025-06-13,1544.424560546875,1551.1729824718614,1513.7673967286814,1519.3589933969258,6968315,INFY.NS
2025-06-16,1565.441162109375,1576.0458254086714,1539.7006814911979,1542.4964798976407,5591842,INFY.NS
2025-06-17,1580.9625244140625,1588.192976732241,1557.5358118299073,1562.45249586964,7622083,INFY.NS
2025-06-18,1574.214111328125,1585.589952431105,1562.7417700471647,1562.7417700471647,5629707,INFY.NS
2025-06-19,1560.2352294921875,1571.4183055533617,1553.5831898154863,1565.5375611980423,5147760,INFY.NS
2025-06-20,1564.573486328125,1572.0930860674746,1551.076642111549,1560.8136276168789,9202821,INFY.NS
2025-06-23,1527.071533203125,1543.4605584963404,1518.7806380620095,1543.4605584963404,7943676,INFY.NS
2025-06-24,1524.7576904296875,1551.172965207259,1519.9373891083474,1543.4604830931148,8083992,INFY.NS
2025-06-25,1556.8609619140625,1561.6812632899293,1528.1319186406413,1532.8558375256184,7813533,INFY.NS
2025-06-26,1557.92138671875,1565.6338688312192,1548.8591966999713,1550.9801998907828,6519233,INFY.NS
2025-06-27,1550.208984375,1571.0326636135578,1544.8102701550988,1560.8136478253264,8912268,INFY.NS
2025-06-30,1544.2318115234375,1556.9573602116636,1536.8084767193552,1556.9573602116636,6294505,INFY.NS
2025-07-01,1549.05224609375,1559.5604099565173,1542.9786187031953,1551.1731318297038,4178937,INFY.NS
2025-07-02,1552.619140625,1589.735462831807,1545.7743359105034,1559.8495930029494,8653641,INFY.NS
2025-07-03,1560.5244140625,1573.7321112354073,1556.9574379034102,1560.331649069145,5259695,INFY.NS
2025-07-04,1581.733642578125,1584.3366759246808,1554.3544249759318,1566.5979433677658,4411273,INFY.NS
2025-07-07,1568.5262451171875,1584.915271648836,1564.670003580329,1581.0590301119776,3294523,INFY.NS
2025-07-08,1579.8055419921875,1587.035994129852,1563.2237521630664,1569.490144015709,4590681,INFY.NS
2025-07-09,1574.9853515625,1579.1308581535004,1565.2483655342028,1578.9380931561673,4580828,INFY.NS
2025-07-10,1557.728759765625,1579.9985303020203,1549.3413641152463,1579.9985303020203,5330179,INFY.NS
2025-07-11,1537.5797119140625,1549.341199857552,1506.826166489392,1522.3475129338776,11391755,INFY.NS
2025-07-14,1513.8638916015625,1534.5911874414394,1503.7412587495296,1534.5911874414394,9173426,INFY.NS
2025-07-15,1528.614013671875,1545.967099361679,1507.790334380739,1508.8507771918205,7614807,INFY.NS
2025-07-16,1550.1126708984375,1554.0652948238287,1521.769272878048,1522.2513030563432,6223491,INFY.NS
2025-07-17,1526.589599609375,1552.1371994765352,1523.3117708067696,1540.5684750083872,7374814,INFY.NS
2025-07-18,1529.095947265625,1541.821613244393,1523.2152032454187,1534.8803087969368,5161833,INFY.NS
2025-07-21,1527.36083984375,1531.8918763569468,1510.4897839367352,1523.2153333190533,3682661,INFY.NS
2025-07-22,1514.4423828125,1528.806905141675,1508.7544033781517,1508.7544033781517,8473741,INFY.NS
2025-07-23,1517.9129638671875,1534.6876368616054,1494.2934861823694,1519.648319505044,8035026,INFY.NS
2025-07-24,1496.70361328125,1525.14339208434,1492.558106924831,1523.21527148752,14169664,INFY.NS
2025-07-25,1461.2261962890625,1493.8114825426642,1456.9844249801497,1487.930738061539,10851259,INFY.NS
2025-07-28,1461.515380859375,1464.6968268487494,1429.2193615593824,1459.4908778130184,6439855,INFY.NS
2025-07-29,1459.2979736328125,1462.6721845547067,1442.3305365336291,1458.5267960319763,7070448,INFY.NS
2025-07-30,1464.40771484375,1467.0106307922656,1451.8749299240865,1465.2753927209724,5719051,INFY.NS
2025-07-31,1454.76708984375,1472.21655890233,1443.198365471235,1455.4418850255533,6851407,INFY.NS
2025-08-01,1416.782958984375,1444.8370894973941,1412.83033538686,1440.2096707795008,8702978,INFY.NS
2025-08-04,1427.291259765625,1429.5086455065348,1398.8514812022438,1408.9741142502269,8610216,INFY.NS
2025-08-05,1407.8172607421875,1425.5558755811649,1402.7076942328947,1425.5558755811649,10213323,INFY.NS
2025-08-06,1385.0654296875,1403.768223634903,1378.895537719122,1399.8155998166778,10566934,INFY.NS
2025-08-07,1385.2581787109375,1390.1748623852432,1363.3739407112198,1378.60613953599,9892020,INFY.NS
2025-08-08,1371.9542236328125,1381.6912093691872,1366.169861688454,1373.785961785155,10048009,INFY.NS
2025-08-11,1376.870849609375,1381.884033692687,1363.1812406590395,1368.8692198674414,6625368,INFY.NS
2025-08-12,1372.9183349609375,1389.2109785794498,1369.9297713819558,1376.8709588997938,9899184,INFY.NS
2025-08-13,1375.3284912109375,1382.462561438393,1371.279484756972,1373.7860181657672,10318063,INFY.NS
2025-08-14,1395.6700439453125,1417.1686356270611,1374.9427475738962,1374.9427475738962,12902347,INFY.NS
2025-08-18,1384.19775390625,1412.0590009823861,1378.2205097468736,1412.0590009823861,7254561,INFY.NS
2025-08-19,1388.2469482421875,1397.309139357621,1381.2092603896435,1381.2092603896435,3986094,INFY.NS
2025-08-20,1442.427001953125,1445.1264179190935,1388.921654258322,1388.921654258322,10413061,INFY.NS
2025-08-21,1442.619873046875,1453.802949118853,1430.9547668193538,1453.802949118853,6565539,INFY.NS
2025-08-22,1434.0396728515625,1450.2359327005538,1432.6899649169563,1444.258688328196,5543397,INFY.NS
2025-08-25,1477.0367431640625,1483.6887826854402,1452.549588321255,1452.549588321255,10694531,INFY.NS
2025-08-26,1474.6265869140625,1483.1103644867733,1464.021923789744,1468.2638125760993,15994798,INFY.NS
2025-08-28,1446.1868896484375,1474.6266696224122,1444.162386475055,1474.6266696224122,5443364,INFY.NS
2025-08-29,1416.782958984375,1447.922152992462,1414.951220922169,1447.922152992462,8169075,INFY.NS
2025-09-01,1445.5120849609375,1449.368326287933,1423.1458146544753,1423.6278448203498,4546057,INFY.NS
2025-09-02,1444.837158203125,1458.4305028963795,1432.8829043510907,1445.5120710387366,5218763,INFY.NS
2025-09-03,1425.9415283203125,1447.9221496497632,1420.0607841831338,1446.0904115917858,4623483,INFY.NS
2025-09-04,1410.4202880859375,1430.665555379037,1407.6244895421655,1430.665555379037,5787724,INFY.NS
2025-09-05,1392.681396484375,1419.771465639559,1381.4983212585462,1417.1685500698275,5466487,INFY.NS
2025-09-08,1381.402099609375,1405.5999908675153,1376.967445534214,1398.8515684147906,3811567,INFY.NS
2025-09-09,1450.2359619140625,1453.0316426482493,1419.5787971834648,1427.7733097648295,13072640,INFY.NS
2025-09-10,1477.518798828125,1479.7361846012639,1455.056264347903,1455.8274419814547,7281071,INFY.NS
2025-09-11,1455.4417724609375,1472.6020926929066,1452.3568266067848,1469.1314991861996,8003662,INFY.NS
2025-09-12,1470.7703857421875,1487.4486761823323,1466.4321143461764,1481.7606968153777,12856963,INFY.NS
2025-09-15,1454.1885986328125,1472.6021270614033,1447.2472937742573,1470.7703889313757,6167414,INFY.NS
2025-09-16,1456.9844970703125,1459.5874130189484,1449.4647790449067,1454.18869843609,8923112,INFY.NS
2025-09-17,1467.685546875,1471.830935901443,1459.58741614181,1462.3832147820146,4795698,INFY.NS
2025-09-18,1485.2313232421875,1499.1138155530703,1483.2068200825713,1494.2935138953433,9331945,INFY.NS
2025-09-19,1484.845703125,1495.546867150236,1465.4681136380061,1489.0875921991392,12988129,INFY.NS
2025-09-22,1445.6083984375,1460.2620677071914,1428.7373434373958,1429.4121385641438,15655204,INFY.NS
2025-09-23,1443.6802978515625,1458.6232324870878,1439.3420265057648,1439.3420265057648,9832164,INFY.NS
2025-09-24,1440.884521484375,1442.909024606748,1429.4121802134027,1433.7504516255494,4937004,INFY.NS
2025-09-25,1431.436767578125,1448.6933526456728,1423.4350200871756,1435.4857737282794,9491867,INFY.NS
2025-09-26,1396.8270263671875,1425.555953399892,1389.4036912657584,1421.9889772759154,8597058,INFY.NS
2025-09-29,1389.982177734375,1412.3483294621576,1384.872611107433,1407.5280279964163,10513117,INFY.NS
2025-09-30,1389.982177734375,1400.0083106366037,1386.4150840398418,1391.1390030128964,7556305,INFY.NS
2025-10-01,1393.83837890625,1397.405354815276,1376.099646484765,1394.031143886091,6250692,INFY.NS
2025-10-03,1394.609619140625,1396.2485922754322,1381.6911874663804,1387.282784330546,6877533,INFY.NS
2025-10-06,1422.9530029296875,1425.6524188431904,1390.4642178899833,1394.6096065704758,4630590,INFY.NS
2025-10-07,1406.0819091796875,1429.6050033943986,1401.743637948074,1424.5918193613172,5570320,INFY.NS
2025-10-08,1441.2701416015625,1444.1623224877194,1402.707729786136,1404.6358503769075,4657192,INFY.NS
2025-10-09,1455.0562744140625,1459.5873108023447,1433.557682406266,1448.0185870707542,7028753,INFY.NS
2025-10-10,1460.4549560546875,1467.0104954131987,1444.933608930849,1455.7310370996563,3738353,INFY.NS
2025-10-13,1439.5347900390625,1450.6214834671307,1430.087069727637,1443.1982662450723,5859355,INFY.NS
2025-10-14,1436.353515625,1459.9729938155936,1433.075686951717,1445.1264411305913,5600789,INFY.NS
2025-10-15,1421.41064453125,1435.1002548224249,1414.7586043879573,1430.569218120133,6986098,INFY.NS
2025-10-16,1418.61474609375,1421.5069270236047,1408.0100826842827,1420.9285143742625,8005748,INFY.NS
2025-10-17,1389.307373046875,1405.9856644896408,1382.4625679694304,1402.6114532010124,16959378,INFY.NS
2025-10-20,1408.395751953125,1414.276496397426,1397.8874708768014,1401.4544470050912,6994246,INFY.NS
2025-10-21,1419.482421875,1432.5936185349226,1417.1686535978035,1424.881136066363,1698704,INFY.NS
2025-10-23,1473.566162109375,1490.4372172856354,1451.8748054541832,1455.7310466373283,20358624,INFY.NS
2025-10-24,1470.57763671875,1487.5450748262833,1463.4435668090073,1484.1708637038648,8652257,INFY.NS
2025-10-27,1472.633056640625,1483.2043487095048,1466.3685916918344,1478.0165606695539,7273211,INFY.NS
2025-10-28,1468.4241943359375,1474.5908017388306,1458.9296979699484,1467.9347848431598,8211019,INFY.NS
2025-10-29,1478.408203125,1488.0005573851865,1465.1941469679696,1468.4241778932897,4884976,INFY.NS
2025-10-30,1462.1597900390625,1476.2546872805226,1457.5592692997866,1475.0801523386458,5608867,INFY.NS
2025-10-31,1450.9034423828125,1465.3898918009988,1449.3372364048548,1458.4403008415877,4819814,INFY.NS
2025-11-03,1454.0355224609375,1459.8105780526128,1442.974820743242,1450.9033496746388,5470600,INFY.NS
2025-11-04,1436.808349609375,1450.511814804534,1431.9142548968182,1448.3583414401685,8691330,INFY.NS
2025-11-06,1435.6336669921875,1451.58846323567,1430.9354078512456,1447.2816360762577,7944752,INFY.NS
2025-11-07,1445.5198974609375,1449.533031326473,1418.4065403991735,1438.8638806951196,8765759,INFY.NS
2025-11-10,1481.4425048828125,1487.8048281611332,1458.4402591842686,1458.5381171839108,9787975,INFY.NS
2025-11-11,1497.88671875,1500.9210336624128,1479.0933228205395,1492.6989304110698,13692989,INFY.NS
2025-11-12,1518.8333740234375,1526.1745164244364,1505.5214596999074,1507.3812396717751,14635417,INFY.NS
2025-11-13,1509.14306640625,1524.5104757353395,1497.8866487683968,1524.1189242683809,19655689,INFY.NS
2025-11-14,1470.9691162109375,1497.59294295853,1457.2656513734084,1487.8047537888665,9739549,INFY.NS
2025-11-17,1475.66748046875,1478.212385937251,1460.8873376663598,1464.3132041198487,7910354,INFY.NS
2025-11-18,1454.91650390625,1474.1013313334302,1451.784211591062,1474.1013313334302,7525119,INFY.NS
2025-11-19,1508.4578857421875,1510.317665675936,1458.9296699222182,1458.9296699222182,10981126,INFY.NS
2025-11-20,1503.955322265625,1522.0634729079381,1501.5082748815287,1522.0634729079381,7387584,INFY.NS
2025-11-21,1512.2752685546875,1518.6375916910017,1493.9714020948772,1498.5718033380108,9186302,INFY.NS
2025-11-24,1515.2117919921875,1551.4280945139647,1508.3600590826622,1530.4813442936104,19270381,INFY.NS
2025-11-25,1498.1802978515625,1517.7566773334454,1493.5798964672151,1516.1905908718425,8107952,INFY.NS
2025-11-26,1524.902099609375,1527.251289037942,1499.6485223505715,1499.6485223505715,7575038,INFY.NS
2025-11-27,1533.2220458984375,1540.954739594805,1519.3227449478784,1530.8728564928056,7552252,INFY.NS
2025-11-28,1527.055419921875,1535.179665000364,1524.0211050739736,1531.8516566735827,4453221,INFY.NS
2025-12-01,1530.872802734375,1540.6609920101703,1523.042251313739,1529.4045743430058,5341800,INFY.NS
2025-12-02,1527.9364013671875,1546.4361036663386,1523.1401645511503,1533.8093151456649,6335969,INFY.NS
2025-12-03,1545.261474609375,1552.406900951154,1521.182551618934,1522.1613705980963,12895312,INFY.NS
2025-12-04,1563.7611083984375,1565.1314788059085,1534.7880917871573,1534.7880917871573,12609619,INFY.NS
2025-12-05,1581.9671630859375,1597.2368345243183,1566.1103436503722,1575.8985332981872,10344725,INFY.NS
2025-12-08,1576.681640625,1595.4749170068917,1566.306063981828,1582.8481284293375,7550413,INFY.NS
2025-12-09,1565.1314697265625,1572.8641631737528,1548.883099378693,1567.2848235795727,6957599,INFY.NS
2025-12-10,1551.2322998046875,1573.9408513587562,1549.2746619298632,1573.9408513587562,5116140,INFY.NS
2025-12-11,1564.1527099609375,1573.3536321517727,1547.023378030827,1564.1527099609375,5159319,INFY.NS
2025-12-12,1564.348388671875,1567.8722324584342,1549.0788370408115,1567.4806809838458,4633912,INFY.NS
2025-12-15,1572.766357421875,1576.6816332735752,1551.4280562362142,1551.4280562362142,4190558,INFY.NS
2025-12-16,1559.1607666015625,1569.0468143358012,1552.0153403019585,1566.1103574156468,5499258,INFY.NS
2025-12-17,1568.0679931640625,1572.8642300238714,1552.4068896118622,1553.5814245843821,4817628,INFY.NS
2025-12-18,1592.3427734375,1595.4749463972676,1572.6684162407605,1576.3879761796316,6577293,INFY.NS
2025-12-19,1603.9906005859375,1619.847539612933,1595.2792073285575,1615.0513027562847,13149023,INFY.NS
2025-12-22,1653.8125,1657.3362243784013,1628.7547583833573,1628.7547583833573,23098923,INFY.NS
2025-12-23,1632.9637451171875,1643.4370603643276,1621.3157754082474,1643.4370603643276,6593060,INFY.NS
2025-12-24,1628.16748046875,1632.2784723030877,1617.4983299175808,1625.8182910699556,4271167,INFY.NS
2025-12-26,1621.0220947265625,1633.453167508233,1616.7152673020842,1628.167521100225,2006491,INFY.NS
2025-12-29,1609.863525390625,1637.6620082639456,1602.4245250544589,1622.8818655924697,4062817,INFY.NS
2025-12-30,1587.2528076171875,1612.9957941560388,1582.554548282334,1612.1148331917736,9395937,INFY.NS
2025-12-31,1581.1842041015625,1594.1045668429529,1575.1154547350545,1586.6655664923117,6538656,INFY.NS
2026-01-01,1595.2791748046875,1604.8715288376811,1579.9116455766828,1581.184158007412,3658165,INFY.NS
2026-01-02,1605.6546630859375,1608.6889779975038,1593.0278744696911,1601.2499777187402,2524526,INFY.NS
2026-01-05,1572.374755859375,1602.3265912739637,1549.568226955718,1602.3265912739637,5917885,INFY.NS
2026-01-06,1578.0518798828125,1585.5888575673962,1565.1315174017209,1566.2081943610224,4466729,INFY.NS
2026-01-07,1604.2843017578125,1607.2207586859843,1580.7926463324388,1580.7926463324388,4508079,INFY.NS
2026-01-08,1579.128662109375,1609.472049603195,1574.5281413468902,1604.186403368615,3942131,INFY.NS
2026-01-09,1579.91162109375,1596.747378487979,1572.9620305433675,1575.898487352098,6816681,INFY.NS
2026-01-12,1562.09716796875,1579.1286413969012,1558.867017677559,1575.996349102621,6985362,INFY.NS
2026-01-13,1565.1314697265625,1583.7290294043642,1552.7983751003353,1583.7290294043642,8080618,INFY.NS
2026-01-14,1565.91455078125,1582.7501883551427,1549.5682031809922,1554.3644397699236,7557157,INFY.NS
2026-01-15,1565.91455078125,1565.91455078125,1565.91455078125,1565.91455078125,0,INFY.NS
2026-01-16,1654.00830078125,1658.119292555676,1618.3792672921977,1628.461030733189,19335957,INFY.NS
2026-01-19,1645.59033203125,1649.309891747184,1631.201741600405,1649.309891747184,5104958,INFY.NS
2026-01-20,1623.7628173828125,1644.6115898062917,1617.889903547792,1637.5641409981627,6406503,INFY.NS
2026-01-21,1619.358154296875,1621.9030597634667,1596.6494821313709,1616.0301458476063,6224582,INFY.NS
2026-01-22,1628.265380859375,1635.8022392467942,1618.7708845027832,1630.712428320841,6228892,INFY.NS
2026-01-23,1635.4107666015625,1640.2068839190629,1626.9928279555104,1631.8869227568262,5869137,INFY.NS
2026-01-27,1647.05859375,1653.6167523834592,1625.9161283991023,1650.0930280724322,10673087,INFY.NS
2026-01-28,1631.2017822265625,1653.029492632909,1615.05126953125,1644.4158380681818,8588664,INFY.NS
2026-01-29,1624.35009765625,1631.2018305177105,1607.318623503672,1622.8818691859371,4749582,INFY.NS
2026-01-30,1606.241943359375,1619.9454090553113,1583.8269648597889,1619.9454090553113,9207926,INFY.NS
2026-02-02,1594.8875732421875,1626.7970461591942,1583.7290136495644,1626.7970461591942,6784887,INFY.NS
2026-02-03,1620.9241943359375,1691.3991593070652,1617.9877374621406,1690.616056346825,8805868,INFY.NS
2026-02-04,1503.2701416015625,1551.3301265638145,1478.1144237257668,1540.66097646391,28828622,INFY.NS
2026-02-05,1488.00048828125,1518.1481590925844,1483.5958031001303,1501.5082372972433,10628127,INFY.NS
2026-02-06,1475.177978515625,1492.6988611765453,1448.6520095352703,1489.86026239605,13900866,INFY.NS
2026-02-09,1465.4876708984375,1495.6353420798034,1461.376679139494,1489.8602864300617,8294615,INFY.NS
2026-02-10,1466.0750732421875,1483.7916723660803,1459.4190565785855,1468.2284271414342,8657000,INFY.NS
2026-02-11,1440.7236328125,1474.003477029586,1437.885033967625,1469.4029562852068,7934411,INFY.NS
2026-02-12,1356.64306640625,1405.2903204885395,1351.259562174479,1398.6344233110094,26048896,INFY.NS
2026-02-13,1340.1009521484375,1348.1273389393946,1254.3564391221673,1266.493817560756,45785709,INFY.NS
2026-02-16,1336.6751708984375,1346.854912154694,1309.953484521095,1344.6035807140283,14621891,INFY.NS
2026-02-17,1361.73291015625,1400.6899531531467,1338.0455387563604,1340.9819956812096,25347684,INFY.NS
2026-02-18,1344.603515625,1371.3253201935424,1316.805153615715,1361.4392729027982,20241373,INFY.NS
2026-02-19,1341.471435546875,1372.3042339560152,1334.326009074035,1355.6643110050506,14574228,INFY.NS
2026-02-20,1324.5377197265625,1336.0878308198503,1309.8554358713993,1330.4106332686276,12633552,INFY.NS
2026-02-23,1299.3822021484375,1323.3632672728343,1290.0834217940796,1323.3632672728343,12887826,INFY.NS
2026-02-24,1248.4835205078125,1275.988307999553,1237.3249610296912,1273.4434027288626,27839061,INFY.NS
2026-02-25,1262.7742919921875,1295.564726518415,1258.9568742250233,1258.9568742250233,16669618,INFY.NS
2026-02-26,1261.7955322265625,1286.168148899459,1259.054910753846,1277.848187510079,11493914,INFY.NS
2026-02-27,1272.5625,1306.723305439908,1266.7874442662774,1298.207628321947,23141724,INFY.NS
2026-03-02,1261.5997314453125,1271.290062662244,1246.0364867011174,1263.6552272829085,9700361,INFY.NS
2026-03-04,1279.7078857421875,1289.104523520103,1264.6340504084835,1264.6340504084835,15154950,INFY.NS
2026-03-05,1278.141845703125,1292.0410271405913,1262.7743163409898,1292.0410271405913,10362147,INFY.NS
2026-03-06,1280.686767578125,1299.0884925711757,1275.4011212294208,1275.4011212294208,8724291,INFY.NS
2026-03-09,1287.14697265625,1290.0834296280893,1255.3353554613236,1262.676497890922,10068514,INFY.NS
2026-03-10,1268.1578369140625,1293.0198627132945,1256.9014187299574,1292.0410437407636,9600171,INFY.NS
2026-03-11,1249.2667236328125,1271.975276386956,1244.3726286871142,1260.7188580118502,7868891,INFY.NS
2026-03-12,1238.9891357421875,1251.5179472285731,1231.3542997621664,1245.5471752363726,7599940,INFY.NS
2026-03-13,1221.8597412109375,1242.7085131232232,1216.280401513626,1224.5025045780033,7366098,INFY.NS
2026-03-16,1223.3280029296875,1227.7326883178384,1198.2701415781937,1213.931245180508,12314450,INFY.NS
2026-03-17,1206.785888671875,1218.6295738865974,1189.3628638376754,1218.6295738865974,11223276,INFY.NS
2026-03-18,1240.261474609375,1263.459555545422,1208.7435520363658,1211.7778669014497,12365381,INFY.NS
2026-03-19,1194.9422607421875,1228.4178221249233,1189.3629208552388,1217.846529327881,9156461,INFY.NS
2026-03-20,1229.2987060546875,1238.0102183433878,1203.1641691885866,1215.6930991638783,27299975,INFY.NS
2026-03-23,1230.1796875,1234.3885372371806,1201.4023868626336,1211.9735596886824,12420293,INFY.NS
2026-03-24,1251.224365234375,1269.5282325903943,1224.5025589595862,1242.1213008151199,13613495,INFY.NS
2026-03-25,1252.00732421875,1263.263742406015,1230.4733068170258,1243.100095463166,10824030,INFY.NS
2026-03-27,1242.806396484375,1267.3748481809973,1236.444073189259,1257.9780904958054,13092541,INFY.NS
2026-03-30,1224.1109619140625,1238.6953882487069,1216.6719617488286,1223.5236944376795,14108486,INFY.NS
2026-04-01,1248.6793212890625,1275.4011271577126,1242.610691424955,1262.6764804554484,8137156,INFY.NS
2026-04-02,1273.247802734375,1277.7503462365091,1233.116223742555,1233.3119397486187,12873492,INFY.NS
2026-04-06,1278.5333251953125,1292.041075138383,1271.4858762157266,1273.8350657038357,10208682,INFY.NS
2026-04-07,1311.0301513671875,1316.609371698259,1266.1023367797188,1274.4222980187042,15355792,INFY.NS
2026-04-08,1317.68603515625,1347.7358488962445,1302.8080347694565,1320.4267760360608,16030133,INFY.NS
2026-04-09,1303.395263671875,1309.170319257509,1286.1680743957882,1301.7313192842819,14894607,INFY.NS
2026-04-10,1265.12353515625,1290.9643801968148,1256.1184483091881,1290.0834192154255,19233369,INFY.NS
2026-04-13,1249.756103515625,1261.6976471062894,1238.8911174058185,1245.0577246851824,10366082,INFY.NS
2026-04-15,1277.6524658203125,1294.4881045276459,1272.9540869097948,1278.631284802942,12098912,INFY.NS
2026-04-16,1291.2579345703125,1302.808046184627,1281.2740288923192,1294.0965334739733,18527029,INFY.NS
2026-04-17,1290.7685546875,1300.165312581974,1278.4354593069281,1285.1893342368037,12064048,INFY.NS
2026-04-20,1284.7977294921875,1296.8372503675125,1280.3930442184933,1292.0410136169874,7172300,INFY.NS
2026-04-21,1285.385009765625,1296.9351212811175,1271.7795218169556,1282.2528368892558,10057440,INFY.NS
2026-04-22,1241.729736328125,1270.2133447995752,1229.2987830540255,1267.5705813427946,20088378,INFY.NS
2026-04-23,1214.32275390625,1238.891085420282,1200.0320212693207,1227.438951608261,14792854,INFY.NS
2026-04-24,1130.144287109375,1197.9764852174349,1127.7950978335834,1174.5826894228176,42078914,INFY.NS
2026-04-27,1145.5118408203125,1154.9084786451926,1130.04645394258,1130.1443119385692,19579883,INFY.NS
2026-04-28,1127.697265625,1144.6308809119316,1125.4460537763027,1138.0727223885278,12720276,INFY.NS
2026-04-29,1142.7711181640625,1153.2444330805374,1132.2978032475876,1133.961747660014,8303109,INFY.NS
2026-04-30,1156.768310546875,1164.5988623339997,1135.0384576467616,1142.7711514334947,12205669,INFY.NS
2026-05-01,1156.768310546875,1156.768310546875,1156.768310546875,1156.768310546875,0,INFY.NS
2026-05-04,1143.652099609375,1169.6886601132755,1140.5198072387318,1169.6886601132755,7735811,INFY.NS
2026-05-05,1153.1466064453125,1160.0961972461241,1135.5278649580357,1144.728787187228,8164108,INFY.NS
2026-05-06,1142.4774169921875,1166.2627649868193,1139.443102180398,1161.8580797644604,9856963,INFY.NS
2026-05-07,1138.07275390625,1150.5038263553197,1134.6468875555572,1148.1546369607545,12013987,INFY.NS
2026-05-08,1154.2232666015625,1158.4322359116547,1134.2554554613432,1136.4088093734103,7582770,INFY.NS
2026-05-11,1152.0699462890625,1161.8581361470833,1147.2737093616843,1151.0911273032605,7336288,INFY.NS
2026-05-12,1116.1473388671875,1137.3876630949442,1099.2137225952,1137.3876630949442,16891948,INFY.NS
2026-05-13,1099.3115234375,1118.398492694932,1097.2560275682617,1112.5255790772605,6664111,INFY.NS
2026-05-14,1071.8067626953125,1098.137016652994,1065.933848927119,1096.0815207310736,16914842,INFY.NS
2026-05-15,1095.2984619140625,1109.1976439317652,1078.266987402901,1078.658538900176,17482450,INFY.NS
2026-05-18,1118.3006591796875,1121.8243835304838,1094.319594715878,1095.2984136735845,12096377,INFY.NS
2026-05-19,1171.5484619140625,1173.0166903851343,1137.3876555901809,1137.3876555901809,32175705,INFY.NS
2026-05-20,1168.4161376953125,1181.3366195800531,1159.802602590221,1161.8580984968487,15121010,INFY.NS
2026-05-21,1156.180908203125,1176.3446743746752,1152.0699163634372,1170.7653346096859,10021033,INFY.NS
2026-05-22,1149.622802734375,1166.5564175672662,1147.6651649263981,1157.4533539662823,8803066,INFY.NS
2026-05-25,1143.75,1159.900513478819,1141.4008105061328,1157.9428754813864,5856136,INFY.NS
2026-05-26,1142.966796875,1155.6914427435413,1138.2685377836078,1141.5965459846338,8005767,INFY.NS
2026-05-27,1135.3321533203125,1142.5754376343073,1130.5359164445094,1136.4088302961693,6371871,INFY.NS
2026-05-28,1135.3321533203125,1135.3321533203125,1135.3321533203125,1135.3321533203125,0,INFY.NS
2026-05-29,1136.3109130859375,1184.370898370815,1129.1654871448488,1156.96396849116,69085430,INFY.NS
2026-06-01,1177.02978515625,1191.222659904496,1148.8397516554953,1150.1122640819906,19439331,INFY.NS
2026-06-02,1243.8831787109375,1251.811588367994,1206.3943648530496,1206.3943648530496,36032600,INFY.NS
2026-06-03,1196.7039794921875,1223.425783618914,1190.2437985614154,1215.7909483013548,18534303,INFY.NS
2026-06-04,1175.855224609375,1189.4607121046952,1170.8631524946943,1182.4132636253246,12755957,INFY.NS
2026-06-05,1172.1357421875,1197.8787294549086,1169.0035692089534,1194.159169493737,8692290,INFY.NS
2026-06-08,1162.4453125,1175.26781631171,1151.5804465064052,1152.559265415463,8631711,INFY.NS
2026-06-09,1155.300048828125,1168.3182691086097,1142.5754025403635,1168.3182691086097,10984054,INFY.NS
2026-06-10,1145.300048828125,1171.4000244140625,1143.300048828125,1160.0999755859375,8887626,INFY.NS
2026-06-11,1114.5999755859375,1133.699951171875,1109.0,1129.699951171875,9372176,INFY.NS
2026-06-12,1116.4000244140625,1123.300048828125,1111.5,1120.0,8075333,INFY.NS
2026-06-15,1134.9000244140625,1151.0,1123.0,1130.0,7856192,INFY.NS
2026-06-16,1143.5999755859375,1153.800048828125,1123.199951171875,1136.9000244140625,10456090,INFY.NS
2026-06-17,1157.699951171875,1162.5,1148.0,1149.0,5995119,INFY.NS
2026-06-18,1127.5,1142.9000244140625,1125.300048828125,1142.9000244140625,16781447,INFY.NS
2026-06-19,1051.4000244140625,1066.0,1030.0,1062.300048828125,45665442,INFY.NS
2026-06-22,1065.4000244140625,1080.300048828125,1055.0,1055.0,10178505,INFY.NS
2026-06-23,1029.300048828125,1055.300048828125,1026.0,1053.800048828125,19323064,INFY.NS
2026-06-24,1056.5999755859375,1065.5,1037.699951171875,1040.9000244140625,12346266,INFY.NS
2026-06-25,1041.199951171875,1068.0,1039.0999755859375,1065.0,15866779,INFY.NS
2026-06-26,1041.199951171875,1041.199951171875,1041.199951171875,1041.199951171875,0,INFY.NS
2026-06-29,1036.699951171875,1046.5999755859375,1029.0999755859375,1037.0999755859375,15080892,INFY.NS
2026-06-30,1000.4000244140625,1030.4000244140625,996.0,1030.0,24128263,INFY.NS
2026-07-01,985.2999877929688,1014.0,982.4000244140625,1006.0,13037982,INFY.NS
2026-07-02,1040.9000244140625,1045.0,1006.0,1006.4000244140625,18741111,INFY.NS
2026-07-03,1047.199951171875,1068.699951171875,1042.0,1063.0,11653534,INFY.NS
2026-07-06,1042.199951171875,1053.0,1033.0,1050.0999755859375,5559747,INFY.NS
2026-07-07,1071.800048828125,1087.5,1040.5999755859375,1040.5999755859375,18866296,INFY.NS
2026-07-08,1069.300048828125,1079.699951171875,1064.4000244140625,1071.9000244140625,13022221,INFY.NS
2026-07-09,1050.800048828125,1062.699951171875,1040.4000244140625,1062.699951171875,9003333,INFY.NS
2026-07-10,1068.0,1091.300048828125,1064.699951171875,1075.0,9747266,INFY.NS
2026-07-13,1102.5999755859375,1114.9000244140625,1057.0999755859375,1057.0999755859375,20994760,INFY.NS
2026-07-14,1092.9000244140625,1113.5,1090.0,1107.800048828125,14819413,INFY.NS
2026-07-15,1076.300048828125,1088.0999755859375,1073.0,1079.0,8501933,INFY.NS
2026-07-16,1082.4000244140625,1097.300048828125,1077.9000244140625,1082.5,8592146,INFY.NS
2026-07-17,1096.5,1116.800048828125,1092.0,1105.0,12547728,INFY.NS
2026-07-20,1087.0999755859375,1103.800048828125,1083.199951171875,1102.0,6372645,INFY.NS
2026-07-21,1073.5,1094.5,1067.199951171875,1080.0,9485229,INFY.NS
2026-07-22,1052.0999755859375,1069.300048828125,1046.199951171875,1064.0,7517203,INFY.NS
2026-07-23,1047.4000244140625,1058.5,1032.0,1046.9000244140625,13794578,INFY.NS
2026-07-24,1040.9000244140625,1043.4000244140625,1013.9000244140625,1028.0,29036900,INFY.NS
2026-07-27,1079.199951171875,1082.0,1057.4000244140625,1065.0,15956349,INFY.NS
2026-07-28,1105.699951171875,1118.5,1097.0,1097.0,28100895,INFY.NS
2026-07-29,1155.5999755859375,1164.5,1128.4000244140625,1147.0,34400369,INFY.NS
2026-07-30,1155.0999755859375,1187.699951171875,1151.300048828125,1168.0,22630218,INFY.NS
