Date,Close,High,Low,Open,Volume,Ticker
2020-01-01,168.79664611816406,169.15110291258225,168.0877100612246,169.15110291258225,4370931,ITC.NS
2020-01-02,170.03726196289062,170.81709609436126,168.79664075375123,168.86752761676144,8726602,ITC.NS
2020-01-03,169.0802001953125,170.85252893744607,168.7257322000757,170.85252893744607,9642051,ITC.NS
2020-01-06,166.6698455810547,168.938427433394,166.59894748327164,168.37127635328352,7930726,ITC.NS
2020-01-07,166.84706115722656,168.6548333202311,166.31536478387824,167.3433141014318,8740894,ITC.NS
2020-01-08,166.0318145751953,167.16610554876365,165.35832193729263,165.89002960775574,7314466,ITC.NS
2020-01-09,167.16610717773438,167.73324705301923,166.63439950208996,167.0243109748613,9816703,ITC.NS
2020-01-10,168.72572326660156,169.25741961427994,167.8750023698862,168.4421533790464,10357864,ITC.NS
2020-01-13,169.61192321777344,170.49808772805977,168.90298711592345,169.0802267584121,12715178,ITC.NS
2020-01-14,172.44761657714844,172.8375392323802,168.93841378651592,170.32083109217734,12299570,ITC.NS
2020-01-15,171.84503173828125,172.2703865844812,170.92341272043922,171.9513732583438,5687654,ITC.NS
2020-01-16,170.67527770996094,172.90841581736342,170.21447945815152,171.9159099918512,9730522,ITC.NS
2020-01-17,170.108154296875,171.63235660857052,169.71824286137505,170.67529411794737,7677106,ITC.NS
2020-01-20,171.49057006835938,172.44762131608647,170.17903958466198,170.17903958466198,8329721,ITC.NS
2020-01-21,169.04476928710938,171.17155494795975,168.72574469755102,171.17155494795975,9939680,ITC.NS
2020-01-22,168.7611846923828,169.8600321664133,168.0877033291002,169.8600321664133,7949731,ITC.NS
2020-01-23,168.65487670898438,169.257471329695,167.94595177348953,168.79667293013668,6356150,ITC.NS
2020-01-24,168.8320770263672,169.5055583666629,168.0167994979612,168.30038064013107,7063834,ITC.NS
2020-01-27,166.31536865234375,168.3003804753357,166.10268560443726,168.01679933344346,7100949,ITC.NS
2020-01-28,163.5859832763672,167.23698248173855,163.40875488610786,166.42171615887412,15144538,ITC.NS
2020-01-29,167.76869201660156,168.47762810122433,163.86957725333227,164.11770375954504,21258057,ITC.NS
2020-01-30,165.9254608154297,168.0168029736344,165.18108136568026,167.981359542899,10794458,ITC.NS
2020-01-31,166.70530700683594,169.00933253973412,165.92548401730602,167.13066193729247,19166671,ITC.NS
2020-02-03,147.17420959472656,153.767283004754,145.33099395093242,152.42030908501926,82836335,ITC.NS
2020-02-04,152.88111877441406,154.26352489169392,148.2730571919617,149.44279149414893,37145337,ITC.NS
2020-02-05,153.44827270507812,154.19265221148524,149.93905824174507,153.34193117072684,22072147,ITC.NS
2020-02-06,151.39234924316406,155.89405775015317,150.15171693389738,154.54709515784933,28443398,ITC.NS
2020-02-07,151.2860107421875,152.916554490581,150.82520123697296,151.56958063737326,17793265,ITC.NS
2020-02-10,149.26553344726562,151.74679774736072,148.91106551381654,151.71134309018183,9987781,ITC.NS
2020-02-11,150.71885681152344,153.80271587286725,150.1517170320878,153.48369132139723,30951617,ITC.NS
2020-02-12,151.03787231445312,152.27850455020598,150.15170803663673,151.2859987616037,10310789,ITC.NS
2020-02-13,150.22262573242188,151.3214732574321,149.72638397027868,151.03790332647839,9505645,ITC.NS
2020-02-14,147.2451171875,150.93155994694317,146.60707923363583,150.47075038924348,14260540,ITC.NS
2020-02-17,145.18923950195312,147.9186201109765,144.622088330356,147.4578217202353,16161290,ITC.NS
2020-02-18,144.51573181152344,145.04743949045167,142.14080829248383,145.01198482248847,21741128,ITC.NS
2020-02-19,146.5362091064453,146.85523376130047,144.51575332785686,145.50825949755696,9403278,ITC.NS
2020-02-20,147.06787109375,147.84770521113435,145.6500102845938,146.74885774786407,16193373,ITC.NS
2020-02-24,143.91311645507812,147.06786246830336,143.06240675990864,146.74884914112738,17233132,ITC.NS
2020-02-25,143.06240844726562,145.6145600309762,142.8497254039396,144.48026918998812,15903285,ITC.NS
2020-02-26,140.79383850097656,143.1687619025744,139.16329457901617,142.24714279404154,18557438,ITC.NS
2020-02-27,140.04942321777344,141.18371386332802,138.87968914912142,140.65201758067244,17936226,ITC.NS
2020-02-28,140.04942321777344,141.7154101459836,136.1502984215515,138.241651363125,33885063,ITC.NS
2020-03-02,138.45433044433594,144.23212548044174,137.28459631393724,141.4318477588589,19274852,ITC.NS
2020-03-03,137.42640686035156,139.97855861470816,136.5047990010675,139.6595452624392,18638624,ITC.NS
2020-03-04,132.92471313476562,138.63161180634808,132.25122045315138,138.20624564237013,28729502,ITC.NS
2020-03-05,133.31460571289062,135.54773282070403,132.2512016878858,132.96013770455568,20797182,ITC.NS
2020-03-06,128.8483123779297,131.04600700516488,127.43045176187277,131.04600700516488,27795285,ITC.NS
2020-03-09,125.62271118164062,126.89878717870586,123.70859718604277,126.89878717870586,22633662,ITC.NS
2020-03-11,124.52385711669922,125.3036800483416,122.18437708772043,123.35412271923568,29032759,ITC.NS
2020-03-12,110.4515609741211,119.91578838661823,106.72966369140778,119.8094580934416,54043896,ITC.NS
2020-03-13,115.024169921875,116.26480237010445,95.42221094200336,106.33975401832006,63962722,ITC.NS
2020-03-16,104.39019775390625,112.08209653755651,102.97232566592245,112.01120967358813,34535653,ITC.NS
2020-03-17,105.73715209960938,110.45155507247983,103.53946851251781,104.92188582451023,49492914,ITC.NS
2020-03-18,106.83599853515625,109.63627656274977,104.4610753558129,107.82850441512365,52178352,ITC.NS
2020-03-19,114.74059295654297,115.94577066508508,102.61786160787219,106.83600043884542,93204936,ITC.NS
2020-03-20,124.41753387451172,125.1264700442561,117.04464713900485,117.04464713900485,64384067,ITC.NS
2020-03-23,109.38814544677734,114.84691632070037,105.77259007103618,112.01119498470526,53330913,ITC.NS
2020-03-24,106.12705993652344,116.05210725735742,104.49651620737106,115.52041090164579,54576761,ITC.NS
2020-03-25,104.46107482910156,107.75760578005708,98.54149424203672,107.04868103654799,64913270,ITC.NS
2020-03-26,110.87690734863281,113.00370402798283,101.55445437507449,106.33974409509949,60694283,ITC.NS
2020-03-27,115.6976318359375,117.68264341927397,109.88439325678007,114.84691098107194,33893412,ITC.NS
2020-03-30,112.86192321777344,116.90283368645207,110.6287849374877,110.6287849374877,29203338,ITC.NS
2020-03-31,121.72355651855469,123.24775867032807,114.52790058086312,116.26478576024893,44272500,ITC.NS
2020-04-01,117.96623229980469,122.46795251332514,116.65471299752843,121.72357304963825,18840671,ITC.NS
2020-04-03,126.11892700195312,129.55724249275988,118.39156396118878,119.02960177150293,65288649,ITC.NS
2020-04-07,128.70655822753906,131.64862167558485,123.10600127568155,131.64862167558485,37509626,ITC.NS
2020-04-08,126.650634765625,130.44341854627467,125.2327740848508,128.21028039107162,39007671,ITC.NS
2020-04-09,131.32960510253906,132.03852994588124,127.6077075472981,130.44344062282244,44268652,ITC.NS
2020-04-13,128.7419891357422,132.32210146105575,128.3520776918448,130.797899116534,18427550,ITC.NS
2020-04-15,134.2362060546875,137.35550862625428,129.5218143857226,130.47886559735142,50983406,ITC.NS
2020-04-16,132.10943603515625,135.54775262690416,131.4713980205438,134.44891624477034,28122965,ITC.NS
2020-04-17,133.35006713867188,135.68953608809468,132.53478948607733,135.01605464520978,27694463,ITC.NS
2020-04-20,128.10394287109375,134.66156136258832,127.25323317651578,134.66156136258832,37141676,ITC.NS
2020-04-21,127.32413482666016,130.65612083671286,124.80742641119386,126.18984386805636,24232310,ITC.NS
2020-04-22,129.20278930664062,130.1243970859263,124.7719675526996,126.89876424140134,26132520,ITC.NS
2020-04-23,127.99758911132812,130.443410143003,127.35955128438016,129.69903080588887,34237726,ITC.NS
2020-04-24,127.6431655883789,129.59272300165796,127.11145789925537,128.31664701586584,18744844,ITC.NS
2020-04-27,127.50132751464844,129.23820112891093,127.11140496033406,127.78489734137935,13589672,ITC.NS
2020-04-28,127.21778869628906,128.17485122185602,126.22528273912368,127.60770014602528,18488267,ITC.NS
2020-04-29,129.13189697265625,129.66360459407437,127.35956819206447,127.96216267363786,22287597,ITC.NS
2020-04-30,129.06101989746094,131.08147530988154,127.92672894252216,131.08147530988154,31326446,ITC.NS
2020-05-04,123.38957977294922,128.84835213107712,120.97921261177518,128.84835213107712,31461042,ITC.NS
2020-05-05,123.28321838378906,125.79992668483521,121.93625565509613,124.06304127599046,18389548,ITC.NS
2020-05-06,116.19389343261719,121.5108795140877,113.78352685837923,121.5108795140877,68112675,ITC.NS
2020-05-07,114.13801574707031,117.57633224532955,113.78354769657867,116.26481281596794,25183509,ITC.NS
2020-05-08,112.18840789794922,116.37110247097154,111.37314177724542,116.22931754711212,26281664,ITC.NS
2020-05-11,112.33021545410156,115.91032763055442,112.01120211965512,113.42906287796835,18792383,ITC.NS
2020-05-12,117.00914764404297,117.61174203408481,111.65671868520127,112.33019992463096,22211224,ITC.NS
2020-05-13,117.25728607177734,123.0705250821021,116.61924819181732,122.92874013478323,20785966,ITC.NS
2020-05-14,116.12297821044922,119.27772371876463,114.81145921476416,116.61923107023244,15525762,ITC.NS
2020-05-15,116.72557067871094,117.32816503210077,114.24431765412376,114.98868569766607,15526021,ITC.NS
2020-05-18,116.79647827148438,118.60425024485744,115.66218755143576,117.68264254545834,21602419,ITC.NS
2020-05-19,121.0500717163086,121.68812083977008,117.04461600158045,118.03712188156453,20917906,ITC.NS
2020-05-20,124.59476470947266,125.48092924186331,121.22733499276715,121.90081644248724,26295911,ITC.NS
2020-05-21,133.95266723632812,135.0160602146487,122.39707328604361,124.48842703987434,60630670,ITC.NS
2020-05-22,132.10943603515625,136.04400566427523,130.86880344172852,133.27917052293702,40516307,ITC.NS
2020-05-26,135.9022216796875,138.20624723628083,133.13738651815444,134.69704374730668,55283582,ITC.NS
2020-05-27,136.22122192382812,137.46184307020366,132.4993247825497,136.46934839991334,25491463,ITC.NS
2020-05-28,135.15782165527344,136.75292207898326,133.98808733604673,136.32755597450014,25524647,ITC.NS
2020-05-29,139.9076690673828,140.36846737115866,133.98808810767696,135.01603747601285,37214719,ITC.NS
2020-06-01,142.17625427246094,145.50822894185995,141.07740678189265,142.49526762627193,29606349,ITC.NS
2020-06-02,139.83677673339844,143.13330802770324,139.44686527534475,143.13330802770324,23502975,ITC.NS
2020-06-03,139.44683837890625,142.4243557396157,138.66701561321074,141.78631791004216,19710133,ITC.NS
2020-06-04,141.89266967773438,143.55865684015956,138.24167079801106,140.1912278531788,22843181,ITC.NS
2020-06-05,141.78634643554688,143.2042073160705,140.8292838816138,143.06242235142327,15193091,ITC.NS
2020-06-08,140.12033081054688,144.37392416968675,139.65953253990767,143.84222780830683,20304292,ITC.NS
2020-06-09,140.722900390625,146.18167045514676,140.12030604500973,140.5456720461726,41451482,ITC.NS
2020-06-10,141.1128692626953,144.01948944136535,140.58117277853492,141.39645045709327,28247205,ITC.NS
2020-06-11,137.70997619628906,142.67250595763366,137.24917788562934,141.78634153368657,20611505,ITC.NS
2020-06-12,137.46185302734375,138.38347213901875,133.17281576379165,133.95264991229774,23431727,ITC.NS
2020-06-15,132.7120361328125,137.49732705842902,132.07399809166716,137.46187238710488,25404661,ITC.NS
2020-06-16,131.15232849121094,135.37047786462097,128.95464524535143,135.26413635958684,28700454,ITC.NS
2020-06-17,128.4584197998047,131.15235648819663,128.10395178537257,130.44343169338353,24952658,ITC.NS
2020-06-18,132.28663635253906,132.92468546569222,128.10394109307495,128.45840907792112,30000032,ITC.NS
2020-06-19,130.47886657714844,133.24370118092733,130.15985324889337,132.64110671927287,31707306,ITC.NS
2020-06-22,131.15232849121094,132.92466818503144,129.84080947523734,132.21573230750326,32605144,ITC.NS
2020-06-23,131.7549591064453,132.92470474954166,130.97513616708227,131.43594573763852,27569189,ITC.NS
2020-06-24,136.00856018066406,138.0290157355246,131.9676490709429,132.8538135908984,56757828,ITC.NS
2020-06-25,143.2751007080078,144.26760673980164,135.86677137192177,136.29212628523968,78484846,ITC.NS
2020-06-26,138.38345336914062,148.45027426111344,137.03647955065804,146.03990774607345,74727243,ITC.NS
2020-06-29,139.83677673339844,143.91313094381061,139.09239724964556,143.55867415216287,95027403,ITC.NS
2020-06-30,137.99356079101562,141.36097894555812,137.5327512348134,141.36097894555812,42797633,ITC.NS
2020-07-01,143.84225463867188,144.51573607310513,137.9935711044588,137.9935711044588,46004000,ITC.NS
2020-07-02,145.93360900878906,146.57164701145228,143.59412884298897,144.94110295263462,40835235,ITC.NS
2020-07-03,147.13876342773438,147.81224475804927,146.0399160074938,147.45778799517862,39352660,ITC.NS
2020-07-06,149.22320556640625,150.82895991070768,148.5883694259526,149.6339791078467,36046969,ITC.NS
2020-07-07,145.07809448242188,149.74598600253603,144.89138355566718,149.37256414902663,32467210,ITC.NS
2020-07-08,146.60916137695312,147.84148183329327,145.0780868842775,145.0780868842775,22093693,ITC.NS
2020-07-09,145.97434997558594,147.13199099469085,145.00343174011545,147.05729951421188,19492371,ITC.NS
2020-07-10,145.1527862548828,146.75854046772344,144.89138385580995,145.75027068983528,16815128,ITC.NS
2020-07-13,147.54273986816406,148.43897830835644,145.71292317134913,146.31041940985207,21079233,ITC.NS
2020-07-14,146.3104248046875,148.99912838927986,143.95780325060693,147.43071401989283,19185879,ITC.NS
2020-07-15,148.4016571044922,149.3725872118755,145.26483967292154,146.6465315155611,24692471,ITC.NS
2020-07-16,144.77935791015625,148.51367127183926,143.39766622697857,148.40163997736875,22997164,ITC.NS
2020-07-17,144.92874145507812,145.93701135666782,144.1445341616475,144.36859676980657,15455455,ITC.NS
2020-07-20,143.9204864501953,145.89967463736681,143.65908401349103,145.63827220066253,19643434,ITC.NS
2020-07-21,143.58438110351562,145.040764301371,143.0242364509079,143.472349805969,29089491,ITC.NS
2020-07-22,146.79586791992188,147.80413761287255,143.77108251131725,144.14450433414282,33826583,ITC.NS
2020-07-23,149.89540100097656,150.49288556246242,146.98263417591494,147.6174585637119,32700809,ITC.NS
2020-07-24,149.07379150390625,150.642205699475,147.35600621853902,150.11940096761876,62500933,ITC.NS
2020-07-27,146.683837890625,149.74597497573924,145.75025965534778,149.74597497573924,23517850,ITC.NS
2020-07-28,145.93702697753906,148.36432876361442,145.6756245184154,147.1320079570861,20029937,ITC.NS
2020-07-29,146.90792846679688,148.02822966382334,144.44328713656557,144.48062695926197,15402845,ITC.NS
2020-07-30,144.4059295654297,148.1775947219747,143.77110526508227,148.1775947219747,16943579,ITC.NS
2020-07-31,145.00341796875,147.09463720204022,144.51795297955763,144.51795297955763,17294202,ITC.NS
2020-08-03,143.84579467773438,144.89140442244513,143.322989805379,144.89140442244513,13776301,ITC.NS
2020-08-04,144.6300048828125,146.23575935574107,143.8457975585739,143.8457975585739,17849565,ITC.NS
2020-08-05,143.9951629638672,145.33951494190913,143.17361584785556,145.26483529597687,50646546,ITC.NS
2020-08-06,145.89964294433594,146.086353857798,144.21919738268207,145.04074433811326,18574935,ITC.NS
2020-08-07,146.42245483398438,147.13198243431208,145.0034233035797,146.01168130306456,21717194,ITC.NS
2020-08-10,148.513671875,149.11116816956095,146.68385500650882,146.68385500650882,17108987,ITC.NS
2020-08-11,151.65049743652344,155.1234083267358,149.37256727386398,149.37256727386398,57266693,ITC.NS
2020-08-12,152.5093994140625,153.03220427391895,149.67132434278903,151.23973892235836,22106836,ITC.NS
2020-08-13,150.45553588867188,152.50940372826065,147.20667533407055,151.98659885361508,23573090,ITC.NS
2020-08-14,146.683837890625,151.87453382557626,146.01166203463035,150.5675337642872,29858596,ITC.NS
2020-08-17,148.43898010253906,148.99912469625824,147.01993687467615,147.91617532570137,12192938,ITC.NS
2020-08-18,148.2896270751953,149.2978850997635,147.3186970369344,149.2978850997635,12969115,ITC.NS
2020-08-19,148.21493530273438,150.6422367233129,147.95353288297204,148.32696660193616,16070316,ITC.NS
2020-08-20,146.23573303222656,147.28134260966056,145.30215474310685,147.13197150361634,17561721,ITC.NS
2020-08-21,146.9826202392578,148.7750855888839,146.60918650617393,147.87884699650783,17897538,ITC.NS
2020-08-24,146.90792846679688,148.62571416746994,146.64652603767,147.31870202183543,15304895,ITC.NS
2020-08-25,145.93702697753906,148.10292630449078,145.71296434539667,147.31871892711982,15784633,ITC.NS
2020-08-26,145.6009063720703,146.79588713283502,144.6299882024256,146.7585473126901,23502769,ITC.NS
2020-08-27,145.07809448242188,148.5510171351065,144.8166920838905,148.25226308312443,49030500,ITC.NS
2020-08-28,146.04904174804688,146.60918642981792,144.92874054937872,145.33951410501922,35979788,ITC.NS
2020-08-31,142.72549438476562,148.6257068248524,141.90394731527576,148.6257068248524,100730476,ITC.NS
2020-09-01,142.05332946777344,143.65908391062814,140.59694615505327,142.72550547094224,41311165,ITC.NS
2020-09-02,142.91220092773438,144.14452149405923,141.64254054170652,142.87486110803138,21378178,ITC.NS
2020-09-03,143.0989227294922,144.33125522453568,141.90395372723958,142.9495516042106,16295787,ITC.NS
2020-09-04,139.43930053710938,141.90395369144875,138.69243307576386,141.90395369144875,42983034,ITC.NS
2020-09-07,141.2317657470703,142.2773754579553,135.0328107970036,139.85007396347285,33918419,ITC.NS
2020-09-08,140.52224731445312,142.31472445246388,137.8708832643596,141.60519682756865,26574542,ITC.NS
2020-09-09,137.27340698242188,139.10321221650432,136.15310574540302,138.54306751555814,28901363,ITC.NS
2020-09-10,138.09495544433594,138.69243997503347,136.8252830639138,137.4974590785118,18469229,ITC.NS
2020-09-11,137.3854217529297,139.2899182409583,136.4891832382177,138.0949374997173,19997552,ITC.NS
2020-09-14,136.93728637695312,138.8044429063542,136.675883989432,138.76710308960097,32185628,ITC.NS
2020-09-15,135.77964782714844,137.57212475321688,135.0327923038902,137.42275364856525,31956903,ITC.NS
2020-09-16,134.9207763671875,137.0493355621172,134.47266300224862,135.81701493219097,52591750,ITC.NS
2020-09-17,133.38970947265625,135.55560842392052,132.79221316895814,135.03280359635667,35240133,ITC.NS
2020-09-18,133.76315307617188,134.32330965035624,132.1947501738375,134.0992470206825,30929813,ITC.NS
2020-09-21,131.26116943359375,134.88345209776517,130.7383645299889,134.43532684603124,24811451,ITC.NS
2020-09-22,130.10350036621094,132.0079967715983,129.76740649960607,131.26114123768392,19242719,ITC.NS
2020-09-23,128.83384704589844,132.6055124254329,128.23636253139372,130.66366408304006,64164525,ITC.NS
2020-09-24,124.39002990722656,128.27371514410285,124.09128762018857,128.23637531700496,32698988,ITC.NS
2020-09-25,127.52681732177734,127.86291119126585,124.72608241653826,126.14512569583759,27650738,ITC.NS
2020-09-28,129.4313201904297,130.55160937183805,127.34010109433498,127.7135347665125,24087933,ITC.NS
2020-09-29,126.5185775756836,130.51429375510753,126.21983531659848,130.51429375510753,26602326,ITC.NS
2020-09-30,128.23635864257812,128.535100890771,125.99576811087968,126.96668633506951,19193371,ITC.NS
2020-10-01,127.60153198242188,130.40226739663913,127.04138726660378,130.32758774659766,20517295,ITC.NS
2020-10-05,126.40650177001953,129.05786501505702,126.0330681600623,127.78819310822688,25234767,ITC.NS
2020-10-06,126.89198303222656,128.16164326788765,125.54763133088015,126.59322900460893,22728054,ITC.NS
2020-10-07,126.59322357177734,127.6388330357568,126.21980176474742,126.96665721393046,16913783,ITC.NS
2020-10-08,124.83810424804688,127.26540528165877,124.65139333589356,127.04135455409953,26484289,ITC.NS
2020-10-09,125.3609390258789,126.14514634794891,124.24064961442265,125.0995365851889,23234939,ITC.NS
2020-10-12,128.6097869873047,130.8503655900958,126.96668102076569,127.34011473293934,68801924,ITC.NS
2020-10-13,127.0787124633789,130.58896332455305,126.59324745348498,129.09524030927417,37058708,ITC.NS
2020-10-14,125.32356262207031,127.71352371504626,124.76341807983727,127.37742988863256,39688050,ITC.NS
2020-10-15,123.26971435546875,125.32359397091818,122.89629245731984,125.24890249021276,28161148,ITC.NS
2020-10-16,123.75517272949219,124.57671979739096,122.33612935349628,123.60580161124926,21006060,ITC.NS
2020-10-19,125.65965270996094,126.14511765657511,124.09125025767649,124.57670336916678,19748904,ITC.NS
2020-10-20,125.06217956542969,125.69701566769392,124.50203493671859,125.47295308215949,16770677,ITC.NS
2020-10-21,125.21156311035156,126.14514152927848,124.4273558182378,125.58499684494755,17113482,ITC.NS
2020-10-22,125.88374328613281,126.29451685731507,124.7261022209138,125.13688762722258,22893091,ITC.NS
2020-10-23,127.52681732177734,127.7135400832014,125.28623886568579,126.18246551407255,20921450,ITC.NS
2020-10-26,125.88374328613281,128.16167375728043,125.65968067089648,128.08699410895267,16699886,ITC.NS
2020-10-27,124.87547302246094,126.44387567094199,124.5393791323487,125.84639120202071,47652264,ITC.NS
2020-10-28,123.60580444335938,125.84639493859146,123.23237072163307,125.84639493859146,17468592,ITC.NS
2020-10-29,122.37348937988281,123.94190398140293,122.0747352878364,123.23237632730978,21816186,ITC.NS
2020-10-30,123.41910552978516,124.576734794308,122.00006198296057,122.48552705203588,16976909,ITC.NS
2020-11-02,124.53937530517578,124.87546918495964,122.82158975712767,124.57671512455454,14924105,ITC.NS
2020-11-03,127.04136657714844,127.5268197287393,124.80077624364297,124.87546771664726,23473408,ITC.NS
2020-11-04,126.81730651855469,128.311029492261,125.62232577256464,127.00402928722117,19533203,ITC.NS
2020-11-05,130.5142822265625,130.70099316321662,127.11605086548023,127.90025810265305,28037401,ITC.NS
2020-11-06,129.91677856445312,132.34409161416744,129.50600505898987,131.8212868190097,35571152,ITC.NS
2020-11-09,129.0579071044922,132.41878701994094,128.3483912987658,129.9167940358912,36645472,ITC.NS
2020-11-10,133.20297241210938,134.09921085396047,128.34837020273704,130.70097983930057,59672371,ITC.NS
2020-11-11,138.39369201660156,138.84181723131684,133.38971785491447,134.13657348756308,65757234,ITC.NS
2020-11-12,140.41021728515625,140.97037379280965,137.31073984006144,138.31900971871173,48153554,ITC.NS
2020-11-13,139.738037109375,141.00770937504433,138.58040797699326,139.81272858652488,29284742,ITC.NS
2020-11-14,140.85833740234375,141.90394706535312,140.44756386832228,141.19441945966793,8066280,ITC.NS
2020-11-17,139.92477416992188,141.45583717411165,139.21524648750005,141.1570949052639,21757459,ITC.NS
2020-11-18,137.4601287841797,140.74632943622686,136.48921043691954,139.51400862988194,27620283,ITC.NS
2020-11-19,140.33554077148438,143.24830733575644,136.45185596416366,136.52653561009947,50871154,ITC.NS
2020-11-20,143.17359924316406,143.39766182522723,138.953821013348,141.00770040030264,47052232,ITC.NS
2020-11-23,142.53878784179688,143.77112042148846,140.89569351571052,143.3976866650706,24073204,ITC.NS
2020-11-24,146.04904174804688,146.72121773319734,142.35206791215623,142.35206791215623,47160760,ITC.NS
2020-11-25,144.77935791015625,147.84149534014134,143.77109993017189,146.38511218227495,43263598,ITC.NS
2020-11-26,145.48886108398438,146.27306824235737,143.8084273175772,145.71292365355498,25155854,ITC.NS
2020-11-27,144.6300048828125,146.1984195312897,144.29392279249686,145.2275012496676,32594141,ITC.NS
2020-12-01,145.1901092529297,146.64649218830937,143.69638650347247,145.63823436235316,16505446,ITC.NS
2020-12-02,146.3477783203125,148.4389976752286,144.5553012060628,145.63826253994836,29520716,ITC.NS
2020-12-03,146.53451538085938,147.28138295077574,145.30219454211232,147.28138295077574,29087754,ITC.NS
2020-12-04,148.02822875976562,148.88711568729363,146.75855644458184,147.01995887211226,23005484,ITC.NS
2020-12-07,151.7251739501953,152.17329911075228,147.5800872257913,148.02821238634826,37068111,ITC.NS
2020-12-08,151.20240783691406,152.88285394868237,149.03650845717584,152.28536936191088,32042241,ITC.NS
2020-12-09,153.4056396484375,155.1981050191727,152.84549495977814,153.10689739250267,41212760,ITC.NS
2020-12-10,158.8577423095703,159.5672581406335,151.72519683446262,154.33922121489508,67739601,ITC.NS
2020-12-11,161.5464324951172,162.77875309667,159.34319370765544,160.1647407753573,62645643,ITC.NS
2020-12-14,161.2476806640625,163.2642083925583,160.57550475456392,162.77874341092746,28029531,ITC.NS
2020-12-15,159.49256896972656,161.62112817095075,158.0361857354613,160.76222942503753,24151252,ITC.NS
2020-12-16,159.82864379882812,160.98628473650103,159.4552100929538,159.64193286345358,20304621,ITC.NS
2020-12-17,159.119140625,160.6502035544947,157.77478864564452,159.97802756481695,23248344,ITC.NS
2020-12-18,160.2020721435547,161.28502156976185,156.6544698091564,159.15646253614784,24690701,ITC.NS
2020-12-21,151.5758056640625,160.35144425516827,148.73773087989687,160.20207314390953,43445980,ITC.NS
2020-12-22,151.91192626953125,154.04048569095517,147.05731104139454,151.68786364565705,42564860,ITC.NS
2020-12-23,155.16075134277344,155.53418504691388,150.8662933329714,151.6131489061271,24608258,ITC.NS
2020-12-24,155.79559326171875,157.32665612008387,153.55500278851008,156.8412029382245,23645158,ITC.NS
2020-12-28,156.46775817871094,156.99056298007105,155.23543764770127,156.09432448700733,16347233,ITC.NS
2020-12-29,157.99884033203125,159.45521167972097,156.91587902368136,157.2146330924289,27568853,ITC.NS
2020-12-30,157.70008850097656,159.45521394231827,156.50510771440608,158.85772946659577,19654130,ITC.NS
2020-12-31,156.09432983398438,157.8121154065636,155.75824778452605,157.25197076738291,18947950,ITC.NS
2021-01-01,159.71661376953125,159.97801618220277,156.31839423992702,156.76650758945306,20279389,ITC.NS
2021-01-04,159.38052368164062,161.3223599334888,158.40960555571652,159.8286370085768,27927482,ITC.NS
2021-01-05,157.9241485595703,159.26850044347174,157.28931243797095,158.67101597734901,18718244,ITC.NS
2021-01-06,153.4056396484375,157.9615004743854,152.733463655021,157.92416065117507,50957586,ITC.NS
2021-01-07,151.46376037597656,155.04870222029766,150.94095561731783,153.928413071814,36298522,ITC.NS
2021-01-08,150.4928436279297,153.85372293760332,149.55926538440232,152.62140249657696,58600546,ITC.NS
2021-01-11,151.2397003173828,153.92840357597672,150.30612213953088,152.3599893967559,44625924,ITC.NS
2021-01-12,154.18984985351562,154.52593193899682,150.56756738541873,151.61316530090303,36989137,ITC.NS
2021-01-13,157.7747802734375,159.08179236043472,153.2935993566258,154.93669350306484,66387977,ITC.NS
2021-01-14,159.940673828125,161.69579921320437,158.03617732890325,158.33491955718802,50164605,ITC.NS
2021-01-15,162.70404052734375,163.18950543961336,157.73740747037604,160.5007903506468,60567280,ITC.NS
2021-01-18,164.1231231689453,165.803557190015,160.27677826241498,163.1148532882028,70211602,ITC.NS
2021-01-19,163.450927734375,165.579486863213,162.44266973578746,165.05669387124652,33009228,ITC.NS
2021-01-20,162.5546875,163.56294541465226,161.09830443650287,163.18952357078066,46392916,ITC.NS
2021-01-21,159.60459899902344,163.9363970104556,158.48429783959654,163.56296329064665,30116008,ITC.NS
2021-01-22,157.364013671875,160.38879968065626,156.20637265307076,159.82865500015055,25663922,ITC.NS
2021-01-25,155.1980743408203,158.70833657711486,154.4885586644451,158.3349029134507,25929487,ITC.NS
2021-01-27,157.32666015625,158.82039506679413,154.67530791082373,155.34748388651823,50338134,ITC.NS
2021-01-28,154.30184936523438,157.58803723557793,153.66701331387293,156.28103715175894,22984352,ITC.NS
2021-01-29,151.7998504638672,155.9449367798206,151.12767462439157,155.7582258714032,24679902,ITC.NS
2021-02-01,161.28501892089844,162.77874183475117,150.71691539911896,152.3600094208445,59968324,ITC.NS
2021-02-02,162.96546936035156,166.92384525764328,162.0692308517879,164.3098212056346,50324035,ITC.NS
2021-02-03,161.8825225830078,165.80354689039115,161.09831535450613,165.43011318608674,55709225,ITC.NS
2021-02-04,171.74111938476562,172.82406889657946,161.32237414102494,161.39706561965468,109894300,ITC.NS
2021-02-05,175.0272979736328,178.38818945700945,169.72458201089154,173.38420388673765,130323308,ITC.NS
2021-02-08,174.09371948242188,177.7906930097986,172.89875057309817,177.3799194884373,43093963,ITC.NS
2021-02-09,171.0315704345703,178.64957955937103,170.43408602053654,175.21400867330394,73377134,ITC.NS
2021-02-10,169.94863891601562,172.60000291092584,166.6250989671229,171.03158840659154,49104142,ITC.NS
2021-02-11,169.12710571289062,171.25566504758524,167.67072238730344,171.0316024328406,45311749,ITC.NS
2021-02-12,162.40533447265625,168.60428926051785,161.17300201128708,168.60428926051785,114826417,ITC.NS
2021-02-15,163.2642059326172,165.0566828876889,162.44265892617787,163.15217464353464,33000365,ITC.NS
2021-02-16,163.00282287597656,165.65418697004534,162.25596725202294,163.60031921026544,30271502,ITC.NS
2021-02-17,162.62936401367188,163.11482897056237,161.7331374034305,162.51733272861065,20615018,ITC.NS
2021-02-18,163.450927734375,164.75793980210452,162.74141196980412,162.96547456287928,24997592,ITC.NS
2021-02-19,161.28501892089844,163.4882693910528,159.82863582523277,163.45091773774112,29208388,ITC.NS
2021-02-22,158.44786071777344,162.2359189757715,157.64433247354873,162.2359189757715,53531490,ITC.NS
2021-02-23,159.5574951171875,161.12629185630135,158.40960452893054,159.17487300557852,27703323,ITC.NS
2021-02-24,159.82533264160156,160.55234130864272,158.02696511971078,160.01665581786065,13667471,ITC.NS
2021-02-25,160.054931640625,161.62372848560557,159.78708886839496,160.32277441285507,26953713,ITC.NS
2021-02-26,155.99903869628906,159.17489234621866,155.3485616247732,158.60093485563613,45101885,ITC.NS
2021-03-01,158.3330841064453,158.98356114524904,156.15208213206262,157.22345322498268,16850430,ITC.NS
2021-03-02,160.6288604736328,161.31759722766054,158.02696472211525,158.40959894695615,26590262,ITC.NS
2021-03-03,160.66712951660156,162.2359140457144,159.78706960250685,162.2359140457144,21648963,ITC.NS
2021-03-04,160.47581481933594,161.70023710560426,158.8687582948497,159.78707804122968,25858155,ITC.NS
2021-03-05,159.5957794189453,160.70541030752366,158.56266810794287,159.1748853621299,17990773,ITC.NS
2021-03-08,159.1748504638672,161.31758006694963,158.94526752804242,160.47579213787654,23874105,ITC.NS
2021-03-09,159.0218048095703,160.51406980529654,156.68775179096565,159.7105415670813,23463213,ITC.NS
2021-03-10,158.0269775390625,160.09318796872793,157.49129200618083,160.0166683935823,20358192,ITC.NS
2021-03-12,157.03213500976562,159.17487709809967,155.73118099135843,159.17487709809967,31973696,ITC.NS
2021-03-15,157.22344970703125,157.64434375172988,154.27719139414097,157.52956438867028,42699297,ITC.NS
2021-03-16,159.06004333496094,159.86357140451926,156.84077013616135,157.9504127989172,50641203,ITC.NS
2021-03-17,161.16456604003906,163.68994253721434,159.59578128749007,162.38898843603275,81604999,ITC.NS
2021-03-18,166.55966186523438,167.66929263672276,162.15938643731684,163.00118658883548,95536034,ITC.NS
2021-03-19,170.61553955078125,173.06438389532923,164.95259458321027,167.59274996569854,139352860,ITC.NS
2021-03-22,172.9496307373047,173.25573329504596,169.50593451921034,170.8834081557618,47823778,ITC.NS
2021-03-23,170.0416259765625,174.55668130388847,169.3528891343167,172.18436820875655,43165463,ITC.NS
2021-03-24,165.25868225097656,170.5007448895768,164.72299684080264,169.12327158533319,28672557,ITC.NS
2021-03-25,161.9298095703125,165.25870176077854,159.97839084670926,164.6464967207125,42248040,ITC.NS
2021-03-26,161.39413452148438,164.11082184735753,160.97324049757452,163.9577705774553,27083832,ITC.NS
2021-03-30,164.18734741210938,164.53172187699596,161.01150616060514,163.19250805807386,28862387,ITC.NS
2021-03-31,167.21014404296875,167.82234912489022,162.7716086921781,163.80471992631433,37890481,ITC.NS
2021-04-01,168.39627075195312,168.81716471829418,166.29180092024785,168.3580109713894,30182056,ITC.NS
2021-04-05,162.6568145751953,168.35803191021654,161.08802998312458,166.52139244074635,32586507,ITC.NS
2021-04-06,162.7333526611328,164.49346050234212,160.82019354591165,163.6134005183798,26663018,ITC.NS
2021-04-07,163.6134033203125,164.68477438345838,162.5803041713615,162.77161523547375,15790468,ITC.NS
2021-04-08,163.19248962402344,165.37349127512854,162.88638710762268,164.4169118163406,14660557,ITC.NS
2021-04-09,163.0777130126953,165.25871486259157,162.65681898260263,163.57513874222084,16994483,ITC.NS
2021-04-12,157.108642578125,161.47064599507968,156.87907174814248,160.70538968394735,35840817,ITC.NS
2021-04-13,159.71054077148438,160.4758092212242,157.64433050924424,158.4095989589841,21027436,ITC.NS
2021-04-15,158.18003845214844,161.04977735595634,157.64435288663367,159.94014643502325,18205903,ITC.NS
2021-04-16,159.13661193847656,160.13146345126276,158.02698106041427,159.17488385361776,13824608,ITC.NS
2021-04-19,157.33822631835938,157.72086053918824,155.92249304067846,156.8790725293934,16400507,ITC.NS
2021-04-20,155.76947021484375,158.4096262051332,154.96594184242596,157.79740891469822,22187707,ITC.NS
2021-04-22,157.5677947998047,157.87389729765914,153.47363447918335,154.58326512894067,24030915,ITC.NS
2021-04-23,157.14691162109375,158.4095936064564,156.30512363085197,156.30512363085197,20381213,ITC.NS
2021-04-26,157.108642578125,158.21828545101707,156.6494887914456,157.49127679704836,20652091,ITC.NS
2021-04-27,157.18519592285156,158.37135852687845,156.9173531453847,157.10866421783987,11885588,ITC.NS
2021-04-28,157.26170349121094,158.02695979029545,157.10864010467986,157.6443255773961,13197445,ITC.NS
2021-04-29,156.34339904785156,158.83050348409924,156.15207585939228,158.48614114761713,13601150,ITC.NS
2021-04-30,155.04244995117188,157.41477510181664,154.58329611236115,156.03730145866874,17130954,ITC.NS
2021-05-03,153.7797393798828,154.46847607417362,153.05274290444072,153.97105041235278,21405441,ITC.NS
2021-05-04,152.7466583251953,154.85114072995088,152.36403618498147,153.9710807033409,18962501,ITC.NS
2021-05-05,154.12413024902344,154.5832840520117,152.6701250161551,154.16239003426043,14396547,ITC.NS
2021-05-06,155.1572265625,157.606071054737,154.65980085645623,154.8128642480963,14872429,ITC.NS
2021-05-07,157.14691162109375,157.98869961133553,155.31027225446243,155.31027225446243,20213092,ITC.NS
2021-05-10,157.29998779296875,158.75398105122156,156.87909373118862,158.5244101890699,16922951,ITC.NS
2021-05-11,156.1138153076172,158.02697442254558,155.92250424681046,156.0372957339806,14277000,ITC.NS
2021-05-12,155.5398406982422,157.0703652765251,155.23373820792818,156.03726634003718,17174525,ITC.NS
2021-05-14,162.42726135253906,163.15427016707415,156.11383778942806,156.87910639629118,64021335,ITC.NS
2021-05-17,162.69503784179688,166.06220136221813,161.9680414502846,165.90915012856883,39465392,ITC.NS
2021-05-18,160.74366760253906,164.22562362283887,160.43756504355238,163.84298936074762,31653409,ITC.NS
2021-05-19,158.9835662841797,161.77678559911055,158.8305149983462,160.74367426133918,25345241,ITC.NS
2021-05-20,158.4095916748047,160.16969932689932,158.25654041723743,159.51922238720292,21688686,ITC.NS
2021-05-21,159.9783935546875,160.5905986051164,158.71569941642764,158.86875067903486,23509878,ITC.NS
2021-05-24,161.85328674316406,162.2741807629443,158.98354817554517,160.32276193244363,29977506,ITC.NS
2021-05-25,161.39413452148438,163.30729358533463,160.8967087992659,163.0011910455302,26310600,ITC.NS
2021-05-26,161.16456604003906,162.58031163564445,160.93499517790755,162.08288586871336,18253046,ITC.NS
2021-05-27,161.58543395996094,163.88122709686766,160.93496914132055,161.47064248410848,49385674,ITC.NS
2021-05-28,162.92466735839844,163.3838211906822,161.89156820408112,162.61856480354263,26583388,ITC.NS
2021-05-31,165.75613403320312,166.75097332617355,164.07254585273623,164.53171177773388,75852502,ITC.NS
2021-06-01,164.72303771972656,167.89889119010536,163.95778132007536,166.8275201038779,40247686,ITC.NS
2021-06-02,159.9401397705078,162.5803076981655,159.63403721060183,161.088042560229,100377464,ITC.NS
2021-06-03,159.9783935546875,161.27933535020617,159.71053868673184,161.27933535020617,48454441,ITC.NS
2021-06-04,159.74884033203125,160.47583699641262,159.17489495874509,160.32278570531744,31286264,ITC.NS
2021-06-07,161.81503295898438,162.54202954252787,160.85845340096802,161.0115046750448,32643869,ITC.NS
2021-06-08,163.4986114501953,163.95777740573968,161.62372422077416,162.3889806021556,22080199,ITC.NS
2021-06-09,162.61854553222656,164.34038129427896,161.85327710906049,163.76643604026148,25846432,ITC.NS
2021-06-10,164.80078125,166.45430342331935,163.38348009496656,164.32833921342825,31902690,ITC.NS
2021-06-11,163.69839477539062,165.7062355283052,163.58028429392425,165.58813752417683,22249404,ITC.NS
2021-06-14,163.2259979248047,164.13149100132011,161.57247580872559,163.7377934769193,18358717,ITC.NS
2021-06-15,163.0291290283203,164.09211100586631,162.9897630224377,163.42282651916474,15426377,ITC.NS
2021-06-16,163.6590576171875,164.84013768532822,163.02913909746297,163.02913909746297,20878518,ITC.NS
2021-06-17,161.9268035888672,163.77718080571756,161.41500800912107,162.95041970304175,22304032,ITC.NS
2021-06-18,161.0606689453125,162.5567145579304,159.4465253041258,162.20238304020225,24475206,ITC.NS
2021-06-21,160.98191833496094,162.202364307951,159.36776240284755,159.91893638187756,19809308,ITC.NS
2021-06-22,161.49371337890625,162.39921883220507,160.90317339655522,162.28110834026705,18737552,ITC.NS
2021-06-23,160.5882568359375,162.08430261099838,160.31266978467212,161.92681360112508,13059519,ITC.NS
2021-06-24,160.0370635986328,161.13941167189247,159.485889562003,160.9819351581897,23299321,ITC.NS
2021-06-25,161.45437622070312,161.88743978362425,160.43077256992058,160.6276151067606,14411660,ITC.NS
2021-06-28,160.31265258789062,162.12365123374792,160.11579758533665,162.12365123374792,15190488,ITC.NS
2021-06-29,160.07643127441406,161.65120890517827,159.95832076857215,160.3126522860979,13839294,ITC.NS
2021-06-30,159.60398864746094,160.94254515683505,159.4858781512992,160.86381314428692,16556397,ITC.NS
2021-07-01,159.8402099609375,160.4701284984582,159.17093789133125,159.76147794208526,10583793,ITC.NS
2021-07-02,159.36778259277344,160.3913861932189,159.24967208554114,160.07643315882655,13187847,ITC.NS
2021-07-05,160.3520050048828,160.7063364930399,159.6039884996705,159.84019701443572,10642939,ITC.NS
2021-07-06,159.44650268554688,160.4701061293221,159.24964771117627,160.03704265398108,11515716,ITC.NS
2021-07-07,160.4307403564453,161.57245429101948,159.28902642187114,159.44650291519116,18568033,ITC.NS
2021-07-08,159.0528106689453,161.0212856161284,158.89533417045138,160.23389064631948,21730892,ITC.NS
2021-07-09,158.541015625,159.32841065904657,158.18669659381723,159.05282364486428,12289809,ITC.NS
2021-07-12,158.34417724609375,159.4858913411806,158.226066740164,159.0528278043318,13589278,ITC.NS
2021-07-13,158.93472290039062,159.21030993149353,158.54102535919486,159.05283341048343,11247522,ITC.NS
2021-07-14,160.70635986328125,161.53312097853757,158.81661660631212,158.93472711954036,21269167,ITC.NS
2021-07-15,162.3992156982422,164.17083561110678,159.76145635365975,160.94253629556948,29963443,ITC.NS
2021-07-16,163.69839477539062,165.07632959693515,163.14722084677283,163.5409182925481,30137464,ITC.NS
2021-07-19,163.58030700683594,164.95824201970493,162.47795899654074,162.83229049013835,17099088,ITC.NS
2021-07-20,162.83229064941406,164.80076567619818,162.51733763969014,163.93463866078753,24567907,ITC.NS
2021-07-22,162.98977661132812,163.97401418182798,162.08428353649808,162.98977661132812,19016769,ITC.NS
2021-07-23,167.2416534423828,168.18652485411891,162.5960533442431,162.98975080557804,46241640,ITC.NS
2021-07-26,166.25743103027344,169.56447503109806,165.9818440302047,168.5014930373074,49084040,ITC.NS
2021-07-27,164.2889862060547,167.71414133293217,163.73781210465697,166.92674619455204,25378089,ITC.NS
2021-07-28,164.64328002929688,165.3519305004968,163.34407710098114,164.01336156748636,15304399,ITC.NS
2021-07-29,162.2417449951172,165.50941043138877,161.926779519006,164.6432834460965,16204679,ITC.NS
2021-07-30,161.37562561035156,163.06852626338937,161.1000510601445,162.28113119115508,15515733,ITC.NS
2021-08-02,163.2259979248047,163.38347443909691,161.76931833225575,162.55671338105736,10046707,ITC.NS
2021-08-03,165.27320861816406,166.06060368378436,162.5567168532533,163.3834779289524,19179805,ITC.NS
2021-08-04,164.2495880126953,166.21806299564176,163.85589052063813,166.06058649428675,11421835,ITC.NS
2021-08-05,169.48573303222656,170.66682554017152,162.91102341775309,164.2495924312894,48995450,ITC.NS
2021-08-06,168.69834899902344,170.07627152998805,167.39914600414244,169.6038420174293,24489836,ITC.NS
2021-08-09,168.34405517578125,170.9818152851485,167.47792797027978,169.28892688966585,21142199,ITC.NS
2021-08-10,165.23387145996094,168.8558694305147,164.21026767779327,168.50153784591268,18855165,ITC.NS
2021-08-11,164.2889862060547,165.82439799175663,163.3441145354669,165.23385787664247,16012451,ITC.NS
2021-08-12,164.48583984375,168.65899910545414,164.05277626449146,165.548809546533,28758718,ITC.NS
2021-08-13,166.49365234375,167.1629368419656,164.7220198431415,165.2338278377781,19576945,ITC.NS
2021-08-16,166.0605926513672,167.91095720756906,165.7456396369796,166.4542901580216,11621038,ITC.NS
2021-08-17,164.72201538085938,166.53301383896817,164.40706238223333,165.9818398527029,8161139,ITC.NS
2021-08-18,164.5251922607422,166.53303346022534,164.0527627071405,165.03700030181625,11149120,ITC.NS
2021-08-20,164.48583984375,165.90314109902187,162.7535730493741,162.98979408436665,20168965,ITC.NS
2021-08-23,162.4385986328125,165.50942177464665,162.20237762887444,164.9582477503513,10319044,ITC.NS
2021-08-24,162.00555419921875,162.9897918618109,161.1787930653604,162.9897918618109,12971124,ITC.NS
2021-08-25,162.51734924316406,163.69842935262582,162.20238373361238,162.51734924316406,10994627,ITC.NS
2021-08-26,161.1000518798828,162.87167208541337,160.90319687215214,162.51735303524362,15407558,ITC.NS
2021-08-27,162.12364196777344,162.871658493641,161.33624695724134,161.41499144923048,10879860,ITC.NS
2021-08-30,163.77716064453125,163.93463714793995,162.2023706557649,162.2023706557649,12550267,ITC.NS
2021-08-31,166.37551879882812,166.61173976014294,163.18658573042973,163.81650413482328,26802390,ITC.NS
2021-09-01,164.958251953125,167.1629481064773,164.80077543893418,166.13933204822632,16867486,ITC.NS
2021-09-02,165.1551055908203,166.53304077939512,164.5645655035286,164.5645655035286,14872714,ITC.NS
2021-09-03,165.8243865966797,166.33619464919067,165.1551020227825,165.1551020227825,10622796,ITC.NS
2021-09-06,164.80078125,166.29682690357572,164.60393871965573,166.1393379064912,11041632,ITC.NS
2021-09-07,166.7299041748047,168.7771115773067,165.4700794358258,166.0606195528036,38933378,ITC.NS
2021-09-08,166.33621215820312,167.71414746205411,165.11575339231476,167.1235948480163,17897021,ITC.NS
2021-09-09,167.4385223388672,168.42275983540185,165.7850003501275,166.17869784420927,19784972,ITC.NS
2021-09-13,168.61961364746094,169.40700868840878,166.76924902630796,167.98970759657496,16661794,ITC.NS
2021-09-14,170.15501403808594,171.06051952328042,168.65896854973911,169.2101425466385,20377545,ITC.NS
2021-09-15,170.0762939453125,171.02116557229968,169.52513234668973,170.94243354849988,21028598,ITC.NS
2021-09-16,181.69029235839844,183.97373302871077,170.31250492577715,170.82431295965313,154986538,ITC.NS
2021-09-17,182.00526428222656,186.84770786057976,180.39110810454815,183.46193146136088,82563658,ITC.NS
2021-09-20,184.05245971679688,188.46185193671064,181.29658957935078,181.88714209261795,73101936,ITC.NS
2021-09-21,190.1547393798828,190.90275592435293,182.43831549865877,184.99733063051883,58854434,ITC.NS
2021-09-22,191.72952270507812,193.54052134670755,189.52482653660044,191.72952270507812,54648494,ITC.NS
2021-09-23,190.94210815429688,193.38302508510975,190.3122021575318,192.91058311019665,22630330,ITC.NS
2021-09-24,187.75320434570312,192.1232181484446,187.16265182316474,192.1232181484446,25779310,ITC.NS
2021-09-27,187.95004272460938,190.43032583256678,185.4303936084641,188.81616976878303,23772123,ITC.NS
2021-09-28,187.20201110839844,190.23345551890728,186.0602846668238,188.85552056988547,16319138,ITC.NS
2021-09-29,187.47760009765625,190.07598104866133,185.58785715388956,185.8240781411952,16045073,ITC.NS
2021-09-30,185.94219970703125,189.2885973473177,185.23354918025598,188.89491231481816,16987893,ITC.NS
2021-10-01,185.31227111816406,186.6114616003761,183.38316215899692,185.19416062390127,16570661,ITC.NS
2021-10-04,186.2965087890625,187.67444376129035,185.35163731134347,185.82407928887267,11098123,ITC.NS
2021-10-05,184.80047607421875,186.9658061735164,184.64299956328915,186.13904513313076,9578825,ITC.NS
2021-10-06,182.083984375,186.13904508167212,181.57217635661507,184.8792205172433,18179336,ITC.NS
2021-10-07,183.42254638671875,184.9973239124191,182.91073838799676,183.46191239359283,10770973,ITC.NS
2021-10-08,182.43832397460938,184.87922871762098,182.0446264412615,184.8398627074884,10114327,ITC.NS
2021-10-11,187.43826293945312,188.5799771675791,182.43834243963735,182.67455100168073,22000303,ITC.NS
2021-10-12,189.9972381591797,191.33580712872276,187.39885718631047,187.87128668755778,30347455,ITC.NS
2021-10-13,196.21763610839844,197.5561926521574,189.09175244542632,190.98149547787875,52091422,ITC.NS
2021-10-14,202.00497436523438,206.17814594552772,197.12315218426303,199.40659298852884,88696178,ITC.NS
2021-10-18,206.7292938232422,208.89461136276043,202.63486726293698,205.50883531332843,62614961,ITC.NS
2021-10-19,193.6586456298828,206.72932210067893,192.94999502207696,205.82381647677389,61336411,ITC.NS
2021-10-20,194.17042541503906,195.66647101077237,190.82401518718382,193.6586298649954,49663940,ITC.NS
2021-10-21,192.67440795898438,195.5483764021566,191.41458326999376,195.272789361523,23385990,ITC.NS
2021-10-22,186.2965087890625,193.54050265600935,184.01308082213595,192.67437566699164,36905793,ITC.NS
2021-10-25,183.77688598632812,186.3359013118691,181.49345769445102,184.32806005365586,23194065,ITC.NS
2021-10-26,186.37525939941406,188.18625792563452,183.14695984873234,184.32803987667015,19663381,ITC.NS
2021-10-27,187.75320434570312,189.9972540219873,185.98157173276883,189.1705054451144,26909428,ITC.NS
2021-10-28,177.2415313720703,185.78471584012243,176.4935023898005,185.11543134763772,48064941,ITC.NS
2021-10-29,175.74549865722656,179.721814940213,175.03684810701768,177.1627997576443,27668175,ITC.NS
2021-11-01,178.61947631835938,179.17065038405704,175.1943338906735,176.4935245552432,24090945,ITC.NS
2021-11-02,177.63523864746094,180.50921948597573,176.76911153799327,179.52498186570045,14896284,ITC.NS
2021-11-03,175.15493774414062,178.6194455869254,174.56438529153962,177.95017360287585,18530527,ITC.NS
2021-11-04,178.3832550048828,178.97379503947474,176.375401418994,177.04468594762358,7295341,ITC.NS
2021-11-08,180.94227600097656,181.65092656091036,177.71397623298014,180.86353150438808,21051238,ITC.NS
2021-11-09,180.11550903320312,181.8083971196507,179.4068584964888,180.98163608059394,11964518,ITC.NS
2021-11-10,181.76901245117188,183.34378987361262,178.89503211367898,179.0918870898209,13948380,ITC.NS
2021-11-11,181.09974670410156,182.28083925097576,179.95803264292795,181.41469972566526,8448263,ITC.NS
2021-11-12,183.38316345214844,184.20992444047866,180.43045098411454,182.04460695485625,12312123,ITC.NS
2021-11-15,187.47760009765625,188.18625058223392,183.5406377110322,184.20992219017202,40247848,ITC.NS
2021-11-16,185.3910369873047,188.69806882135492,185.03670546365245,188.22563926715938,15241184,ITC.NS
2021-11-17,188.57994079589844,193.10744329840165,185.5484962693945,185.8240832697439,48496295,ITC.NS
2021-11-18,187.0051727294922,191.33582046342798,186.06030118380758,188.9736478378866,21005037,ITC.NS
2021-11-22,181.8083953857422,189.56418520729864,180.74542582947836,187.3201231162149,23443628,ITC.NS
2021-11-23,182.35958862304688,183.2257157534474,180.4304793470285,180.4304793470285,13950744,ITC.NS
2021-11-24,179.2887420654297,183.22569213417566,178.69820205058576,183.02884962167428,14684422,ITC.NS
2021-11-25,182.12335205078125,182.8320025949266,177.75333828232814,178.73757584238228,24825493,ITC.NS
2021-11-26,176.37539672851562,181.13910784159535,175.6667462103829,180.23361480961353,28067913,ITC.NS
2021-11-29,174.40695190429688,176.0998402397219,173.3833481956855,174.80064947756034,22985358,ITC.NS
2021-11-30,174.13133239746094,177.3202659260209,173.2258393773218,174.80061689953843,24408641,ITC.NS
2021-12-01,174.72190856933594,175.82424425017024,173.6982924354063,174.800640593582,13496307,ITC.NS
2021-12-02,177.5171356201172,178.06829719281234,174.24945732994973,174.72189935988953,16517389,ITC.NS
2021-12-03,174.5250244140625,178.10765532995123,174.28881590342212,177.16278385537166,14325920,ITC.NS
2021-12-06,171.5723419189453,174.9581184433389,171.2573888648951,174.52505487468446,13644352,ITC.NS
2021-12-07,173.73765563964844,174.76125920618134,171.729802037902,172.35972056315785,9246755,ITC.NS
2021-12-08,177.12344360351562,177.67461767071597,174.0132542113658,174.0132542113658,10241656,ITC.NS
2021-12-09,185.35166931152344,186.17843043759697,175.58803728057515,175.58803728057515,39714672,ITC.NS
2021-12-10,185.90284729003906,188.1469096857232,184.05248245940055,185.9815917939849,36517117,ITC.NS
2021-12-13,184.72177124023438,187.9894373968941,184.36743968049578,187.3988972746718,22903720,ITC.NS
2021-12-14,179.99740600585938,186.6902266129234,179.1706449324686,185.03670446614183,38953007,ITC.NS
2021-12-15,176.41477966308594,182.83200049545155,175.90297164589242,181.09974640239682,35987634,ITC.NS
2021-12-16,175.50927734375,178.06829252188194,173.85575523701598,177.95019449483559,25131188,ITC.NS
2021-12-17,171.6116943359375,175.46991261309196,170.66683524864052,175.4305466037897,30827201,ITC.NS
2021-12-20,167.2416534423828,170.27311016958936,165.1944466071828,170.27311016958936,38778895,ITC.NS
2021-12-21,167.32040405273438,169.64319794819397,166.17869010719133,168.50148400265093,20142586,ITC.NS
2021-12-22,166.9267120361328,168.65896601328555,166.21806154753946,168.50148951330252,17903428,ITC.NS
2021-12-23,171.09988403320312,172.0053770331392,167.87158456988493,168.4227585619641,23065082,ITC.NS
2021-12-24,171.65106201171875,173.58015855145786,170.43060350415095,171.65106201171875,17220191,ITC.NS
2021-12-27,171.29672241210938,172.00537288808533,169.80068945023746,171.96600688312532,8467106,ITC.NS
2021-12-28,173.2651824951172,173.69824594458393,171.65103917934806,171.65103917934806,12014352,ITC.NS
2021-12-29,170.6668243408203,173.46206036943826,170.31249284772494,173.22583937404133,11923119,ITC.NS
2021-12-30,170.0762939453125,171.57233964826378,169.68260887163072,170.54873599747677,10116360,ITC.NS
2021-12-31,171.69044494628906,172.28098501621568,170.19439928877944,170.78495183604701,7875890,ITC.NS
2022-01-03,172.5172119140625,173.10775200411322,170.90305569209312,171.69045079705498,8064567,ITC.NS
2022-01-04,173.42269897460938,174.5644131026343,172.4778398545935,172.8321589052642,9398805,ITC.NS
2022-01-05,173.65890502929688,174.40692155418895,172.1628595021728,172.95025451167805,11663111,ITC.NS
2022-01-06,172.20225524902344,173.54081192655678,171.808557704805,172.43846379368162,9295303,ITC.NS
2022-01-07,171.96603393554688,173.73766664285645,171.25738334809128,173.06838206655362,9196075,ITC.NS
2022-01-10,175.82421875,176.92656674829976,172.35971072944602,173.14709324441756,16451394,ITC.NS
2022-01-11,174.76124572753906,176.57224419163154,174.17070573382918,175.8635937037118,8329596,ITC.NS
2022-01-12,175.39117431640625,176.09982489559673,174.48568120640655,175.19433178559703,13665682,ITC.NS
2022-01-13,176.3360595703125,177.79273932953672,175.39118789910518,176.29669355657026,11944029,ITC.NS
2022-01-14,175.27305603027344,177.0053100287112,175.03683503872665,176.33602553755497,10976796,ITC.NS
2022-01-17,176.84783935546875,177.63522189101,174.28882427961491,175.2730618070464,12792728,ITC.NS
2022-01-18,173.81634521484375,178.97375275152308,173.46202626874322,176.84780164290817,14948456,ITC.NS
2022-01-19,173.50143432617188,175.11557792910602,172.2022437466385,173.81638734957264,11915686,ITC.NS
2022-01-20,172.24163818359375,174.9187642790387,171.651098047914,173.65893950016212,17997322,ITC.NS
2022-01-21,170.90304565429688,173.61954987272554,170.0762845858482,172.04477223263598,17225050,ITC.NS
2022-01-24,166.7692413330078,171.4542079217043,166.06059081978196,170.90303391393533,18023332,ITC.NS
2022-01-25,168.7377166748047,169.05266968629255,164.997609112032,166.9267181427398,19028606,ITC.NS
2022-01-27,168.97393798828125,169.68258850412488,166.2180679392561,166.33617843812,24041247,ITC.NS
2022-01-28,171.33612060546875,172.635323786618,169.36764530490862,169.36764530490862,15865353,ITC.NS
2022-01-31,173.38330078125,173.81636425020906,170.94239645826812,172.04474437101433,15618203,ITC.NS
2022-02-01,179.32810974121094,180.15487076062183,172.55655755632915,174.01323708081785,44871108,ITC.NS
2022-02-02,182.7926483154297,183.69815391609362,180.3123650130985,181.0997601026027,42714702,ITC.NS
2022-02-03,184.6036376953125,185.19417774387864,182.51705204335036,182.7926390629933,28918394,ITC.NS
2022-02-04,184.4855194091797,187.79256350541536,182.3202018299825,186.80832597353665,58889867,ITC.NS
2022-02-07,181.25721740722656,184.83984846407847,179.91866086979937,184.24930844823294,25101983,ITC.NS
2022-02-08,182.083984375,182.91074541515704,180.35173027791294,181.3359678289561,16825239,ITC.NS
2022-02-09,181.21786499023438,183.46192720060864,180.11551689007288,182.9107531505279,12351873,ITC.NS
2022-02-10,182.87136840820312,183.77686141067338,179.32810345568086,180.07613243407573,20317032,ITC.NS
2022-02-11,183.02882385253906,183.69810826455702,180.94223861350545,182.67449240711613,18793513,ITC.NS
2022-02-14,176.9430389404297,182.22432189577324,176.17705601787924,182.22432189577324,23621214,ITC.NS
2022-02-15,179.805419921875,180.20857355135138,176.21737434048643,178.1928181809996,13371177,ITC.NS
2022-02-16,179.60382080078125,181.17611087246988,178.87814944285026,180.4504395145389,11664158,ITC.NS
2022-02-17,179.52320861816406,180.89391558745996,178.07186581442502,179.84572640187724,14564261,ITC.NS
2022-02-18,178.91848754882812,180.16824717571552,178.59595698273242,179.52321159758395,9004891,ITC.NS
2022-02-21,175.77391052246094,178.43470149865473,175.08855062482428,177.6284070105794,16750193,ITC.NS
2022-02-22,173.2340545654297,174.88698062987757,171.74240017602617,173.35500193319785,26741024,ITC.NS
2022-02-23,174.1209716796875,175.37074401574475,173.395300305177,174.8063315270111,11438476,ITC.NS
2022-02-24,168.114013671875,171.9842651736251,166.90456566752826,169.32347445325067,42933709,ITC.NS
2022-02-25,172.50836181640625,174.56442848327544,169.76693533490447,170.53291820006524,24543858,ITC.NS
2022-02-28,174.0403289794922,174.52410558221368,169.96849465939886,171.90362662434035,20806226,ITC.NS
2022-03-02,173.5968780517578,174.6450671649544,171.29891664169264,172.87119392297308,20039140,ITC.NS
2022-03-03,176.9027099609375,177.54774545797346,174.16127076744968,174.20159506878568,29631546,ITC.NS
2022-03-04,181.8211669921875,183.35313282642218,174.96759393504138,175.53200643513716,69409780,ITC.NS
2022-03-07,181.3777313232422,183.03064478706582,177.46716749221403,178.99913357536147,47001716,ITC.NS
2022-03-08,182.94998168945312,184.19974120325904,180.41012558205549,180.531072936269,37424203,ITC.NS
2022-03-09,184.84478759765625,186.5783365104748,182.3049315163985,183.59501531968408,43923809,ITC.NS
2022-03-10,187.0621337890625,187.4652874177732,183.71598294712075,186.25583930867114,37523806,ITC.NS
2022-03-11,190.56956481933594,191.17428890090787,185.57048770941546,186.98151908443702,43305144,ITC.NS
2022-03-14,192.70623779296875,193.06906707488895,189.72291660182765,190.48889946801484,36465969,ITC.NS
2022-03-15,191.77899169921875,194.6413656631645,190.20670159540308,192.70624626148398,34269168,ITC.NS
2022-03-16,195.6089324951172,195.9314502671168,192.78687004754755,193.51254142306126,22462538,ITC.NS
2022-03-17,197.4634246826172,197.86657827762363,195.68955141999467,197.7456309214188,35541798,ITC.NS
2022-03-21,197.14089965820312,199.76139171057582,196.5764999418318,198.2697246450044,29052540,ITC.NS
2022-03-22,201.37400817871094,202.18031545063138,196.37493120227074,197.1812384741912,38368305,ITC.NS
2022-03-23,203.18817138671875,204.55887826971855,200.36610901432374,202.74469349074622,42051087,ITC.NS
2022-03-24,205.48614501953125,206.81654045540617,202.74470553659432,203.1478591533221,39712133,ITC.NS
2022-03-25,204.2766876220703,206.21181990425967,200.9708483522742,205.84897780996297,30412482,ITC.NS
2022-03-28,207.25999450683594,208.0259773936977,203.63163770455793,204.80077418656813,25876007,ITC.NS
2022-03-29,205.28456115722656,207.62283423882658,204.5992012887139,207.26000492886845,18820674,ITC.NS
2022-03-30,200.93052673339844,206.73589773439286,200.48706160287966,205.68770858744202,18281803,ITC.NS
2022-03-31,202.0996551513672,205.08297636394835,201.1724134002152,201.25303645143083,26644916,ITC.NS
2022-04-01,204.23638916015625,205.8893025122951,200.60803187019116,201.5755852961614,14856664,ITC.NS
2022-04-04,205.96990966796875,207.94535333067904,202.4625002389773,204.075101834708,16520039,ITC.NS
2022-04-05,209.19509887695312,211.13023088411003,205.68768968239485,206.45367251433757,28230046,ITC.NS
2022-04-06,209.31607055664062,212.33970348940832,207.46157415796623,207.62283304780362,20352716,ITC.NS
2022-04-07,206.9375,211.41247602194014,206.2521400889204,208.02600077450953,16679649,ITC.NS
2022-04-08,215.92774963378906,216.77435556386058,206.41337344891176,208.0259750341858,39283623,ITC.NS
2022-04-11,215.6858673095703,220.24146609129272,214.47641924542074,216.6937449553715,47924937,ITC.NS
2022-04-12,213.5088653564453,216.61314726800077,212.1381582416775,215.20210306618588,24460888,ITC.NS
2022-04-13,217.33877563476562,218.18538159443972,212.58159376450095,213.9119891605937,22239115,ITC.NS
2022-04-18,217.78225708007812,219.71738941664793,215.48430819307558,216.08901947983708,25339139,ITC.NS
2022-04-19,210.88836669921875,219.71738380228194,208.67104092963092,219.31421740068245,24280577,ITC.NS
2022-04-20,209.2757568359375,214.03293875590498,207.66315517742856,211.97687196073184,25454589,ITC.NS
2022-04-21,209.96112060546875,213.2266355111114,209.31607226382857,209.3967080979197,24313956,ITC.NS
2022-04-22,210.52554321289062,212.05750914085087,208.46946350373835,209.63860010345599,16274820,ITC.NS
2022-04-25,205.80868530273438,208.8323185932156,203.5913465568295,208.67105968430033,25140992,ITC.NS
2022-04-26,208.7919921875,210.20301073425622,206.61496512964095,206.8971713943982,21327644,ITC.NS
2022-04-27,207.6228485107422,208.42915579700934,206.21182992532042,206.57465926021928,17219401,ITC.NS
2022-04-28,210.52554321289062,212.62192167547732,208.14694570596043,209.2354592447487,28999835,ITC.NS
2022-04-29,209.2757568359375,212.0574950162911,208.42913809038868,212.0574950162911,21206335,ITC.NS
2022-05-02,212.17843627929688,213.26694971430175,207.25999561252246,208.02597850347055,19696250,ITC.NS
2022-05-04,209.43704223632812,214.51674257562127,208.50980031784223,212.8638291800935,26951488,ITC.NS
2022-05-05,211.29150390625,213.83136004436236,209.9611085478702,211.25119238003424,18623544,ITC.NS
2022-05-06,215.00050354003906,215.5649160336017,208.7516545833183,208.83229041541125,35818441,ITC.NS
2022-05-09,212.01718139648438,214.59736191248055,210.08206198077386,214.59736191248055,22228031,ITC.NS
2022-05-10,209.43704223632812,215.12147945401534,208.91294120073024,211.25122731744833,18727774,ITC.NS
2022-05-11,206.13116455078125,211.41244713194274,202.98658447274707,208.8322795180187,18012072,ITC.NS
2022-05-12,203.9138641357422,206.73591402717284,200.89023103826133,205.60708895978848,20816708,ITC.NS
2022-05-13,208.509765625,210.32393762723868,205.2039266069546,205.56675589659076,12380764,ITC.NS
2022-05-16,204.8813934326172,209.5982635764521,203.99446320598744,209.5982635764521,8502159,ITC.NS
2022-05-17,213.42823791503906,214.07327353769878,205.44583903392484,205.60709793958978,18483427,ITC.NS
2022-05-18,215.12144470214844,215.92775189173136,212.1784349594968,214.47640917210526,20978307,ITC.NS
2022-05-19,222.25721740722656,225.1599029308869,211.73497599544325,211.73497599544325,81302807,ITC.NS
2022-05-20,225.76463317871094,227.65944101962165,223.3457116098055,223.3457116098055,33617466,ITC.NS
2022-05-23,221.32998657226562,226.12750606040817,220.1608627089333,225.764663942521,22535903,ITC.NS
2022-05-24,218.3870086669922,221.73315978600732,217.70164871913673,221.73315978600732,16146766,ITC.NS
2022-05-25,219.87863159179688,220.846210519746,218.10477096263685,220.0802275711596,15877459,ITC.NS
2022-05-26,220.28395080566406,221.56416891010562,217.92994734473876,221.56416891010562,19129574,ITC.NS
2022-05-27,222.348876953125,223.58781387028108,218.92112705034774,222.18367314818147,13986762,ITC.NS
2022-05-30,222.22496032714844,223.83558602533859,221.02730483788181,223.42258963929734,12274291,ITC.NS
2022-05-31,223.54647827148438,226.72642206707778,220.0361530846581,222.22495270655295,24102167,ITC.NS
2022-06-01,224.5376434326172,226.39603544320983,223.1747842317455,223.5464731047105,15265925,ITC.NS
2022-06-02,225.90045166015625,226.68511063220927,221.23375295844545,223.58775605171786,14789457,ITC.NS
2022-06-03,225.2397003173828,227.71760010090682,224.3311449165593,227.13942610246298,12968807,ITC.NS
2022-06-06,226.97422790527344,227.80019452013295,222.7618321997438,224.9919394421526,11345943,ITC.NS
2022-06-07,226.23086547851562,227.13942085836277,224.86803240874488,225.65269149342043,11245578,ITC.NS
2022-06-08,221.2751007080078,226.64384438903687,219.87096009350418,226.27215548923564,14915091,ITC.NS
2022-06-09,223.71168518066406,224.41375546325983,219.4992765736481,221.1925041323462,10239939,ITC.NS
2022-06-10,223.13352966308594,223.83560000379418,221.97718159334525,222.22497420502103,8693455,ITC.NS
2022-06-13,218.59071350097656,222.26622930546105,217.22786738607,220.0361484176604,11519902,ITC.NS
2022-06-14,219.25148010253906,220.90340014110433,217.26917867397242,217.39306187880416,7708043,ITC.NS
2022-06-15,217.55828857421875,220.7795270988101,217.26920155538315,219.70579401250606,5254329,ITC.NS
2022-06-16,215.32814025878906,221.27507021620568,214.33699617301733,220.531692519041,14843837,ITC.NS
2022-06-17,217.4756622314453,218.17773249664828,213.55234071513075,213.9240295926705,17296080,ITC.NS
2022-06-20,218.13644409179688,219.82967165509365,215.86504253991671,217.47566820974785,17738981,ITC.NS
2022-06-21,222.92701721191406,223.71167626793147,218.13643480874302,218.87979946406426,14417711,ITC.NS
2022-06-22,219.12759399414062,223.25741391534424,218.79721258878322,220.53172151118915,11756920,ITC.NS
2022-06-23,219.2927703857422,220.73821838910845,216.73229502848073,219.2927703857422,9416459,ITC.NS
2022-06-24,219.58184814453125,221.646764427913,219.0449816905538,219.7883463171482,7283228,ITC.NS
2022-06-27,222.9683074951172,223.54648148235842,220.1187450498274,220.5317152505209,8487729,ITC.NS
2022-06-28,224.5376434326172,224.86802481621402,221.81195120798998,222.10105127933483,11673046,ITC.NS
2022-06-29,226.35476684570312,227.1394259479608,222.30754885934925,222.39013766560856,16635367,ITC.NS
2022-06-30,225.90045166015625,226.8915957021527,224.661488886269,226.27211431520908,20003893,ITC.NS
2022-07-01,234.86216735839844,235.39903385180315,224.00075795552715,225.900483693465,36520000,ITC.NS
2022-07-04,241.09814453125,242.25449243143217,235.23381623093056,235.93588646869227,41417701,ITC.NS
2022-07-05,236.9683380126953,242.0066997861258,236.01850137698244,242.0066997861258,19283789,ITC.NS
2022-07-06,238.95065307617188,239.52882702764057,235.64681314368588,236.30757589475996,18997440,ITC.NS
2022-07-07,241.1394500732422,242.13059418949203,238.28988783404802,240.354791042405,14326277,ITC.NS
2022-07-08,242.0480499267578,243.204398030371,239.85925002899856,241.9241536172907,11538313,ITC.NS
2022-07-11,243.65863037109375,245.2692559169339,241.22203830841744,242.00669733742146,12828405,ITC.NS
2022-07-12,241.75894165039062,243.94771506014015,240.27218614796118,242.00670805701247,14616684,ITC.NS
2022-07-13,242.87399291992188,243.49344822974726,241.7589524205421,242.00671883820172,9634877,ITC.NS
2022-07-14,240.23094177246094,244.7737192490885,238.82680103345953,243.08050456935644,13930984,ITC.NS
2022-07-15,242.4610137939453,242.83270271256686,239.11589205770966,241.18079559167012,11450042,ITC.NS
2022-07-18,243.90643310546875,244.73239965671624,242.62618887760257,243.65864052238285,11751684,ITC.NS
2022-07-19,243.32827758789062,244.15424420176777,241.75895934550684,243.6586589980178,9542292,ITC.NS
2022-07-20,246.3017120361328,247.3754711454252,242.5022869306933,243.57604603998567,16397373,ITC.NS
2022-07-21,247.41677856445312,249.60557832547528,246.13653423135128,246.96250085049297,16660697,ITC.NS
2022-07-22,248.24273681640625,249.85336250745388,246.2191409182665,247.78845911775784,10351425,ITC.NS
2022-07-25,248.69700622558594,250.2250430597067,246.79730668831738,246.96248429480156,11050533,ITC.NS
2022-07-26,249.8120574951172,250.8858166921778,248.16015047323685,248.61442817639366,10114261,ITC.NS
2022-07-27,251.2161865234375,251.9182567918126,248.2840353339806,250.1424273758432,9706094,ITC.NS
2022-07-28,250.63804626464844,252.08349448590755,249.7707982735891,251.83570186642768,11256515,ITC.NS
2022-07-29,250.3076171875,252.66162044737752,248.903476729125,251.91824273043244,17584873,ITC.NS
2022-08-01,253.98318481445312,255.05694406650312,250.34896300308267,251.0923146567179,16501510,ITC.NS
2022-08-02,256.00677490234375,261.54072247929173,254.56135294553908,256.04808239546793,40483892,ITC.NS
2022-08-03,254.52001953125,256.79143405649836,250.80320937351948,256.79143405649836,18376724,ITC.NS
2022-08-04,255.63511657714844,256.33718690964423,253.6941093778855,254.39615353326226,16514348,ITC.NS
2022-08-05,256.7501220703125,257.53478110618533,255.30470028603258,255.63508166023612,10477269,ITC.NS
2022-08-08,258.64984130859375,259.310630284681,256.08937891830647,256.8327305228681,8627072,ITC.NS
2022-08-10,257.0392150878906,259.43452603910265,256.6675523749457,258.6498407677098,9267241,ITC.NS
2022-08-11,252.9507293701172,258.89764722100864,252.1660702338355,258.5259583110482,11305242,ITC.NS
2022-08-12,254.85040283203125,255.55247308622108,251.5052815179966,252.95070333848875,6669853,ITC.NS
2022-08-16,256.5023498535156,257.2870089516655,254.8504166742715,254.8504166742715,8941455,ITC.NS
2022-08-17,258.154296875,258.7324709010254,256.8740525190067,257.4522265450321,8283028,ITC.NS
2022-08-18,260.7147521972656,261.0038522908399,258.19557104865856,258.52595245765906,10264507,ITC.NS
2022-08-19,257.70001220703125,261.12774877710746,257.03922321144205,261.12774877710746,10823811,ITC.NS
2022-08-22,259.6822814941406,261.8297997613308,256.87402663436967,257.03920423823575,11793184,ITC.NS
2022-08-23,260.92120361328125,261.0037924023014,257.78254168228005,258.48461183173214,9698555,ITC.NS
2022-08-24,259.4345703125,263.85345172472415,258.5672960876847,260.7974036315165,11783894,ITC.NS
2022-08-25,257.98907470703125,261.334222321047,257.3696194085465,260.54956323669603,8057930,ITC.NS
2022-08-26,258.44329833984375,260.50820125712465,257.6999469017207,259.9713348753073,7224507,ITC.NS
2022-08-29,258.980224609375,260.13654631062417,255.09818463080086,256.0480474259818,11798961,ITC.NS
2022-08-30,264.720703125,265.46405479077004,259.5584180737679,259.5584180737679,18516092,ITC.NS
2022-09-01,262.3254089355469,265.8770422235277,261.0038831433314,263.8947535352044,13765474,ITC.NS
2022-09-02,266.9094543457031,267.8180359140448,262.6970587884709,263.2339252895259,26750910,ITC.NS
2022-09-05,271.617431640625,272.2369131163737,267.4050361368849,268.4374878117214,18144801,ITC.NS
2022-09-06,270.21337890625,272.56735669691767,269.59389728916744,272.56735669691767,12431779,ITC.NS
2022-09-07,269.3460388183594,271.16314954823065,268.6439685496152,269.26345001530615,8397233,ITC.NS
2022-09-08,272.4847106933594,273.06288468893354,270.5023961118026,271.7413329088565,11331350,ITC.NS
2022-09-09,272.98028564453125,275.2929553629705,272.56728927625824,273.0628744473392,9770432,ITC.NS
2022-09-12,273.3106689453125,274.54960570456757,272.5672911834894,274.2192243139073,9048240,ITC.NS
2022-09-13,276.2015380859375,276.69709708202555,273.062875617502,273.9714309836329,10925371,ITC.NS
2022-09-14,276.9862060546875,280.000946149529,273.35195829632676,273.3932657877927,12739464,ITC.NS
2022-09-15,275.9537658691406,278.3903582477678,274.9625954495669,277.8534655447925,8742900,ITC.NS
2022-09-16,273.64105224609375,276.3667183709045,272.3195004971111,274.508300130491,12973988,ITC.NS
2022-09-19,277.19268798828125,278.2664471600607,271.8239444836186,271.8239444836186,14918717,ITC.NS
2022-09-20,277.5230712890625,280.49653005595815,276.6971047033432,279.7944597669526,9892945,ITC.NS
2022-09-21,281.611572265625,285.1219237320476,277.1101027736864,277.5230729805043,21800547,ITC.NS
2022-09-22,284.9980163574219,288.0540638295993,281.5702800072844,281.65286881001447,25111230,ITC.NS
2022-09-23,286.113037109375,288.7148328987913,283.5525749841519,287.02159240818236,23718397,ITC.NS
2022-09-26,274.7148132324219,285.7413740994733,274.0127429512819,284.8328187184961,16829922,ITC.NS
2022-09-27,276.5732116699219,280.45525205089524,275.87114137263256,276.6971079680975,10375837,ITC.NS
2022-09-28,268.39617919921875,275.29293264978725,267.85928658247207,274.17789228396856,16151900,ITC.NS
2022-09-29,275.0864562988281,276.61449304732486,270.7088573155462,271.74130891812723,18985406,ITC.NS
2022-09-30,274.38446044921875,277.3166384546016,272.69124564448913,275.08653087054813,12906555,ITC.NS
2022-10-03,267.94189453125,275.0451859223406,266.9920578666383,274.9625709433268,9462192,ITC.NS
2022-10-04,274.9212951660156,275.8711318497507,270.91538480226563,271.49355878142114,9142294,ITC.NS
2022-10-06,278.0599670410156,280.2487669437231,274.67353771357847,276.6971338109163,23091432,ITC.NS
2022-10-07,275.9537658691406,278.22515445213264,273.64106979296014,278.1838469589442,10910698,ITC.NS
2022-10-10,270.7914733886719,273.76493192198603,269.3047441220148,272.56727654020784,9750594,ITC.NS
2022-10-11,269.51123046875,272.9389666779915,268.5200601682649,271.7413112906105,11018577,ITC.NS
2022-10-12,272.64984130859375,273.76490779314435,268.23096138612186,270.87403831357193,10735673,ITC.NS
2022-10-13,271.4522399902344,273.6410395218355,270.91537352376776,272.5259991002834,7546587,ITC.NS
2022-10-14,274.30181884765625,275.78854822524454,273.2693671638556,274.467022634996,6672357,ITC.NS
2022-10-17,274.42578125,276.4906851150137,272.2369810589155,273.47591814249904,7195922,ITC.NS
2022-10-18,281.07464599609375,281.65281986897156,275.4994185039314,275.8297998345599,21691854,ITC.NS
2022-10-19,286.0717468261719,286.9803020964805,280.66169651298895,283.38736232391483,16923690,ITC.NS
2022-10-20,288.8387451171875,289.8711967570723,284.79152735924646,286.60863805710517,19186222,ITC.NS
2022-10-21,285.4523010253906,291.72959990597735,284.54374564177084,291.72959990597735,28426343,ITC.NS
2022-10-24,287.1867980957031,288.83873111025656,286.60862415832094,288.2192496855203,3292671,ITC.NS
2022-10-25,286.0304260253906,288.6735029188271,283.8416267459613,288.6321954349673,17906260,ITC.NS
2022-10-27,285.61749267578125,287.72367725871584,284.00686707741687,286.3195367520154,19273344,ITC.NS
2022-10-28,285.61749267578125,287.93016235037976,285.0393187128526,287.0629144945448,13572499,ITC.NS
2022-10-31,288.0128173828125,289.4995468975155,284.7502582431789,287.4346433394769,14358449,ITC.NS
2022-11-01,288.67352294921875,289.4994894439382,286.7738235707671,288.4670378698175,20422565,ITC.NS
2022-11-02,292.92724609375,294.24877163638735,287.8475766628655,287.8475766628655,17427813,ITC.NS
2022-11-03,292.142578125,296.1071808091715,291.56440417344214,292.39037070096987,11149636,ITC.NS
2022-11-04,292.0600280761719,294.0423429475041,291.15147254704493,292.39043570232843,8709851,ITC.NS
2022-11-07,291.9773864746094,294.3313898669706,289.08651659676076,293.21632322879685,10437370,ITC.NS
2022-11-09,297.92431640625,298.54379789803886,291.72960619683226,291.9773987935478,21404869,ITC.NS
2022-11-10,294.04229736328125,297.26354871339765,292.47297917936925,296.5201971125878,20071989,ITC.NS
2022-11-11,294.3313903808594,298.1308156302202,292.92724984100755,297.3461303799853,11372654,ITC.NS
2022-11-14,286.77386474609375,294.82696723881736,286.27827954268247,294.33140821252437,18319254,ITC.NS
2022-11-15,285.1632385253906,288.2192861946013,280.12485004591844,288.2192861946013,16046491,ITC.NS
2022-11-16,284.21337890625,286.48476748246463,282.1897567570709,285.5349045589136,7897812,ITC.NS
2022-11-17,283.88299560546875,286.98035078256225,282.97444018102414,284.21337701643785,10379179,ITC.NS
2022-11-18,281.6941833496094,284.7502308982674,280.6617316697377,283.8829830051067,8140173,ITC.NS
2022-11-21,278.51422119140625,280.8269172079522,276.20155135197825,280.0835655895584,9553090,ITC.NS
2022-11-22,281.03338623046875,281.6528676912749,277.27526850722194,278.3490276469138,6746019,ITC.NS
2022-11-23,280.6617736816406,282.4788847218771,278.76204764712355,282.4788847218771,8067471,ITC.NS
2022-11-24,281.44635009765625,282.89177176981025,278.80327313194437,280.6616911226519,8454385,ITC.NS
2022-11-25,281.07464599609375,282.39619749571966,279.00974304683183,281.65281986897156,7200274,ITC.NS
2022-11-28,280.86822509765625,282.27236570642077,279.79446589499196,280.8269176054745,10284123,ITC.NS
2022-11-29,282.7266540527344,284.95673517212254,280.82692817476186,280.82692817476186,10582296,ITC.NS
2022-11-30,280.8268737792969,284.254609781908,280.0009073043886,281.85932532865377,23425220,ITC.NS
2022-12-01,280.45526123046875,282.2310646005803,278.1838464743152,282.2310646005803,17270904,ITC.NS
2022-12-02,278.4729309082031,281.4876971310472,278.14254951321044,280.29004166922135,8711914,ITC.NS
2022-12-05,278.1426086425781,279.8771309678635,275.9950898529166,278.8859603950589,10090597,ITC.NS
2022-12-06,278.5968322753906,279.34018388337773,275.9537548902143,275.9537548902143,6571118,ITC.NS
2022-12-07,280.9095153808594,282.06583714281305,278.0599268457191,279.5879636603009,10191144,ITC.NS
2022-12-08,279.5054016113281,282.60275684949386,278.76202378915127,280.9921310785629,6439244,ITC.NS
2022-12-09,281.9832763671875,282.8918318128852,279.1750212196999,280.620443198641,8445424,ITC.NS
2022-12-12,283.4699401855469,284.13072904701573,280.90947823938944,281.65282971501165,11646572,ITC.NS
2022-12-13,285.4523010253906,285.78268242151444,282.809223679283,284.54374564177084,11105261,ITC.NS
2022-12-14,285.2870788574219,286.8977044204494,283.924245869801,285.7826640082351,7664099,ITC.NS
2022-12-15,279.8770751953125,285.86527405280185,279.17500490518864,284.7502335577192,8469001,ITC.NS
2022-12-16,276.77972412109375,279.9183605491572,273.64106151591244,278.762012546044,12907968,ITC.NS
2022-12-19,281.23992919921875,282.7679400128939,276.98622582791455,278.1838552176297,8113695,ITC.NS
2022-12-20,280.9508056640625,281.6115684568815,278.1425507060231,280.86821685923945,5693354,ITC.NS
2022-12-21,276.821044921875,281.8594078639223,276.28417833567835,281.65292272900984,7316532,ITC.NS
2022-12-22,274.59088134765625,278.67938003214726,272.48467077722,277.23395834350976,6838031,ITC.NS
2022-12-23,269.84161376953125,274.13662402235815,268.72657335064105,273.3106574917627,10461859,ITC.NS
2022-12-26,276.36669921875,276.7796955641752,268.85046415112413,269.67640448774426,9934633,ITC.NS
2022-12-27,275.1690979003906,277.85345662057523,272.69119810816125,277.19269381349454,6986433,ITC.NS
2022-12-28,276.2015380859375,276.69709708202555,273.80622720019244,274.92129383990306,8035558,ITC.NS
2022-12-29,276.9862060546875,277.3165874550625,273.8475434854481,276.16023946519107,8417520,ITC.NS
2022-12-30,273.8475341796875,278.1425445928473,272.9802863053131,277.02747795521594,7228324,ITC.NS
2023-01-02,274.9212951660156,275.8711318497507,272.2782178580357,273.31066952244794,6181118,ITC.NS
2023-01-03,273.475830078125,275.3342481936164,272.7737598488454,273.80621144888335,6228015,ITC.NS
2023-01-04,270.08941650390625,274.6321933273518,269.263449942248,274.0953268419764,6947412,ITC.NS
2023-01-05,275.4169006347656,275.788589579176,271.080608148008,271.45229709241846,8486143,ITC.NS
2023-01-06,276.7384033203125,278.80330662983584,275.1277776917996,276.4493032448786,8603181,ITC.NS
2023-01-09,279.2162780761719,281.9006628614671,277.64695993055625,278.30772271006634,11027747,ITC.NS
2023-01-10,275.3755798339844,279.5053865963529,274.67350954312764,279.09239021384553,7217255,ITC.NS
2023-01-11,274.0540466308594,276.779739173355,273.6410763974821,276.779739173355,4760847,ITC.NS
2023-01-12,272.443359375,275.54071395793477,270.99793770714246,275.375536372695,6894087,ITC.NS
2023-01-13,271.5348815917969,274.42575192936994,269.593874260238,272.4434371011597,14967746,ITC.NS
2023-01-16,272.73248291015625,274.3843897904284,270.5436833888196,272.8563791983161,8571826,ITC.NS
2023-01-17,274.42578125,275.4582331825069,271.8240107567622,272.7325663631984,14240647,ITC.NS
2023-01-18,276.40802001953125,277.9773381472333,274.5496018183956,275.87112736233075,13039078,ITC.NS
2023-01-19,274.3431396484375,277.2340097387525,273.9301432486104,275.8711504141537,8667564,ITC.NS
2023-01-20,276.36669921875,276.8622843624142,271.9478189447949,274.2192072247305,13608325,ITC.NS
2023-01-23,278.96844482421875,279.2988523429268,275.08643133908396,277.5230231826006,7399204,ITC.NS
2023-01-24,279.9596862792969,281.4464157834227,278.8446456954824,279.0098233197633,12776694,ITC.NS
2023-01-25,280.20745849609375,281.652880400375,276.90359212553494,279.9183584089669,12978859,ITC.NS
2023-01-27,285.7826843261719,288.1366877827789,282.06584778505237,282.313640378076,21850457,ITC.NS
2023-01-30,284.7915344238281,290.5319667310704,282.3549422107496,286.52605636311534,14634225,ITC.NS
2023-01-31,291.0275573730469,293.2163572360525,281.6942100555176,285.7827096716558,17794183,ITC.NS
2023-02-01,298.5024719238281,302.05410451023636,271.8239331250567,291.56441053096563,67003785,ITC.NS
2023-02-02,312.708984375,317.74734556244954,297.67648960243076,298.6676336111198,57892084,ITC.NS
2023-02-03,314.4022216796875,315.72374712187093,307.25764949867965,315.4346732478112,23153980,ITC.NS
2023-02-06,316.67364501953125,320.6382741400663,313.5349824805341,315.9302934201292,26783409,ITC.NS
2023-02-07,308.2901611328125,317.0866418304203,304.32555785670064,317.0866418304203,21438758,ITC.NS
2023-02-08,310.1898498535156,311.63527168634687,306.88598364627336,309.5290609057974,10821785,ITC.NS
2023-02-09,309.1160583496094,313.86534589236504,307.38153662557113,308.90957327755774,12318006,ITC.NS
2023-02-10,306.7208251953125,311.3461910554725,305.8535510997639,307.42289549933633,10674456,ITC.NS
2023-02-13,309.07476806640625,309.8594270901421,305.60572442525455,308.0836239591265,10282470,ITC.NS
2023-02-14,319.1928405761719,320.18401098988426,308.7031194861325,309.7355973927891,30246745,ITC.NS
2023-02-15,320.8559265136719,321.4015912156221,317.7917540823391,320.478146363348,12679568,ITC.NS
2023-02-16,321.1497802734375,323.4164348691722,319.84855509867435,320.6880577862099,10151755,ITC.NS
2023-02-17,321.86334228515625,322.8287716643076,318.3794315586062,319.8905256882678,7967611,ITC.NS
2023-02-20,322.40899658203125,325.3052846255775,320.10038432075044,322.9546879209602,8105569,ITC.NS
2023-02-21,320.8979187011719,323.9620914605294,320.4361962256067,323.20655768511017,8577674,ITC.NS
2023-02-22,322.24114990234375,323.1226104671408,319.0090923566023,320.6880711957667,9306194,ITC.NS
2023-02-23,325.38922119140625,330.7620059629958,321.6114727530318,322.74481324821056,19555814,ITC.NS
2023-02-24,323.2904968261719,326.5645385687466,319.84854390951875,326.5645385687466,13407431,ITC.NS
2023-02-27,320.8559265136719,324.7176170805041,317.4139739320152,323.2904653611316,8455904,ITC.NS
2023-02-28,316.2386779785156,322.5768918805146,314.8115528547274,321.1077823154553,16997837,ITC.NS
2023-03-01,317.91766357421875,319.34481521626765,313.63623525418024,314.1818999265662,8065784,ITC.NS
2023-03-02,315.2732849121094,318.7991532971468,314.5597090253691,318.58928429660216,5212922,ITC.NS
2023-03-03,323.16455078125,323.5423309457619,315.73500724306933,316.49054096598246,8495772,ITC.NS
2023-03-06,325.8509521484375,329.50277396052957,323.41641314241326,323.9620778799033,11126980,ITC.NS
2023-03-08,329.4187927246094,330.0484263258889,323.29047429863346,325.72501321339706,9261146,ITC.NS
2023-03-09,325.3052978515625,330.42622947791915,323.7522192644157,329.1669887938517,10005328,ITC.NS
2023-03-10,325.7250061035156,327.5718958188082,321.9472577905193,324.84354568707505,8684320,ITC.NS
2023-03-13,322.0732116699219,328.15957264032426,321.1078088957629,326.732420792291,9130473,ITC.NS
2023-03-14,318.7572021484375,324.42379831258455,316.6584588867369,323.79419129774107,10623744,ITC.NS
2023-03-15,318.50537109375,322.61891562561215,317.3300726560751,319.84855410474245,8748113,ITC.NS
2023-03-16,320.2262878417969,320.9818481304396,316.3645973363221,319.5127119934485,16315136,ITC.NS
2023-03-17,315.2732849121094,323.2065353391372,310.3202381474808,323.2065353391372,50787703,ITC.NS
2023-03-20,318.00164794921875,318.463370411472,312.2930672313096,313.3844233266862,10512002,ITC.NS
2023-03-21,316.4485778808594,318.00165648015326,314.0140387776578,318.00165648015326,12057999,ITC.NS
2023-03-22,317.12017822265625,318.0436231202378,314.139947920916,316.44856016486983,4958761,ITC.NS
2023-03-23,319.5547180175781,321.3176655373776,314.3078599013099,316.4905454279664,10127917,ITC.NS
2023-03-24,317.91766357421875,321.5275005119195,317.3300144631462,320.2682600185091,10317108,ITC.NS
2023-03-27,319.1769104003906,322.7028051367832,315.9448535284185,317.288036319744,11232922,ITC.NS
2023-03-28,318.7991638183594,320.9818759931685,317.45598088565663,319.17694399547383,9523719,ITC.NS
2023-03-29,321.3176574707031,322.36702906761235,316.61646420259467,319.1769298348087,10551626,ITC.NS
2023-03-31,321.947265625,322.78676822677375,319.00904642795757,320.6880250253946,9877493,ITC.NS
2023-04-03,318.0855712890625,322.3670265271102,317.7497755734311,322.3670265271102,7331070,ITC.NS
2023-04-05,324.3818359375,324.9275006639533,318.08557963436516,318.08557963436516,12055499,ITC.NS
2023-04-06,325.1793212890625,327.65581783263286,322.5348869910549,324.5916721790728,13394394,ITC.NS
2023-04-10,326.1867370605469,327.4040198262392,322.9966378104752,325.1793499002608,7044256,ITC.NS
2023-04-11,332.4410095214844,334.2039571512757,325.72504135609034,326.18676383488474,18939829,ITC.NS
2023-04-12,330.38421630859375,333.95209564371703,329.1669601754004,333.9101112023239,10122932,ITC.NS
2023-04-13,332.1051940917969,332.9446967142466,330.51015773342004,332.02125181138524,6292395,ITC.NS
2023-04-17,335.9249267578125,337.4779786716556,329.83856600767695,329.83856600767695,11466474,ITC.NS
2023-04-18,334.53973388671875,337.47797976938756,333.2804932530353,335.7990011265133,9860308,ITC.NS
2023-04-19,334.7496032714844,336.932288639274,332.4409645834719,332.48294902354615,10119480,ITC.NS
2023-04-20,336.05084228515625,338.0236587472074,333.8681302200744,335.79898884640755,6924577,ITC.NS
2023-04-21,342.724853515625,343.3544871641832,335.00149819461507,336.0508698714704,14801099,ITC.NS
2023-04-24,343.1025695800781,344.1939254982375,339.324821607002,344.1939254982375,6212135,ITC.NS
2023-04-25,345.49517822265625,347.1741567634121,342.0112412126051,343.10259721867857,9180650,ITC.NS
2023-04-26,346.0828552246094,346.71246225078784,343.3964627370243,345.87295960977156,7914219,ITC.NS
2023-04-27,349.2309875488281,350.40628598350224,345.03350074102445,346.04088799669665,13100076,ITC.NS
2023-04-28,357.2481689453125,359.51479684583404,347.30011703160113,350.90995450060126,13208557,ITC.NS
2023-05-02,356.3247375488281,358.4654388022184,353.5963604694285,357.62596272189217,10648421,ITC.NS
2023-05-03,358.59130859375,359.7246490132277,354.3098801607166,355.94690082718654,7607609,ITC.NS
2023-05-04,356.45062255859375,358.46539684287774,355.9469156844678,357.0382717097041,8292456,ITC.NS
2023-05-05,359.93450927734375,362.57891697982274,356.240730060407,357.583912827981,12890455,ITC.NS
2023-05-08,362.201171875,363.88017710294014,360.4382509736069,361.82341831390767,7522610,ITC.NS
2023-05-09,355.7790222167969,363.62833056708234,353.8481901134796,363.33451927997135,10377820,ITC.NS
2023-05-10,357.0802307128906,357.9197333038093,354.4358228273012,355.9049324068264,10130159,ITC.NS
2023-05-11,352.9247131347656,358.80120440414595,351.66547260735814,358.6752776907943,16597954,ITC.NS
2023-05-12,352.96673583984375,354.8555835326713,349.2729295245968,352.9247513954721,11564770,ITC.NS
2023-05-15,359.1370544433594,359.89258823167586,351.79145254826733,352.5889707827564,9503538,ITC.NS
2023-05-16,355.9049377441406,360.98391120139394,355.5271841877558,360.98391120139394,8302077,ITC.NS
2023-05-17,358.9691162109375,360.10243011105604,354.7716297300872,356.0728547961286,9844782,ITC.NS
2023-05-18,352.33709716796875,363.040682567462,350.99391424061633,360.9839237326619,24919291,ITC.NS
2023-05-19,352.4630126953125,355.19138951321884,345.327280453651,353.38645758005697,26759905,ITC.NS
2023-05-22,356.5765686035156,357.4160446310784,351.83339069600646,354.2259718716724,16015615,ITC.NS
2023-05-23,360.2703552246094,361.99131836291735,356.11485302589,357.6259471532527,9068926,ITC.NS
2023-05-24,363.92218017578125,364.9715518454359,358.4654262086875,359.5567823233287,11921823,ITC.NS
2023-05-25,370.34429931640625,371.43562871411757,365.01347261947217,366.8184044789324,18905572,ITC.NS
2023-05-26,372.4010925292969,373.36652190656764,368.9591662541491,372.2331813569451,13496209,ITC.NS
2023-05-29,377.018310546875,379.2849650000539,372.8208239793013,373.57638433239805,20589822,ITC.NS
2023-05-30,386.1734619140625,387.5039146499954,378.53411095602627,378.53411095602627,19627897,ITC.NS
2023-05-31,382.3966064453125,387.975926709192,379.7786290061153,385.65835997764117,14821960,ITC.NS
2023-06-01,377.4182434082031,383.6842413870993,376.81739465959294,383.6842413870993,9142172,ITC.NS
2023-06-02,380.5940856933594,381.881637964553,377.5040146499432,377.6756973540104,9558309,ITC.NS
2023-06-05,378.233642578125,383.5554530940748,377.7615491165868,381.96748999447993,7427630,ITC.NS
2023-06-06,380.0790710449219,380.765747415904,378.0190147282526,378.3623529137437,6703067,ITC.NS
2023-06-07,381.0661926269531,382.525373142299,380.0361508470345,381.1090928986342,7833952,ITC.NS
2023-06-08,380.1649475097656,382.61126980001274,379.30658833417493,382.568342319929,7294955,ITC.NS
2023-06-09,376.3452453613281,381.70995582008555,373.51268476799805,373.51268476799805,7329661,ITC.NS
2023-06-12,375.0577697753906,378.491179481239,372.3968643315873,377.6757477365194,9054977,ITC.NS
2023-06-13,382.3108215332031,383.1691806856377,376.2165069157611,378.5340739069618,16732376,ITC.NS
2023-06-14,381.5382995605469,384.32793267131706,380.8945234252868,383.04040760452125,9039402,ITC.NS
2023-06-15,384.62835693359375,385.1862780951758,381.7528689711605,381.9674519407133,7787525,ITC.NS
2023-06-16,388.9201965332031,391.0660810300958,384.45674481002595,385.40093181236045,12181426,ITC.NS
2023-06-19,389.3493347167969,391.32356354688983,388.19056478835836,390.3364491318434,4350517,ITC.NS
2023-06-20,388.7055358886719,390.37929934637066,386.3879691252716,390.37929934637066,4644353,ITC.NS
2023-06-21,383.7271423339844,389.86438507715513,382.01045105191906,387.976011065019,6292873,ITC.NS
2023-06-22,384.2421569824219,385.9588754398985,382.6971212521841,384.5425677504299,6892713,ITC.NS
2023-06-23,381.7528991699219,384.24212166183725,379.99328059518047,384.11336642917564,6325479,ITC.NS
2023-06-26,382.5683288574219,387.4609460620195,381.10912103063964,383.5983435096489,5688287,ITC.NS
2023-06-27,382.0533142089844,383.8558602828028,380.3795233692762,382.9116733684778,5052984,ITC.NS
2023-06-28,385.70135498046875,386.7742971877239,381.5383413926168,381.96750739402796,12548096,ITC.NS
2023-06-30,387.63262939453125,387.93304013384915,383.34083366071934,386.2592493189664,9456776,ITC.NS
2023-07-03,397.6324157714844,399.94995536276974,386.30214664819135,387.6325991412775,11111199,ITC.NS
2023-07-04,400.2933654785156,401.7096731766668,394.67117098382835,399.1345954746655,8022597,ITC.NS
2023-07-05,407.8039245605469,412.5678138010311,398.53371095448574,400.29332954380067,16878943,ITC.NS
2023-07-06,406.77392578125,409.7781693460262,403.8555371781294,409.73524186519836,9835812,ITC.NS
2023-07-07,402.0529479980469,408.1472622331097,401.36624439695015,406.0013780885266,7605499,ITC.NS
2023-07-10,399.8641662597656,404.1988623491033,398.0186926997213,403.42633094153337,6772454,ITC.NS
2023-07-11,406.1301574707031,407.3318276357208,399.9929153943561,399.9929153943561,8783282,ITC.NS
2023-07-12,405.4005432128906,410.0785501321813,403.81258018675834,410.0785501321813,12816220,ITC.NS
2023-07-13,405.1430358886719,409.220221374186,404.28467675429124,406.7738992013875,8214385,ITC.NS
2023-07-14,405.9155578613281,407.718103961429,404.58510522527325,406.00141282113736,5277090,ITC.NS
2023-07-17,405.4434509277344,408.4047668496178,403.9413428294161,407.28892444643,6325310,ITC.NS
2023-07-18,405.57220458984375,407.0314124077616,404.28467948145015,405.61513206815613,5558415,ITC.NS
2023-07-19,411.02276611328125,412.39611896102673,401.7954530539886,405.7867835710082,14401395,ITC.NS
2023-07-20,422.4388732910156,423.76932589488507,408.83396371516045,411.92403489665855,21030102,ITC.NS
2023-07-21,420.97967529296875,427.2027452802702,418.01835927513474,422.1384452121807,14510084,ITC.NS
2023-07-24,404.5850830078125,428.9194404210098,401.8383501304543,423.55470269148583,40477929,ITC.NS
2023-07-25,396.8170166015625,402.13879980516936,390.89435750965157,401.6237788744661,45211370,ITC.NS
2023-07-26,405.3576354980469,406.0014116761696,396.60241549420846,399.04873776734865,18842179,ITC.NS
2023-07-27,399.177490234375,407.8468552185177,395.78698105932125,407.203106248586,14528232,ITC.NS
2023-07-28,402.0959167480469,402.95427599280464,397.7612474481721,401.4521677172749,10362522,ITC.NS
2023-07-31,399.73541259765625,403.16882205833537,397.847038754469,402.5679733624371,8510403,ITC.NS
2023-08-01,398.962890625,402.4392002067626,398.10453149712134,399.9929052562195,6686176,ITC.NS
2023-08-02,394.9286193847656,398.96290470782736,393.12607331371055,398.7912219947016,10715605,ITC.NS
2023-08-03,391.4523010253906,398.0616092694034,389.9501657308603,394.92861065300184,11026824,ITC.NS
2023-08-04,390.5080871582031,396.0444804861132,389.9072384807844,391.6668842384768,7097614,ITC.NS
2023-08-07,390.4651794433594,391.8814597552039,387.074670427447,389.7785030261726,9513953,ITC.NS
2023-08-08,388.2763671875,392.26772486350313,387.1604976084215,392.26772486350313,6638681,ITC.NS
2023-08-09,393.68402099609375,394.75696314088793,383.5983485127932,388.2763827929899,10134166,ITC.NS
2023-08-10,387.7613525390625,394.24193273120994,385.4008853179906,393.8985945175745,13702317,ITC.NS
2023-08-11,385.1863098144531,389.6068336069002,381.75290040770386,389.6068336069002,12028396,ITC.NS
2023-08-14,385.57257080078125,387.3321893597199,382.01040620449373,385.18630510626537,7854074,ITC.NS
2023-08-16,386.47381591796875,392.6110577135574,384.7141974241364,387.11759205167533,15494896,ITC.NS
2023-08-17,378.5340881347656,386.25926638958845,377.6757289500683,386.25926638958845,16896158,ITC.NS
2023-08-18,379.0920104980469,380.5512183960282,376.38820490169604,378.5340892680003,20068497,ITC.NS
2023-08-21,384.37091064453125,384.9717593818017,378.83451676513033,379.3924652235636,9940689,ITC.NS
2023-08-22,389.9072265625,390.6797579257352,383.6841841982633,385.4008752214677,10234488,ITC.NS
2023-08-23,386.6455078125,391.1089317665518,385.05754478075903,391.0660314924344,8770272,ITC.NS
2023-08-24,387.0317687988281,389.26348074873505,385.65838876553767,386.7742583423534,6322751,ITC.NS
2023-08-25,380.55120849609375,387.1176166624597,379.43533886130297,387.0317889070838,9628041,ITC.NS
2023-08-28,378.8774108886719,383.55544513098135,378.53407266956555,381.9674820643546,7176903,ITC.NS
2023-08-29,377.7615661621094,381.1091480236043,376.98906191915603,380.20788853953746,9845106,ITC.NS
2023-08-30,380.0790710449219,381.1090856013951,378.1048424736947,378.5340356083506,7648569,ITC.NS
2023-08-31,377.4182434082031,381.88169514126866,374.32817190213024,380.2508044214819,20666732,ITC.NS
2023-09-01,378.57696533203125,381.9674743835826,376.21649812081193,377.67570592546565,11879159,ITC.NS
2023-09-04,375.52984619140625,380.5512188793833,374.8002422414889,380.5512188793833,14128562,ITC.NS
2023-09-05,380.33660888671875,381.53830622437647,376.3881786635184,376.73151687374565,8701612,ITC.NS
2023-09-06,384.0704345703125,384.97172118866524,379.39242758395017,381.0662183857372,13358433,ITC.NS
2023-09-07,382.74005126953125,385.4009295313947,381.62418154440905,385.22927400674706,8401953,ITC.NS
2023-09-08,379.9503479003906,384.456699370507,379.26367147143907,384.456699370507,10322317,ITC.NS
2023-09-11,383.85589599609375,384.62842747263056,379.95039274132205,382.82588123110634,9679540,ITC.NS
2023-09-12,387.246337890625,389.95014317919737,382.4824762278565,385.3150367400489,14961276,ITC.NS
2023-09-13,389.26348876953125,392.26773215076497,387.2034322790102,388.147619169723,12268130,ITC.NS
2023-09-14,386.21630859375,391.323535820513,383.81294115046234,391.323535820513,14986708,ITC.NS
2023-09-15,384.8429870605469,388.0618136094338,383.68421711999105,384.58547658403967,15657801,ITC.NS
2023-09-18,388.01885986328125,389.6926506435505,382.9974875224736,384.8429610100351,8513132,ITC.NS
2023-09-20,388.7914123535156,390.6368587375678,385.8729965971384,387.7184701849169,10343224,ITC.NS
2023-09-21,384.1134033203125,389.30643178942125,381.5383528272174,388.6626827680115,11132308,ITC.NS
2023-09-22,380.33660888671875,384.88588777874793,379.6070049885891,384.1133564029431,7795399,ITC.NS
2023-09-25,379.90740966796875,381.79578339599294,376.25941743916974,380.3366028267079,6005673,ITC.NS
2023-09-26,379.7786560058594,381.5383017176104,377.4181888361012,380.7657703509308,5533023,ITC.NS
2023-09-27,385.5296630859375,386.08758431524456,376.6457148790023,379.7786864629706,10894817,ITC.NS
2023-09-28,378.3194885253906,386.21632194812275,377.3323741461521,386.21632194812275,10610213,ITC.NS
2023-09-29,381.4524841308594,382.4825260540032,376.98905980966003,379.39245469202604,8474326,ITC.NS
2023-10-03,377.4610900878906,380.16489527596457,377.0318969572023,378.5340321090276,7770032,ITC.NS
2023-10-04,374.3280944824219,379.1348834771483,371.9246999850587,377.46109282389347,13912656,ITC.NS
2023-10-05,374.28521728515625,378.1048925093312,373.4268853097046,377.6757265216054,10416552,ITC.NS
2023-10-06,379.5211486816406,380.76577349254103,374.800214303173,375.8302289301865,8742804,ITC.NS
2023-10-09,378.0619812011719,380.42244847223975,375.31524823018594,378.4911471763749,5827256,ITC.NS
2023-10-10,381.4524841308594,381.8387498520383,378.0620020104501,378.0620020104501,5207891,ITC.NS
2023-10-11,384.75714111328125,385.7871557668888,381.7957979771746,383.85585448811497,7946195,ITC.NS
2023-10-12,386.8601379394531,388.40517368163955,382.9546347027776,385.95887842473115,12227957,ITC.NS
2023-10-13,384.8429870605469,387.8043031329266,383.68421711999105,386.1305122393563,7926432,ITC.NS
2023-10-16,385.3580017089844,387.11762033136023,382.9975071821044,384.5425428121438,4377288,ITC.NS
2023-10-17,389.2205505371094,390.1218371284394,385.4008756015914,386.08755201155043,7203352,ITC.NS
2023-10-18,387.6755676269531,393.29778930443706,387.11764636860767,389.90727986406307,7160492,ITC.NS
2023-10-19,386.6026306152344,390.46523360420406,383.5554865889753,386.0447093493473,9830006,ITC.NS
2023-10-20,376.21649169921875,385.40087713097085,375.40106005869103,381.9674678638267,13521824,ITC.NS
2023-10-23,374.1564636230469,377.632800630929,371.7530959964487,375.9590097457904,7555671,ITC.NS
2023-10-25,371.4096984863281,375.95897727890315,366.5600089677685,375.01479042048845,11308597,ITC.NS
2023-10-26,372.8260192871094,374.7572933458955,368.705906299922,368.705906299922,19525305,ITC.NS
2023-10-27,372.3110046386719,374.92898237526947,370.98055203087665,372.8260255716831,13638258,ITC.NS
2023-10-30,369.4784240722656,375.22937296590027,367.67587810725513,372.9976610489118,7911426,ITC.NS
2023-10-31,367.7187805175781,371.9676486039867,367.2896145631058,369.09216053859353,8952141,ITC.NS
2023-11-01,367.4613037109375,370.0363538903766,365.22956453811713,369.0921670110006,8297973,ITC.NS
2023-11-02,370.07928466796875,371.4097100435163,367.9334004313936,369.1350977801737,8465990,ITC.NS
2023-11-03,371.8818054199219,372.86891979091905,370.03635911281424,371.4955669301622,14334179,ITC.NS
2023-11-06,373.68438720703125,374.9290121594388,371.2810194707497,372.0964512103112,7589690,ITC.NS
2023-11-07,371.4096984863281,373.29809940688176,370.9376050571208,373.29809940688176,5321353,ITC.NS
2023-11-08,375.0577697753906,375.52986326989816,371.0664116096857,371.7960155927843,7248663,ITC.NS
2023-11-09,372.86895751953125,375.959028972627,372.43979150805103,375.78737344952606,8085620,ITC.NS
2023-11-10,374.7143859863281,375.9589835916255,371.23804922028273,372.86891251152394,4236307,ITC.NS
2023-11-13,374.2423095703125,376.3023389149238,373.3839504081949,376.3023389149238,3888975,ITC.NS
2023-11-15,379.3495178222656,379.8216112907805,375.52984259383584,376.04486354266163,7722827,ITC.NS
2023-11-16,376.5169677734375,381.5383405568395,375.61568108723014,379.3495286654918,11276031,ITC.NS
2023-11-17,377.0319519042969,378.96325326454786,376.2165202019907,377.0319519042969,6911592,ITC.NS
2023-11-20,374.9290466308594,377.93329058208474,372.9548447221857,377.5470248161279,4502356,ITC.NS
2023-11-21,374.4568786621094,377.07485632698126,373.81310251348316,375.22938283673597,6228803,ITC.NS
2023-11-22,377.4182434082031,378.0190921568133,373.21230216793174,375.10070338051264,5074887,ITC.NS
2023-11-23,377.9761047363281,379.6069951974984,376.1735859800582,378.4911256402476,6611803,ITC.NS
2023-11-24,375.787353515625,379.6070287486021,374.971921814831,378.5340865730886,7084608,ITC.NS
2023-11-28,373.5985107421875,376.8173370021395,373.2981000157129,375.95897789207413,9082513,ITC.NS
2023-11-29,375.2723388671875,376.38820854179903,372.6543610031265,374.24232415474165,14316126,ITC.NS
2023-11-30,374.07061767578125,376.34525715789107,372.95477527576713,374.8431490638451,15710110,ITC.NS
2023-12-01,386.08758544921875,387.074699876353,375.4440185618797,375.87318455434155,20081576,ITC.NS
2023-12-04,389.735595703125,391.752724785251,387.1176179239576,390.55102739116836,13293194,ITC.NS
2023-12-05,387.7613525390625,392.95440762914575,386.3450722064194,390.5510129299725,12603697,ITC.NS
2023-12-06,397.6324157714844,398.70535782026695,388.0617650793012,389.6068005413992,21203900,ITC.NS
2023-12-07,393.2118835449219,398.9628593264487,392.61103492291574,398.9199318521188,11746535,ITC.NS
2023-12-08,385.5296630859375,396.2161846263528,384.97174185663044,394.7998770071899,19386851,ITC.NS
2023-12-11,388.3622131347656,389.3493275315955,385.65840761706403,387.5467814518858,6854157,ITC.NS
2023-12-12,388.9201965332031,394.8428290394338,388.276420302644,389.8643835355376,10549319,ITC.NS
2023-12-13,391.1089782714844,393.8557114943193,388.92019351204266,391.66692673487756,11718443,ITC.NS
2023-12-14,394.9286193847656,395.7011507882431,385.7871609993032,394.84279163006556,14924265,ITC.NS
2023-12-15,393.2977600097656,397.3749456496042,390.5510269980168,396.4736590030865,16397959,ITC.NS
2023-12-18,387.6755676269531,391.4094153189034,386.55969790653415,390.5510560880987,12490839,ITC.NS
2023-12-19,391.4952087402344,393.1260720931,388.0188718428308,389.1347414653695,10664235,ITC.NS
2023-12-20,387.1176452636719,394.1990476892109,385.65843729584157,393.98446468305417,10766954,ITC.NS
2023-12-21,387.5038757324219,389.47807729462164,381.49538888446534,385.40089173377436,11584223,ITC.NS
2023-12-22,390.72271728515625,391.32356599323725,386.73135932353364,388.834316199954,11450973,ITC.NS
2023-12-26,391.7956848144531,393.89864182694373,390.2935493451927,391.45234655958086,6097422,ITC.NS
2023-12-27,392.3536071777344,393.55530467501916,389.47811868092634,392.26777941470783,7833901,ITC.NS
2023-12-28,398.362060546875,398.8770542846564,391.4952144071042,392.4394013307172,21493169,ITC.NS
2023-12-29,396.64532470703125,401.6237695761511,396.0015485585568,398.36204296714664,13384631,ITC.NS
2024-01-01,401.7525329589844,403.3834235003086,397.1174262070781,397.8470301222474,9706230,ITC.NS
2024-01-02,403.7267761230469,404.5851080974229,397.93287207365034,403.4263381690342,10924918,ITC.NS
2024-01-03,409.6494140625,412.6107301461247,402.86842270487585,403.6409269336043,24961710,ITC.NS
2024-01-04,408.9197692871094,413.25446508333243,407.03139557904353,412.00984030098505,12240910,ITC.NS
2024-01-05,406.81683349609375,411.49486773368767,405.14304267730904,411.49486773368767,9564086,ITC.NS
2024-01-08,399.5637512207031,408.1472883482497,398.7482923424567,407.71809516963697,8311403,ITC.NS
2024-01-09,398.748291015625,403.3834249883553,397.9757868226536,401.2804409887197,5916180,ITC.NS
2024-01-10,397.67535400390625,400.63669719235435,394.8857207330158,398.74829615510856,6123200,ITC.NS
2024-01-11,397.117431640625,400.4650133189814,395.7869790243903,398.3620565020552,6786448,ITC.NS
2024-01-12,400.5937805175781,401.45213970243634,395.1432418595045,397.6324644529848,9714589,ITC.NS
2024-01-15,401.36627197265625,403.8555216906725,400.0787468381923,403.426328510034,7167978,ITC.NS
2024-01-16,405.4005432128906,407.7180829336906,398.4907971207317,401.53794073992424,12531058,ITC.NS
2024-01-17,400.5079040527344,409.43477864142636,399.3062067808217,404.6279895537756,11536527,ITC.NS
2024-01-18,399.5637512207031,401.5808802693785,390.1647552149102,399.349141029534,9495938,ITC.NS
2024-01-19,404.7138366699219,406.00138895410885,400.33624051486,402.1817139863782,12673308,ITC.NS
2024-01-23,394.241943359375,406.64515567762464,391.7527208406185,406.64515567762464,8728196,ITC.NS
2024-01-24,397.9328918457031,401.1946460030682,393.2119569371608,394.9286481749363,22459072,ITC.NS
2024-01-25,391.1089782714844,399.09166744976585,388.0618342792077,397.88999716827067,20435547,ITC.NS
2024-01-29,386.08758544921875,392.48233828149625,384.1133837986769,391.3235683388679,18557346,ITC.NS
2024-01-30,376.001953125,389.43518105083274,375.4440318742717,383.6842314107858,45190319,ITC.NS
2024-01-31,379.00616455078125,379.8215962182456,376.5598423446629,377.6757119549288,20648695,ITC.NS
2024-02-01,380.1649475097656,384.3279609474678,377.07487624062026,379.3924432943424,19903526,ITC.NS
2024-02-02,377.7615661621094,383.8558811611456,377.2465724013829,381.9675072297848,17816750,ITC.NS
2024-02-05,376.001953125,380.80874298889853,374.7144278982351,379.39246251908435,12505666,ITC.NS
2024-02-06,370.29388427734375,378.44822842023024,368.66299368578547,377.6757242063142,19487043,ITC.NS
2024-02-07,370.6371765136719,373.38390920712436,369.77881744626995,373.38390920712436,13376903,ITC.NS
2024-02-08,361.2609558105469,373.94059168092787,356.07581432795087,373.85345410494426,50039587,ITC.NS
2024-02-09,362.0888671875,369.67052751049914,356.07584909868194,357.3830233416138,33527317,ITC.NS
2024-02-12,354.55078125,364.2674916906546,353.8536253524433,363.8753311411971,11326971,ITC.NS
2024-02-13,354.463623046875,357.99301254890315,351.45711424703876,354.594343222423,16207766,ITC.NS
2024-02-14,358.64666748046875,359.25668585200435,352.41576356986315,353.81010311289634,12618012,ITC.NS
2024-02-15,351.98004150390625,361.26100948205914,351.3264405397178,359.9102525686611,21169031,ITC.NS
2024-02-16,352.5900573730469,356.9037408495518,348.0584884974271,352.93863534518886,38963810,ITC.NS
2024-02-19,356.6423034667969,359.6923952723139,352.59006034002135,352.93863831509657,17602580,ITC.NS
2024-02-20,353.897216796875,357.68804696525905,352.3286021787309,357.68804696525905,14626643,ITC.NS
2024-02-21,351.500732421875,357.3830304413687,349.714232381529,354.6815166984585,20162369,ITC.NS
2024-02-22,361.17388916015625,361.7839075496002,351.58789773413196,354.59440707535987,19321180,ITC.NS
2024-02-23,358.51593017578125,362.43745298945976,357.73160904171374,362.43745298945976,11576964,ITC.NS
2024-02-26,356.5987243652344,359.9538113149577,354.94294457199726,358.2544765395862,8289561,ITC.NS
2024-02-27,358.29803466796875,359.69237410510254,356.03226415387263,357.29588340568495,8083518,ITC.NS
2024-02-28,355.8143615722656,359.3437508936718,354.5071875025661,358.29798954280653,8949664,ITC.NS
2024-02-29,354.07147216796875,358.21088006238347,352.50285763753504,356.42440777306143,15468800,ITC.NS
2024-03-01,356.8601379394531,360.04094973021984,355.1172481779193,356.3372848204357,12873024,ITC.NS
2024-03-04,356.51153564453125,359.86664999180675,355.94509996306965,359.25663171220066,7103794,ITC.NS
2024-03-05,353.9407653808594,358.5159165850442,352.02357283988704,356.99085697735416,10108373,ITC.NS
2024-03-06,355.4222717285156,357.25232683748783,349.19139545598193,354.245817593779,11534613,ITC.NS
2024-03-07,360.3894958496094,361.60953238436093,351.76210253069,355.4222121349447,23907135,ITC.NS
2024-03-11,356.7730407714844,364.5289770408403,355.55300399076174,363.22180266689134,18298683,ITC.NS
2024-03-12,352.4593200683594,354.245792445932,348.0148889968415,354.245792445932,36226074,ITC.NS
2024-03-13,368.1454772949219,381.69657345167786,367.01260581088286,379.08222489894086,105525827,ITC.NS
2024-03-14,365.7054138183594,370.8034184912404,364.2675193135294,367.7097716994342,31949569,ITC.NS
2024-03-15,365.2261047363281,373.4613385589126,361.87101765864895,363.57035249882944,76074975,ITC.NS
2024-03-18,363.7882080078125,366.62044193009535,363.3089098568447,365.13896487478166,16547358,ITC.NS
2024-03-19,356.90374755859375,365.6182798826193,356.1630089967851,364.2675229533733,21803126,ITC.NS
2024-03-20,362.26318359375,363.09105972476596,356.9037386154801,357.2958991887677,20364534,ITC.NS
2024-03-21,367.0997314453125,367.75330475277406,362.69888298530844,365.13895628515684,19968509,ITC.NS
2024-03-22,373.5049133300781,374.419927016119,367.0997346711346,367.0997346711346,40358503,ITC.NS
2024-03-26,372.6770324707031,374.0277893005211,370.8469775031,370.8469775031,10669833,ITC.NS
2024-03-27,372.9820556640625,373.76637683110386,371.63129873341626,372.110596906979,12698464,ITC.NS
2024-03-28,373.28704833984375,377.55714895063414,372.1105666848334,372.98202537113855,29009002,ITC.NS
2024-04-01,371.84918212890625,375.9014252800758,371.02127836187066,373.94064999194785,9743648,ITC.NS
2024-04-02,371.1083984375,373.592026579895,370.01908203422835,373.592026579895,9194659,ITC.NS
2024-04-03,370.54193115234375,373.6791877694876,366.88184906696273,371.2391146333111,13152268,ITC.NS
2024-04-04,368.40692138671875,372.4156094618312,365.9232929984776,370.84699479060345,19065447,ITC.NS
2024-04-05,372.58990478515625,376.20643221522545,365.96684064487147,368.1890562257562,16768902,ITC.NS
2024-04-08,373.9406433105469,375.94500116709133,372.76418920624536,373.24348736865613,8844633,ITC.NS
2024-04-09,371.54412841796875,376.03211438370613,370.8469725212621,375.1171007216393,6967273,ITC.NS
2024-04-10,380.78155517578125,381.5222937012438,371.02126177569613,373.24347735208397,14547618,ITC.NS
2024-04-12,374.8121032714844,379.73583272202484,373.2434885876637,379.0822317625633,18785009,ITC.NS
2024-04-15,371.1519470214844,373.98418066873637,368.5375987462391,372.9820018617095,9083087,ITC.NS
2024-04-16,371.1519470214844,372.11054323033323,368.79903909754034,368.84259407683487,10357752,ITC.NS
2024-04-18,365.00823974609375,372.0234367437925,363.96250587237773,371.2391432432269,22133191,ITC.NS
2024-04-19,370.14984130859375,371.45701560681107,362.52462568029154,364.26751553828564,17221280,ITC.NS
2024-04-22,370.6291198730469,372.63345000847283,368.92978508955906,372.1105692692811,7386048,ITC.NS
2024-04-23,374.02777099609375,375.1606423832982,370.4547988192816,370.6291015967122,12484384,ITC.NS
2024-04-24,373.7663879394531,375.4221402938995,373.24350714588553,374.0713833231087,6070285,ITC.NS
2024-04-25,381.304443359375,381.9580166930137,373.8535029761323,375.5964204369422,30337038,ITC.NS
2024-04-26,383.439453125,386.3152417734805,380.3022241232242,382.78585224176186,15342965,ITC.NS
2024-04-29,381.870849609375,385.5745144039112,378.7336205173507,385.18238148157155,12075706,ITC.NS
2024-04-30,379.6486511230469,383.8751968280465,379.16935297976505,383.3958986847647,12528665,ITC.NS
2024-05-02,382.5680236816406,385.70525292282576,378.9514962957991,379.9536751869483,24123523,ITC.NS
2024-05-03,380.3457946777344,383.48305142686223,375.9013913463709,383.48305142686223,23786388,ITC.NS
2024-05-06,378.8643798828125,383.8316643954197,377.6443431520748,381.696586307185,10753860,ITC.NS
2024-05-07,383.7444763183594,388.6682055521619,379.2564902446458,380.73796727495403,26969062,ITC.NS
2024-05-08,384.3109436035156,387.5353104505702,381.87087026244257,384.52880137635015,10916481,ITC.NS
2024-05-09,370.4548034667969,384.74663711557434,368.92977152540453,383.4830455341657,24314298,ITC.NS
2024-05-10,377.64434814453125,380.258696819881,371.6748846058545,371.6748846058545,14524604,ITC.NS
2024-05-13,376.337158203125,379.47438753102364,374.2892177623848,377.5571672805197,7584217,ITC.NS
2024-05-14,374.4635009765625,377.6007301404288,373.4613221101125,375.1606568754472,11423749,ITC.NS
2024-05-15,372.8077697753906,377.55716877013117,371.8927284401261,375.37853574944563,7856433,ITC.NS
2024-05-16,375.988525390625,376.99070423690523,368.5376131811202,374.72493380168805,23911954,ITC.NS
2024-05-17,380.2151184082031,381.260852290136,373.7663570890688,376.8164487683138,11894830,ITC.NS
2024-05-21,378.9079284667969,380.91228632724113,377.5136165803025,379.9536900005545,11175153,ITC.NS
2024-05-22,383.35235595703125,385.13882840102065,379.4308054819888,381.1301403386556,11036895,ITC.NS
2024-05-23,384.6159362792969,387.70961053618345,380.4329731658347,384.65951888111425,27244733,ITC.NS
2024-05-24,380.1279602050781,385.5745427258716,379.34366668390487,384.310951047624,13252938,ITC.NS
2024-05-27,376.0321044921875,382.48086541430223,375.3349486138195,382.3937278342273,12282545,ITC.NS
2024-05-28,373.853515625,376.90360747517,373.1999146503608,376.5550294949917,9668761,ITC.NS
2024-05-29,375.5528259277344,376.8164451895943,370.80339947365115,370.80339947365115,10832067,ITC.NS
2024-05-30,369.3655090332031,375.55282998521824,368.0583347743574,373.4177796163997,21314885,ITC.NS
2024-05-31,371.63128662109375,374.3328003943377,369.7140939893284,371.8927270015866,29300711,ITC.NS
2024-06-03,375.02996826171875,378.9951014605376,373.548518756603,378.21078029410506,16116836,ITC.NS
2024-06-04,368.496826171875,378.3482827063766,357.5360024211148,378.08202332328574,47791986,ITC.NS
2024-06-05,381.8983154296875,386.95715897011706,371.0262361922414,374.5319094827672,28197030,ITC.NS
2024-06-06,386.4246520996094,388.46592707633255,382.6083333908019,386.95717084482885,32318523,ITC.NS
2024-06-07,389.7528381347656,391.97162873664547,382.60833352183147,382.8745928945324,29543660,ITC.NS
2024-06-10,387.75592041015625,391.3947516185539,386.82404073501334,390.50722975348344,11872688,ITC.NS
2024-06-11,384.29461669921875,388.55471053198954,383.6289963758289,387.844704269185,13158571,ITC.NS
2024-06-12,383.67333984375,385.53712730991356,381.80955237758644,382.1201976859324,10751658,ITC.NS
2024-06-13,381.8983154296875,387.7559089354638,381.4101826375395,387.7559089354638,9641349,ITC.NS
2024-06-14,382.6527099609375,383.3183302481955,380.7889225262687,382.51958027789186,9572809,ITC.NS
2024-06-18,380.5226745605469,385.3596448481991,380.0345417507453,384.29460735192566,14641141,ITC.NS
2024-06-19,375.9963684082031,382.29770931274305,375.4638496334078,381.63208897222137,11329972,ITC.NS
2024-06-20,375.6856994628906,378.5257525366393,374.08817136690516,376.351347889539,15147549,ITC.NS
2024-06-21,372.40191650390625,377.46076039319195,371.47000866410593,377.1945010103919,26176371,ITC.NS
2024-06-24,375.6856994628906,376.26257601400545,372.7569026415791,372.7569026415791,9723008,ITC.NS
2024-06-25,375.6856994628906,376.3069619517722,372.53502920868647,375.41944009223124,10655609,ITC.NS
2024-06-26,376.2625427246094,378.4369753072999,374.576271030252,375.4194068774307,11511714,ITC.NS
2024-06-27,377.72698974609375,379.19138810710024,373.73315557755257,376.2625632571175,38438054,ITC.NS
2024-06-28,377.1057434082031,379.8570246308186,375.86321841942026,377.63823402627366,18554411,ITC.NS
2024-07-01,380.7889099121094,381.85391921322434,376.88381955208246,378.34824601707334,13391362,ITC.NS
2024-07-02,377.6382141113281,382.2089247658896,375.0200345853231,381.6320482400805,11177863,ITC.NS
2024-07-03,380.123291015625,381.32143008834834,377.63824099221983,378.1707597480842,7435499,ITC.NS
2024-07-04,380.7889099121094,382.9633144498743,379.01386628228175,381.6320457914882,9478861,ITC.NS
2024-07-05,384.8714904785156,385.1821076455477,379.50200174351687,380.7445266675842,13427543,ITC.NS
2024-07-08,393.7023010253906,394.54543698466966,384.8715242308732,386.20279301541757,21311436,ITC.NS
2024-07-09,401.6899108886719,403.81995765649066,394.05727377595514,397.25232986369844,27489709,ITC.NS
2024-07-10,400.6693115234375,404.1306271806451,396.2760880434586,402.6662006020045,12065662,ITC.NS
2024-07-11,407.0594482421875,407.81384048178734,398.22864294708677,399.3824242772935,19556596,ITC.NS
2024-07-12,407.4144287109375,411.1420037598132,404.5743755491234,407.0594255817072,19693114,ITC.NS
2024-07-15,411.275146484375,413.9820700425255,405.7725274869741,407.4144416236789,16876907,ITC.NS
2024-07-16,413.18328857421875,414.24832611511465,409.5000993772223,411.3195010056231,13497253,ITC.NS
2024-07-18,417.3545837402344,417.9314884137471,410.60946830322706,410.9201136086524,21907158,ITC.NS
2024-07-19,421.1708984375,425.47537796795797,416.6001876694199,418.02022824325525,25939326,ITC.NS
2024-07-22,414.0707702636719,425.51972582046176,413.4495078011498,421.2152745186909,18762384,ITC.NS
2024-07-23,436.8355712890625,441.4506680930601,413.93765914854197,414.07078883419376,56125835,ITC.NS
2024-07-24,438.47747802734375,453.210261927794,435.4599375014016,440.20813578403585,43693692,ITC.NS
2024-07-25,434.8387145996094,440.20817585100497,430.13487369800487,434.8830724128117,18567567,ITC.NS
2024-07-26,445.7107849121094,449.438331919922,432.57552818447857,438.47750808548517,21534703,ITC.NS
2024-07-29,440.2525329589844,449.2608250855603,438.47748921984754,448.63956258965953,12978187,ITC.NS
2024-07-30,434.7943115234375,441.8056866583547,433.6849161895334,440.47441788326415,13891052,ITC.NS
2024-07-31,439.6312561035156,441.93879038664625,435.32680471107363,437.0574624554141,11982586,ITC.NS
2024-08-01,438.1669006347656,440.8738242304474,435.72620830215726,440.1637898116665,12114803,ITC.NS
2024-08-02,434.08428955078125,443.2700690816439,430.26797086538403,430.26797086538403,22141163,ITC.NS
2024-08-05,431.3329772949219,436.56933654734354,425.60848524167875,426.0522602329523,25022076,ITC.NS
2024-08-06,431.5992736816406,436.3918583538408,429.602356369564,431.5548877403152,14251363,ITC.NS
2024-08-07,437.2349548339844,439.8531344481693,433.19676276137596,434.8830345877464,11320399,ITC.NS
2024-08-08,439.0987548828125,441.98319394772153,437.1018376938733,438.4331345718136,21349889,ITC.NS
2024-08-09,440.1194152832031,441.98320282176905,437.6343652317819,441.98320282176905,9556181,ITC.NS
2024-08-12,438.96563720703125,443.7582217148487,436.65810276874254,436.65810276874254,9425644,ITC.NS
2024-08-13,434.883056640625,441.85007398597685,433.32991441946837,440.16377394612385,8056478,ITC.NS
2024-08-14,436.8355712890625,442.87070869735584,434.7942963223527,436.61369785563306,9609981,ITC.NS
2024-08-16,446.1101379394531,447.48579265284656,437.23497527546624,438.87688936925474,13643352,ITC.NS
2024-08-19,445.04510498046875,452.01209380136623,443.40319097362044,447.97390175378985,10591508,ITC.NS
2024-08-20,442.6932067871094,446.7757849749655,441.7169411474016,444.645738066525,6888634,ITC.NS
2024-08-21,448.5508117675781,451.7458679452625,442.91506345507685,443.75819937308097,8801221,ITC.NS
2024-08-22,447.7964172363281,451.3020905746001,445.0451079369473,450.72521402910553,8686423,ITC.NS
2024-08-23,448.90582275390625,449.9264461841349,443.7138493421569,448.24017431856487,8195369,ITC.NS
2024-08-26,448.8170471191406,450.8583502184477,445.53324716421866,449.0833064910477,8126402,ITC.NS
2024-08-27,444.2907409667969,450.50336614741735,443.7582222004659,450.4589802075658,8260450,ITC.NS
2024-08-28,441.3619384765625,445.79951979911414,440.65193221566744,444.11321976952377,8081932,ITC.NS
2024-08-29,448.2845458984375,450.5920801870925,441.4062727134569,441.9831773815983,19389694,ITC.NS
2024-08-30,445.44451904296875,451.87901762056,443.9357346345459,445.4888768545288,15523349,ITC.NS
2024-09-02,452.6777648925781,455.20720087112886,446.6870413627012,447.30830387252314,16497266,ITC.NS
2024-09-03,452.10089111328125,457.9141271779408,450.769622334864,452.67776768740197,12481552,ITC.NS
2024-09-04,449.3939208984375,452.67772062754966,443.7138151149141,443.7581729218678,8739052,ITC.NS
2024-09-05,453.69842529296875,454.3196878148697,450.01523610168874,451.16898926523896,11318636,ITC.NS
2024-09-06,445.2669677734375,454.4083891154112,441.2287758223232,454.4083891154112,14245025,ITC.NS
2024-09-09,454.1865539550781,454.98530397420916,444.06886619293823,445.5332646679885,14265060,ITC.NS
2024-09-10,455.8284912109375,457.0709881784687,451.5240111906708,454.31970671954286,11332248,ITC.NS
2024-09-11,456.49407958984375,461.06479055779437,454.36403269993195,455.29594052025584,15497555,ITC.NS
2024-09-12,461.0648193359375,461.95234127279457,451.3465202280897,457.1597565673343,19085324,ITC.NS
2024-09-13,456.0503234863281,461.50852809733834,454.4084094452432,461.06478122957145,9165077,ITC.NS
2024-09-16,453.60968017578125,458.84601159207153,452.36715513571806,457.8697459360179,7821668,ITC.NS
2024-09-17,450.6365051269531,455.78409288100744,449.30520818368683,453.56530214619374,10889862,ITC.NS
2024-09-18,450.2814636230469,454.76343093157726,448.2845745094767,450.72523863670733,5638729,ITC.NS
2024-09-19,451.0802307128906,456.89346666395045,450.4145822727039,452.63337290269794,14461616,ITC.NS
2024-09-20,456.5384521484375,459.15663177722325,450.8583460271267,454.4084053209533,24725118,ITC.NS
2024-09-23,458.8016357421875,461.0204264871007,455.8284808966198,457.4703669208341,8105508,ITC.NS
2024-09-24,457.2928771972656,459.5560257442093,456.3166115244718,458.8460194599906,7015487,ITC.NS
2024-09-25,459.3341369628906,460.88730730174024,454.67468220228506,457.51473537232573,8802667,ITC.NS
2024-09-26,463.94921875,464.83674061062754,458.8459891473696,459.4228656991907,16086557,ITC.NS
2024-09-27,463.90484619140625,469.0524337523458,461.730441478933,461.730441478933,17916386,ITC.NS
2024-09-30,459.86663818359375,465.3692286846989,456.2278070132723,462.0410428214885,10936940,ITC.NS
2024-10-01,458.135986328125,461.28665660969307,456.1834550969594,459.8666441244711,5285319,ITC.NS
2024-10-03,455.0740661621094,457.6922177343659,450.9471020792447,451.3464911442906,16481353,ITC.NS
2024-10-04,446.908935546875,459.15667068272745,445.13389168557245,452.6333999628257,18930962,ITC.NS
2024-10-07,452.8109130859375,457.0266211371439,449.74898635096883,449.97085980040646,17114457,ITC.NS
2024-10-08,450.8139953613281,454.89657371344003,449.0833374525847,452.63339702416863,9868331,ITC.NS
2024-10-09,436.3918151855469,452.4558677197935,435.37116365980967,452.4558677197935,24874940,ITC.NS
2024-10-10,436.7025146484375,439.8975711767671,434.39495194510886,439.6313117780773,13292273,ITC.NS
2024-10-11,433.2855224609375,438.38875219322694,432.57551620558445,437.5456162489988,14949380,ITC.NS
2024-10-14,441.05126953125,442.87069915329164,433.6848916811289,435.77055254076595,6970606,ITC.NS
2024-10-15,442.4713439941406,443.2257362116992,438.87689853964406,441.9832111625406,8347216,ITC.NS
2024-10-16,437.7231140136719,442.73760011362725,436.9687218016791,440.2081640936547,6939430,ITC.NS
2024-10-17,433.9067687988281,439.3206155181232,433.10801882331054,439.3206155181232,7669729,ITC.NS
2024-10-18,431.9542541503906,436.25870575391593,424.58787595548876,433.77365572961855,22616838,ITC.NS
2024-10-21,429.247314453125,432.7530159179544,423.65595210991864,431.95423781408044,7680088,ITC.NS
2024-10-22,427.60540771484375,433.46302952571807,426.71788584919966,429.24732175988674,12772970,ITC.NS
2024-10-23,426.31854248046875,428.9366941192119,425.56415026999287,426.8954190593147,10553961,ITC.NS
2024-10-24,418.6414794921875,428.1379038851162,417.13269521294427,427.78290078317127,13596626,ITC.NS
2024-10-25,428.0491943359375,437.98936636836663,420.86030359535795,422.2803161165742,32154050,ITC.NS
2024-10-28,429.6910705566406,431.24424086047924,422.45782216873073,427.73853932024565,8946214,ITC.NS
2024-10-29,433.0636291503906,434.1730244214629,427.1616496836426,430.4454495599473,7131161,ITC.NS
2024-10-30,436.2586975097656,437.76748187143,431.7767303629288,433.0636412897533,6640080,ITC.NS
2024-10-31,433.81805419921875,437.5456293433338,430.17922280768573,436.6581074335961,8111694,ITC.NS
2024-11-01,435.1492919921875,436.74682006469067,434.26177014569237,435.7705544719371,1517892,ITC.NS
2024-11-04,430.0904541015625,437.9449648846851,425.60848700060944,437.9449648846851,8754385,ITC.NS
2024-11-05,426.1854248046875,430.48987661737266,423.3009855731891,428.6260890085853,7610046,ITC.NS
2024-11-06,426.9841613769531,429.91298645719,424.2328800557218,426.18541135723177,11749720,ITC.NS
2024-11-07,424.1440734863281,428.4041670029908,422.5465454495721,427.5610311124764,9267980,ITC.NS
2024-11-08,424.2772216796875,426.62914196530926,421.21529515296464,424.14409199348466,6325023,ITC.NS
2024-11-11,423.30096435546875,427.3391565747761,420.771556524025,424.2772299880931,5700343,ITC.NS
2024-11-12,419.6621398925781,424.1884646983555,418.153355581329,423.8778475255531,5236095,ITC.NS
2024-11-13,419.08526611328125,421.30405680700125,415.57959256886795,417.1771207432275,11548660,ITC.NS
2024-11-14,413.5382995605469,419.75092490711046,410.25449937906205,418.19778263445596,12087836,ITC.NS
2024-11-18,414.0707702636719,415.1801655090349,410.0325783212632,413.58263748083095,8448573,ITC.NS
2024-11-19,414.7807922363281,420.4608983587322,413.80452663353714,415.35769691286504,7121472,ITC.NS
2024-11-21,405.7281494140625,411.8520025055283,404.17497910804383,409.14507908254996,20313155,ITC.NS
2024-11-22,421.2596740722656,422.90155996145944,404.26371361127775,404.8849760938828,20214206,ITC.NS
2024-11-25,423.1678466796875,427.96043122898016,419.26278403833174,425.1203780003654,14427013,ITC.NS
2024-11-26,423.3453674316406,428.3598254865603,420.7715735570813,426.00790505967507,6791715,ITC.NS
2024-11-27,423.30096435546875,426.0966596925035,419.79529089140067,423.78909717178095,7339184,ITC.NS
2024-11-28,421.4815673828125,429.3804644079403,417.6208626211006,423.3453549185364,14967609,ITC.NS
2024-11-29,423.1234436035156,425.0315887798811,419.4402266731938,419.97274538658377,8668142,ITC.NS
2024-12-02,423.5228576660156,425.38664526883133,420.15031373251634,422.45784823353785,5689595,ITC.NS
2024-12-03,419.3959045410156,420.150296739833,410.69822941298054,413.5826685185779,23073942,ITC.NS
2024-12-04,414.5589599609375,424.4103888420172,413.93769741312286,421.0378448350006,13957078,ITC.NS
2024-12-05,414.9139404296875,419.57339521958045,410.4763590816044,414.9583263692382,27432375,ITC.NS
2024-12-06,418.15338134765625,421.5259532874458,415.09145472778096,417.1327297650406,7842234,ITC.NS
2024-12-09,412.6507263183594,418.9077368278381,410.8757108172056,418.4639618565727,12154116,ITC.NS
2024-12-10,413.09454345703125,413.9820653621883,410.5651074337324,413.0057997049072,9163636,ITC.NS
2024-12-11,412.9169921875,415.5351717369577,412.42885940098836,414.64764990839933,7005617,ITC.NS
2024-12-12,408.79010009765625,415.2689566944341,407.5031890897079,413.13893783213524,13380617,ITC.NS
2024-12-13,417.1327209472656,421.0378115655174,400.84679442097826,408.2575584671943,32976794,ITC.NS
2024-12-16,417.22149658203125,421.0378437429753,415.35773707139464,417.3546262796443,9354160,ITC.NS
2024-12-17,416.7333068847656,422.2802831020424,410.96445724439167,417.13269592312224,20608409,ITC.NS
2024-12-18,417.5765380859375,420.50533524919456,414.38145339296057,419.5290695281089,12841386,ITC.NS
2024-12-19,414.0707702636719,420.99340109521216,412.9613750183089,416.24517481851433,15161531,ITC.NS
2024-12-20,412.3845520019531,414.86960217449706,407.63632510913385,414.02643805111927,20231570,ITC.NS
2024-12-23,420.9046630859375,423.9665895043808,415.00265554758255,418.1977397754907,19562956,ITC.NS
2024-12-24,424.6322326660156,426.22976080207064,419.48464513072406,421.4815623327857,12009880,ITC.NS
2024-12-26,423.30096435546875,427.64980189132285,422.4578284116542,426.49602063096154,9188830,ITC.NS
2024-12-27,424.7653503417969,427.69417528170976,422.4578160167487,425.78600188340243,16906420,ITC.NS
2024-12-30,423.3453674316406,427.294816060941,422.45784551297163,426.67355353066995,13578360,ITC.NS
2024-12-31,429.247314453125,430.1348363036615,421.1709021796047,424.6322177071176,13787501,ITC.NS
2025-01-01,429.5135803222656,432.08737403819936,427.9160522183077,431.3329818602233,18931186,ITC.NS
2025-01-02,434.0399475097656,434.8830835178147,428.04922356880445,430.75614723421285,27131131,ITC.NS
2025-01-03,427.42791748046875,435.7705610825458,425.8747471935482,435.104912655584,38500784,ITC.NS
2025-01-06,407.98931884765625,425.5937435344478,406.69894820698454,419.9253105618029,22009958,ITC.NS
2025-01-07,406.56072998046875,412.551763098371,405.68510619666324,410.61619292699265,14294780,ITC.NS
2025-01-08,414.3490295410156,416.65327289988676,402.8739144906199,408.31192319196157,13482926,ITC.NS
2025-01-09,414.85601806640625,424.57991468291425,411.12312660534036,414.2108186154645,19732649,ITC.NS
2025-01-10,410.0631408691406,416.60719760759747,407.8510728791192,414.71772931211405,9145729,ITC.NS
2025-01-13,404.67120361328125,409.2336166719609,400.93834065834005,400.93834065834005,17799607,ITC.NS
2025-01-14,402.4130859375,406.9293975210864,401.72181289527845,406.468548826272,18048459,ITC.NS
2025-01-15,403.1043395996094,407.2058759094838,401.2609449089771,402.4130665906223,9786805,ITC.NS
2025-01-16,398.95672607421875,405.0399345529054,397.34375562074734,403.74953568775027,15774070,ITC.NS
2025-01-17,405.731201171875,407.20589448929087,398.63412003792996,399.09496873161544,11270061,ITC.NS
2025-01-20,403.4269104003906,406.65285087793734,401.8600137743947,404.6251056122919,8742771,ITC.NS
2025-01-21,403.2886962890625,411.99874818990406,401.16880346679136,403.70347138071133,15686500,ITC.NS
2025-01-22,402.78173828125,407.34415137338146,402.36696322633964,405.45465494630946,9619648,ITC.NS
2025-01-23,405.731201171875,407.2519962354426,400.10884148331786,400.9383635063573,8888248,ITC.NS
2025-01-24,407.0215759277344,410.15534145029955,404.6712306898313,404.9938304042069,9665384,ITC.NS
2025-01-27,405.6390075683594,410.1553189378108,402.36696511353375,406.2841788337263,10480203,ITC.NS
2025-01-28,401.3531188964844,407.205874516849,400.47749517024033,405.5468305521421,20813072,ITC.NS
2025-01-29,399.4175720214844,403.2426105877509,396.42205548568967,401.81399087571464,15158510,ITC.NS
2025-01-30,402.04443359375,403.7034777304941,397.6663707644809,399.09499054178985,22496695,ITC.NS
2025-01-31,412.4595642089844,413.10476360530413,401.0305226922514,402.32089335691995,13546181,ITC.NS
2025-02-01,426.33111572265625,434.5803185994335,405.1320757909766,412.92042997358686,30393007,ITC.NS
2025-02-03,418.7732238769531,428.77364640147414,416.88372730958895,425.8242034381593,16991730,ITC.NS
2025-02-04,419.5105285644531,424.3033658681254,413.6116713562202,422.1373715457356,18923681,ITC.NS
2025-02-05,413.05865478515625,420.1557355112139,411.53785980899255,419.5105361259467,12836283,ITC.NS
2025-02-06,406.56072998046875,414.76383123938655,403.88781313807607,414.76383123938655,17469129,ITC.NS
2025-02-07,397.1133117675781,410.6161724179037,394.8551419924304,405.5468369559543,18875982,ITC.NS
2025-02-10,393.7491149902344,399.37144626315796,393.103915600897,393.5647642710035,12227140,ITC.NS
2025-02-11,385.5460205078125,396.836813931307,384.80867382114087,395.2238434422364,14288751,ITC.NS
2025-02-12,383.76715087890625,387.4185038147077,381.61379694988227,386.80994975406657,13884574,ITC.NS
2025-02-13,383.57989501953125,387.55893945511997,382.92451156606495,383.81395645691885,12989029,ITC.NS
2025-02-14,384.0948181152344,389.6654917445899,382.3627577670518,385.49918673722794,14124236,ITC.NS
2025-02-17,382.5500183105469,385.1714949759147,380.81795796252226,383.6734960648676,11975265,ITC.NS
2025-02-18,379.4136047363281,384.6565868517638,378.243297503952,381.98828064755554,12998403,ITC.NS
2025-02-19,380.4902648925781,382.73724896523663,378.7114036922215,378.99226598682156,7079032,ITC.NS
2025-02-20,376.4176025390625,378.1496629377972,370.940587610997,374.45150926845105,15355585,ITC.NS
2025-02-21,375.3409423828125,377.54112576751635,373.7493416368229,376.41761935814907,8240986,ITC.NS
2025-02-24,376.27716064453125,377.6815292674185,373.3279922508586,374.49829943659796,7037625,ITC.NS
2025-02-25,379.03912353515625,381.05204632098673,374.96644852961964,376.3708172507043,15760891,ITC.NS
2025-02-27,375.996337890625,380.5839368267905,374.0302158974239,379.0391368935452,19051003,ITC.NS
2025-02-28,369.81707763671875,376.8389208829856,367.1956009202271,373.5620607013944,31954776,ITC.NS
2025-03-03,372.1108703613281,373.56203978887015,366.2593346503496,370.70650179069327,10702826,ITC.NS
2025-03-04,369.6766357421875,371.8768189431307,367.80414426427035,370.19155946983375,13404774,ITC.NS
2025-03-05,379.226318359375,386.4354218493058,369.34893741865807,369.34893741865807,15665018,ITC.NS
2025-03-06,379.8349304199219,383.57991359952393,375.01324171862086,383.06496126915613,17869996,ITC.NS
2025-03-07,378.1496887207031,379.97537953583947,376.08996501773333,377.82199696260744,11180761,ITC.NS
2025-03-10,379.1795349121094,380.9115952921479,374.8727986777293,375.48135271072846,9785018,ITC.NS
2025-03-11,380.3030700683594,382.36279376469145,375.6218408876654,375.9027032097249,11099475,ITC.NS
2025-03-12,386.10772705078125,386.95034247967084,378.2432687612253,380.4902527622482,13844306,ITC.NS
2025-03-13,385.78009033203125,387.98027378974945,382.17556667393245,386.66953531662665,8196569,ITC.NS
2025-03-17,381.94146728515625,389.71229562499354,381.0520223888826,386.669496920414,5257805,ITC.NS
2025-03-18,383.0181579589844,385.6864641717792,381.7542204295601,383.8607734546159,13861897,ITC.NS
2025-03-19,377.3538513183594,384.56295527450226,376.9325578592833,383.8607709374216,12830387,ITC.NS
2025-03-20,378.1965026855469,380.72434920469203,376.27718165061447,379.17954934766647,16994037,ITC.NS
2025-03-21,379.6944885253906,381.5201793399715,376.08996490330134,380.06900971850354,25302035,ITC.NS
2025-03-24,384.703369140625,386.5290597637776,379.74127814367813,381.05201646627233,14362572,ITC.NS
2025-03-25,383.6734924316406,388.77604313821394,382.6436449762537,385.73324448631945,20338110,ITC.NS
2025-03-26,381.3797302246094,384.9842822489654,380.34985413594273,384.14163817608556,13891436,ITC.NS
2025-03-27,383.3458251953125,384.51613235664644,379.78807428168614,381.98825745938433,18642328,ITC.NS
2025-03-28,383.626708984375,389.10375252075136,382.12871001952664,384.70338591875066,12981873,ITC.NS
2025-04-01,380.7243347167969,387.9802393973372,379.74128809208565,383.6735031628839,15206240,ITC.NS
2025-04-02,382.9713439941406,383.86078895831395,380.1626065139579,381.0988523406854,8001323,ITC.NS
2025-04-03,383.29901123046875,384.0480249871138,380.77116480316903,381.09882796400086,7059566,ITC.NS
2025-04-04,383.57989501953125,386.4822339855749,378.7114056930887,381.52014294173955,18627592,ITC.NS
2025-04-07,380.16259765625,382.0819186994949,365.27629507252,365.27629507252,26762866,ITC.NS
2025-04-08,386.2481689453125,389.29096760296807,381.28607794776286,385.6396149281719,18600796,ITC.NS
2025-04-09,389.7591247558594,392.3338007695701,385.0310947776454,386.66952496818857,21785572,ITC.NS
2025-04-11,394.6744079589844,395.51705204166717,390.4145009718859,393.2232383889498,8939356,ITC.NS
2025-04-15,393.59771728515625,401.8366972313636,392.2869789172459,401.8366972313636,11685880,ITC.NS
2025-04-16,397.3895568847656,398.8875273661801,391.35075980822495,391.35075980822495,13034594,ITC.NS
2025-04-17,400.0110168457031,400.5727700384027,394.6744043729881,397.9044638020452,22410217,ITC.NS
2025-04-21,395.89154052734375,401.7430767519647,394.6276029884348,400.76000152305585,27388236,ITC.NS
2025-04-22,405.9561462402344,407.0796239509172,396.5468596960377,398.79387226130666,32031936,ITC.NS
2025-04-23,403.3815002441406,409.5607281098517,401.5090086831345,408.39042088422286,19566317,ITC.NS
2025-04-24,402.63250732421875,408.2499822981009,401.9303229524835,404.31776695955654,26064089,ITC.NS
2025-04-25,400.52593994140625,405.11356719755287,396.3128338610747,402.63249298157206,22944377,ITC.NS
2025-04-28,401.4621887207031,403.05381801388353,397.6704046490059,399.4492659595311,6287095,ITC.NS
2025-04-29,398.8406982421875,402.21118873045583,397.90445247166593,401.5558052623093,11189930,ITC.NS
2025-04-30,398.6534729003906,401.93033338689156,395.0957500866863,400.1514719800394,10026546,ITC.NS
2025-05-02,402.1175537109375,403.990045229964,397.06183232395665,397.06183232395665,9263372,ITC.NS
2025-05-05,409.0926208496094,410.5437904360518,401.9771469315377,402.8197624517931,11525305,ITC.NS
2025-05-06,407.7818603515625,411.6204739738847,405.3944449107777,409.60755115118997,15026568,ITC.NS
2025-05-07,403.662353515625,407.2669054042834,402.30481430744925,405.76890647461266,9710361,ITC.NS
2025-05-08,403.1474304199219,403.9900458904708,396.54688066139005,401.6494314878609,19937960,ITC.NS
2025-05-09,396.546875,401.7898569013842,396.0319512675585,398.7938876519881,8226512,ITC.NS
2025-05-12,407.7350158691406,408.3903993096515,400.8536040315856,402.11754148288384,8031891,ITC.NS
2025-05-13,400.61956787109375,410.02885520481095,398.23215253511023,407.1732884018215,14976369,ITC.NS
2025-05-14,401.7430725097656,404.3177484214116,398.74707456561424,399.8705809376595,9557309,ITC.NS
2025-05-15,405.06671142578125,407.64138719634747,398.84068300407523,401.7430504961949,24263510,ITC.NS
2025-05-16,407.92230224609375,408.3904251412249,404.5518116867584,407.17328847071144,16402035,ITC.NS
2025-05-19,407.5946044921875,410.54377297361634,405.0667294669892,407.266912756039,7543854,ITC.NS
2025-05-20,407.1733093261719,412.69715405726095,405.30081764973795,409.1394313008186,9868414,ITC.NS
2025-05-21,405.3944396972656,410.2629293856914,404.4581938781033,408.7649303606408,5776672,ITC.NS
2025-05-22,398.934326171875,405.3944162358384,395.9383282951614,405.3944162358384,19451749,ITC.NS
2025-05-23,408.4840393066406,411.01191444613914,401.6494562583,406.3306853522196,18536884,ITC.NS
2025-05-26,414.66326904296875,415.2718231131618,408.90536294937203,410.30973168302756,13107662,ITC.NS
2025-05-27,406.2370300292969,415.88037851185567,403.38149188670627,414.6632418792466,26986022,ITC.NS
2025-05-28,400.65911865234375,402.9475037342144,393.79393430833676,398.2753781298962,431851622,ITC.NS
2025-05-29,399.2765197753906,403.1381676108757,397.22650883681956,402.37538231693094,21478547,ITC.NS
2025-05-30,398.60906982421875,400.5160622005545,397.03580693342064,399.61025828083166,30656239,ITC.NS
2025-06-02,399.8009338378906,400.8974777159352,395.2718270145734,398.8474376645607,14973380,ITC.NS
2025-06-03,397.5602722167969,402.0893793944988,396.32070963544066,399.5149278857097,13216486,ITC.NS
2025-06-04,397.60791015625,399.5149025311001,396.60675079881145,397.7509287646849,12598933,ITC.NS
2025-06-05,399.6102600097656,401.37423378518696,396.4160419459044,399.0381564747108,13212523,ITC.NS
2025-06-06,401.4695739746094,401.7079480309055,399.5149183523392,400.7544518057209,8774988,ITC.NS
2025-06-09,403.3765563964844,403.9009967663349,400.94515272206996,402.375397024289,10473123,ITC.NS
2025-06-10,407.14288330078125,408.62079079284285,403.3765616168375,404.75914276623337,13041075,ITC.NS
2025-06-11,406.3323974609375,408.1917266795449,405.09286404746234,408.0963712404173,20789182,ITC.NS
2025-06-12,401.421875,407.3335627082408,400.0392939574362,407.1428518408551,18508835,ITC.NS
2025-06-13,394.6520690917969,399.8486349912841,394.27067643366814,395.70092072544685,17873926,ITC.NS
2025-06-16,398.75213623046875,399.4195661344484,394.0323182383462,395.65327347360335,7006629,ITC.NS
2025-06-17,397.98931884765625,399.5625818006199,396.3683927227586,398.65677784510535,9028406,ITC.NS
2025-06-18,396.5590515136719,398.99048420762057,395.60555534311806,397.6079031209599,8036215,ITC.NS
2025-06-19,396.6544189453125,398.799785393935,395.51021186668925,396.3206894558478,12601006,ITC.NS
2025-06-20,399.0858154296875,399.9916484421562,396.6544118043789,396.6544118043789,13203184,ITC.NS
2025-06-23,394.6520690917969,398.08466121174473,392.6020580932596,397.60791311448514,14839890,ITC.NS
2025-06-24,395.0811767578125,401.0881914896625,394.50907318849437,397.51258055441934,16690068,ITC.NS
2025-06-25,396.9881286621094,398.7044100961672,395.7962584722378,397.0357918303469,9946718,ITC.NS
2025-06-26,400.7544250488281,401.32652856542074,396.89277723401676,397.7986102268212,13703918,ITC.NS
2025-06-27,399.1811828613281,402.37540098742386,398.370705262409,401.4219047765532,21409935,ITC.NS
2025-06-30,397.08349609375,401.1835180314217,396.46370029757674,400.27768502039476,12317124,ITC.NS
2025-07-01,395.7962646484375,399.3718752738479,395.6055537757248,397.60790154563335,13670465,ITC.NS
2025-07-02,393.7462463378906,397.512538667108,392.5543761517345,397.512538667108,15990899,ITC.NS
2025-07-03,394.1276550292969,396.65441410717574,392.125307215327,394.7474217316605,14185298,ITC.NS
2025-07-04,393.3648376464844,395.70091492818915,392.60205234140216,395.60555949045533,8256733,ITC.NS
2025-07-07,396.7974548339844,397.7986433459749,392.8404512538974,393.7939474948049,6845218,ITC.NS
2025-07-08,397.79864501953125,398.656785820279,395.3672121359503,396.7974565033287,6807192,ITC.NS
2025-07-09,399.9440002441406,400.7544487506528,396.13001537247743,396.84513753591426,9930533,ITC.NS
2025-07-10,397.46490478515625,400.75444928229246,397.0358198471668,400.75444928229246,6220360,ITC.NS
2025-07-11,397.4172058105469,398.6090760644153,396.1776723858816,397.6079166905238,8578844,ITC.NS
2025-07-14,399.89630126953125,400.42074163962934,397.1788312743534,397.6555793753181,6896989,ITC.NS
2025-07-15,402.47076416015625,402.75680138955454,399.5149200299927,401.3265570457718,8532755,ITC.NS
2025-07-16,404.8544921875,405.66496977687433,400.7544410700043,402.47075168839604,9780773,ITC.NS
2025-07-17,404.2347106933594,406.0940107556235,403.3288776974709,405.99865531946784,7240795,ITC.NS
2025-07-18,403.09051513671875,405.4265924462953,400.56375604779373,405.4265924462953,6730256,ITC.NS
2025-07-21,400.5637512207031,403.09051027917883,398.9427960746048,402.3753881438521,4822343,ITC.NS
2025-07-22,396.6544189453125,400.8497964029397,395.8916336251602,400.5637591824813,9869507,ITC.NS
2025-07-23,395.65325927734375,398.46605560438246,394.74742624924966,397.7032702848046,12196187,ITC.NS
2025-07-24,390.8857727050781,396.5113943772586,390.4090246125477,396.5113943772586,9005157,ITC.NS
2025-07-25,390.361328125,391.1718056932205,388.7880652563331,390.93343164953177,5824089,ITC.NS
2025-07-28,390.8381042480469,391.7439373183991,389.59857077130863,391.69624504720383,8123337,ITC.NS
2025-07-29,389.4555358886719,392.2683322294525,389.02645095781634,390.9334433644723,6811772,ITC.NS
2025-07-30,388.6450500488281,390.26597610105154,386.8810762904252,389.979938885481,10915863,ITC.NS
2025-07-31,392.79278564453125,394.7474412869076,386.6903864618624,387.07180823457605,19364174,ITC.NS
2025-08-01,397.08349609375,399.8486291981142,392.6497155747587,393.22181910286025,14324065,ITC.NS
2025-08-04,397.46490478515625,402.85215260384814,395.79628640159,400.6591229390907,18352458,ITC.NS
2025-08-05,394.89044189453125,398.5137448813091,393.7939270939727,397.798622737676,8495104,ITC.NS
2025-08-06,392.8404235839844,395.700912105227,391.4101793233631,394.8904345378628,9080543,ITC.NS
2025-08-07,394.36602783203125,395.4625426248142,392.5066986324122,392.84042811675334,11514878,ITC.NS
2025-08-08,395.22418212890625,396.03465973340934,393.74627463123227,394.6520785787631,9814361,ITC.NS
2025-08-11,397.46490478515625,397.6079233983543,394.74743474081214,395.22418285040254,8514272,ITC.NS
2025-08-12,396.9881286621094,400.277672927119,395.9869402435813,397.60789534116395,13635738,ITC.NS
2025-08-13,394.8427734375,398.08465462555023,394.3660253481281,397.79861741128474,10874910,ITC.NS
2025-08-14,392.3160095214844,395.7485724437067,391.8869246070097,394.98578714952254,9580361,ITC.NS
2025-08-18,387.4054870605469,394.4613820852118,386.02293505585004,393.79392311853456,30950814,ITC.NS
2025-08-19,390.0752868652344,390.36132407533586,385.68919868718467,387.45317241186046,16681331,ITC.NS
2025-08-20,387.1671142578125,391.17180987394187,386.5950398255606,390.07529508093324,18188129,ITC.NS
2025-08-21,386.69036865234375,387.9299311597819,384.59269449100873,387.16711674788274,15028966,ITC.NS
2025-08-22,379.7774963378906,387.5961762308591,379.01471107445633,387.1194281666145,13087624,ITC.NS
2025-08-25,380.7787170410156,381.92289503325094,377.82287297221643,380.44498754804886,10440286,ITC.NS
2025-08-26,384.59271240234375,386.5473680457286,379.87289439733723,380.7310351895941,13715752,ITC.NS
2025-08-28,382.2566223144531,385.6892144680879,381.39848155064317,385.6892144680879,12471719,ITC.NS
2025-08-29,390.695068359375,391.3625273394323,383.21011736185324,383.3054728016321,25255050,ITC.NS
2025-09-01,386.9764404296875,391.12415473908817,386.1659628361549,390.69506980769,12268090,ITC.NS
2025-09-02,387.8345947265625,388.88344640782555,385.6415650189729,387.6438838396435,19808255,ITC.NS
2025-09-03,392.60205078125,394.03229504639114,388.3589811553069,389.50318820677745,12936588,ITC.NS
2025-09-04,396.5590515136719,407.1428648264985,395.7009107798522,404.2347131456668,27274123,ITC.NS
2025-09-05,388.40667724609375,397.60790962272006,385.59385185760647,397.5125541844266,16000675,ITC.NS
2025-09-08,388.5973815917969,391.4578703163545,387.88225941065747,388.5020552463618,7419022,ITC.NS
2025-09-09,390.9811096191406,391.8392794876205,388.4543504800707,389.5032021316832,8825896,ITC.NS
2025-09-10,393.8415832519531,394.46137904411546,389.9322722150785,391.8869277335158,9252397,ITC.NS
2025-09-11,395.74859619140625,397.32188823995943,393.26952928734954,393.8416037431192,8274406,ITC.NS
2025-09-12,394.509033203125,397.65555886786507,393.6508924853225,396.03463286721455,7803379,ITC.NS
2025-09-15,393.460205078125,395.03346800431143,392.60206430915014,393.84159774229215,5707331,ITC.NS
2025-09-16,393.8892822265625,395.0811524650244,392.84043059703714,393.98463766531836,8239087,ITC.NS
2025-09-17,390.2659606933594,395.31950772328065,389.0740905115468,394.6997410484167,14113882,ITC.NS
2025-09-18,392.4113464355469,393.84159072448466,391.02879441527705,392.22066465605855,15647808,ITC.NS
2025-09-19,391.5531921386719,393.4125212893377,389.932266126311,392.411332862674,19505321,ITC.NS
2025-09-22,388.0252990722656,391.8869471309128,387.16712919399254,391.5532176336283,8930779,ITC.NS
2025-09-23,384.4496765136719,389.1218020379517,383.4008248820839,388.16830584530703,14936357,ITC.NS
2025-09-24,382.3519592285156,385.83221438435834,382.0659220205699,384.4496624147626,12380865,ITC.NS
2025-09-25,381.49383544921875,384.2589686096089,379.4914876094897,382.7810611389299,22006368,ITC.NS
2025-09-26,386.26129150390625,387.02407677530545,381.20774451111,381.49381081167934,14414044,ITC.NS
2025-09-29,388.3113098144531,389.02643193197514,384.44966201919163,387.97758033993085,19717660,ITC.NS
2025-09-30,382.8763732910156,387.8345649867495,381.7798585213034,387.8345649867495,9465490,ITC.NS
2025-10-01,386.7380676269531,387.1194602903188,381.16010899274613,383.6392049522153,17643039,ITC.NS
2025-10-03,385.4985046386719,386.6427117258004,383.5915122257209,386.0706081822361,16987141,ITC.NS
2025-10-06,382.11358642578125,385.1170935125061,381.20775343369894,384.25895278749806,13989077,ITC.NS
2025-10-07,381.2077941894531,383.8776011840606,380.92175695000077,383.78224573811093,12298968,ITC.NS
2025-10-08,381.16009521484375,383.0670875611344,379.4914769118394,381.3984692581301,8402463,ITC.NS
2025-10-09,381.3031005859375,382.73334479601107,380.3972967119267,380.4449598795719,15656267,ITC.NS
2025-10-10,384.0682678222656,385.0694563176354,380.92174191886477,381.82757497204756,15085738,ITC.NS
2025-10-13,380.683349609375,382.3043047536442,380.0158906444655,381.3984717438948,9508594,ITC.NS
2025-10-14,378.3472595214844,382.2089363761892,377.77518511195166,381.3984588314936,10291102,ITC.NS
2025-10-15,381.3031005859375,382.2089335583413,378.7763416344861,379.4914637395229,16043867,ITC.NS
2025-10-16,386.3089904785156,387.11946809099607,380.96940578861586,382.3519869568705,22962049,ITC.NS
2025-10-17,392.9834289550781,394.60438403521437,386.40431139747704,386.49966683131913,21071344,ITC.NS
2025-10-20,393.8415832519531,395.5578938251509,392.17296494651845,393.3648351646861,13083621,ITC.NS
2025-10-21,393.6509094238281,394.6997610566706,393.1741613269356,394.27067613010945,1142130,ITC.NS
2025-10-23,396.60675048828125,400.89748332833454,394.3183363615374,396.65441365825745,24305990,ITC.NS
2025-10-24,397.4172058105469,398.5137497228218,394.22301680889524,396.6067573166322,14935678,ITC.NS
2025-10-27,401.0881652832031,403.0428499257912,397.22651736481293,397.60791001997336,11603679,ITC.NS
2025-10-28,398.466064453125,402.04167527754,396.559072013437,400.9451604443985,17163147,ITC.NS
2025-10-29,401.9940185546875,402.56612211545064,396.7020969906232,398.7521371748908,11470661,ITC.NS
2025-10-30,399.2765197753906,402.08934510630013,396.7974239224796,401.9939896699586,12938674,ITC.NS
2025-10-31,400.8021545410156,406.5707952146441,398.7521434230218,400.94517315884843,18599864,ITC.NS
2025-11-03,394.69976806640625,402.041671429904,394.07997225072296,400.42074533071906,7635440,ITC.NS
2025-11-04,389.88458251953125,395.22416695182824,389.36017125943533,394.7474188614159,10085404,ITC.NS
2025-11-06,388.5496826171875,394.07994866906864,387.6438496318514,390.933423001342,10095563,ITC.NS
2025-11-07,385.2601318359375,390.0753051532848,384.3543278958865,387.1671242550703,8411611,ITC.NS
2025-11-10,386.69036865234375,388.1683052075514,384.8787317089743,385.26012436572665,6650003,ITC.NS
2025-11-11,387.929931640625,389.07410961230016,385.7845652080402,387.11945405752516,12005318,ITC.NS
2025-11-12,388.07293701171875,389.1217886071048,386.6903559407471,389.0264331714527,7987236,ITC.NS
2025-11-13,386.83343505859375,388.54971664613856,385.68922793463327,388.07296852755434,6617185,ITC.NS
2025-11-14,389.1694641113281,389.74156764498133,381.49383142153096,385.87991971501265,64020258,ITC.NS
2025-11-17,388.1683044433594,392.8404299507648,387.1194528155595,390.69506352506284,7855399,ITC.NS
2025-11-18,386.9764404296875,390.74273297855876,385.73687790475674,389.26482550088946,7661681,ITC.NS
2025-11-19,384.78338623046875,386.6903786619881,384.06826406864894,386.0229487699935,7882450,ITC.NS
2025-11-20,386.59503173828125,388.07293915467255,384.49732853592553,384.78336574606783,6693410,ITC.NS
2025-11-21,388.8834228515625,389.5031895489138,385.8799157040955,386.1659529187517,5808131,ITC.NS
2025-11-24,384.78338623046875,389.78924136320717,384.1159563384741,389.40784869658233,11037491,ITC.NS
2025-11-25,382.1612548828125,385.6892023658129,381.49382502007865,384.78336936119564,8199785,ITC.NS
2025-11-26,383.5915222167969,385.16481427717554,382.3043255832445,382.3519887554517,11443953,ITC.NS
2025-11-27,385.4985046386719,387.07179665807234,383.40083044346284,384.7357193128495,8679529,ITC.NS
2025-11-28,385.4508361816406,386.1659583266901,383.782217843192,385.4984993519528,6883500,ITC.NS
2025-12-01,385.4508361816406,386.6427064233897,379.6821958509331,384.0682550618539,13442658,ITC.NS
2025-12-02,382.3043212890625,386.64271745343586,381.8752363504342,385.45084717768543,8093808,ITC.NS
2025-12-03,381.875244140625,383.496199388071,380.3019811642192,383.0194512680452,10772192,ITC.NS
2025-12-04,384.3066101074219,384.7833581805478,380.49262552241476,381.493813935015,8057989,ITC.NS
2025-12-05,386.1182861328125,386.49967878158014,383.3054607886625,384.3066201289768,4419747,ITC.NS
2025-12-08,383.5915222167969,386.40434773852076,381.92290381200377,386.11831050848593,6056866,ITC.NS
2025-12-09,382.399658203125,385.6892318944884,381.3984987831776,383.30549127709355,9426717,ITC.NS
2025-12-10,384.4019775390625,385.5938477590759,382.35196658031816,382.447322017598,6969146,ITC.NS
2025-12-11,384.1636047363281,385.2124563530077,382.44732325332086,384.40197878110104,6980147,ITC.NS
2025-12-12,381.49383544921875,385.21246480963276,381.2554613992128,384.1636131699276,12407516,ITC.NS
2025-12-15,383.5915222167969,384.5927107187102,380.9217444084862,381.49384796695153,7756564,ITC.NS
2025-12-16,383.0194091796875,386.8810568881978,382.39961341304394,382.7333428800691,12347384,ITC.NS
2025-12-17,381.2077941894531,384.35434931541226,380.54036426459874,382.35200134405585,8087490,ITC.NS
2025-12-18,381.7798767089844,383.2578132936943,381.2554654327811,381.3984840446188,7227668,ITC.NS
2025-12-19,382.399658203125,383.9252580179369,381.63687284491715,381.63687284491715,10654835,ITC.NS
2025-12-22,383.9729309082031,384.87873483805475,382.5426866099581,382.92407926981116,6847871,ITC.NS
2025-12-23,388.40667724609375,389.8845846952617,383.114755953949,383.78221492360865,10081997,ITC.NS
2025-12-24,387.6915588378906,390.45669198464753,386.7857258129762,388.9787845212552,5777430,ITC.NS
2025-12-26,385.3554992675781,388.21598798528635,385.0694620351657,387.5962212494621,3152453,ITC.NS
2025-12-29,383.8775634765625,385.97523758942174,382.7810487018413,385.30780773012765,6647710,ITC.NS
2025-12-30,381.9705810546875,384.6880510266874,381.68451473751173,384.258966100121,12340527,ITC.NS
2025-12-31,384.25897216796875,384.97409432460887,382.2089611386127,382.4473351908261,9945109,ITC.NS
2026-01-01,346.9295959472656,383.9729288975114,345.833081144032,383.9729288975114,282626710,ITC.NS
2026-01-02,333.77130126953125,343.25859919211456,329.19453158632655,343.25859919211456,118790358,ITC.NS
2026-01-05,333.4376220703125,337.4899807901625,329.9573377733733,333.91437015500077,48358124,ITC.NS
2026-01-06,326.5248107910156,334.39115505441515,322.04336666220496,333.96207009159815,72582738,ITC.NS
2026-01-07,325.3805847167969,328.5271105999748,323.5212554504856,327.0492030999599,29440734,ITC.NS
2026-01-08,325.0468444824219,329.0992032790893,323.2828707159584,325.61894801457146,36706319,ITC.NS
2026-01-09,321.47125244140625,325.1422187958776,320.47009302582137,325.0468633519181,35193201,ITC.NS
2026-01-12,322.6631164550781,323.71196812139505,320.1840204524369,322.52009784112477,16156143,ITC.NS
2026-01-13,319.13519287109375,323.71196303607496,318.18169666185645,323.23521493145626,24922339,ITC.NS
2026-01-14,319.182861328125,320.37473160941005,317.9433278749468,320.37473160941005,14913422,ITC.NS
2026-01-15,319.182861328125,319.182861328125,319.182861328125,319.182861328125,0,ITC.NS
2026-01-16,313.8909606933594,321.8049675143545,313.2711648846159,321.8049675143545,30526898,ITC.NS
2026-01-19,317.7049255371094,319.0874774812901,312.07927503151404,314.65372624927437,15507440,ITC.NS
2026-01-20,311.12579345703125,318.9444738116522,310.3630081485584,318.5153888891398,18771011,ITC.NS
2026-01-21,309.64788818359375,313.9862842154765,309.2664955266801,310.8397584229455,14177965,ITC.NS
2026-01-22,309.7432556152344,313.4142219142513,306.1199524882791,310.9351259007337,18622852,ITC.NS
2026-01-23,308.36065673828125,311.2211452592271,307.6932268757636,310.41066769194697,11950089,ITC.NS
2026-01-27,303.83154296875,309.60021214650556,303.06875768662377,308.551360559787,47847784,ITC.NS
2026-01-28,306.2153015136719,308.64673430417406,304.499019977878,305.07112352260765,28400238,ITC.NS
2026-01-29,303.7839050292969,307.5978899534603,303.25946464318696,307.5978899534603,17719420,ITC.NS
2026-01-30,307.1687927246094,310.02928130332384,301.7338818840886,303.9745746586993,41975824,ITC.NS
2026-02-02,300.06524658203125,300.7326764202941,287.9558339773994,295.0593918522917,35227572,ITC.NS
2026-02-03,301.924560546875,309.64788544935533,297.1094164617701,306.26298563884325,33168353,ITC.NS
2026-02-04,305.5264587402344,306.5972918224836,303.09276069340797,304.2122558533025,11196759,ITC.NS
2026-02-05,301.9732666015625,306.98667865411124,301.09711153502366,305.62381368471375,15816704,ITC.NS
2026-02-06,317.1595153808594,319.0091496502099,300.12362917115206,301.7785557148148,68057745,ITC.NS
2026-02-09,314.23907470703125,319.9826257687896,313.11957956571865,319.25251636686045,20059198,ITC.NS
2026-02-10,312.876220703125,314.9691951201795,312.2434651409776,314.43379342333833,11489090,ITC.NS
2026-02-11,309.80975341796875,313.6550081166595,307.91145710682224,313.41163831821643,24843366,ITC.NS
2026-02-12,309.0309753417969,311.90272107711473,308.49554397172875,308.8849296992704,13294561,ITC.NS
2026-02-13,305.4291076660156,309.9557801328065,304.9423680522052,307.6194359281623,8730618,ITC.NS
2026-02-16,309.5177307128906,309.80976259638305,304.8450126194144,305.4291060946274,11693763,ITC.NS
2026-02-17,316.8188171386719,319.34983928901715,309.7124011623626,310.0044627469445,39360672,ITC.NS
2026-02-18,323.6331787109375,324.11991832114603,316.18603890816456,317.35422585595626,35473203,ITC.NS
2026-02-19,317.3542175292969,325.38542088701683,316.3807383344217,325.19071316475083,19911747,ITC.NS
2026-02-20,318.32769775390625,319.1551610138723,316.4294014344681,316.4294014344681,11282027,ITC.NS
2026-02-23,316.7701416015625,319.39854745647875,315.79666235281263,318.3277143412081,13486092,ITC.NS
2026-02-24,314.9205322265625,316.7701368296786,313.5089754538475,315.4072718436051,13135859,ITC.NS
2026-02-25,311.2699890136719,317.93832779267075,309.6637541988749,316.86749468006315,13492101,ITC.NS
2026-02-26,309.8584289550781,312.87622052851447,309.1770113147723,311.5133555396741,11270119,ITC.NS
2026-02-27,305.2830810546875,309.32301376648314,304.3582639374763,307.6194251776827,13892595,ITC.NS
2026-03-02,306.548583984375,307.376047218612,298.85810450075655,298.85810450075655,22194311,ITC.NS
2026-03-04,303.6768493652344,307.13268865380064,302.2652926371002,302.3626464990797,24165489,ITC.NS
2026-03-05,303.23876953125,305.28308178434213,300.026300067982,303.9202168516899,19938009,ITC.NS
2026-03-06,301.48651123046875,304.0175333092302,300.9997716448259,301.8272051738374,21288269,ITC.NS
2026-03-09,297.8846435546875,299.05283051074235,295.54829935080625,296.9111643273846,14084931,ITC.NS
2026-03-10,300.8537292480469,301.77854635403554,295.69430146786544,300.8050671722483,18352950,ITC.NS
2026-03-11,300.8050842285156,302.41131902789596,299.53957310372596,300.85374630707344,14842485,ITC.NS
2026-03-12,296.0350341796875,299.83159716315987,294.8181851652266,298.9067800288785,23319679,ITC.NS
2026-03-13,293.455322265625,297.8846408259882,292.67652106597967,295.937682389217,25659996,ITC.NS
2026-03-16,300.0749816894531,301.2431686839447,293.99073631862075,294.52613802796225,37472204,ITC.NS
2026-03-17,296.76513671875,301.7298865244703,295.98633554258623,301.7298865244703,25649286,ITC.NS
2026-03-18,295.986328125,298.8094414690324,295.45092646773946,297.7872705212262,16702554,ITC.NS
2026-03-19,290.0968017578125,297.3978957617843,289.2206764189814,293.50397895966603,17851126,ITC.NS
2026-03-20,291.9950866699219,300.56169141647746,290.2428063525175,293.0658899820715,58679529,ITC.NS
2026-03-23,282.7470397949219,291.07027490300464,281.87088476609046,290.9729210433315,31788160,ITC.NS
2026-03-24,283.52581787109375,288.14984408530046,281.0921198636166,288.1011820084419,33335721,ITC.NS
2026-03-25,287.8578186035156,290.58354854916115,284.49930339528424,284.9373809296547,26184716,ITC.NS
2026-03-27,286.88433837890625,288.9773127628988,283.81785506545845,286.88433837890625,22179022,ITC.NS
2026-03-30,280.0699768066406,286.64096138513423,279.38852948557997,285.813498126197,24586921,ITC.NS
2026-04-01,283.9638977050781,286.64096553507443,283.1850965114152,285.22940879596706,18604340,ITC.NS
2026-04-02,285.0834045410156,285.86217605837106,280.75140999162466,282.5523525472668,18082775,ITC.NS
2026-04-06,287.0303649902344,287.51710461894146,282.552354464483,285.2294224223722,18047063,ITC.NS
2026-04-07,290.5348815917969,291.0702832730548,284.98603822136056,286.3489031712945,26963485,ITC.NS
2026-04-08,294.4288024902344,296.52177687527063,293.5526474241106,295.8403295367806,22310207,ITC.NS
2026-04-09,294.9642028808594,296.32706784361375,293.26061425035937,293.5039840547165,17691477,ITC.NS
2026-04-10,296.1810607910156,297.30055598300885,294.57482597570106,294.96421173271233,17744386,ITC.NS
2026-04-13,290.72955322265625,293.4553127708808,290.19415155315835,292.0437560666014,16522014,ITC.NS
2026-04-15,294.0393981933594,295.9376946310278,292.57917930537735,292.725224960759,18701403,ITC.NS
2026-04-16,295.35357666015625,297.2518729405252,293.84469581756434,294.91552885499743,16512053,ITC.NS
2026-04-17,298.6634216308594,301.729905030981,295.7916756720069,295.7916756720069,35111203,ITC.NS
2026-04-20,296.9111633300781,299.7829389242669,296.37576164015127,298.8581217781442,13540471,ITC.NS
2026-04-21,301.4378356933594,302.849392451092,296.4730857105753,296.91116324455527,24411865,ITC.NS
2026-04-22,297.39788818359375,302.3139461377078,297.0085024549496,301.77854447435044,24500511,ITC.NS
2026-04-23,297.20318603515625,298.22535701375915,295.2075655708127,295.93767496628874,10701849,ITC.NS
2026-04-24,293.6013488769531,298.5174072251711,293.114609250071,298.5174072251711,17011704,ITC.NS
2026-04-27,295.7916564941406,297.5439071449768,294.8181773085145,295.5969487737246,14382348,ITC.NS
2026-04-28,296.3757629394531,297.6899361310764,294.526128639099,296.32707115310103,12907339,ITC.NS
2026-04-29,307.86279296875,309.0796419528162,297.00850597252486,297.00850597252486,31199038,ITC.NS
2026-04-30,306.548583984375,309.07963576218305,304.99101137432183,307.86278680248944,11541956,ITC.NS
2026-05-01,306.548583984375,306.548583984375,306.548583984375,306.548583984375,0,ITC.NS
2026-05-04,302.8493957519531,309.4690426623296,302.26530226968964,309.4690426623296,20245091,ITC.NS
2026-05-05,303.19012451171875,305.38045282577866,301.4378440355334,302.8494008323303,26795704,ITC.NS
2026-05-06,302.4599914550781,305.28307511999276,301.04843476850743,304.504273955316,20287609,ITC.NS
2026-05-07,299.24749755859375,303.38478412292693,298.85811182359606,303.1901061095417,25718615,ITC.NS
2026-05-08,299.29620361328125,300.70773068347654,297.59261494674206,300.70773068347654,17739844,ITC.NS
2026-05-11,297.7386169433594,299.83159126541733,297.05716962537434,298.85811207299713,14968661,ITC.NS
2026-05-12,292.7252197265625,298.1280176321973,292.141126240168,297.25189225671994,15968338,ITC.NS
2026-05-13,296.3757629394531,297.6899361310764,293.0659097966479,293.99072694682496,13024778,ITC.NS
2026-05-14,299.0528259277344,300.9997843525029,296.7651438369858,296.91115977719784,11113377,ITC.NS
2026-05-15,301.2431640625,303.77418633135375,298.17668067606064,299.0528357626027,11954564,ITC.NS
2026-05-18,301.924560546875,304.01753483399096,298.371367495507,301.24314294849347,14422870,ITC.NS
2026-05-19,302.0705871582031,305.91584192326644,300.17232052251813,303.67685162223455,17519355,ITC.NS
2026-05-20,299.3935241699219,301.43783648682927,298.07935098097914,300.8050809313701,12127920,ITC.NS
2026-05-21,299.8802490234375,303.0440563532439,297.68992087203304,301.6325293694972,21868988,ITC.NS
2026-05-22,293.6986999511719,298.8581280637695,293.01725259672514,297.7872949531656,30751752,ITC.NS
2026-05-25,295.8890075683594,297.3978884085819,294.33143494437775,295.8890075683594,15734247,ITC.NS
2026-05-26,293.6499938964844,296.32706168880947,293.1145922213104,296.27839961224,37560542,ITC.NS
2026-05-27,291.95001220703125,296.3500061035156,291.04998779296875,295.6499938964844,25446093,ITC.NS
2026-05-28,291.95001220703125,291.95001220703125,291.95001220703125,291.95001220703125,0,ITC.NS
2026-05-29,286.8999938964844,292.3999938964844,285.8999938964844,292.0,31930439,ITC.NS
2026-06-01,279.6499938964844,288.54998779296875,278.29998779296875,287.79998779296875,23477875,ITC.NS
2026-06-02,283.25,283.6000061035156,277.1000061035156,279.5,20206131,ITC.NS
2026-06-03,277.0,282.3500061035156,275.20001220703125,282.3500061035156,28001438,ITC.NS
2026-06-04,280.29998779296875,280.6499938964844,275.04998779296875,277.0,22017634,ITC.NS
2026-06-05,280.70001220703125,281.3999938964844,277.8500061035156,280.0,16065822,ITC.NS
2026-06-08,279.45001220703125,283.45001220703125,276.95001220703125,279.0,15779677,ITC.NS
2026-06-09,280.0,281.70001220703125,277.1499938964844,281.70001220703125,12302522,ITC.NS
2026-06-10,283.6499938964844,285.8500061035156,278.6499938964844,280.0,19823743,ITC.NS
2026-06-11,282.3999938964844,283.25,281.20001220703125,283.0,12603100,ITC.NS
2026-06-12,285.1000061035156,285.8500061035156,283.0,283.54998779296875,12893433,ITC.NS
2026-06-15,287.8999938964844,288.8500061035156,286.70001220703125,287.0,11194950,ITC.NS
2026-06-16,291.6499938964844,292.1499938964844,287.5,288.1499938964844,14467499,ITC.NS
2026-06-17,290.75,292.3500061035156,290.0,291.95001220703125,8626353,ITC.NS
2026-06-18,291.1499938964844,291.8999938964844,288.0,291.04998779296875,10409670,ITC.NS
2026-06-19,292.5,294.54998779296875,288.3999938964844,289.79998779296875,13874008,ITC.NS
2026-06-22,291.25,293.95001220703125,290.04998779296875,292.79998779296875,9947873,ITC.NS
2026-06-23,290.0,293.1499938964844,289.6499938964844,291.25,9410364,ITC.NS
2026-06-24,290.3500061035156,291.3999938964844,289.45001220703125,290.0,6218635,ITC.NS
2026-06-25,290.0,292.25,289.20001220703125,290.3500061035156,11230239,ITC.NS
2026-06-26,290.0,290.0,290.0,290.0,0,ITC.NS
2026-06-29,290.70001220703125,291.8999938964844,289.3500061035156,290.45001220703125,10110022,ITC.NS
2026-06-30,286.95001220703125,291.6000061035156,285.5,291.5,18180676,ITC.NS
2026-07-01,290.29998779296875,291.0,287.1000061035156,287.8500061035156,6551425,ITC.NS
2026-07-02,289.8999938964844,291.0,287.70001220703125,290.70001220703125,12722639,ITC.NS
2026-07-03,289.95001220703125,291.6000061035156,289.0,291.29998779296875,6517591,ITC.NS
2026-07-06,288.25,290.3999938964844,287.6000061035156,289.95001220703125,27126124,ITC.NS
2026-07-07,288.75,290.70001220703125,286.54998779296875,288.29998779296875,18491160,ITC.NS
2026-07-08,280.6499938964844,287.8500061035156,280.0,286.8999938964844,21593793,ITC.NS
2026-07-09,282.04998779296875,284.3999938964844,281.0,281.25,12512120,ITC.NS
2026-07-10,281.75,283.6499938964844,280.8500061035156,282.8500061035156,11774274,ITC.NS
2026-07-13,279.6499938964844,281.5,279.5,281.3500061035156,12559492,ITC.NS
2026-07-14,275.54998779296875,280.6499938964844,275.0,279.25,15018851,ITC.NS
2026-07-15,276.6499938964844,277.70001220703125,275.29998779296875,276.6499938964844,8523722,ITC.NS
2026-07-16,279.3500061035156,280.45001220703125,276.0,277.0,11220653,ITC.NS
2026-07-17,280.70001220703125,281.95001220703125,277.79998779296875,279.3500061035156,15215868,ITC.NS
2026-07-20,282.70001220703125,283.70001220703125,279.5,280.70001220703125,9913943,ITC.NS
2026-07-21,281.0,283.95001220703125,278.79998779296875,283.0,9858768,ITC.NS
2026-07-22,280.79998779296875,282.20001220703125,278.5,280.5,12995017,ITC.NS
2026-07-23,281.29998779296875,284.0,279.6499938964844,279.95001220703125,21143589,ITC.NS
2026-07-24,283.45001220703125,284.8500061035156,279.54998779296875,279.54998779296875,24954082,ITC.NS
2026-07-27,285.8500061035156,287.8999938964844,285.5,287.75,19312804,ITC.NS
2026-07-28,284.6499938964844,287.95001220703125,282.29998779296875,284.8999938964844,14843878,ITC.NS
2026-07-29,286.25,289.04998779296875,284.1499938964844,285.6000061035156,19030590,ITC.NS
2026-07-30,285.04998779296875,288.3999938964844,283.75,286.1000061035156,18283697,ITC.NS
2026-07-31,281.0,285.79998779296875,280.04998779296875,285.54998779296875,16833813,ITC.NS
