Date,Close,High,Low,Open,Volume,Ticker
2020-01-01,332.8424377441406,337.3557662662573,332.43484352838954,335.8148568645296,7375280,KOTAKBANK.NS
2020-01-02,332.3453674316406,334.72133674845037,330.97347238457314,334.0254382833988,9260445,KOTAKBANK.NS
2020-01-03,329.47235107421875,332.6336558260119,327.1758983843761,332.2260616402924,7970445,KOTAKBANK.NS
2020-01-06,328.5677185058594,329.54193997354145,325.7941058613682,329.4723743960192,7400435,KOTAKBANK.NS
2020-01-07,332.2062072753906,332.9816222609895,328.1402161489798,330.25770370071734,12489655,KOTAKBANK.NS
2020-01-08,329.0249938964844,330.33724394994096,325.6748031880389,328.9951714106438,15629655,KOTAKBANK.NS
2020-01-09,331.0530090332031,332.7827738627458,329.79045302881406,332.7330798331613,13342120,KOTAKBANK.NS
2020-01-10,334.9599304199219,336.41134204413737,332.27578518799027,332.8523937314956,12680415,KOTAKBANK.NS
2020-01-13,336.232421875,338.8966653400019,335.12892911095946,336.4113568081183,9039790,KOTAKBANK.NS
2020-01-14,333.38916015625,337.2264916955317,332.2360038783665,337.2066201522006,10684460,KOTAKBANK.NS
2020-01-15,333.15057373046875,335.3376569832308,331.22197222709684,333.2201696381097,12451225,KOTAKBANK.NS
2020-01-16,338.31011962890625,339.1153571268137,333.80674200280856,333.80674200280856,16606410,KOTAKBANK.NS
2020-01-17,337.6241149902344,339.1650241470597,336.0335118088992,338.77730153824655,11479375,KOTAKBANK.NS
2020-01-20,321.6784362792969,339.791365832725,320.30657147203084,339.791365832725,40020170,KOTAKBANK.NS
2020-01-21,323.1099548339844,324.2034965681486,315.1768700515422,319.11358995629683,28727345,KOTAKBANK.NS
2020-01-22,315.2365417480469,325.65493574668136,313.3477133224977,324.7204876454375,27395810,KOTAKBANK.NS
2020-01-23,319.2826232910156,319.78960559114563,314.40147379366533,315.7335954989139,17478415,KOTAKBANK.NS
2020-01-24,326.65899658203125,327.8618773726631,315.5347535740321,319.2030712596853,21264685,KOTAKBANK.NS
2020-01-27,321.7679138183594,323.8853710419371,319.7895877478346,323.8257260687792,9372145,KOTAKBANK.NS
2020-01-28,323.2988586425781,325.674828103177,320.15742509468714,322.09597783733676,9905520,KOTAKBANK.NS
2020-01-29,326.1619567871094,327.3051926789599,322.70239628355637,324.68072256521333,11137465,KOTAKBANK.NS
2020-01-30,323.7362365722656,326.1320772918103,321.5988776109679,325.635015657172,7950780,KOTAKBANK.NS
2020-01-31,336.36163330078125,343.76783387392004,334.65173996713656,339.92058145777855,47475230,KOTAKBANK.NS
2020-02-03,333.27984619140625,334.1845020617759,324.8794919224282,327.18586532788254,12551470,KOTAKBANK.NS
2020-02-04,337.6639404296875,338.55864537631965,332.06702111957645,334.83068281682154,10352085,KOTAKBANK.NS
2020-02-05,335.9639587402344,339.4831331416582,333.4488281741795,338.3995424582356,10482560,KOTAKBANK.NS
2020-02-06,332.8324279785156,337.5843355575312,331.6394983674267,336.78904915013857,12663090,KOTAKBANK.NS
2020-02-07,328.6671447753906,333.6178905615049,326.86778372765684,333.1804738090816,11450755,KOTAKBANK.NS
2020-02-10,331.8979797363281,332.9517783117242,327.2057470354483,330.0489250199544,6775620,KOTAKBANK.NS
2020-02-11,333.5184020996094,335.17860128919995,331.3512206784663,334.512525357554,9573830,KOTAKBANK.NS
2020-02-12,340.96441650390625,341.97841133668646,333.0313017377615,334.04529657054167,15052685,KOTAKBANK.NS
2020-02-13,335.9739074707031,340.924652507475,334.48272249630344,340.924652507475,11234600,KOTAKBANK.NS
2020-02-14,334.2143249511719,338.5984124798335,330.7647157803603,337.20664588460033,9460785,KOTAKBANK.NS
2020-02-17,336.232421875,337.84289694954236,332.48458753068553,335.01959009791125,9063825,KOTAKBANK.NS
2020-02-18,336.2125244140625,337.96216085564834,333.68744264558904,334.5225026073489,11095195,KOTAKBANK.NS
2020-02-19,338.2206726074219,345.9549516344557,337.0873573414369,345.9549516344557,15842670,KOTAKBANK.NS
2020-02-20,335.20849609375,337.85286817098705,333.26994318722666,337.4651454543861,10499515,KOTAKBANK.NS
2020-02-24,333.6774597167969,334.77100134935614,330.5062041514919,332.43480566575994,9630665,KOTAKBANK.NS
2020-02-25,333.1903381347656,335.9539994403132,331.7091042626315,333.26985464260736,7677775,KOTAKBANK.NS
2020-02-26,331.3412780761719,333.56813486000806,329.4524499061897,332.0570480534344,12929475,KOTAKBANK.NS
2020-02-27,334.5722351074219,335.795017873219,330.168275503188,331.24194581906846,13446760,KOTAKBANK.NS
2020-02-28,322.1655578613281,330.06882020614495,320.85330777222157,329.034953776761,18716560,KOTAKBANK.NS
2020-03-02,317.9206237792969,325.5356120074579,314.9780272636615,324.28303726143463,23814235,KOTAKBANK.NS
2020-03-03,323.34857177734375,325.3467390885554,315.53474644029956,318.8750166850761,14591930,KOTAKBANK.NS
2020-03-04,319.70013427734375,324.7005736674624,313.6657980768537,324.521638740159,12651105,KOTAKBANK.NS
2020-03-05,328.32916259765625,333.3296026679328,319.71012870623673,321.10189556052245,25304810,KOTAKBANK.NS
2020-03-06,324.29296875,326.867744579887,317.7616014128425,319.15336803193856,17711215,KOTAKBANK.NS
2020-03-09,313.775146484375,320.0977561997154,306.70691394522163,317.1253371987836,27677505,KOTAKBANK.NS
2020-03-11,315.99200439453125,319.09369444526686,306.687025257027,313.33771228366277,23571010,KOTAKBANK.NS
2020-03-12,291.2880859375,307.47241249780905,268.6021843197757,300.2053733998827,39039565,KOTAKBANK.NS
2020-03-13,292.2822265625,299.2311393256468,233.03246666160138,278.35454820990395,57044450,KOTAKBANK.NS
2020-03-16,275.1136779785156,287.25194556409673,273.3839131092599,281.73454293295003,32902600,KOTAKBANK.NS
2020-03-17,262.9854431152344,278.94111339340793,259.08846558816464,276.7639804688096,24105575,KOTAKBANK.NS
2020-03-18,233.0125732421875,264.2379763840596,231.05414901367257,263.64152663993303,55827210,KOTAKBANK.NS
2020-03-19,240.746826171875,249.24658301225182,199.02347206231667,217.7229280096755,49586245,KOTAKBANK.NS
2020-03-20,250.98631286621094,255.21133692658998,227.95247763262688,241.96960717853133,51895950,KOTAKBANK.NS
2020-03-23,218.35919189453125,239.47437770923455,214.36282687362453,226.1630664074467,33472025,KOTAKBANK.NS
2020-03-24,229.22494506835938,235.6072146317611,206.99634817819307,229.27465426560724,36859170,KOTAKBANK.NS
2020-03-25,256.513671875,263.24387669097473,223.68771140014087,226.66014596823914,32245300,KOTAKBANK.NS
2020-03-26,272.9763488769531,276.36631341227513,249.08756407862307,258.47209168054513,36274745,KOTAKBANK.NS
2020-03-27,278.1755676269531,288.2957347590429,273.29441895992755,285.5122018690764,51116430,KOTAKBANK.NS
2020-03-30,257.2194519042969,274.37802970185857,253.66050385336442,267.4589400562567,27851625,KOTAKBANK.NS
2020-03-31,257.68670654296875,264.4368126230531,255.48970242152123,264.0988143226948,22384305,KOTAKBANK.NS
2020-04-01,234.94117736816406,257.45808075372645,230.2389780851089,257.45808075372645,54192310,KOTAKBANK.NS
2020-04-03,226.82911682128906,235.20958432332762,216.12240438368377,234.9411667787259,50557355,KOTAKBANK.NS
2020-04-07,238.20188903808594,244.36545058117562,232.82367824248135,242.76491143105116,42762850,KOTAKBANK.NS
2020-04-08,236.1341094970703,247.04957923448717,230.7062046988034,235.5674670961848,37025435,KOTAKBANK.NS
2020-04-09,253.08392333984375,254.73415656629234,236.6212431509716,241.57197316855425,40487010,KOTAKBANK.NS
2020-04-13,248.70974731445312,249.9524013765066,241.7707712792993,248.53081241069358,21252680,KOTAKBANK.NS
2020-04-15,233.37045288085938,252.69621293945784,229.3044920814788,251.68220289044987,45228380,KOTAKBANK.NS
2020-04-16,224.84088134765625,231.62081002957356,221.58015789924616,231.62081002957356,55276025,KOTAKBANK.NS
2020-04-17,235.8557586669922,238.1820036050372,225.66599459391878,236.07446701184614,42926975,KOTAKBANK.NS
2020-04-20,234.16574096679688,243.4607845066905,233.07219929428356,242.56607962490133,32800900,KOTAKBANK.NS
2020-04-21,224.70169067382812,229.6424847408733,223.677744877474,228.64836143030675,23998980,KOTAKBANK.NS
2020-04-22,229.07583618164062,231.9786897114805,220.33749861251604,224.08534788809828,34818460,KOTAKBANK.NS
2020-04-23,248.46121215820312,249.52493129790005,230.2588182025345,233.02247957469504,52791235,KOTAKBANK.NS
2020-04-24,246.453125,250.1214426132807,241.2439131500111,242.36727739719967,33921175,KOTAKBANK.NS
2020-04-27,259.1878356933594,263.42281078547074,248.90860410641844,248.90860410641844,38857060,KOTAKBANK.NS
2020-04-28,263.7707214355469,265.72914554707205,260.4801757446535,260.4801757446535,33391940,KOTAKBANK.NS
2020-04-29,264.0093078613281,268.8109096113578,261.4941773564111,263.8402935669975,33516145,KOTAKBANK.NS
2020-04-30,269.8448486328125,274.37804875032407,265.2420525985713,266.42506183002484,31362610,KOTAKBANK.NS
2020-05-04,254.05816650390625,259.6451350000466,251.25474648299954,257.47795333041165,25482195,KOTAKBANK.NS
2020-05-05,246.21450805664062,259.04862792275446,243.56020075038964,257.87556974725544,25024205,KOTAKBANK.NS
2020-05-06,247.72560119628906,253.9786304232311,241.42286276778597,244.75316690471493,23021370,KOTAKBANK.NS
2020-05-07,238.54983520507812,246.54257991167376,235.45811111635652,244.65375169773952,34216360,KOTAKBANK.NS
2020-05-08,242.05909729003906,247.12911721780415,240.78662062956417,242.9637380000591,17556020,KOTAKBANK.NS
2020-05-11,236.29318237304688,248.98814184741957,235.6072348319203,246.65194589852737,23370405,KOTAKBANK.NS
2020-05-12,230.07989501953125,234.21545151694923,226.0636284619427,234.21545151694923,51342750,KOTAKBANK.NS
2020-05-13,235.9452362060547,242.56610146869866,233.16168774554095,241.58191387480764,59574620,KOTAKBANK.NS
2020-05-14,233.24122619628906,241.37316345935818,232.05821692859413,234.39441297564875,35499850,KOTAKBANK.NS
2020-05-15,234.27511596679688,236.58147428693798,229.48343406365467,234.58329178305928,19319900,KOTAKBANK.NS
2020-05-18,221.42108154296875,233.8178004856111,220.69537577089497,233.61897885657802,31987080,KOTAKBANK.NS
2020-05-19,224.76133728027344,232.60496965093188,223.73739147647134,228.64836309345043,31914605,KOTAKBANK.NS
2020-05-20,230.65652465820312,234.21548839156898,221.68952698741253,224.67189730562885,26271940,KOTAKBANK.NS
2020-05-21,228.6980743408203,236.5118842954355,227.57471012753317,231.63073512075735,29885640,KOTAKBANK.NS
2020-05-22,230.6763916015625,232.06817349042592,221.98776262279668,226.66013966093055,25948740,KOTAKBANK.NS
2020-05-26,229.2846221923828,233.61900085761224,227.56479294406105,230.63663063389802,27353985,KOTAKBANK.NS
2020-05-27,242.07896423339844,247.13906346158686,230.8354319093493,231.4219610276605,58726830,KOTAKBANK.NS
2020-05-28,244.4449920654297,249.50507632065424,240.49832111783775,243.36140124502873,53550015,KOTAKBANK.NS
2020-05-29,243.3614044189453,244.5145911706725,238.5995449739335,241.87021936143844,27486760,KOTAKBANK.NS
2020-06-01,248.21270751953125,254.33651091649725,246.14494432724084,248.3320126349806,34717880,KOTAKBANK.NS
2020-06-02,267.0016174316406,269.0594599042518,258.0843303885604,263.04502619018314,86600150,KOTAKBANK.NS
2020-06-03,275.68035888671875,283.96142383597436,266.86248914254185,271.1968526239941,61722075,KOTAKBANK.NS
2020-06-04,265.3116760253906,274.38802814342444,264.5064384432745,274.38802814342444,30020720,KOTAKBANK.NS
2020-06-05,265.98760986328125,270.00387622034634,262.64737036188853,267.22031296428565,28440585,KOTAKBANK.NS
2020-06-08,265.77886962890625,271.3956601915981,261.5538456149345,269.4074135967879,26511485,KOTAKBANK.NS
2020-06-09,259.29718017578125,270.4015513502768,258.2931362217244,266.8127806171361,27386665,KOTAKBANK.NS
2020-06-10,264.8841857910156,267.27999643061645,259.1878479221782,259.36678284876257,24381800,KOTAKBANK.NS
2020-06-11,258.21356201171875,265.3116165451207,256.3247339133999,265.2320696960902,21884065,KOTAKBANK.NS
2020-06-12,254.45582580566406,256.42418584132326,244.8724770749336,246.5425970641914,44962120,KOTAKBANK.NS
2020-06-15,248.31210327148438,252.73594868412712,245.98585851550374,252.5073045848086,37767895,KOTAKBANK.NS
2020-06-16,253.85934448242188,257.6370163239191,246.1648241343305,253.70028110256288,26331460,KOTAKBANK.NS
2020-06-17,247.298095703125,255.47972585270008,245.86657095653496,252.3979528605523,27146320,KOTAKBANK.NS
2020-06-18,259.1381530761719,260.4404522681823,244.22628730702152,246.54259658718735,33362610,KOTAKBANK.NS
2020-06-19,258.9690856933594,261.60350602528086,253.76982576345162,259.26731050896126,42463075,KOTAKBANK.NS
2020-06-22,269.47698974609375,275.37213318619627,257.66680098492947,260.42051139502746,38169335,KOTAKBANK.NS
2020-06-23,276.3464050292969,277.4995916944363,268.4232411384632,269.4074134942845,23349125,KOTAKBANK.NS
2020-06-24,267.200439453125,277.95686003891143,265.8186239449574,276.76390003249685,26663085,KOTAKBANK.NS
2020-06-25,274.7160339355469,276.3165882527105,263.44267915493896,265.82856904944964,49925190,KOTAKBANK.NS
2020-06-26,266.4449157714844,274.96455972813715,263.8303969782973,274.37803062210565,33470980,KOTAKBANK.NS
2020-06-29,269.53668212890625,271.7734597775186,261.05681074569645,265.649655996729,19098405,KOTAKBANK.NS
2020-06-30,270.4910583496094,272.9664161460786,267.4291713311681,271.37584282328606,23888320,KOTAKBANK.NS
2020-07-01,269.7554016113281,271.3559257879645,261.6533016399822,262.2497514336108,44697925,KOTAKBANK.NS
2020-07-02,268.8109130859375,272.76753443015434,266.8823116087385,270.0336955704193,24964910,KOTAKBANK.NS
2020-07-03,269.1688537597656,272.1313219901895,268.4232612311844,270.3816854864539,13840515,KOTAKBANK.NS
2020-07-06,271.9722595214844,274.62658228095205,270.6003947484178,272.38980468771354,16240365,KOTAKBANK.NS
2020-07-07,272.0418395996094,273.2646222011504,268.71152042037687,272.38978882816843,17871440,KOTAKBANK.NS
2020-07-08,268.9600830078125,274.1494085482577,268.015683948195,271.9921776852951,16915525,KOTAKBANK.NS
2020-07-09,272.0219421386719,273.3043695899867,267.96590240277527,269.55650562590665,17229575,KOTAKBANK.NS
2020-07-10,268.2840576171875,273.38391514287974,267.52851417982976,271.07754174122493,15089795,KOTAKBANK.NS
2020-07-13,265.540283203125,271.3758129659443,263.2637624915932,270.40156112541786,16783485,KOTAKBANK.NS
2020-07-14,258.13409423828125,264.71518651023825,257.1399708053394,264.19825324687474,14574715,KOTAKBANK.NS
2020-07-15,256.48382568359375,260.84804177599017,254.49557897286823,259.74454907565416,21862715,KOTAKBANK.NS
2020-07-16,262.9754638671875,264.019281310143,251.91086548360806,256.20548588673256,21020285,KOTAKBANK.NS
2020-07-17,263.9297790527344,266.00749306068445,258.69076030569664,261.85206504478424,21000815,KOTAKBANK.NS
2020-07-20,262.25970458984375,265.76895915043065,260.2615067496029,264.4368373696834,17408710,KOTAKBANK.NS
2020-07-21,270.2027282714844,270.99804519527163,263.44270127960505,263.46257282586026,22021225,KOTAKBANK.NS
2020-07-22,266.89227294921875,271.6640524641329,264.6256731288994,271.39565010557305,20862875,KOTAKBANK.NS
2020-07-23,273.195068359375,274.34825522514586,265.4906114669953,266.42508995583995,21543595,KOTAKBANK.NS
2020-07-24,268.4132995605469,271.3956695556641,266.743179644458,270.40154622395835,15561890,KOTAKBANK.NS
2020-07-27,262.9654846191406,274.27861263693404,260.4901273082589,271.39566113211544,37804195,KOTAKBANK.NS
2020-07-28,275.1832580566406,278.71238350567234,262.32925154476663,264.45665955211194,33758855,KOTAKBANK.NS
2020-07-29,276.2569580078125,277.9469495348252,267.5981216066869,275.3721736456583,20338950,KOTAKBANK.NS
2020-07-30,275.3721618652344,283.26550351687797,273.58275201006893,277.38028006609665,30485515,KOTAKBANK.NS
2020-07-31,271.5447692871094,276.3563223469313,268.48288291749,273.38390343239246,16115350,KOTAKBANK.NS
2020-08-03,260.1720275878906,269.60627932264185,258.49195660793106,269.60627932264185,26206300,KOTAKBANK.NS
2020-08-04,263.2339172363281,264.70520030460983,258.86970138474317,262.44855133422055,24732980,KOTAKBANK.NS
2020-08-05,265.2718811035156,269.00979474908445,262.8462176107407,264.83446438591767,17378010,KOTAKBANK.NS
2020-08-06,266.4449157714844,271.87285082949467,264.56603851158496,267.41916752661746,18389150,KOTAKBANK.NS
2020-08-07,266.922119140625,267.97588746324595,263.0947381802722,266.72328233557926,14035345,KOTAKBANK.NS
2020-08-10,270.4413146972656,274.3780345239907,267.65775121654445,268.2144578450415,14800280,KOTAKBANK.NS
2020-08-11,271.3161315917969,275.37214111572536,269.8348673146409,272.9862513758713,12514625,KOTAKBANK.NS
2020-08-12,265.4508056640625,269.3776050269583,265.14262985300593,268.4133041651319,19200950,KOTAKBANK.NS
2020-08-13,265.6794738769531,270.1033350627719,265.2221856158753,266.80283815288954,16656640,KOTAKBANK.NS
2020-08-14,259.95330810546875,267.7770541068093,258.9293622565939,265.9379501585176,16657510,KOTAKBANK.NS
2020-08-17,263.9497375488281,265.1426675339317,260.8977711532266,262.4684729186641,14156700,KOTAKBANK.NS
2020-08-18,272.2605895996094,273.37400303076555,262.05095249479484,262.17024245695575,21309745,KOTAKBANK.NS
2020-08-19,269.5267028808594,274.55696432639934,268.4033387034143,272.8570219866894,16983820,KOTAKBANK.NS
2020-08-20,266.0970153808594,268.41330948051484,264.46663849425335,267.02154283233745,14206945,KOTAKBANK.NS
2020-08-21,266.3057861328125,268.8109662250165,264.64558667552296,266.82271938853233,12425830,KOTAKBANK.NS
2020-08-24,275.81951904296875,277.6586228595286,266.89228097385893,267.9360982934326,30145690,KOTAKBANK.NS
2020-08-25,278.3743896484375,279.34864138356824,274.48736398717404,276.76391479066405,22811185,KOTAKBANK.NS
2020-08-26,285.6513977050781,286.6355701063023,278.99078951066525,280.3427826946404,28593240,KOTAKBANK.NS
2020-08-27,282.3310241699219,287.4706551066278,280.65095332438705,286.5063542682927,21417855,KOTAKBANK.NS
2020-08-28,291.6956787109375,293.0675434122179,278.55336717061664,280.3427770162771,53228510,KOTAKBANK.NS
2020-08-31,278.6229248046875,298.53521317834486,273.18506917069317,295.8510984863582,34868765,KOTAKBANK.NS
2020-09-01,284.4485168457031,286.7051659114292,275.5908742233756,282.30120678529914,21291070,KOTAKBANK.NS
2020-09-02,283.0269470214844,285.81048043477097,279.7761440536317,283.3251719092512,16626250,KOTAKBANK.NS
2020-09-03,277.6983947753906,285.71102602497245,276.36627321415517,285.0748028984911,11975745,KOTAKBANK.NS
2020-09-04,274.38800048828125,277.3007746751146,269.2085958978786,274.378049546366,20508780,KOTAKBANK.NS
2020-09-07,272.1412353515625,274.1791758462991,269.6857497496556,274.1791758462991,11607735,KOTAKBANK.NS
2020-09-08,268.552490234375,272.81725746552087,267.95601017026956,272.76756343444384,14119345,KOTAKBANK.NS
2020-09-09,263.67138671875,268.46303892972344,261.07670860892733,267.0215780582589,17217005,KOTAKBANK.NS
2020-09-10,262.3491516113281,267.031464195318,261.4743181904898,264.43681675864923,16449740,KOTAKBANK.NS
2020-09-11,264.5063781738281,265.66948537708987,260.6591260829515,261.8520557699319,17501570,KOTAKBANK.NS
2020-09-14,259.40655517578125,268.00571627789094,258.47207677882955,265.82858366565637,19455565,KOTAKBANK.NS
2020-09-15,263.2339172363281,264.20813865435565,256.2849747357742,260.0825330248928,25149565,KOTAKBANK.NS
2020-09-16,263.5221862792969,264.83443629289036,258.5813923535608,263.2438329738287,16429435,KOTAKBANK.NS
2020-09-17,259.486083984375,263.76083289031595,258.71066893084924,261.45445927635853,16544955,KOTAKBANK.NS
2020-09-18,253.91897583007812,261.25559559518024,251.01613756447813,261.07666067928125,32645685,KOTAKBANK.NS
2020-09-21,256.0563659667969,262.3392330021888,253.13364080597333,253.70028324396543,34298955,KOTAKBANK.NS
2020-09-22,252.61669921875,258.7703103577184,250.85709654338032,256.0961159694368,21191625,KOTAKBANK.NS
2020-09-23,253.58099365234375,255.9768194701958,251.5430376890245,254.50553628391037,14176745,KOTAKBANK.NS
2020-09-24,247.75540161132812,255.469807865133,245.7472683662883,251.91082958279128,28080625,KOTAKBANK.NS
2020-09-25,249.13726806640625,250.20097222579594,244.6736485003647,249.534911362247,18199870,KOTAKBANK.NS
2020-09-28,254.23709106445312,255.28092353396812,249.25652376306135,250.12142132477697,9460495,KOTAKBANK.NS
2020-09-29,251.16525268554688,257.0603967378609,250.34014367234772,255.8475650644902,11747350,KOTAKBANK.NS
2020-09-30,252.14942932128906,253.8891450694916,248.92846441802033,251.16524180856646,14753080,KOTAKBANK.NS
2020-10-01,259.47613525390625,260.42053419692996,254.2768594127748,254.49556775484356,15811955,KOTAKBANK.NS
2020-10-05,261.3749084472656,265.17243635352673,260.18194836537896,260.4603016727212,19300040,KOTAKBANK.NS
2020-10-06,266.07708740234375,266.8226798555569,260.66905438131243,263.4426668019709,13162655,KOTAKBANK.NS
2020-10-07,263.3830261230469,266.4250409546494,262.81636856819824,266.40516941067114,14173350,KOTAKBANK.NS
2020-10-08,262.46844482421875,266.6735976587392,260.7088573569594,263.7409215417356,25856265,KOTAKBANK.NS
2020-10-09,262.41876220703125,266.07712913677204,259.5855043727755,263.0450648200839,26563380,KOTAKBANK.NS
2020-10-12,261.036865234375,270.043649638671,259.96322549130247,264.03913681521817,25875695,KOTAKBANK.NS
2020-10-13,267.40924072265625,268.3536700775855,259.903621270334,262.37897880092794,24360745,KOTAKBANK.NS
2020-10-14,269.07940673828125,270.0039342627792,263.2736991103666,265.4806543761539,16790105,KOTAKBANK.NS
2020-10-15,260.3708190917969,271.58452792480887,258.7205708876221,269.07934830426046,17482370,KOTAKBANK.NS
2020-10-16,265.73907470703125,267.0811471176168,260.16205802205883,260.16205802205883,11790145,KOTAKBANK.NS
2020-10-19,273.721923828125,274.3780488899721,265.1327137257137,268.41330869671185,19853580,KOTAKBANK.NS
2020-10-20,272.1512451171875,275.5710322089413,269.50687310215466,272.7278233688046,16140555,KOTAKBANK.NS
2020-10-21,277.0223693847656,278.3544908073272,270.13310301845996,273.38387490005346,21402230,KOTAKBANK.NS
2020-10-22,276.9726867675781,279.34865609170805,273.8909287111769,275.9686428329788,18050460,KOTAKBANK.NS
2020-10-23,274.9844665527344,279.8855181044183,274.0301165576164,278.3545595322837,11929255,KOTAKBANK.NS
2020-10-26,281.71466064453125,284.1204219987318,267.8864021445858,278.1556823038257,40111940,KOTAKBANK.NS
2020-10-27,315.6639709472656,318.5170999705815,288.7928193012029,288.7928193012029,165834400,KOTAKBANK.NS
2020-10-28,308.4466247558594,313.14883887727336,306.3888125860105,313.14883887727336,36224915,KOTAKBANK.NS
2020-10-29,312.33367919921875,315.8926579226694,303.2076337657418,304.5994004432484,36430145,KOTAKBANK.NS
2020-10-30,307.66131591796875,313.0792701598666,301.93515551573574,312.95002926577985,21009920,KOTAKBANK.NS
2020-11-02,314.2821350097656,319.0737859596561,305.1560606282719,309.17232700431964,28562300,KOTAKBANK.NS
2020-11-03,316.84698486328125,318.4176863555926,312.1944950200828,314.3418050257673,26303090,KOTAKBANK.NS
2020-11-04,324.2234191894531,325.23741413240685,313.7453500926441,315.9324033626256,25440305,KOTAKBANK.NS
2020-11-05,333.1208190917969,334.0254750606749,324.49183493390694,326.6689676894866,30372525,KOTAKBANK.NS
2020-11-06,341.5906982421875,342.97254421456466,328.06069446610536,330.0489410992333,29788295,KOTAKBANK.NS
2020-11-09,343.5988464355469,348.30103030200894,338.0615722863074,343.96666720821247,26051055,KOTAKBANK.NS
2020-11-10,348.5296936035156,356.7809354212954,343.06201530452654,344.16550797347816,40019115,KOTAKBANK.NS
2020-11-11,359.4451599121094,361.5526964015147,349.93139288682255,352.7149259222193,52671695,KOTAKBANK.NS
2020-11-12,348.8876037597656,357.68557118564706,347.6349986235575,357.68557118564706,33875995,KOTAKBANK.NS
2020-11-13,350.5874938964844,352.87396513778225,342.04797918710875,347.92325098232817,31322780,KOTAKBANK.NS
2020-11-14,352.0290222167969,352.91380660415894,350.9056882601772,352.7050491850999,1554265,KOTAKBANK.NS
2020-11-17,357.21832275390625,358.28204199798597,350.8261170243671,352.27752859119204,29133725,KOTAKBANK.NS
2020-11-18,363.96844482421875,367.7858749396797,354.7330301853197,356.1943927585869,30876240,KOTAKBANK.NS
2020-11-19,363.1234130859375,369.9530657579795,361.07552147993624,361.6620505963894,43588840,KOTAKBANK.NS
2020-11-20,375.65936279296875,377.5680627699002,360.2902232149155,361.8609248696453,45581330,KOTAKBANK.NS
2020-11-23,377.3393859863281,378.820619986159,372.03077123693424,376.25579523645183,52217195,KOTAKBANK.NS
2020-11-24,382.7176208496094,387.38998242395644,375.9476432163831,376.9715890604298,44749430,KOTAKBANK.NS
2020-11-25,370.30096435546875,385.52098907790474,368.4419587086355,385.52098907790474,34185845,KOTAKBANK.NS
2020-11-26,375.59967041015625,377.7768028521758,367.8355699071496,372.79623543848237,34322855,KOTAKBANK.NS
2020-11-27,379.17852783203125,382.76729843376063,367.2192255763326,376.77273606296376,393510620,KOTAKBANK.NS
2020-12-01,372.9652404785156,383.7315821415925,370.7185121805396,383.7315821415925,39778990,KOTAKBANK.NS
2020-12-02,360.707763671875,374.5161535180202,359.67386674699173,373.7904324481492,37290055,KOTAKBANK.NS
2020-12-03,362.05975341796875,366.6326967747813,360.21066812317815,365.0421236097535,22312640,KOTAKBANK.NS
2020-12-04,367.08001708984375,369.21737605061435,358.36156694220284,363.45147322552606,19947155,KOTAKBANK.NS
2020-12-07,361.97021484375,369.0185756340866,358.8785059888581,367.7162765574185,30160865,KOTAKBANK.NS
2020-12-08,364.6046142578125,365.6384804847727,361.31406907591935,364.30635911146453,19767180,KOTAKBANK.NS
2020-12-09,374.4962158203125,375.5798066808079,365.06199450534916,365.06199450534916,21853220,KOTAKBANK.NS
2020-12-10,378.4229736328125,381.72347022301585,369.78403985170434,377.76684862356234,23476080,KOTAKBANK.NS
2020-12-11,381.8228759765625,383.4731243481448,376.47451793492974,376.47451793492974,27332990,KOTAKBANK.NS
2020-12-14,385.5906066894531,387.09174260861187,377.5680242280444,384.5268874574898,17284855,KOTAKBANK.NS
2020-12-15,387.9367980957031,389.2987423444941,381.6042063447701,387.3104954789331,20709490,KOTAKBANK.NS
2020-12-16,388.215087890625,390.6904451247836,385.03388129121083,390.6904451247836,13823490,KOTAKBANK.NS
2020-12-17,390.7799072265625,391.485726243917,386.22683606097013,390.69043977407256,17301850,KOTAKBANK.NS
2020-12-18,387.578857421875,390.45188840502925,382.0117607118455,390.45188840502925,16858380,KOTAKBANK.NS
2020-12-21,381.9123840332031,389.49751977542064,379.2779328622473,384.7257397892979,19707555,KOTAKBANK.NS
2020-12-22,378.35345458984375,383.781360338648,375.0032632899999,383.73166629955335,25368720,KOTAKBANK.NS
2020-12-23,381.8924865722656,382.6977240750213,376.27569559861286,377.9657174631487,11704095,KOTAKBANK.NS
2020-12-24,389.8156433105469,393.2752034917558,381.14688648140003,381.3457232867778,16685820,KOTAKBANK.NS
2020-12-28,395.4423828125,396.8739228558229,390.1138962476489,390.2928311685051,13715345,KOTAKBANK.NS
2020-12-29,397.5101623535156,401.02936763280235,394.26934074687034,394.26934074687034,15764325,KOTAKBANK.NS
2020-12-30,401.2182312011719,403.0175920018034,397.4504952849481,398.28558557997735,13287155,KOTAKBANK.NS
2020-12-31,396.77447509765625,401.37727069685474,395.0645818578765,400.9696765151255,13974145,KOTAKBANK.NS
2021-01-01,396.4663391113281,399.2300008688292,395.8002934422554,397.0329967139035,5530495,KOTAKBANK.NS
2021-01-04,390.7998046875,398.83233812151764,388.7022190396903,398.44461546344695,15707145,KOTAKBANK.NS
2021-01-05,389.64666748046875,390.57119493451563,384.72574465769156,389.5969431089657,16316150,KOTAKBANK.NS
2021-01-06,391.76409912109375,393.4739924211241,387.38996264187824,392.45999757066164,17262575,KOTAKBANK.NS
2021-01-07,388.185302734375,394.4681393481189,387.21105091428853,394.4681393481189,17096585,KOTAKBANK.NS
2021-01-08,391.8238220214844,392.8775904268875,386.96254390182713,392.08227348246294,16314485,KOTAKBANK.NS
2021-01-11,385.35205078125,391.06826021829306,384.8052647191118,389.69636509928466,14977605,KOTAKBANK.NS
2021-01-12,378.45281982421875,383.7514839208931,376.9417632568362,383.69183894706464,30177900,KOTAKBANK.NS
2021-01-13,374.2079162597656,379.9539478787776,373.1938910493165,379.9539478787776,27915650,KOTAKBANK.NS
2021-01-14,376.30548095703125,378.76096665253374,372.0108611405821,376.1762400775467,24018190,KOTAKBANK.NS
2021-01-15,370.5893249511719,378.56218380740063,368.63090061262363,376.613710411226,13575820,KOTAKBANK.NS
2021-01-18,367.2192687988281,372.2495309334424,365.6087633562265,371.9015816648882,25023140,KOTAKBANK.NS
2021-01-19,375.1821594238281,376.1762828088082,366.881223091597,369.03848418582845,24027570,KOTAKBANK.NS
2021-01-20,374.5061340332031,375.7786106546949,371.6927784186597,375.7786106546949,15207240,KOTAKBANK.NS
2021-01-21,369.37646484375,378.74112003155307,366.98062395985596,377.76686823906607,28344310,KOTAKBANK.NS
2021-01-22,363.45147705078125,372.79622981038113,362.75557861984123,367.82561341290943,21490875,KOTAKBANK.NS
2021-01-25,356.7710266113281,371.2852349684747,352.91382279260324,366.8315510154101,33050690,KOTAKBANK.NS
2021-01-27,350.8659362792969,362.54688693029647,347.21748983352063,357.48680216121824,39461595,KOTAKBANK.NS
2021-01-28,342.5450744628906,350.8161876411327,338.20076047443905,344.16550030405364,30179620,KOTAKBANK.NS
2021-01-29,340.57672119140625,347.91335650543294,338.7972318669929,347.91335650543294,25703435,KOTAKBANK.NS
2021-02-01,358.1826477050781,359.83289618423186,337.21658890871566,343.9666952671919,24146050,KOTAKBANK.NS
2021-02-02,370.0723571777344,373.61143377337845,357.8943464956805,363.84913548013907,29356685,KOTAKBANK.NS
2021-02-03,368.2630310058594,374.41665654840995,361.86087464281235,371.8021074626699,21446975,KOTAKBANK.NS
2021-02-04,379.8346252441406,380.74923204853803,364.04797238640316,365.6385454298551,48208370,KOTAKBANK.NS
2021-02-05,394.2096862792969,397.3511197423479,380.38142667970385,380.7492474693552,81341680,KOTAKBANK.NS
2021-02-08,389.1296691894531,403.6140526967161,388.0063050261058,397.64931300169076,20107375,KOTAKBANK.NS
2021-02-09,387.5390930175781,392.67872409698833,385.2923948717333,389.6963540405555,11154615,KOTAKBANK.NS
2021-02-10,388.1156921386719,390.2729227710951,385.12337121305137,387.7080979335892,14304705,KOTAKBANK.NS
2021-02-11,389.89520263671875,394.6172887022,385.96840314170754,387.5490556788275,11233885,KOTAKBANK.NS
2021-02-12,387.9168395996094,392.67869864240924,386.9127957090299,389.69632877930235,8453765,KOTAKBANK.NS
2021-02-15,394.8558349609375,397.45048220505856,389.09985257370874,389.6963326198556,14652175,KOTAKBANK.NS
2021-02-16,401.5562744140625,407.3917741611153,397.25173326151304,397.6493765704355,27400915,KOTAKBANK.NS
2021-02-17,395.5517578125,402.3217354591637,391.51558906441807,400.6515851592466,21976120,KOTAKBANK.NS
2021-02-18,386.8034362792969,394.6371328411652,385.34207379541294,393.5038177018024,17691040,KOTAKBANK.NS
2021-02-19,385.4713439941406,391.6547926857967,382.7573762210428,386.16724250157233,13678415,KOTAKBANK.NS
2021-02-22,387.62860107421875,390.1039585783242,382.06150408724875,385.4713399941566,19266380,KOTAKBANK.NS
2021-02-23,372.388671875,390.69048687265087,371.00685615787353,390.69048687265087,27862010,KOTAKBANK.NS
2021-02-24,379.9936828613281,382.5386360981927,368.23321749756826,375.59967483724733,19107080,KOTAKBANK.NS
2021-02-25,376.8721923828125,390.7302752035234,375.29153979485693,383.13515775684306,28112580,KOTAKBANK.NS
2021-02-26,353.9775085449219,371.6032961254064,352.51614600677163,371.6032961254064,42000480,KOTAKBANK.NS
2021-03-01,366.9110412597656,368.79989993957963,358.1627677102347,360.0714979357486,16300220,KOTAKBANK.NS
2021-03-02,366.7619323730469,371.4840184418338,361.880782922407,366.83152829102715,19185745,KOTAKBANK.NS
2021-03-03,377.6674499511719,379.50658419369364,368.06421486772535,368.8197583126663,14378090,KOTAKBANK.NS
2021-03-04,377.3095703125,379.83462168132513,367.8256254217837,370.58928701547734,20112570,KOTAKBANK.NS
2021-03-05,382.24041748046875,383.3936041750944,371.40447933345513,372.89566431712404,27039930,KOTAKBANK.NS
2021-03-08,380.9182434082031,387.2806265473833,376.4347375557815,381.7433524096398,23490050,KOTAKBANK.NS
2021-03-09,393.464111328125,395.8599523770073,381.3059711518233,381.3059711518233,39591725,KOTAKBANK.NS
2021-03-10,390.481689453125,397.52006888717705,389.1396169650145,394.3189907300236,13807350,KOTAKBANK.NS
2021-03-12,384.7555847167969,393.6728729773125,380.15278844377724,393.47403615869507,13101325,KOTAKBANK.NS
2021-03-15,381.4749755859375,386.5151580662268,376.3949893374978,386.5151580662268,13217765,KOTAKBANK.NS
2021-03-16,378.40313720703125,386.0578690155535,377.7668836826852,382.75737211904345,13846120,KOTAKBANK.NS
2021-03-17,371.4740905761719,381.28608331948993,370.0127280183434,378.4031316330782,13474970,KOTAKBANK.NS
2021-03-18,363.9286804199219,376.35522290273803,362.87491204443813,373.98923469813013,10987875,KOTAKBANK.NS
2021-03-19,364.67425537109375,372.1997764167113,360.67789042323534,361.5527238259276,24015080,KOTAKBANK.NS
2021-03-22,362.3877258300781,367.8156299616538,358.8784721771659,364.44556811792074,12170485,KOTAKBANK.NS
2021-03-23,360.3995361328125,366.6326786029363,357.65574598412786,366.6326786029363,21254280,KOTAKBANK.NS
2021-03-24,354.39501953125,358.878525499886,352.5857381107204,357.88440216055113,15230805,KOTAKBANK.NS
2021-03-25,350.50799560546875,357.64582427910324,346.949047379455,356.4727356750296,20565065,KOTAKBANK.NS
2021-03-26,352.1283874511719,356.37331313987806,350.47813921763003,354.9019998099382,16553785,KOTAKBANK.NS
2021-03-30,354.15643310546875,358.272118216753,352.91377895422147,354.32544741886227,27877620,KOTAKBANK.NS
2021-03-31,348.5396728515625,353.70909636931617,346.47187917387,353.66935327653505,18991915,KOTAKBANK.NS
2021-04-01,358.7890319824219,360.51879675900244,348.07238437623175,351.91963656592816,19013260,KOTAKBANK.NS
2021-04-05,349.7723693847656,357.8049033536153,344.84152587229363,355.120758069251,12241205,KOTAKBANK.NS
2021-04-06,351.5816650390625,354.1962142846241,343.70819481562455,353.1126234816104,14365225,KOTAKBANK.NS
2021-04-07,356.2937927246094,360.0118345808461,347.068329505125,351.1342902536559,15790710,KOTAKBANK.NS
2021-04-08,354.5540771484375,362.5965311924647,353.6494212837453,357.08910982551635,14451450,KOTAKBANK.NS
2021-04-09,357.73529052734375,359.1668305662464,346.7701112834869,351.91966291158127,15696920,KOTAKBANK.NS
2021-04-12,346.4519958496094,351.52203112481214,342.63456573392097,349.3846719382943,16641680,KOTAKBANK.NS
2021-04-13,353.08282470703125,355.1108146189143,342.66440045352556,347.10813330759674,15593710,KOTAKBANK.NS
2021-04-15,352.56585693359375,359.7732515670606,348.4601224468938,357.8844231790411,17734430,KOTAKBANK.NS
2021-04-16,350.74658203125,355.528312568728,349.9413446035739,352.71492670413164,14561395,KOTAKBANK.NS
2021-04-19,338.1510314941406,341.978412233588,333.0313026111976,341.978412233588,19327115,KOTAKBANK.NS
2021-04-20,337.5446472167969,344.6824455138277,334.8903245512855,342.97255215621504,16585040,KOTAKBANK.NS
2021-04-22,345.1695556640625,345.90522756412327,331.87813149020667,335.9639941849358,17952220,KOTAKBANK.NS
2021-04-23,344.8017272949219,349.20568630380495,342.0281147484626,344.74208232301834,9467250,KOTAKBANK.NS
2021-04-26,349.8618469238281,354.50441663084206,344.6228274371028,345.95494917552327,16265310,KOTAKBANK.NS
2021-04-27,348.0028076171875,350.4483424942144,342.883078577345,347.94316264493585,22666800,KOTAKBANK.NS
2021-04-28,360.1609802246094,362.6562093642446,348.7384815654684,350.4285035049011,20872995,KOTAKBANK.NS
2021-04-29,358.8785095214844,366.92096333803966,354.01723204622266,362.8748742459146,19800475,KOTAKBANK.NS
2021-04-30,347.70458984375,358.2820464278905,345.84558404812685,353.9079097902649,13108915,KOTAKBANK.NS
2021-05-03,343.0620422363281,349.73260179005536,335.0195875294009,344.9608215807184,27969345,KOTAKBANK.NS
2021-05-04,344.4935607910156,350.72670322904173,343.0321982634681,348.1420068081706,21275755,KOTAKBANK.NS
2021-05-05,352.0687561035156,353.5102470052877,342.35618250908016,346.1537407474607,12058215,KOTAKBANK.NS
2021-05-06,355.5482177734375,356.63180860785747,350.56768031188636,354.2459185837432,11901275,KOTAKBANK.NS
2021-05-07,353.9775085449219,360.4691328074287,352.6155644094273,357.08911948479687,8053650,KOTAKBANK.NS
2021-05-10,359.743408203125,360.5188231948202,356.0154456780064,359.673812288146,6662450,KOTAKBANK.NS
2021-05-11,349.0267333984375,356.77096212594387,348.58931673486626,353.23188573031064,14779880,KOTAKBANK.NS
2021-05-12,341.7497863769531,348.7384725852754,341.0936612998891,348.7384725852754,15909150,KOTAKBANK.NS
2021-05-14,339.3241271972656,343.74798846809,338.22066478424097,343.74798846809,14689460,KOTAKBANK.NS
2021-05-17,346.7799987792969,348.9372595733453,339.9901503535159,341.38191683117594,21057205,KOTAKBANK.NS
2021-05-18,348.9571838378906,352.1085683547063,347.9630604410481,351.52203919115783,23292070,KOTAKBANK.NS
2021-05-19,344.07598876953125,348.0127387434066,343.45963719920053,347.5355486543275,11860210,KOTAKBANK.NS
2021-05-20,339.63232421875,345.3584542257371,339.0159422424544,344.36433085125987,12990190,KOTAKBANK.NS
2021-05-21,349.46417236328125,350.81619586557287,341.0837199873803,341.0837199873803,21465560,KOTAKBANK.NS
2021-05-24,349.3349304199219,353.68919543856885,346.352560444217,350.6571314318967,18069535,KOTAKBANK.NS
2021-05-25,348.0426025390625,352.69509269143646,345.55729408096903,351.99919418787505,11008125,KOTAKBANK.NS
2021-05-26,346.0841979980469,350.2893207324907,345.338605418097,349.94140179910585,14225500,KOTAKBANK.NS
2021-05-27,353.3611145019531,354.5938175998365,343.11170642007875,345.9548842976441,26699940,KOTAKBANK.NS
2021-05-28,358.03350830078125,360.46912257463646,353.5599533524044,355.1008627042315,16235045,KOTAKBANK.NS
2021-05-31,359.4154052734375,360.230563455957,354.9020762571408,357.685609817979,11554045,KOTAKBANK.NS
2021-06-01,357.2878723144531,362.6561315313457,355.4984626882331,360.86672190512564,11449080,KOTAKBANK.NS
2021-06-02,354.52423095703125,356.49260592709925,351.9196328785448,356.49260592709925,15494245,KOTAKBANK.NS
2021-06-03,360.707763671875,363.44160327089736,355.8962096181846,355.8962096181846,17220655,KOTAKBANK.NS
2021-06-04,360.1111755371094,362.04972789774575,357.28786931104315,361.8608420641152,7543530,KOTAKBANK.NS
2021-06-07,360.8468933105469,362.85501149348556,359.2761614768615,362.85501149348556,5480695,KOTAKBANK.NS
2021-06-08,356.6019592285156,361.16498151931927,355.4686744462745,360.86675666563355,6655155,KOTAKBANK.NS
2021-06-09,354.4844665527344,360.27027133524865,352.91376511597116,355.87626341814587,10188570,KOTAKBANK.NS
2021-06-10,357.794921875,358.48086938161134,353.1126096092823,355.4388544993504,9272445,KOTAKBANK.NS
2021-06-11,356.7610168457031,359.8726275680193,355.4984912011379,359.6737907766105,8109640,KOTAKBANK.NS
2021-06-14,351.531982421875,355.87632742982566,349.83203979856233,355.87632742982566,12715010,KOTAKBANK.NS
2021-06-15,352.09857177734375,354.732992369884,351.1243503911786,353.0728235017434,8679120,KOTAKBANK.NS
2021-06-16,350.05072021484375,354.096809658439,348.53966359683653,352.088691349717,14227715,KOTAKBANK.NS
2021-06-17,351.13427734375,352.27751305497173,345.15961702505325,347.3963944184921,12891210,KOTAKBANK.NS
2021-06-18,350.0209045410156,353.24185465131546,344.6128708136983,352.90385633563795,13393945,KOTAKBANK.NS
2021-06-21,352.3272705078125,353.35121637498963,344.22517103394637,345.95493600573894,6396605,KOTAKBANK.NS
2021-06-22,349.35479736328125,354.90199161448334,348.7384154791626,353.90786838867245,7858715,KOTAKBANK.NS
2021-06-23,345.29876708984375,350.7266715570434,343.4198899173736,350.7266715570434,38011745,KOTAKBANK.NS
2021-06-24,345.53741455078125,346.53153799833177,343.41000614890794,344.96083630002755,17976965,KOTAKBANK.NS
2021-06-25,344.9608154296875,348.7384721665329,342.157380196027,344.9608154296875,47888225,KOTAKBANK.NS
2021-06-28,344.5731201171875,347.54556991164634,342.41588918457285,344.96084283142847,17502535,KOTAKBANK.NS
2021-06-29,339.1650695800781,345.55727530580987,338.3995752001046,345.51750187793476,51973310,KOTAKBANK.NS
2021-06-30,339.1650695800781,346.65081703560327,337.69375613106195,339.1650695800781,44110495,KOTAKBANK.NS
2021-07-01,341.2030029296875,343.01231463112924,339.2247072553253,339.9702997362038,14941930,KOTAKBANK.NS
2021-07-02,341.01409912109375,343.56900316890835,339.99015338145676,343.37016638251447,11212755,KOTAKBANK.NS
2021-07-05,344.1853942871094,345.915159242232,342.2766640683718,343.37020584274035,9438355,KOTAKBANK.NS
2021-07-06,349.00689697265625,349.9314244207728,343.37020414523585,343.767847423521,18461110,KOTAKBANK.NS
2021-07-07,350.2892761230469,351.6214280605583,346.5812155807923,349.1361197772302,13630910,KOTAKBANK.NS
2021-07-08,344.4239807128906,350.52791288112917,342.9725690602698,349.5337894925487,11040075,KOTAKBANK.NS
2021-07-09,341.9883728027344,343.9666685000337,340.97434760051175,343.7678317008664,8490830,KOTAKBANK.NS
2021-07-12,344.35443115234375,346.551435448606,343.0024075050934,344.36435175668913,8685325,KOTAKBANK.NS
2021-07-13,347.3765563964844,348.44027578920117,342.69424335348236,346.5514472662659,10333195,KOTAKBANK.NS
2021-07-14,347.5753479003906,349.52382115030207,345.0800886110373,345.95492200355494,10794920,KOTAKBANK.NS
2021-07-15,347.953125,349.33494068680506,345.9549273493155,349.33494068680506,9752780,KOTAKBANK.NS
2021-07-16,347.84375,350.32905834572483,345.95492172489645,349.03671014124257,9190250,KOTAKBANK.NS
2021-07-19,342.5351257324219,345.95491235053197,340.38781573931306,344.74208069715297,10731685,KOTAKBANK.NS
2021-07-20,338.5288391113281,342.7339920017139,337.20666834236,342.53515518705115,10719295,KOTAKBANK.NS
2021-07-22,339.4335021972656,342.36617841504165,338.6282646559149,339.30426129883466,9291265,KOTAKBANK.NS
2021-07-23,342.56494140625,343.4298238158102,336.8387815384924,339.99016572163634,9979000,KOTAKBANK.NS
2021-07-26,346.07421875,347.94317551833075,332.70327777945226,340.30831540527686,19695475,KOTAKBANK.NS
2021-07-27,337.5943298339844,348.53963714095664,336.7791414419119,348.3408003444682,21505655,KOTAKBANK.NS
2021-07-28,328.62738037109375,339.1551435605932,327.2654361640957,338.9960801756406,25263775,KOTAKBANK.NS
2021-07-29,326.4005126953125,330.8442453723613,325.09821350778304,330.8442453723613,14971325,KOTAKBANK.NS
2021-07-30,329.0150451660156,332.0173170059076,323.28891547849815,326.4004959828922,16110005,KOTAKBANK.NS
2021-08-02,331.0629577636719,333.48862124289735,329.5519011447437,331.0430862177968,12954880,KOTAKBANK.NS
2021-08-03,335.1488342285156,335.8646043061319,331.04309964012197,331.04309964012197,16150700,KOTAKBANK.NS
2021-08-04,347.9332580566406,348.5893831770569,335.01960409372754,337.74349265022903,35020800,KOTAKBANK.NS
2021-08-05,352.2676086425781,356.4926328021476,348.450178689579,350.269411037699,30260460,KOTAKBANK.NS
2021-08-06,353.3511962890625,354.8423812732877,349.1659455947099,351.7208194772896,18202345,KOTAKBANK.NS
2021-08-09,354.08685302734375,355.81664831324065,350.34896980322645,353.3512114451415,7984430,KOTAKBANK.NS
2021-08-10,360.5188293457031,362.83515375690865,353.76872325701726,354.9020384463426,22974240,KOTAKBANK.NS
2021-08-11,354.2029724121094,362.04055859200264,350.5328335519649,362.04055859200264,15509515,KOTAKBANK.NS
2021-08-12,355.6153564453125,356.2718072814341,350.5030107003507,353.1089022795208,8208450,KOTAKBANK.NS
2021-08-13,355.675048828125,357.8631880380296,352.86026569212237,354.8793370081851,9199585,KOTAKBANK.NS
2021-08-16,354.5511169433594,358.3008120399574,352.4425337971217,354.87932719211085,7768305,KOTAKBANK.NS
2021-08-17,355.74468994140625,357.06751724874067,353.49684571864964,353.8847305804111,7096685,KOTAKBANK.NS
2021-08-18,348.0562438964844,356.18224705293574,347.24065074553283,355.74464353759265,13818265,KOTAKBANK.NS
2021-08-20,338.87591552734375,344.53528811706303,337.5729698165028,344.53528811706303,28216210,KOTAKBANK.NS
2021-08-23,341.5216369628906,343.0533556531596,338.169782504594,343.0533556531596,15465845,KOTAKBANK.NS
2021-08-24,339.14453125,343.14288084746823,336.4988462654173,343.14288084746823,23539855,KOTAKBANK.NS
2021-08-25,337.61279296875,341.4917931528266,336.976223526593,339.16439304238065,14569050,KOTAKBANK.NS
2021-08-26,337.6724853515625,341.4520179652808,335.96174282725457,336.93647845442763,21912885,KOTAKBANK.NS
2021-08-27,340.86517333984375,342.9041563406239,337.175152879526,337.175152879526,18306575,KOTAKBANK.NS
2021-08-30,345.3012390136719,346.03724596964383,341.3426519476458,341.3426519476458,12806265,KOTAKBANK.NS
2021-08-31,348.8519592285156,350.02563036497037,345.93773868358016,346.9323556903133,22463045,KOTAKBANK.NS
2021-09-01,347.44952392578125,348.8817747543687,345.728856037616,348.86189334266345,36331770,KOTAKBANK.NS
2021-09-02,353.3675537109375,355.75462862378305,346.92242412828057,348.51381752127907,28819220,KOTAKBANK.NS
2021-09-03,356.44091796875,360.3398302763347,353.59632769060806,356.6696908242534,24225670,KOTAKBANK.NS
2021-09-06,352.9995422363281,359.6535327550756,352.0944370748973,359.6535327550756,9509655,KOTAKBANK.NS
2021-09-07,351.0699768066406,353.97427191048655,347.32028150388453,352.9995362869191,14614185,KOTAKBANK.NS
2021-09-08,361.1156005859375,363.6319803756116,349.1105661406944,350.12506455100856,76247785,KOTAKBANK.NS
2021-09-09,361.6128845214844,366.3571963503517,359.4147592518292,363.2341149738971,18214625,KOTAKBANK.NS
2021-09-13,366.0290222167969,367.96850720957127,357.01779437065585,363.73145931019616,16358075,KOTAKBANK.NS
2021-09-14,371.5391845703125,373.7770729188634,367.04352645952395,368.0083062061425,20840400,KOTAKBANK.NS
2021-09-15,372.324951171875,377.6461585789048,369.5997101070537,372.78246652617037,24070115,KOTAKBANK.NS
2021-09-16,379.30712890625,379.94369836314513,371.5889215378621,373.37922001710047,20643915,KOTAKBANK.NS
2021-09-17,399.42828369140625,401.22853824183693,380.5405143848945,381.1372907247363,73192445,KOTAKBANK.NS
2021-09-20,398.1352233886719,405.24672843860367,394.13684386398927,395.85754209727855,29405445,KOTAKBANK.NS
2021-09-21,400.0249938964844,403.347010869976,397.0709803382846,401.22847190810637,19334440,KOTAKBANK.NS
2021-09-22,394.9723205566406,402.3026729398683,393.6296119632002,401.12900187597097,9559045,KOTAKBANK.NS
2021-09-23,402.6209411621094,408.19080231799495,396.03658161431764,398.64247324409126,14945535,KOTAKBANK.NS
2021-09-24,403.4365234375,408.26042172803596,400.6118149346492,403.81448273599773,10574440,KOTAKBANK.NS
2021-09-27,404.48089599609375,409.3843503667429,402.91934007052197,404.0531876310657,9150320,KOTAKBANK.NS
2021-09-28,411.41339111328125,413.3230387585128,400.41289915049725,405.80373665464674,19496335,KOTAKBANK.NS
2021-09-29,403.9040222167969,409.78221245041146,401.855113582809,409.7623310371902,17101570,KOTAKBANK.NS
2021-09-30,398.94085693359375,404.8090907534631,397.210202834109,402.9093687736246,22863740,KOTAKBANK.NS
2021-10-01,396.563720703125,399.9951613657944,392.2570426100437,397.2500088356589,16869890,KOTAKBANK.NS
2021-10-04,396.04656982421875,400.81079404384656,395.45974940080845,396.85220721511297,10215265,KOTAKBANK.NS
2021-10-05,394.3357849121094,397.4389849516332,392.9731645418455,396.8322831793612,13599035,KOTAKBANK.NS
2021-10-06,389.04443359375,398.84141711729154,386.32914860906476,393.0825761866734,14896375,KOTAKBANK.NS
2021-10-07,388.3880310058594,394.31597091879354,387.7514918302706,391.4813060449648,11110650,KOTAKBANK.NS
2021-10-08,385.185302734375,391.1132417251758,384.1210856458413,387.90061798747575,9689170,KOTAKBANK.NS
2021-10-11,392.9532470703125,398.84139270712666,386.90598943409543,387.7016708443108,11880835,KOTAKBANK.NS
2021-10-12,396.8720703125,398.642487384686,390.88448681068047,393.8683378550368,9454510,KOTAKBANK.NS
2021-10-13,399.70672607421875,402.22310585208606,396.7626682742033,398.6424786070392,8712390,KOTAKBANK.NS
2021-10-14,401.3876647949219,402.9193835910116,394.8629792040959,399.43822382472865,8261780,KOTAKBANK.NS
2021-10-18,400.154296875,407.186245965824,399.4282155774578,401.3876121746001,10833895,KOTAKBANK.NS
2021-10-19,404.8787536621094,406.7884013240101,396.27532259379177,400.2139974556016,8476015,KOTAKBANK.NS
2021-10-20,400.9201354980469,406.7883693264879,397.48872529445083,406.20154897897373,8974465,KOTAKBANK.NS
2021-10-21,426.4420471191406,428.6799354130603,402.22311662317145,404.0134454702888,47477590,KOTAKBANK.NS
2021-10-22,431.9422607421875,437.95968132822196,422.2646266022446,428.66003685040533,29659130,KOTAKBANK.NS
2021-10-25,428.5804443359375,434.23981729753535,420.7329322623598,428.08313585321923,33886310,KOTAKBANK.NS
2021-10-26,439.8096923828125,445.58841470779,422.45361364182446,428.5804579864528,53345005,KOTAKBANK.NS
2021-10-27,435.2941589355469,448.17446226121774,432.97671449489786,437.6315151439082,22752840,KOTAKBANK.NS
2021-10-28,417.4407653808594,435.6422442671382,415.829460350495,435.29412224786256,15511445,KOTAKBANK.NS
2021-10-29,404.0432434082031,417.1324057524433,400.8306198209122,413.2732872361011,23331725,KOTAKBANK.NS
2021-11-01,413.06439208984375,415.1133005036607,404.7692906725529,408.787551502548,9832940,KOTAKBANK.NS
2021-11-02,413.09423828125,416.4461228491599,409.7821772429664,411.00556700027295,7681030,KOTAKBANK.NS
2021-11-03,405.31634521484375,420.04661916944525,403.4166232813423,413.7606330365974,10336455,KOTAKBANK.NS
2021-11-04,409.1854248046875,410.1800417975785,405.6047975596196,405.8037330995185,1025885,KOTAKBANK.NS
2021-11-08,421.4888000488281,423.22937965382147,408.7875529441502,408.7875529441502,10609980,KOTAKBANK.NS
2021-11-09,417.1821594238281,423.1001427508337,414.41712536128733,421.7176105429122,8887865,KOTAKBANK.NS
2021-11-10,412.97491455078125,416.0184401313129,410.3889042896408,414.75528747315167,7228940,KOTAKBANK.NS
2021-11-11,408.60858154296875,413.3031752075624,407.3056356428211,412.3682327573842,7735765,KOTAKBANK.NS
2021-11-12,412.7063903808594,413.76068199807105,408.3996816689434,411.3736072110504,7172140,KOTAKBANK.NS
2021-11-15,417.2019958496094,419.330490582512,413.7606298788675,413.78051128965484,9096640,KOTAKBANK.NS
2021-11-16,414.3276062011719,418.50497934106164,411.77143325583,417.7192537744917,7725535,KOTAKBANK.NS
2021-11-17,408.4096374511719,414.1286853379511,406.8978305022036,411.7714478481027,7233815,KOTAKBANK.NS
2021-11-18,402.71051025390625,410.26957551953797,399.6172354576709,407.7929887884893,13965995,KOTAKBANK.NS
2021-11-22,388.9847717285156,406.59943088107474,386.11034428734393,406.59943088107474,13741645,KOTAKBANK.NS
2021-11-23,394.4451599121094,396.4841427849354,384.45922801287566,385.5135195068055,16148125,KOTAKBANK.NS
2021-11-24,400.1145324707031,402.8099360884283,391.87910478230356,393.77882692757856,9737415,KOTAKBANK.NS
2021-11-25,404.82904052734375,407.3951696394708,400.44277548031226,401.82530781689246,15822140,KOTAKBANK.NS
2021-11-26,390.7452392578125,399.2392773542683,388.9151475302491,398.2446603053771,13237765,KOTAKBANK.NS
2021-11-29,401.7456970214844,406.7983378377082,385.35439854523634,396.4543274939132,20859500,KOTAKBANK.NS
2021-11-30,390.267822265625,405.72417890292905,387.28397127365986,402.4220431870285,21329080,KOTAKBANK.NS
2021-12-01,388.5670166015625,395.04195229564687,385.911375993782,393.66937605027493,12928465,KOTAKBANK.NS
2021-12-02,390.73529052734375,394.0573076309965,387.02535822807056,387.413273423691,9664645,KOTAKBANK.NS
2021-12-03,380.7791442871094,395.8376592737154,378.9888459429182,391.22262211925806,17458620,KOTAKBANK.NS
2021-12-06,375.0104064941406,383.22592236843053,373.3792200257857,381.93293239487303,15406680,KOTAKBANK.NS
2021-12-07,385.3444519042969,390.6457774416957,379.9834821292568,380.34152967491366,36722375,KOTAKBANK.NS
2021-12-08,382.0224304199219,391.87908828804007,381.0278134445715,391.87908828804007,25627975,KOTAKBANK.NS
2021-12-09,381.20684814453125,385.2947398141376,375.1894274124628,383.12648203050225,23272265,KOTAKBANK.NS
2021-12-10,377.3079528808594,381.9329157113918,375.6668409543222,380.9382987433934,15274610,KOTAKBANK.NS
2021-12-13,372.6033935546875,381.1372239057154,370.44509179071736,379.94367143527927,20425550,KOTAKBANK.NS
2021-12-14,366.0986022949219,372.7824295717862,361.25482248991636,372.6034058013268,50556260,KOTAKBANK.NS
2021-12-15,371.4695739746094,374.32411995332274,365.3725668114496,367.13302800216246,26528735,KOTAKBANK.NS
2021-12-16,370.1466979980469,376.15419297439956,368.1873013599853,375.149620125217,15272310,KOTAKBANK.NS
2021-12-17,356.82879638671875,369.9875595665055,356.0728777711314,369.0028984723178,14675630,KOTAKBANK.NS
2021-12-20,346.6240234375,354.0836509146342,342.6256740369448,354.0836509146342,16345895,KOTAKBANK.NS
2021-12-21,345.4404296875,351.69657914985254,342.34718537055704,350.3140469428804,11321155,KOTAKBANK.NS
2021-12-22,350.5826110839844,352.09441799678183,344.76409556337717,347.71810926748225,17269195,KOTAKBANK.NS
2021-12-23,353.2084045410156,355.8142963746807,351.5672924670888,355.0584080513596,9598245,KOTAKBANK.NS
2021-12-24,347.7976379394531,354.0836241701877,344.137454951924,354.0836241701877,11357850,KOTAKBANK.NS
2021-12-27,352.78070068359375,353.8747854372755,342.34717822856425,346.74336830249234,8269165,KOTAKBANK.NS
2021-12-28,353.0691833496094,356.01324141885794,351.209223906048,355.0782989317816,6428355,KOTAKBANK.NS
2021-12-29,350.9406433105469,354.08363653567534,348.9315279854821,352.890084046482,7059540,KOTAKBANK.NS
2021-12-30,349.1602783203125,352.08445466669997,346.8527899976494,349.90624105452764,12491975,KOTAKBANK.NS
2021-12-31,357.2863464355469,358.26108209498125,350.11516583295656,350.50305070798885,11064460,KOTAKBANK.NS
2022-01-03,362.9258117675781,363.65186275160085,356.3911707915614,357.46534379630975,9925545,KOTAKBANK.NS
2022-01-04,368.5254821777344,369.400749999642,361.10564781105734,364.0298242372932,13177875,KOTAKBANK.NS
2022-01-05,382.360595703125,383.5939413900754,366.0389275313432,369.4007377571172,21040835,KOTAKBANK.NS
2022-01-06,376.3431701660156,380.9382956645006,372.9813599848243,379.36681422321686,11290150,KOTAKBANK.NS
2022-01-07,378.7998962402344,383.0071067876466,374.692123111682,376.343190999008,11516755,KOTAKBANK.NS
2022-01-10,387.4928283691406,388.95491655433705,378.2229907644028,378.7998856147805,14310435,KOTAKBANK.NS
2022-01-11,385.2748107910156,388.74604461927254,381.97270555459545,387.5027734201277,13570095,KOTAKBANK.NS
2022-01-12,389.2135314941406,393.10248760423224,387.33369079566967,388.85545359063576,10746980,KOTAKBANK.NS
2022-01-13,383.1960754394531,391.26243498321736,382.44018717000205,389.8898586853987,7435760,KOTAKBANK.NS
2022-01-14,385.5533447265625,386.9060092639158,377.5566156248568,379.7447547917463,9143810,KOTAKBANK.NS
2022-01-17,385.40411376953125,388.4874323974084,381.654418780362,382.3307510242497,8382365,KOTAKBANK.NS
2022-01-18,386.33905029296875,392.8736908663479,383.92213841622856,383.92213841622856,10407280,KOTAKBANK.NS
2022-01-19,379.0783386230469,386.90596865944934,377.9742980958561,386.90596865944934,7608510,KOTAKBANK.NS
2022-01-20,376.482421875,382.92755106425744,373.37922164238427,382.92755106425744,7449105,KOTAKBANK.NS
2022-01-21,376.7112121582031,378.15341903914026,367.9188009742537,371.6386590723428,8769480,KOTAKBANK.NS
2022-01-24,364.2088317871094,375.5474590809685,360.0513401715778,374.7915708302451,12737170,KOTAKBANK.NS
2022-01-25,368.9332580566406,372.7625393856096,354.5212681611524,360.9862783375181,12845325,KOTAKBANK.NS
2022-01-27,375.8160400390625,377.6660130920294,362.26936133690447,366.0190565048881,18593095,KOTAKBANK.NS
2022-01-28,377.6163024902344,389.2732152107055,375.69669892116747,376.95985161283943,24859820,KOTAKBANK.NS
2022-01-31,369.4504699707031,385.6925510461405,366.21796495537,381.93290027320813,22583125,KOTAKBANK.NS
2022-02-01,374.43353271484375,378.9491027000105,364.8454399683044,374.3738581190608,15485430,KOTAKBANK.NS
2022-02-02,386.4285888671875,387.50279223324924,377.33780520140243,380.10283926841,13552540,KOTAKBANK.NS
2022-02-03,379.7547302246094,386.3987647776972,377.1687198457916,385.891530726728,11198565,KOTAKBANK.NS
2022-02-04,374.81146240234375,381.53508295942544,374.025706482298,380.73937115643554,8856335,KOTAKBANK.NS
2022-02-07,363.72149658203125,375.9652295390192,362.0405914079445,368.00829346411933,10269795,KOTAKBANK.NS
2022-02-08,361.6029357910156,367.62035619515325,356.6895256314191,365.0244205261185,17846850,KOTAKBANK.NS
2022-02-09,365.0244445800781,367.5706617107376,362.56773933839077,365.1437937653743,8120290,KOTAKBANK.NS
2022-02-10,371.4297790527344,375.7464132385038,364.07954477113435,365.0244430729985,12540405,KOTAKBANK.NS
2022-02-11,363.6816711425781,368.82385398030107,362.43839999115863,368.82385398030107,9298775,KOTAKBANK.NS
2022-02-14,347.4893493652344,362.8064456645974,345.71893225348066,356.08285513462533,15134105,KOTAKBANK.NS
2022-02-15,360.66802978515625,361.84167061926803,347.33021150334395,349.30952007292944,10276375,KOTAKBANK.NS
2022-02-16,364.0397644042969,368.5752153281053,358.0621067425661,361.0658390441626,11348780,KOTAKBANK.NS
2022-02-17,361.50347900390625,366.8644790949795,360.1309027151602,365.02443161156344,14051145,KOTAKBANK.NS
2022-02-18,363.343505859375,364.2287294907858,359.22580758021047,359.8623466274713,6148340,KOTAKBANK.NS
2022-02-21,363.45294189453125,368.2668843255004,358.47985710799685,359.6534978328268,6719555,KOTAKBANK.NS
2022-02-22,366.3671875,367.82927574196196,356.07289521298634,356.07289521298634,15110375,KOTAKBANK.NS
2022-02-23,375.18939208984375,380.5105986302164,368.5851212363549,368.5851212363549,34579605,KOTAKBANK.NS
2022-02-24,357.0376892089844,372.8620503631454,353.43718028848053,364.89515795560453,24780215,KOTAKBANK.NS
2022-02-25,369.3410339355469,371.2407558463056,358.27094304400396,362.2295292110262,19969430,KOTAKBANK.NS
2022-02-28,366.5660705566406,368.40611801379174,360.98628394881206,365.42226711677944,13562810,KOTAKBANK.NS
2022-03-02,359.25567626953125,361.91128668924097,353.1487132565707,360.40940529059844,14154775,KOTAKBANK.NS
2022-03-03,356.5204772949219,361.9610335219991,352.611609399927,360.638175908571,14810715,KOTAKBANK.NS
2022-03-04,348.5436096191406,355.26722989713295,344.873470654691,352.0943994064212,12745970,KOTAKBANK.NS
2022-03-07,340.5369873046875,344.3165199186177,334.2012816109655,336.8768038791315,13489675,KOTAKBANK.NS
2022-03-08,342.764892578125,344.03800107531663,332.7093296621765,338.16976707034434,27182480,KOTAKBANK.NS
2022-03-09,345.9476623535156,347.7479165398063,336.5783576670669,342.76487608701643,34597305,KOTAKBANK.NS
2022-03-10,348.98126220703125,360.6481305533654,345.331034812019,358.06212028067785,20942345,KOTAKBANK.NS
2022-03-11,350.7019958496094,354.06380650719564,345.33106957538575,347.121368215692,12531700,KOTAKBANK.NS
2022-03-14,355.8241882324219,357.5349304773288,346.52451434911893,347.2108024234495,16583245,KOTAKBANK.NS
2022-03-15,344.8834533691406,356.06293901547565,340.95470397963464,354.87934232763166,24037275,KOTAKBANK.NS
2022-03-16,350.2046203613281,353.04921015661614,348.6629459376174,350.10515259958885,14636205,KOTAKBANK.NS
2022-03-17,362.0405578613281,363.5523646482865,354.5908868645451,356.0728563581194,16795035,KOTAKBANK.NS
2022-03-21,353.5068054199219,364.0298404580367,352.691212153775,361.175294379826,11988495,KOTAKBANK.NS
2022-03-22,359.6236572265625,360.7674606462723,349.18017927101147,353.50676906611415,16987280,KOTAKBANK.NS
2022-03-23,352.0447082519531,363.4828040430882,349.70735217179976,361.0459801897427,16131700,KOTAKBANK.NS
2022-03-24,340.9845275878906,343.91865983475293,338.36871041429964,341.1536258307813,98550890,KOTAKBANK.NS
2022-03-25,342.5958251953125,344.49551688456194,340.5568422082973,343.73962863259857,15195750,KOTAKBANK.NS
2022-03-28,343.18267822265625,343.73966134692296,336.5883622709841,343.73966134692296,15351020,KOTAKBANK.NS
2022-03-29,344.13751220703125,346.3057701725599,341.8996237605983,345.7289056173779,12928950,KOTAKBANK.NS
2022-03-30,350.7218322753906,351.8656357240478,345.33102527784763,347.9965914815516,16790770,KOTAKBANK.NS
2022-03-31,348.8818054199219,353.83500916693197,347.51918494248355,349.130459677945,14242040,KOTAKBANK.NS
2022-04-01,353.417236328125,354.08364305674615,347.24067341305386,347.9766802614076,11868865,KOTAKBANK.NS
2022-04-04,365.2333068847656,366.01906282834904,345.1321054386878,355.47611636100237,19987830,KOTAKBANK.NS
2022-04-05,358.499755859375,365.63114279033795,356.90836258005356,365.23330205883315,10664355,KOTAKBANK.NS
2022-04-06,353.96429443359375,356.6696538236548,352.4425316737657,355.57556907890563,11745005,KOTAKBANK.NS
2022-04-07,351.38824462890625,356.4707228743578,350.70195647806383,352.2933497315144,21943915,KOTAKBANK.NS
2022-04-08,354.9787902832031,356.0728750201263,349.3293731822012,353.13874281928247,11908355,KOTAKBANK.NS
2022-04-11,354.7699279785156,359.28549750241433,350.7616228202584,353.0890228779593,9589710,KOTAKBANK.NS
2022-04-12,358.4301452636719,360.57852175691505,352.0944394443238,352.30330052811996,12061210,KOTAKBANK.NS
2022-04-13,354.0041198730469,361.7422394408513,352.6414689943623,359.593862933547,9618460,KOTAKBANK.NS
2022-04-18,348.1954650878906,353.20834267774893,344.13744156020425,353.20834267774893,9800705,KOTAKBANK.NS
2022-04-19,339.6617126464844,351.43797453186073,335.58377679002416,350.70196764943177,11947870,KOTAKBANK.NS
2022-04-20,342.4068603515625,343.5407079551918,334.86764644486567,340.7557924784687,16007725,KOTAKBANK.NS
2022-04-21,350.2742919921875,352.7807159747426,342.95389488477304,343.14287454829577,13653455,KOTAKBANK.NS
2022-04-22,343.68988037109375,347.897121063374,342.4267277517888,346.12670407848395,11280190,KOTAKBANK.NS
2022-04-25,343.90869140625,345.7089456550358,336.9762100600531,338.667071014072,10746970,KOTAKBANK.NS
2022-04-26,346.6638488769531,347.71814056357,344.38616724304853,347.3401812130272,7273885,KOTAKBANK.NS
2022-04-27,346.425048828125,348.51375035682616,342.9438897313893,342.9438897313893,14112960,KOTAKBANK.NS
2022-04-28,351.2290954589844,352.69118361895966,344.61489867940156,347.9170039511644,11712485,KOTAKBANK.NS
2022-04-29,356.2220764160156,360.11103257138944,351.4976456138051,351.88556081767695,18443295,KOTAKBANK.NS
2022-05-02,352.9597473144531,354.173181328339,348.1259230260036,351.20921159519395,9897330,KOTAKBANK.NS
2022-05-04,353.2084045410156,362.7766157759614,351.69659754106976,351.69659754106976,28732370,KOTAKBANK.NS
2022-05-05,357.584716796875,362.23954773629345,354.9390317577662,358.2610794705606,17840235,KOTAKBANK.NS
2022-05-06,353.1487121582031,357.05754971181767,348.1159525298923,349.1404068332053,14237415,KOTAKBANK.NS
2022-05-09,351.5971374511719,354.87936167078044,346.72351983439074,347.1213605953578,10846810,KOTAKBANK.NS
2022-05-10,357.49517822265625,359.8126528123378,351.59710674368614,352.0944152397875,9949270,KOTAKBANK.NS
2022-05-11,360.0413513183594,361.64270026393126,357.26639210342915,357.66423278105697,13109420,KOTAKBANK.NS
2022-05-12,350.2842102050781,359.37502421772473,349.5084101538286,358.6191055794244,21411340,KOTAKBANK.NS
2022-05-13,353.9941101074219,357.0674727345237,349.309472933422,355.0782389031335,13685110,KOTAKBANK.NS
2022-05-16,360.6183166503906,363.03522883427513,351.32859690289087,354.2826108009622,15195905,KOTAKBANK.NS
2022-05-17,366.0787353515625,366.9937963589132,361.56316561392566,362.6373689857418,15103905,KOTAKBANK.NS
2022-05-18,367.3717041015625,370.79318885663173,366.18813784959383,367.40157174939515,26608920,KOTAKBANK.NS
2022-05-19,354.7599792480469,363.4927151701667,353.7554367325272,360.44918962155947,15541605,KOTAKBANK.NS
2022-05-20,363.8607177734375,365.99916857092745,356.95810383193987,360.2502836195592,13248360,KOTAKBANK.NS
2022-05-23,368.8636169433594,372.2851015816339,366.2676813477898,368.4061016583865,14130390,KOTAKBANK.NS
2022-05-24,374.4931640625,375.96520807952334,366.57602161879714,369.5897097710169,17109500,KOTAKBANK.NS
2022-05-25,379.45635986328125,386.2097877678082,375.2292374074126,377.52680036104397,31263010,KOTAKBANK.NS
2022-05-26,379.6751708984375,382.3307813784471,374.7816417410861,380.9283677196531,24749145,KOTAKBANK.NS
2022-05-27,387.1446838378906,387.9006024171955,380.5404432112215,382.1318363687212,12201835,KOTAKBANK.NS
2022-05-30,378.5910339355469,388.24875662105757,377.0692407683451,386.95573629375525,19939000,KOTAKBANK.NS
2022-05-31,367.38165283203125,377.18859160572805,363.70158838042823,376.1840187872075,74151530,KOTAKBANK.NS
2022-06-01,371.01202392578125,372.78244097886886,365.0940709636293,366.0190574926089,11913225,KOTAKBANK.NS
2022-06-02,369.530029296875,373.7770326896127,367.2125851896978,367.65021907013215,13321505,KOTAKBANK.NS
2022-06-03,369.7289733886719,373.77704134649485,368.6249327795923,373.77704134649485,9076875,KOTAKBANK.NS
2022-06-06,371.8475036621094,373.3792223682689,366.6456760857307,367.0136795257457,12940485,KOTAKBANK.NS
2022-06-07,369.6294860839844,370.9921063903379,364.42762873207425,370.79317086757567,8558195,KOTAKBANK.NS
2022-06-08,367.1131591796875,373.9958921669756,365.7704200916949,369.9975425536656,7328080,KOTAKBANK.NS
2022-06-09,371.03192138671875,372.5536841301203,363.5722941439071,365.77038913919796,6404340,KOTAKBANK.NS
2022-06-10,356.4309387207031,368.8437699879489,354.88929448966127,366.0190613093707,14299750,KOTAKBANK.NS
2022-06-13,345.5995788574219,348.63314864205705,341.87972089733887,346.72350095209146,11747225,KOTAKBANK.NS
2022-06-14,346.0670471191406,347.8474200774453,342.4665383762525,345.251453880889,7755235,KOTAKBANK.NS
2022-06-15,345.4602966308594,348.1159372792708,343.9186524785144,345.72886263715884,8850845,KOTAKBANK.NS
2022-06-16,333.3558044433594,348.82208512473636,332.2020451948974,346.52452250988586,14866460,KOTAKBANK.NS
2022-06-17,332.9181823730469,334.92729765863675,327.94509768795314,330.41175861894766,15819320,KOTAKBANK.NS
2022-06-20,334.03216552734375,336.1507045678035,328.6214466856584,332.9181993575794,8837885,KOTAKBANK.NS
2022-06-21,334.48968505859375,339.96007856022777,332.70934248243935,336.18054610041963,12518015,KOTAKBANK.NS
2022-06-22,332.14239501953125,333.3657848258215,328.8203779658298,331.2074526348804,8859625,KOTAKBANK.NS
2022-06-23,335.00689697265625,337.1751546944536,327.98490355389134,333.1966867924542,12454005,KOTAKBANK.NS
2022-06-24,337.8514709472656,341.13372502289894,336.2103590860989,338.1697556491391,8088605,KOTAKBANK.NS
2022-06-27,336.4888610839844,342.12835259885986,335.185915295521,341.59125094189534,10640560,KOTAKBANK.NS
2022-06-28,331.96337890625,336.6480164670688,331.1477856832432,335.1660468533701,13997215,KOTAKBANK.NS
2022-06-29,326.72174072265625,330.00399515625173,325.5779372009364,328.2236221613607,14664150,KOTAKBANK.NS
2022-06-30,330.431640625,333.57463379403,324.4440575805625,324.6429627563441,19910320,KOTAKBANK.NS
2022-07-01,331.7544860839844,334.09184208967537,325.438692457075,327.2289909042883,11502570,KOTAKBANK.NS
2022-07-04,332.3811340332031,335.0765682191758,330.2228319315864,331.5158220157519,9343905,KOTAKBANK.NS
2022-07-05,330.819580078125,337.1354047531965,329.6061763515687,333.19672952401714,13210485,KOTAKBANK.NS
2022-07-06,339.0649108886719,340.6364226615149,332.40099556111693,334.58913463077516,27864745,KOTAKBANK.NS
2022-07-07,345.8283386230469,346.9223930264277,341.36248770985685,341.75040290448584,15850325,KOTAKBANK.NS
2022-07-08,347.0716552734375,349.39905568586,344.57515659559505,349.11060822287567,8890745,KOTAKBANK.NS
2022-07-11,346.3753662109375,347.51916967693927,343.7794304407935,346.72348822753844,7665895,KOTAKBANK.NS
2022-07-12,341.93939208984375,345.92778567979553,340.5469343394877,342.4466261272541,9144160,KOTAKBANK.NS
2022-07-13,346.53448486328125,347.31028484702614,342.82455282316926,342.9439019970839,18067340,KOTAKBANK.NS
2022-07-14,352.1044006347656,353.48690258608644,345.5399218653582,346.1267422975466,32854910,KOTAKBANK.NS
2022-07-15,355.6153564453125,356.0728717480758,352.09440390731515,352.5519192100784,11668660,KOTAKBANK.NS
2022-07-18,367.1429748535156,368.0082867794146,356.91831339712775,358.0621168664575,15585190,KOTAKBANK.NS
2022-07-19,365.0144958496094,368.40614358031524,363.641919485202,365.02445173301334,14475875,KOTAKBANK.NS
2022-07-20,363.5822448730469,368.008302818537,361.6626412809753,367.26234004255343,12857345,KOTAKBANK.NS
2022-07-21,358.1714782714844,363.0351694954036,355.6352173108498,363.0351694954036,10933370,KOTAKBANK.NS
2022-07-22,363.45294189453125,366.4168810011933,356.01319612668755,358.2610401632573,16747900,KOTAKBANK.NS
2022-07-25,357.1769104003906,367.7696061511913,355.09816443072594,361.2449208018858,9432575,KOTAKBANK.NS
2022-07-26,350.4234619140625,357.0575401772753,348.51378395572556,356.2718146169239,9012235,KOTAKBANK.NS
2022-07-27,348.9315490722656,350.3339627081638,344.60495897909925,350.3339627081638,17398225,KOTAKBANK.NS
2022-07-28,363.7314147949219,364.39779112433143,351.09976794290833,353.0492085804381,10772005,KOTAKBANK.NS
2022-07-29,360.1210021972656,369.3808844947039,358.7882189940722,365.55160278559475,11939990,KOTAKBANK.NS
2022-08-01,369.1520690917969,370.3953402596618,360.44917091674233,361.0459471479775,8277685,KOTAKBANK.NS
2022-08-02,374.89105224609375,376.5620015179613,364.86529590828485,368.34645540132647,16788030,KOTAKBANK.NS
2022-08-03,368.22705078125,373.9361417772739,366.01900016395507,372.9813181018564,12678395,KOTAKBANK.NS
2022-08-04,365.1338195800781,369.79857557583404,360.8967719479315,369.3211788585786,11805930,KOTAKBANK.NS
2022-08-05,364.8056335449219,368.0083016000054,362.5677452243813,366.9639658584076,8322855,KOTAKBANK.NS
2022-08-08,366.9142150878906,367.90883211461477,361.40402826091383,364.02983178105103,7779625,KOTAKBANK.NS
2022-08-10,363.70159912109375,367.8590907519916,362.249436497122,367.61043651062255,8286635,KOTAKBANK.NS
2022-08-11,368.9264831542969,369.5534435518959,364.84609258814714,368.0307647002936,13891690,KOTAKBANK.NS
2022-08-12,366.478271484375,370.22029276455584,365.5427661643298,370.22029276455584,6982610,KOTAKBANK.NS
2022-08-16,367.5032958984375,370.5785088111415,365.95076181380193,368.31938007336913,6568120,KOTAKBANK.NS
2022-08-17,366.1796875,369.02598998230894,364.47787706217485,369.02598998230894,16916670,KOTAKBANK.NS
2022-08-18,379.0776672363281,380.57049083823404,364.6470390845709,366.04033503870164,18306580,KOTAKBANK.NS
2022-08-19,373.60400390625,386.6313750369555,372.40976317347713,381.96381052196347,22819530,KOTAKBANK.NS
2022-08-22,364.6570129394531,365.84132213226115,360.5268735794904,363.64190379057834,20813785,KOTAKBANK.NS
2022-08-23,369.3742980957031,372.0116136057899,362.25851197059524,363.0546723757477,11071500,KOTAKBANK.NS
2022-08-24,371.7330017089844,372.9969452366849,366.51808053731264,368.4289082729258,7078125,KOTAKBANK.NS
2022-08-25,371.9618835449219,379.2667634460714,369.45395080903455,373.2257966034015,11022045,KOTAKBANK.NS
2022-08-26,378.59002685546875,383.55614372582994,371.99174157781505,372.6784428745937,16715440,KOTAKBANK.NS
2022-08-29,368.22979736328125,373.7930493058838,367.23458169473184,369.8221485072747,18198365,KOTAKBANK.NS
2022-08-30,381.2572021484375,382.1628521353264,369.623127475321,371.1856235089064,19429250,KOTAKBANK.NS
2022-09-01,378.749267578125,383.25759373827566,373.2059085276169,373.2059085276169,21039210,KOTAKBANK.NS
2022-09-02,381.9339294433594,383.95421615867747,379.057771779325,381.5557729784031,16656880,KOTAKBANK.NS
2022-09-05,385.7257385253906,389.5274702900723,380.3715028652096,380.3715028652096,19033850,KOTAKBANK.NS
2022-09-06,381.3069763183594,388.1241798958168,380.1724157871311,387.12896414768295,13839270,KOTAKBANK.NS
2022-09-07,379.8240661621094,381.1875068128474,375.33566400386246,378.1819663299911,9881290,KOTAKBANK.NS
2022-09-08,384.1632385253906,385.74562791155824,380.570493901335,382.18273854491804,12060915,KOTAKBANK.NS
2022-09-09,383.4267578125,388.2734839859619,381.4661815867871,388.1341392037896,14089865,KOTAKBANK.NS
2022-09-12,382.958984375,386.9398471247259,381.71496476571065,383.1580396611153,7418405,KOTAKBANK.NS
2022-09-13,382.839599609375,386.14372329374703,382.1927154255949,384.7504272737032,7922905,KOTAKBANK.NS
2022-09-14,389.06964111328125,393.6675329405794,376.5896273166336,376.5896273166336,18712145,KOTAKBANK.NS
2022-09-15,384.97930908203125,395.5385643632608,382.75999731736425,391.61741173723306,18737490,KOTAKBANK.NS
2022-09-16,384.2129821777344,394.1054289606648,380.1923021257112,383.4068598664044,25844110,KOTAKBANK.NS
2022-09-19,384.05377197265625,386.1437312314717,379.6847903944681,382.7798969607763,8379560,KOTAKBANK.NS
2022-09-20,386.0939636230469,390.46294498660785,384.7504162818407,386.93987271605215,8063650,KOTAKBANK.NS
2022-09-21,381.8642883300781,388.13413528997904,377.86350165158956,383.55613685070557,11191380,KOTAKBANK.NS
2022-09-22,376.7389221191406,383.07847216246375,374.4399760924975,379.28667209127826,9286135,KOTAKBANK.NS
2022-09-23,370.7576904296875,375.93279419636343,366.6175891934018,372.230590327387,13068795,KOTAKBANK.NS
2022-09-26,364.0498962402344,369.822165607671,361.59171221038923,365.44322253788783,11425880,KOTAKBANK.NS
2022-09-27,358.1383361816406,365.2143361740027,356.6952915229041,364.6868730252165,13700720,KOTAKBANK.NS
2022-09-28,356.80474853515625,359.87003012865694,353.3214933244533,356.2872472661903,8855585,KOTAKBANK.NS
2022-09-29,351.3708801269531,360.2681116113914,350.2662051918047,358.6757602923851,13998135,KOTAKBANK.NS
2022-09-30,362.09930419921875,363.5423792226661,349.8581623062953,351.90830437458555,14023265,KOTAKBANK.NS
2022-10-03,355.0730895996094,360.8652528071132,352.9632369767848,359.87003701358645,12200320,KOTAKBANK.NS
2022-10-04,362.70635986328125,363.81103466882934,358.6757182125859,359.86998915462266,8344610,KOTAKBANK.NS
2022-10-06,362.03955078125,366.23936207204775,360.6362930591571,363.25371509863436,8740755,KOTAKBANK.NS
2022-10-07,363.3333740234375,364.2489859308008,358.71558846496606,360.36765035175506,5319220,KOTAKBANK.NS
2022-10-10,359.9197692871094,362.60686395606496,357.19288785575657,358.4966180562628,5188610,KOTAKBANK.NS
2022-10-11,355.8692321777344,360.23824386981556,354.9536507018461,360.23824386981556,7483590,KOTAKBANK.NS
2022-10-12,360.30792236328125,360.8652407593236,354.33662780147745,355.8891619578205,5175590,KOTAKBANK.NS
2022-10-13,358.5762023925781,361.44242845069385,356.88435393575475,359.2728655269936,5864895,KOTAKBANK.NS
2022-10-14,365.0451354980469,369.82218945900746,362.7561513555446,363.8508947864882,8351190,KOTAKBANK.NS
2022-10-17,369.8520202636719,370.6581425614369,362.3082681514174,363.8608022338961,5521415,KOTAKBANK.NS
2022-10-18,370.1605529785156,373.3850423287575,369.24494111390726,371.70312526111286,8049290,KOTAKBANK.NS
2022-10-19,372.081298828125,373.69354344569433,369.22503455236046,372.0116264380884,4566430,KOTAKBANK.NS
2022-10-20,370.92681884765625,374.78826045451075,369.2946809641361,370.2202242355478,7955535,KOTAKBANK.NS
2022-10-21,378.70941162109375,383.15802680956375,371.47420474991003,372.2106546150048,19709855,KOTAKBANK.NS
2022-10-24,377.3460388183594,381.1676639718165,376.19158480769363,378.6796243897551,3245405,KOTAKBANK.NS
2022-10-25,367.5531311035156,380.4909373679648,366.63751914284495,380.3715163234378,17558250,KOTAKBANK.NS
2022-10-27,371.21551513671875,375.79351415910105,368.1204083958396,374.93761272776385,22967460,KOTAKBANK.NS
2022-10-28,375.0470886230469,377.1569413063923,372.41970427441373,373.00687796484846,15243435,KOTAKBANK.NS
2022-10-31,378.5701599121094,380.57052305533324,375.992524214291,377.9829558519984,9371740,KOTAKBANK.NS
2022-11-01,380.0131530761719,386.4422378897937,378.85869923831876,379.77431103095137,12727085,KOTAKBANK.NS
2022-11-02,380.1624755859375,382.16286907264396,377.68439795069895,381.9140651214248,9320405,KOTAKBANK.NS
2022-11-03,378.2118225097656,380.76953415642095,376.9080923681701,379.13736582465594,7959355,KOTAKBANK.NS
2022-11-04,378.17205810546875,379.7743714044055,377.04745934448863,379.3762911418969,10407065,KOTAKBANK.NS
2022-11-07,374.7185974121094,380.17239027973125,372.539072640204,379.7743100815015,13123005,KOTAKBANK.NS
2022-11-09,376.8683166503906,378.89856541226635,374.34049035375926,377.783928561535,11613170,KOTAKBANK.NS
2022-11-10,380.600341796875,381.16762204837005,376.5299131329055,377.1867591549145,12550620,KOTAKBANK.NS
2022-11-11,378.0028381347656,384.9295309700051,376.37066979255724,384.75039943144264,17120150,KOTAKBANK.NS
2022-11-14,382.7201843261719,383.8945316770289,378.38105803117764,378.7492830164823,10711335,KOTAKBANK.NS
2022-11-15,380.650146484375,384.81014119948867,377.2464951173702,383.1580793426689,9951460,KOTAKBANK.NS
2022-11-16,391.2989501953125,391.84633712118455,380.9586735823473,380.9686050879102,32188255,KOTAKBANK.NS
2022-11-17,388.2436218261719,391.11981007146613,386.79061525971866,390.88096799796034,12043355,KOTAKBANK.NS
2022-11-18,390.0350036621094,397.5986493478992,387.7161339836678,390.31366285398497,21360200,KOTAKBANK.NS
2022-11-21,386.9598083496094,389.03980569318014,384.710610959298,389.03980569318014,5963050,KOTAKBANK.NS
2022-11-22,386.0939636230469,388.9004489648231,384.1731741368724,388.9004489648231,5833775,KOTAKBANK.NS
2022-11-23,388.80096435546875,390.4231405740053,387.26832354147894,388.2336840684525,12502815,KOTAKBANK.NS
2022-11-24,387.10906982421875,389.38812238593863,384.7603448711213,389.02982892426394,7002105,KOTAKBANK.NS
2022-11-25,383.8348388671875,387.9351232790591,382.1628835408747,387.9351232790591,10487705,KOTAKBANK.NS
2022-11-28,383.78509521484375,386.73092564307376,381.36672797516417,381.36672797516417,7822520,KOTAKBANK.NS
2022-11-29,383.26751708984375,385.9446498464567,382.80972635582947,384.4717499966087,6817525,KOTAKBANK.NS
2022-11-30,387.5469665527344,389.12935594125696,381.3666852859434,385.9446534115224,14753670,KOTAKBANK.NS
2022-12-01,385.0091247558594,390.47287951116215,383.7253183916251,389.1293322640689,12355025,KOTAKBANK.NS
2022-12-02,384.31256103515625,385.12864533143113,381.5856792913251,381.5856792913251,7954840,KOTAKBANK.NS
2022-12-05,385.835205078125,386.9299485016449,382.16285644970264,386.5417997722071,6227545,KOTAKBANK.NS
2022-12-06,385.1982421875,386.7607381972765,382.2723054656975,382.2723054656975,6833490,KOTAKBANK.NS
2022-12-07,380.4610290527344,384.65087876237965,379.276719907026,384.65087876237965,11811400,KOTAKBANK.NS
2022-12-08,377.5848693847656,379.1374036069008,373.6239299287231,377.96305624915834,63099190,KOTAKBANK.NS
2022-12-09,375.80340576171875,381.5159648343254,374.05184668980974,380.96857794744955,13242275,KOTAKBANK.NS
2022-12-12,371.3647766113281,374.141437249077,370.8174200597655,371.21550031286347,16407235,KOTAKBANK.NS
2022-12-13,371.91217041015625,372.55905462984674,369.8620282158023,370.96670321643995,34697825,KOTAKBANK.NS
2022-12-14,372.8476867675781,373.3950433454686,370.966714201719,372.42968274019455,18735705,KOTAKBANK.NS
2022-12-15,370.8572082519531,374.55938165123644,369.20514647753873,373.31536197516306,10208995,KOTAKBANK.NS
2022-12-16,366.3488464355469,369.6131831745716,365.2839886907856,369.16532394910024,12439140,KOTAKBANK.NS
2022-12-19,369.8520202636719,371.0164056397443,366.3389100118155,366.34884151627523,8568235,KOTAKBANK.NS
2022-12-20,367.6526184082031,370.60841042211,365.1944342729232,367.2346144266637,7052930,KOTAKBANK.NS
2022-12-21,361.1837463378906,370.40938624913736,360.06907908397335,370.3198204680468,11914345,KOTAKBANK.NS
2022-12-22,363.46270751953125,365.244152078669,362.0594497756758,363.45277601546786,8570465,KOTAKBANK.NS
2022-12-23,362.6466979980469,366.0702123898609,360.65626640870744,361.4524268958129,10510630,KOTAKBANK.NS
2022-12-26,360.9747009277344,363.4727022120039,357.1232207840131,362.64668649212894,23733690,KOTAKBANK.NS
2022-12-27,362.43768310546875,363.8409410294155,359.6709843936551,362.7860147101209,7741430,KOTAKBANK.NS
2022-12-28,362.2784423828125,364.52763979606175,361.3130818478102,363.1343437588357,9521340,KOTAKBANK.NS
2022-12-29,362.00970458984375,362.25850851052405,358.47670106481235,361.1438718053279,10772450,KOTAKBANK.NS
2022-12-30,363.70159912109375,365.8413068571246,362.71631489993894,363.2736332766287,13463440,KOTAKBANK.NS
2023-01-02,363.2637023925781,364.84609175462236,361.5519301265146,363.8110588940419,5625005,KOTAKBANK.NS
2023-01-03,364.81622314453125,365.5427111611657,362.45756681627745,362.7063707390312,8317240,KOTAKBANK.NS
2023-01-04,362.4078063964844,365.224283954593,361.05432756563965,365.224283954593,8320520,KOTAKBANK.NS
2023-01-05,362.3182373046875,364.8062766370394,359.5017901439577,362.258526790437,8663090,KOTAKBANK.NS
2023-01-06,355.6502990722656,363.4528175695142,352.43577151798894,363.4528175695142,18998275,KOTAKBANK.NS
2023-01-09,360.64630126953125,361.46238550295647,356.0881959630932,358.47673814595487,17134340,KOTAKBANK.NS
2023-01-10,357.3919372558594,361.46239667200024,356.06831358351576,359.979504452864,7370655,KOTAKBANK.NS
2023-01-11,358.6459045410156,359.1036952941941,355.1129006828425,358.27767956313886,8018505,KOTAKBANK.NS
2023-01-12,354.197265625,359.6709520378863,352.7840763228449,359.6709520378863,17648025,KOTAKBANK.NS
2023-01-13,354.35650634765625,355.7498022794314,350.1168776673652,354.19726818808573,19915985,KOTAKBANK.NS
2023-01-16,355.2522277832031,358.0786370449782,354.2968291076284,355.6901251702533,10590805,KOTAKBANK.NS
2023-01-17,357.8099365234375,358.66583790744204,353.62008649584516,354.296825952869,10661970,KOTAKBANK.NS
2023-01-18,358.0985412597656,363.65183182478114,357.4815123493833,358.8648464595026,14176160,KOTAKBANK.NS
2023-01-19,351.7689514160156,358.9743341176344,351.31116067385256,358.9743341176344,22128220,KOTAKBANK.NS
2023-01-20,350.8931579589844,354.07786052746764,349.7188106558413,354.07786052746764,21351470,KOTAKBANK.NS
2023-01-23,355.0432434082031,358.2080224232661,352.3063999061077,356.2872631818829,38823135,KOTAKBANK.NS
2023-01-24,350.3656921386719,356.82466299962135,348.0767080655695,356.82466299962135,20795940,KOTAKBANK.NS
2023-01-25,348.28570556640625,350.39555815874684,344.9417951268269,349.7188187181046,21401665,KOTAKBANK.NS
2023-01-27,340.9808349609375,348.7435364790762,339.16953490288086,348.7435364790762,37584895,KOTAKBANK.NS
2023-01-30,343.5982360839844,344.46406892299177,335.15879562960305,340.98081381424754,24697780,KOTAKBANK.NS
2023-01-31,344.543701171875,346.05641816218497,340.97084993999823,344.44417352360773,21926920,KOTAKBANK.NS
2023-02-01,347.27056884765625,355.09294967265123,342.5034771397931,347.33027935994073,18260490,KOTAKBANK.NS
2023-02-02,350.6642761230469,351.90829581244924,342.35421852352437,342.35421852352437,20922350,KOTAKBANK.NS
2023-02-03,354.35650634765625,355.03324574715083,347.370102936601,352.42578542377737,13376060,KOTAKBANK.NS
2023-02-06,347.7283630371094,353.94846122527883,346.3350671172741,353.30157708802386,15201045,KOTAKBANK.NS
2023-02-07,353.3811950683594,354.29680692164965,347.73833877518894,348.76340978259924,18215935,KOTAKBANK.NS
2023-02-08,351.4107360839844,354.29685608451445,350.5349412431993,354.0580139903289,7233450,KOTAKBANK.NS
2023-02-09,352.48553466796875,353.3414360732592,347.9174976620884,351.8983609740444,10819125,KOTAKBANK.NS
2023-02-10,352.7144470214844,354.02813921023534,351.3111890523517,351.8884008720034,7229710,KOTAKBANK.NS
2023-02-13,353.062744140625,355.18255851726667,350.644346820308,353.32147957925486,11945710,KOTAKBANK.NS
2023-02-14,352.3760681152344,353.699691775207,351.06237596066114,352.3063957195579,8074465,KOTAKBANK.NS
2023-02-15,355.39154052734375,356.2872286031487,350.36568290650604,351.99785126952384,12046460,KOTAKBANK.NS
2023-02-16,355.8791809082031,359.0539214422479,355.00338622687036,357.08338340924917,11458010,KOTAKBANK.NS
2023-02-17,350.1666564941406,356.56588627246185,348.5344881380718,354.9138245357971,12939545,KOTAKBANK.NS
2023-02-20,345.79766845703125,351.91823946586413,344.3645552956413,351.91823946586413,16124195,KOTAKBANK.NS
2023-02-21,344.38446044921875,347.33029051227356,343.359389459991,347.33029051227356,14684670,KOTAKBANK.NS
2023-02-22,338.4828186035156,343.56838694608433,337.9752792170146,343.140451457137,17695745,KOTAKBANK.NS
2023-02-23,339.7965087890625,341.11020087812113,335.9350667905672,339.8462877998815,13850550,KOTAKBANK.NS
2023-02-24,337.8359375,343.20016509008576,337.1790914458114,340.96092960281453,10401815,KOTAKBANK.NS
2023-02-27,343.53851318359375,344.30481834612357,336.54214796084347,338.03497152505685,11718990,KOTAKBANK.NS
2023-02-28,344.19537353515625,346.61374052075024,342.68262615592755,343.53852749495024,21975490,KOTAKBANK.NS
2023-03-01,347.3103942871094,348.4449244192244,343.5484800653409,344.195364211611,28066930,KOTAKBANK.NS
2023-03-02,342.6925964355469,347.59900291878876,341.9561464807003,345.4592950761255,20599675,KOTAKBANK.NS
2023-03-03,348.52459716796875,351.3111893541585,342.33435346646866,344.7427587763376,18131345,KOTAKBANK.NS
2023-03-06,348.52459716796875,351.2315854509432,346.6237312806984,349.5795235221389,25934230,KOTAKBANK.NS
2023-03-08,346.3749084472656,347.1909623041669,343.71766895215427,345.5389308369635,26013040,KOTAKBANK.NS
2023-03-09,341.6973876953125,347.2407469672578,341.1002521435,346.19575215869196,34641580,KOTAKBANK.NS
2023-03-10,338.23406982421875,341.0605097793126,336.7810630771937,339.7667108533596,24380720,KOTAKBANK.NS
2023-03-13,333.1783447265625,343.0110817023337,331.6457038886011,338.1743171150544,44894690,KOTAKBANK.NS
2023-03-14,328.0728759765625,333.9048562436726,327.12743920800665,332.9992062388036,70694930,KOTAKBANK.NS
2023-03-15,331.595947265625,335.98485248807145,330.73011439883305,332.0039893789037,23461815,KOTAKBANK.NS
2023-03-16,331.11822509765625,334.1635828759829,328.0629358144576,332.4020619246997,18160315,KOTAKBANK.NS
2023-03-17,336.9999694824219,339.6074300200984,332.6309879117502,334.3129050442043,44641505,KOTAKBANK.NS
2023-03-20,338.3037109375,338.9605570320925,334.60150682261855,335.78581609401726,22319685,KOTAKBANK.NS
2023-03-21,339.7367858886719,340.75192536210915,336.78099398182684,339.876130667996,9025900,KOTAKBANK.NS
2023-03-22,339.3984680175781,341.0007813666274,336.80096916692156,340.36382862943117,16630495,KOTAKBANK.NS
2023-03-23,334.3327941894531,338.37336785826994,333.39728891917775,338.20416781084754,28210755,KOTAKBANK.NS
2023-03-24,336.81085205078125,340.154792695172,333.3972693877205,333.6062561868781,27403045,KOTAKBANK.NS
2023-03-27,339.40838623046875,340.9310651056874,336.9999507637097,338.5027362577921,14186020,KOTAKBANK.NS
2023-03-28,338.1544189453125,340.3239820721364,335.4772860481344,340.15481239640206,11858260,KOTAKBANK.NS
2023-03-29,342.5632019042969,343.74751106649984,337.37813639471966,338.3932455173619,14105000,KOTAKBANK.NS
2023-03-31,344.91192626953125,346.4644603940638,342.55326982539816,343.4489579170017,17828775,KOTAKBANK.NS
2023-04-03,347.46966552734375,348.7634339430532,344.98162598053597,345.1408337845443,12184330,KOTAKBANK.NS
2023-04-05,348.7037048339844,350.2562389986995,346.1459930270413,347.3303022179114,12631750,KOTAKBANK.NS
2023-04-06,349.7387390136719,350.6045718735177,346.2057048096839,348.32551925776164,7786775,KOTAKBANK.NS
2023-04-10,350.1766052246094,351.9083013119906,348.25584608333287,349.7486697339452,6265855,KOTAKBANK.NS
2023-04-11,367.5331726074219,370.021212038481,363.452812237745,367.6725173939172,46468815,KOTAKBANK.NS
2023-04-12,367.0455017089844,368.41890424125245,364.54750057068304,366.6374596253704,17043565,KOTAKBANK.NS
2023-04-13,372.11114501953125,373.0665435897088,364.44800233468516,365.8412982436051,14620580,KOTAKBANK.NS
2023-04-17,377.2166442871094,380.9288101630247,363.4727164886682,375.98258641130496,51771495,KOTAKBANK.NS
2023-04-18,375.8531494140625,379.0975621812324,375.3754349639875,378.3710438164129,14863605,KOTAKBANK.NS
2023-04-19,375.1764831542969,375.8631845225136,373.4348554117484,375.85322264508,9383280,KOTAKBANK.NS
2023-04-20,374.9972839355469,378.85872592028176,372.6187340768517,375.0569944510573,11613885,KOTAKBANK.NS
2023-04-21,376.9180908203125,378.9085224200619,373.63386045778043,374.59922099852196,8356705,KOTAKBANK.NS
2023-04-24,377.6346130371094,378.58004973798694,373.71346071279766,376.2313552424277,10087030,KOTAKBANK.NS
2023-04-25,376.0522155761719,379.5752878994767,373.60399329055497,378.58007213132305,23692095,KOTAKBANK.NS
2023-04-26,373.9224548339844,377.067340181534,370.88705900981944,373.7035061587887,15797590,KOTAKBANK.NS
2023-04-27,379.8937683105469,380.7695630553709,373.57414204064975,373.58410391734213,25306465,KOTAKBANK.NS
2023-04-28,385.75555419921875,386.8005489377752,377.40571002483085,379.3762481023233,21838060,KOTAKBANK.NS
2023-05-02,382.39178466796875,385.63616758184156,376.1915791883197,381.76479384320265,23028855,KOTAKBANK.NS
2023-05-03,384.3423767089844,384.91958848617867,380.7098452600095,381.96379646469353,17245035,KOTAKBANK.NS
2023-05-04,387.65643310546875,388.3530962882624,382.5111846183698,384.14332267662024,17257895,KOTAKBANK.NS
2023-05-05,383.89453125,392.91118392780305,381.26717734301224,388.5620957607759,17421090,KOTAKBANK.NS
2023-05-08,389.8956604003906,391.8164498652944,382.36190031409217,385.3276237881355,19354705,KOTAKBANK.NS
2023-05-09,388.9900207519531,392.11501284383615,387.7659247943349,391.0899418170008,18115375,KOTAKBANK.NS
2023-05-10,389.8658142089844,390.9207404905556,384.48169327371824,390.1245800268858,19562195,KOTAKBANK.NS
2023-05-11,389.716552734375,394.10545807111976,388.5023882395959,392.1150264647,22059120,KOTAKBANK.NS
2023-05-12,390.2440185546875,391.7169488872434,386.8702527520336,388.9303263963195,16085405,KOTAKBANK.NS
2023-05-15,392.712158203125,393.5083186893225,388.611873993214,389.5374173920231,14858460,KOTAKBANK.NS
2023-05-16,387.5469665527344,393.7073544384101,385.74562848564784,393.7073544384101,22847485,KOTAKBANK.NS
2023-05-17,380.00323486328125,388.31329285256794,377.2962466773137,388.09434416210087,27410085,KOTAKBANK.NS
2023-05-18,383.6357727050781,384.87979237461775,380.4112530689611,382.9590029224524,20726140,KOTAKBANK.NS
2023-05-19,386.4721374511719,387.5071703850724,382.8595296167676,384.1532980054613,19734635,KOTAKBANK.NS
2023-05-22,386.18353271484375,388.63175498484304,382.88937097299527,387.1389313421356,17004400,KOTAKBANK.NS
2023-05-23,382.46142578125,386.18355358421536,381.16765736961815,386.18355358421536,21677620,KOTAKBANK.NS
2023-05-24,380.2420959472656,386.14371816509544,377.66449075152576,382.55100381928645,17787685,KOTAKBANK.NS
2023-05-25,384.143310546875,384.8598670885375,379.68476350681834,381.7647607414115,29833785,KOTAKBANK.NS
2023-05-26,387.1488952636719,388.1241872775846,382.8595177373609,388.1241872775846,16477060,KOTAKBANK.NS
2023-05-29,388.7710876464844,392.7718439504146,387.78580342035156,390.74159535560244,18877545,KOTAKBANK.NS
2023-05-30,393.050537109375,393.92633188759487,388.60192119349904,389.6966646662739,37148525,KOTAKBANK.NS
2023-05-31,400.94256591796875,410.90468533350423,388.9104110977948,395.0906924255304,442990630,KOTAKBANK.NS
2023-06-01,384.1632385253906,393.9362340354652,383.1580609064466,391.7169223672431,29837160,KOTAKBANK.NS
2023-06-02,385.8948974609375,388.40283015477013,383.75518972599104,387.12895524132875,17790360,KOTAKBANK.NS
2023-06-05,383.13818359375,388.43270848410737,382.61072044290626,387.13894011307946,12029545,KOTAKBANK.NS
2023-06-06,389.93548583984375,391.39845422694907,384.18313994208046,385.12860706596905,20564205,KOTAKBANK.NS
2023-06-07,386.0243225097656,392.5131188129785,385.34758303189705,392.5131188129785,15502070,KOTAKBANK.NS
2023-06-08,375.494873046875,385.52666435331446,374.11153901125186,385.52666435331446,27458070,KOTAKBANK.NS
2023-06-09,372.6087646484375,377.7241880983607,370.359597742792,370.61833318090146,70984620,KOTAKBANK.NS
2023-06-12,374.0916748046875,374.99729443915254,371.10602745924336,373.1760629219248,14075865,KOTAKBANK.NS
2023-06-13,369.4141540527344,374.79827515814,368.6279250692024,373.2755962038627,47809135,KOTAKBANK.NS
2023-06-14,371.14581298828125,371.8026590466829,367.5132814710571,369.4141472525886,27892715,KOTAKBANK.NS
2023-06-15,364.94561767578125,372.0116250099453,363.99018871442206,371.8026382122114,24190940,KOTAKBANK.NS
2023-06-16,369.7027587890625,370.5486678816947,364.8461010558789,365.6323300046427,15988285,KOTAKBANK.NS
2023-06-19,363.1641845703125,371.90217767878363,361.8604543618189,370.98656582127404,38049565,KOTAKBANK.NS
2023-06-20,367.0355529785156,367.6326884971805,361.32302434647085,362.25852957234514,23114525,KOTAKBANK.NS
2023-06-21,367.34405517578125,368.1800630969719,365.4631132820352,367.6426381109417,11995540,KOTAKBANK.NS
2023-06-22,365.463134765625,367.6924083623185,364.32857421415247,367.3440767699414,17141050,KOTAKBANK.NS
2023-06-23,363.9603576660156,367.34408527406686,363.0348142714877,364.84611429652074,12920315,KOTAKBANK.NS
2023-06-26,362.845703125,364.6371096805517,362.2386361017498,364.6371096805517,11068395,KOTAKBANK.NS
2023-06-27,367.1748962402344,367.6326869749664,362.3879109775752,363.7911688105763,10693325,KOTAKBANK.NS
2023-06-28,366.3488464355469,367.85163190118647,364.12953480367105,367.4336583042153,26699910,KOTAKBANK.NS
2023-06-30,367.5431213378906,368.3392817787227,364.83613331885795,367.8118186530673,19673600,KOTAKBANK.NS
2023-07-03,367.0256652832031,370.0212443672511,365.84135598081986,369.4241391488879,16042700,KOTAKBANK.NS
2023-07-04,370.55859375,371.88224758070135,365.45313257472367,368.22979275930004,32877935,KOTAKBANK.NS
2023-07-05,371.1856384277344,371.7728121055991,368.85683709852367,370.7775963048299,15595925,KOTAKBANK.NS
2023-07-06,373.6636657714844,374.7683709549053,370.031134661796,370.22022806822326,18271205,KOTAKBANK.NS
2023-07-07,368.9264831542969,373.08647761533143,368.32934764215264,372.60876313130126,10382720,KOTAKBANK.NS
2023-07-10,371.5936584472656,373.0765201833028,367.2346086397324,368.82695990056095,17187710,KOTAKBANK.NS
2023-07-11,371.5339660644531,376.94794239254384,370.87711999837126,373.00686599605274,20483785,KOTAKBANK.NS
2023-07-12,373.82293701171875,376.37068691464333,371.79268836759695,373.1860147217749,21775415,KOTAKBANK.NS
2023-07-13,372.1509704589844,378.5004516409121,371.5040863123572,375.99248857729947,26326850,KOTAKBANK.NS
2023-07-14,372.0116271972656,375.6640822846731,370.2202510344382,372.2305758724178,35659580,KOTAKBANK.NS
2023-07-17,377.5948181152344,378.07253261755756,371.54388923877383,372.4495392320839,16649280,KOTAKBANK.NS
2023-07-18,376.3607482910156,379.7743309767206,374.0717338750012,377.2564363792065,28978225,KOTAKBANK.NS
2023-07-19,379.4956970214844,381.1676522801669,376.5000877376628,377.14697193484136,16888935,KOTAKBANK.NS
2023-07-20,389.5075378417969,390.60228122072755,376.7687582560491,378.3810332531509,46527925,KOTAKBANK.NS
2023-07-21,392.1548156738281,395.6480022416582,388.2535566395774,388.5123224488885,19248750,KOTAKBANK.NS
2023-07-24,377.6346130371094,388.1341266214448,375.83327503302803,388.1341266214448,35165465,KOTAKBANK.NS
2023-07-25,373.3054504394531,378.58008199952775,369.5136806936762,378.38105706365417,39724580,KOTAKBANK.NS
2023-07-26,377.2464904785156,377.7639917494451,373.3352997591215,374.20113262675795,12310365,KOTAKBANK.NS
2023-07-27,372.9571228027344,378.69950706195374,370.72784911916204,375.992518858369,31450005,KOTAKBANK.NS
2023-07-28,373.5741271972656,375.35557187463274,370.4392036928217,372.1310825982418,11510165,KOTAKBANK.NS
2023-07-31,369.5335388183594,373.2058871779159,368.0606086498643,371.41451106809103,20126035,KOTAKBANK.NS
2023-08-01,368.22979736328125,371.3647206448975,367.1151606739574,368.22979736328125,22339710,KOTAKBANK.NS
2023-08-02,362.9949951171875,367.8118358642382,361.8703964224972,366.34886744778214,20902255,KOTAKBANK.NS
2023-08-03,362.9053955078125,365.015247912461,359.4420643422848,362.2784047632745,35076460,KOTAKBANK.NS
2023-08-04,366.2421569824219,367.0987326682345,360.7938431960225,364.34966577593883,27217660,KOTAKBANK.NS
2023-08-07,364.857666015625,367.5370032406234,363.8317509351798,367.5370032406234,18541550,KOTAKBANK.NS
2023-08-08,364.15045166015625,367.06882731232895,362.965167417048,364.8476580171387,20448115,KOTAKBANK.NS
2023-08-09,364.8476867675781,365.34570437463,361.90940112392144,365.34570437463,13121620,KOTAKBANK.NS
2023-08-10,358.7420349121094,365.02701500503025,357.77587948881205,363.7022710799668,25560495,KOTAKBANK.NS
2023-08-11,356.8694763183594,358.5726880756755,354.98695511560203,358.1742800571303,21328080,KOTAKBANK.NS
2023-08-14,357.3973693847656,359.0408214389082,355.58457796661867,356.381393993905,16499595,KOTAKBANK.NS
2023-08-16,355.8236083984375,356.5507250439042,354.09051686138093,355.9829776794952,9419700,KOTAKBANK.NS
2023-08-17,351.7398681640625,356.0626570761089,351.20200067094544,354.9869220898747,25658695,KOTAKBANK.NS
2023-08-18,348.7716979980469,352.27773104691977,347.9150918984111,350.02671210832546,20566460,KOTAKBANK.NS
2023-08-21,350.67413330078125,353.1144013942817,348.38323401698,348.8115522704337,19777340,KOTAKBANK.NS
2023-08-22,351.2219543457031,352.99489592205884,350.29564883371273,352.39726867682543,16644060,KOTAKBANK.NS
2023-08-23,354.5984802246094,354.9670083632749,349.409115255189,352.55658994789746,16691425,KOTAKBANK.NS
2023-08-24,354.7778015136719,358.3734742101131,353.8415259380135,356.38140369110954,20618955,KOTAKBANK.NS
2023-08-25,354.35943603515625,356.45111605733933,351.9988374488029,352.8355033783596,10216750,KOTAKBANK.NS
2023-08-28,356.65032958984375,357.8953735836671,353.52276448700013,354.35943040325964,9902680,KOTAKBANK.NS
2023-08-29,355.2060546875,358.0846108966751,354.3892985593001,357.9650915406616,13543460,KOTAKBANK.NS
2023-08-30,353.5726013183594,357.1682739533526,351.60044059547874,356.77983601500864,12979480,KOTAKBANK.NS
2023-08-31,350.35540771484375,355.3455541657063,349.4689217304074,353.5726125934178,41570050,KOTAKBANK.NS
2023-09-01,352.8155822753906,354.50885423810314,349.478858346858,351.3812891860905,13476050,KOTAKBANK.NS
2023-09-04,351.04266357421875,356.3813978878531,350.0665380930319,354.070619224841,23488415,KOTAKBANK.NS
2023-09-05,352.8056335449219,355.1861723568277,351.2219411622784,351.6004394166051,21286715,KOTAKBANK.NS
2023-09-06,352.6562194824219,353.9909029990555,350.64423932688436,352.79567900038666,31101115,KOTAKBANK.NS
2023-09-07,356.38140869140625,357.04876569913284,352.05861925210655,353.5925220843046,11040445,KOTAKBANK.NS
2023-09-08,357.21807861328125,359.56870709423043,354.897299575878,357.9750446953828,11930910,KOTAKBANK.NS
2023-09-11,360.1463928222656,360.86353937930284,357.6264249920594,358.57267058696334,11584510,KOTAKBANK.NS
2023-09-12,360.8038024902344,362.3576150625347,357.8555466346625,362.3576150625347,17044830,KOTAKBANK.NS
2023-09-13,363.4731750488281,365.7441340670366,358.6921878970437,358.6921878970437,29659350,KOTAKBANK.NS
2023-09-14,362.8655700683594,364.8974903246195,361.3615472359248,364.1504639477013,12797115,KOTAKBANK.NS
2023-09-15,361.3416748046875,363.2441058220313,360.7639877213536,361.79984251882024,20607700,KOTAKBANK.NS
2023-09-18,358.2440185546875,360.96317538508396,357.37744233757775,360.76398656924613,19850560,KOTAKBANK.NS
2023-09-20,356.4710693359375,359.2599558704434,353.7319724051757,355.9730517121626,26840715,KOTAKBANK.NS
2023-09-21,349.7478332519531,356.7399897837071,348.8115576826121,355.38536603370113,23923755,KOTAKBANK.NS
2023-09-22,349.897216796875,352.57655393863854,349.0406107116069,350.205985279688,18550615,KOTAKBANK.NS
2023-09-25,355.4650573730469,356.44115244361006,349.96692345540015,351.4012166168225,11132835,KOTAKBANK.NS
2023-09-26,351.421142578125,354.9470852606425,349.34937236350896,353.8116209517282,18280835,KOTAKBANK.NS
2023-09-27,351.63031005859375,352.8155943938883,348.61232457881755,351.4012110168151,15021030,KOTAKBANK.NS
2023-09-28,345.2656555175781,352.97495822079156,344.4289592025265,351.0426475055466,41315985,KOTAKBANK.NS
2023-09-29,345.763671875,347.4170635482368,345.21583428028833,347.4170635482368,17858645,KOTAKBANK.NS
2023-10-03,344.0404968261719,345.6241890303351,341.7296880366112,344.62815390344656,27674345,KOTAKBANK.NS
2023-10-04,343.04449462890625,344.030559772275,340.4448268919575,341.64008131759095,31104895,KOTAKBANK.NS
2023-10-05,345.4748229980469,348.01470065674914,342.86521557859083,344.62818697961853,14834005,KOTAKBANK.NS
2023-10-06,347.39715576171875,348.01469272212626,344.668029041241,345.68397400224217,9961615,KOTAKBANK.NS
2023-10-09,342.4966735839844,345.38520018620954,342.0484759501311,344.62820365358954,9197565,KOTAKBANK.NS
2023-10-10,349.8275146484375,352.33751262842225,342.7556580327864,344.1301915920345,16844910,KOTAKBANK.NS
2023-10-11,352.8753356933594,354.5785473079653,350.61434682020905,350.61434682020905,17499220,KOTAKBANK.NS
2023-10-12,351.3713073730469,353.9709749093032,350.85338004010015,353.5924766905197,11919135,KOTAKBANK.NS
2023-10-13,351.0028076171875,352.58649997918167,349.0406170058017,349.6083643798891,10619635,KOTAKBANK.NS
2023-10-16,348.5625305175781,351.03267836060854,347.90514363776396,350.8036097183429,7899785,KOTAKBANK.NS
2023-10-17,352.90521240234375,353.5526291720642,348.7716725993495,349.6083384797455,16086785,KOTAKBANK.NS
2023-10-18,349.28961181640625,353.6323410346468,347.63618975965363,353.1940831209735,15258400,KOTAKBANK.NS
2023-10-19,346.3114929199219,349.28962854249244,345.7437455413968,347.0186694249752,9965895,KOTAKBANK.NS
2023-10-20,352.51678466796875,353.23393121422106,345.1560700893107,345.3254094445928,20361915,KOTAKBANK.NS
2023-10-23,346.7696533203125,352.39724619434344,343.12416079320906,352.39724619434344,37732210,KOTAKBANK.NS
2023-10-25,344.2397155761719,350.95301358539956,343.03452147877914,348.4131055528126,17563340,KOTAKBANK.NS
2023-10-26,337.6260681152344,344.1700269681595,336.4606935044269,344.1700269681595,31396400,KOTAKBANK.NS
2023-10-27,339.1898193359375,340.2456141658379,336.4606623484727,340.2456141658379,14874150,KOTAKBANK.NS
2023-10-30,342.1380920410156,342.8153886835008,336.3411598675864,339.0503768341092,7557815,KOTAKBANK.NS
2023-10-31,346.500732421875,348.0146949926411,342.00860391467523,344.1700136867849,24196680,KOTAKBANK.NS
2023-11-01,343.5126037597656,345.8134425001875,342.20780015880194,344.8273774390296,12640525,KOTAKBANK.NS
2023-11-02,346.1620788574219,350.335468740237,345.0465243067415,345.62421134313604,12752790,KOTAKBANK.NS
2023-11-03,345.275634765625,347.4669246102793,344.6481276557201,346.62028851590895,7794790,KOTAKBANK.NS
2023-11-06,346.66009521484375,348.0146884796655,345.02658291676636,347.41706128776934,5933425,KOTAKBANK.NS
2023-11-07,348.861328125,349.488835163239,343.8512722945571,345.6540935713423,17998015,KOTAKBANK.NS
2023-11-08,347.8653259277344,350.79367211959726,346.6202818120302,349.2099796520118,18214185,KOTAKBANK.NS
2023-11-09,347.6063232421875,349.9470120988827,346.4409790517066,347.79557236655324,9718555,KOTAKBANK.NS
2023-11-10,347.7059326171875,348.4629291141568,345.54455320369976,345.54455320369976,8173995,KOTAKBANK.NS
2023-11-13,348.2537841796875,349.05060023198934,345.3254380727731,348.8115614956156,14276385,KOTAKBANK.NS
2023-11-15,352.49688720703125,353.0546645442797,348.64223545274496,350.80364543202165,17161355,KOTAKBANK.NS
2023-11-16,353.16424560546875,355.26586550994585,351.60046288047994,352.7957174058466,10395580,KOTAKBANK.NS
2023-11-17,351.5207824707031,355.4351938045269,350.46495711481646,350.60441664361474,13554350,KOTAKBANK.NS
2023-11-20,352.7060241699219,353.78175925097634,348.632243686791,349.80758837114064,9618255,KOTAKBANK.NS
2023-11-21,352.0386657714844,354.3793544527935,350.7338621569934,354.3793544527935,13528825,KOTAKBANK.NS
2023-11-22,347.74578857421875,351.2020320765552,346.12224626784,350.20599683549665,22568660,KOTAKBANK.NS
2023-11-23,346.4808044433594,348.3732957190693,346.02263674341117,346.6302340468189,14181445,KOTAKBANK.NS
2023-11-24,347.4170837402344,348.5127285967551,345.36525355283356,346.52065809274785,12809895,KOTAKBANK.NS
2023-11-28,347.0684814453125,348.21391585869134,346.2218454366125,347.6162886527512,16746460,KOTAKBANK.NS
2023-11-29,349.29962158203125,350.45502617693774,346.66013411791016,348.313556362522,17365700,KOTAKBANK.NS
2023-11-30,349.697998046875,351.79964814508935,347.80553722818956,349.89721724740286,31274735,KOTAKBANK.NS
2023-12-01,348.7119445800781,351.79965991204364,348.2637165621893,350.60440546206235,10011890,KOTAKBANK.NS
2023-12-04,362.2679748535156,363.742117976813,349.1402374599468,352.5964810179921,22895865,KOTAKBANK.NS
2023-12-05,364.2401123046875,365.94332397435164,360.26594160994387,364.1504727848717,27857360,KOTAKBANK.NS
2023-12-06,362.835693359375,366.41145600014886,361.1922413952929,364.9572531515786,23479400,KOTAKBANK.NS
2023-12-07,363.9213562011719,365.9134264919162,361.2420192283944,363.55282806083704,12503210,KOTAKBANK.NS
2023-12-08,366.2322082519531,367.1386039887934,362.696295227248,363.92139914681644,14927330,KOTAKBANK.NS
2023-12-11,367.3477478027344,370.8537808414871,366.60072138621683,367.53699692664543,16029165,KOTAKBANK.NS
2023-12-12,363.4233703613281,369.13066318542013,362.3675754467718,368.1346279530777,19074810,KOTAKBANK.NS
2023-12-13,363.7919006347656,365.6943315871163,361.1822931744111,363.3536426982773,16256660,KOTAKBANK.NS
2023-12-14,369.29998779296875,371.6107969250477,365.0369580338639,367.3377970862906,24394315,KOTAKBANK.NS
2023-12-15,368.6525573730469,371.5211437215351,367.08877475442773,371.5211437215351,19385985,KOTAKBANK.NS
2023-12-18,367.92547607421875,369.70835728853535,366.5409724845285,367.57685765694123,18793650,KOTAKBANK.NS
2023-12-19,367.84576416015625,369.4991862706703,365.6843847578175,368.5031510520413,15444615,KOTAKBANK.NS
2023-12-20,363.8516540527344,371.3219182098251,361.620544884723,368.96131959963765,19842810,KOTAKBANK.NS
2023-12-21,369.0709228515625,370.01713813394286,359.56873772582526,362.75606279504814,12019200,KOTAKBANK.NS
2023-12-22,370.6247253417969,374.4395270029767,368.73226443213565,369.4693207956729,16546475,KOTAKBANK.NS
2023-12-26,375.87384033203125,378.29419884183005,369.95738815479956,371.91957893272433,21753345,KOTAKBANK.NS
2023-12-27,378.9615478515625,380.4854806287935,375.13677598707267,377.2981555434262,17036215,KOTAKBANK.NS
2023-12-28,382.7464294433594,383.77234446763384,379.1109070988868,380.68465971264,24750070,KOTAKBANK.NS
2023-12-29,380.1069641113281,382.0293048328174,376.51129147879897,380.90381054271614,12230850,KOTAKBANK.NS
2024-01-01,380.3161315917969,382.27832227832414,377.11886690444896,380.2862517497313,7129510,KOTAKBANK.NS
2024-01-02,371.5310974121094,380.0870360803178,370.54500190045,380.0870360803178,25603980,KOTAKBANK.NS
2024-01-03,371.7004089355469,372.51716509537414,368.0648865319806,371.32191069579363,18907575,KOTAKBANK.NS
2024-01-04,371.2422790527344,372.8160014557167,370.63468171216664,372.8160014557167,14328830,KOTAKBANK.NS
2024-01-05,368.0549011230469,372.4972398190785,366.8198272524164,371.62072401543855,38996705,KOTAKBANK.NS
2024-01-08,363.7720031738281,368.82190929691177,362.2779502661644,368.1346425276597,61265835,KOTAKBANK.NS
2024-01-09,363.8815612792969,370.12672203844966,362.75606692805303,365.94336163700524,21696115,KOTAKBANK.NS
2024-01-10,362.7162170410156,365.0469359860787,360.8835157439554,362.7162170410156,35263790,KOTAKBANK.NS
2024-01-11,363.12457275390625,366.8198549630316,361.63051990208606,364.94730385863033,20850350,KOTAKBANK.NS
2024-01-12,365.1962890625,367.0489302852332,361.4412474137387,363.5528371110403,10863105,KOTAKBANK.NS
2024-01-15,368.8318176269531,369.25016578003385,365.79392246491057,367.13857604682084,30861560,KOTAKBANK.NS
2024-01-16,368.1346435546875,370.7143712681937,366.74020024962795,368.642600875033,23254490,KOTAKBANK.NS
2024-01-17,354.518798828125,365.47518594737977,353.81162235237963,363.16437700523005,54184415,KOTAKBANK.NS
2024-01-18,354.04071044921875,357.1184554518412,351.52074270552316,352.596447305859,21467250,KOTAKBANK.NS
2024-01-19,351.4609680175781,358.56270389614946,349.43901776630395,355.99294644049064,22801645,KOTAKBANK.NS
2024-01-23,355.4849548339844,363.53293622754535,351.38129469614074,358.7718892137488,33904120,KOTAKBANK.NS
2024-01-24,356.3017272949219,359.26992325311056,351.1820915705846,356.3813967396311,16341755,KOTAKBANK.NS
2024-01-25,352.2777404785156,358.09458270006826,349.09044591145613,356.5806200604588,33510850,KOTAKBANK.NS
2024-01-29,363.134521484375,364.55887500666904,353.79173628467254,355.64434727672904,26180740,KOTAKBANK.NS
2024-01-30,363.27398681640625,366.4314320135446,359.24005611015133,363.5528754776216,19145935,KOTAKBANK.NS
2024-01-31,363.6026611328125,366.8298360593429,356.2818262562922,361.76002021082707,40587005,KOTAKBANK.NS
2024-02-01,363.1046447753906,364.9572861800159,361.2022441625852,364.5489080725631,10360840,KOTAKBANK.NS
2024-02-02,363.1444396972656,368.53299332838645,362.2380440931117,366.89948114597814,25249380,KOTAKBANK.NS
2024-02-05,360.2360534667969,363.94130551668934,358.3734421649497,363.5528372098596,17304030,KOTAKBANK.NS
2024-02-06,355.98297119140625,361.3615551436005,355.2160350370899,361.3615551436005,23459485,KOTAKBANK.NS
2024-02-07,357.0985412597656,360.52490489749675,355.38535944090006,356.7798330861916,22961120,KOTAKBANK.NS
2024-02-08,344.56842041015625,359.3296694074818,344.04052296865535,358.88144140769066,22713870,KOTAKBANK.NS
2024-02-09,347.1083068847656,348.4131106017413,342.4368992336389,344.6281888939096,20319880,KOTAKBANK.NS
2024-02-12,340.5544128417969,348.41311508576894,336.8790403713857,347.2178910347158,22532445,KOTAKBANK.NS
2024-02-13,346.0525207519531,347.63621315707854,340.4448374125323,341.2416838531066,22461670,KOTAKBANK.NS
2024-02-14,348.40313720703125,351.5605515522419,341.07230283194696,343.36320187266455,19251615,KOTAKBANK.NS
2024-02-15,346.4708557128906,350.0964080902705,342.6460841338227,349.6083605616919,12708350,KOTAKBANK.NS
2024-02-16,345.67401123046875,348.81154649334985,345.066444336122,348.60235721143596,8215730,KOTAKBANK.NS
2024-02-19,344.90704345703125,347.41704104081816,343.8612187295983,347.41704104081816,22239770,KOTAKBANK.NS
2024-02-20,351.1023864746094,352.32752063826837,346.0923309416292,346.5604686727919,38055620,KOTAKBANK.NS
2024-02-21,347.83544921875,352.39727752529376,346.7298342278192,352.39727752529376,20924355,KOTAKBANK.NS
2024-02-22,343.5823669433594,347.61629749201165,341.4807167884022,347.51668788905835,31003800,KOTAKBANK.NS
2024-02-23,343.43292236328125,345.175983950907,341.7197406155801,343.5325319618905,17268830,KOTAKBANK.NS
2024-02-26,339.906982421875,343.71181378831176,339.0404366604538,343.05445730464066,29790330,KOTAKBANK.NS
2024-02-27,339.9966125488281,341.63009442712325,338.05433180189755,341.24165651568586,22158260,KOTAKBANK.NS
2024-02-28,335.3849792480469,341.2117913427122,333.7116473798444,340.8432631761348,15381635,KOTAKBANK.NS
2024-02-29,336.55035400390625,339.1002017272558,332.157835050111,336.0622760779851,33034875,KOTAKBANK.NS
2024-03-01,344.1700134277344,344.6779707128756,337.65593467256576,337.7555442724346,17220745,KOTAKBANK.NS
2024-03-04,344.0704040527344,346.91905015203474,342.3373125208966,344.21980325434413,13885990,KOTAKBANK.NS
2024-03-05,341.7795715332031,344.0704405920561,340.4349177827523,344.01068090506584,15610970,KOTAKBANK.NS
2024-03-06,350.55462646484375,352.9849549625093,342.31739530393406,343.2038812871984,37258560,KOTAKBANK.NS
2024-03-07,348.223876953125,351.5805413538555,347.6163100273917,350.55462623926553,15696800,KOTAKBANK.NS
2024-03-11,344.5584716796875,352.5666037156,343.4827669687543,351.77972734576963,18200715,KOTAKBANK.NS
2024-03-12,342.7058410644531,347.3075188586395,340.11614344620534,345.60430716523155,51216490,KOTAKBANK.NS
2024-03-13,344.53851318359375,347.16803010315374,342.0783052129275,342.70581220412356,29080415,KOTAKBANK.NS
2024-03-14,347.0983581542969,350.17610328105167,342.46677014748343,343.63214470838193,24048165,KOTAKBANK.NS
2024-03-15,346.2816467285156,349.80762031033714,342.87519252292776,345.7836290631516,77537270,KOTAKBANK.NS
2024-03-18,346.2019348144531,347.58643846627496,341.69986621923516,346.1023556021196,11570715,KOTAKBANK.NS
2024-03-19,348.5425720214844,349.98683514462135,344.7377104611959,345.59431649464125,22405375,KOTAKBANK.NS
2024-03-20,351.68011474609375,352.2976821378249,344.7875677979912,348.8912281884656,22104430,KOTAKBANK.NS
2024-03-21,353.0247802734375,356.7101230022937,351.46099757413583,353.01484059022266,18918405,KOTAKBANK.NS
2024-03-22,353.87139892578125,355.0865631347002,351.60043979396687,352.57656527214215,35306415,KOTAKBANK.NS
2024-03-26,349.3493957519531,353.6721851127974,348.6123393898642,351.600445156063,26518150,KOTAKBANK.NS
2024-03-27,353.7120361328125,354.5487021023571,349.3892467585401,350.206002965685,41155650,KOTAKBANK.NS
2024-03-28,355.6841735839844,359.3495757999142,353.43312432036424,354.18015071529146,33150360,KOTAKBANK.NS
2024-04-01,356.7200622558594,362.08867619475603,355.88336593619914,357.5766379402314,14429400,KOTAKBANK.NS
2024-04-02,350.08648681640625,358.17428832627115,349.4988296560828,357.3575321116179,34255950,KOTAKBANK.NS
2024-04-03,344.8572692871094,349.946994436633,344.4289510608251,349.3095477314023,63417755,KOTAKBANK.NS
2024-04-04,348.4429931640625,348.9509808612251,343.29350801708307,348.0147053078501,65626460,KOTAKBANK.NS
2024-04-05,355.6144714355469,356.0228495440704,346.6401839208092,348.4230955661721,32790115,KOTAKBANK.NS
2024-04-08,356.2618408203125,358.94117777292536,355.6044539817247,357.33757579130344,13174055,KOTAKBANK.NS
2024-04-09,354.7080383300781,357.178216483675,353.73194332154674,356.6503190617404,11866155,KOTAKBANK.NS
2024-04-10,363.74212646484375,364.5290028473684,355.3853758722984,356.3615013898175,27629090,KOTAKBANK.NS
2024-04-12,361.17230224609375,362.17830750540327,358.4431755781627,360.7639545710405,19831135,KOTAKBANK.NS
2024-04-15,358.2041320800781,360.504970884818,354.58851955932084,356.5706198153448,21599340,KOTAKBANK.NS
2024-04-16,357.0985412597656,359.4890501393608,353.72199762169953,354.1901353976856,20483890,KOTAKBANK.NS
2024-04-18,355.9331970214844,361.16238200104607,355.2060803577468,356.5905839236478,21253700,KOTAKBANK.NS
2024-04-19,357.1084899902344,359.56869808775065,351.20200869909706,351.4011974961,19351900,KOTAKBANK.NS
2024-04-22,360.5547790527344,363.0548371783173,358.57267869463436,361.162376342301,30755695,KOTAKBANK.NS
2024-04-23,361.17230224609375,364.34965690392625,359.19020196361083,360.5647353762884,29780025,KOTAKBANK.NS
2024-04-24,367.0987548828125,367.6366224370236,360.12650802693616,360.96317400205123,16475385,KOTAKBANK.NS
2024-04-25,327.1875915527344,338.21370845906085,319.1296704709495,331.6797200101078,330895395,KOTAKBANK.NS
2024-04-26,320.4245300292969,329.68764505809725,319.7272932436532,327.1875870257657,110734245,KOTAKBANK.NS
2024-04-29,326.7792053222656,328.1437990388081,320.6237152645251,320.74323462151716,56137045,KOTAKBANK.NS
2024-04-30,323.5022888183594,328.0939966092821,322.71541248058884,326.779222818811,91032240,KOTAKBANK.NS
2024-05-02,313.880615234375,317.6356574477567,309.24905707599726,316.73923173913295,133202390,KOTAKBANK.NS
2024-05-03,308.113525390625,316.3208457189166,307.5457780309474,315.34475067587306,80617945,KOTAKBANK.NS
2024-05-06,323.572021484375,325.30514362167037,317.53604983922907,319.72733971554004,108041055,KOTAKBANK.NS
2024-05-07,327.4764709472656,328.16373770709185,322.31701560540876,324.4485152515518,49333925,KOTAKBANK.NS
2024-05-08,328.3629455566406,330.1757065622887,325.92264710005423,326.69955335864137,49268765,KOTAKBANK.NS
2024-05-09,327.3171081542969,331.0522404463563,326.1019438994168,328.2932336693921,23280220,KOTAKBANK.NS
2024-05-10,324.2991027832031,329.3091587108236,321.8986542616975,327.29717851446065,58847010,KOTAKBANK.NS
2024-05-13,326.9385681152344,327.42664600871683,321.91857284160716,324.10983193504046,29196240,KOTAKBANK.NS
2024-05-14,327.95458984375,328.69164623263725,325.20552271198807,327.0979836867378,21410130,KOTAKBANK.NS
2024-05-15,328.85101318359375,329.4884599594604,326.1119161511731,328.6318842051367,26304500,KOTAKBANK.NS
2024-05-16,333.0841369628906,333.6717940869763,328.1338407720653,329.6876532620572,34991785,KOTAKBANK.NS
2024-05-17,337.9647216796875,339.7775131482865,331.6797416200552,333.47259292963815,48087255,KOTAKBANK.NS
2024-05-21,338.3033447265625,341.6400686778049,336.659892749557,337.0583007445005,29050835,KOTAKBANK.NS
2024-05-22,338.5623474121094,339.63805211376706,334.8869748868548,339.20976424899675,30293485,KOTAKBANK.NS
2024-05-23,340.454833984375,341.36122978298096,338.0643552698048,338.6520124673785,28406475,KOTAKBANK.NS
2024-05-24,339.3392639160156,342.20785040227804,337.5962021660449,340.843286924326,24680885,KOTAKBANK.NS
2024-05-27,340.8432922363281,343.0345516610624,339.15002006561906,339.33926920457776,17271435,KOTAKBANK.NS
2024-05-28,339.3790588378906,341.8392668107196,338.25353428400416,341.1021801490799,18580705,KOTAKBANK.NS
2024-05-29,336.23162841796875,340.8233363544209,335.10610371605594,338.25357877031126,24762360,KOTAKBANK.NS
2024-05-30,336.6798095703125,340.16593279318624,335.26545659911835,335.5343751621133,27902445,KOTAKBANK.NS
2024-05-31,334.74749755859375,339.2495961287404,330.7932365878972,339.2495961287404,64022380,KOTAKBANK.NS
2024-06-03,342.2476501464844,346.39116034308415,338.6718873250971,342.92497720301395,49005355,KOTAKBANK.NS
2024-06-04,326.29119873046875,341.7397158870401,319.21934205472263,339.29941725499043,76147340,KOTAKBANK.NS
2024-06-05,342.25762939453125,343.58237330551606,327.6955988326551,331.19169230394675,72131590,KOTAKBANK.NS
2024-06-06,345.5644836425781,346.32148018484304,339.4089928865592,342.83535669306355,31799505,KOTAKBANK.NS
2024-06-07,349.3493957519531,350.3354913244757,343.03453588030965,344.63816844772657,23040730,KOTAKBANK.NS
2024-06-10,347.74578857421875,353.28374208277756,345.85332769552423,348.63224413253755,24240220,KOTAKBANK.NS
2024-06-11,342.6361083984375,348.05454231181375,342.0584213576106,347.93502295140695,20528235,KOTAKBANK.NS
2024-06-12,341.7894592285156,345.4249814848357,341.22171189188066,342.6560049546527,29407880,KOTAKBANK.NS
2024-06-13,343.9010314941406,346.1321708102613,342.43685866654675,344.9070366821671,30080725,KOTAKBANK.NS
2024-06-14,342.0783386230469,345.6043118153073,340.7237149166952,343.2337431266289,15768330,KOTAKBANK.NS
2024-06-18,342.5166015625,343.56242640088317,339.2993968098606,342.3572322772694,28536650,KOTAKBANK.NS
2024-06-19,347.9549255371094,351.21194962735655,341.64006615432476,344.4289524949112,49798990,KOTAKBANK.NS
2024-06-20,351.84942626953125,356.5507135207581,350.664141977194,351.6004174752853,46215520,KOTAKBANK.NS
2024-06-21,353.72198486328125,356.38138182086345,347.6760439139497,352.5964602256615,95158445,KOTAKBANK.NS
2024-06-24,353.1044616699219,353.6323591297794,348.5625434199748,350.03665611723113,21144440,KOTAKBANK.NS
2024-06-25,354.967041015625,358.2240652830734,351.20202905270384,353.9012760216886,29669295,KOTAKBANK.NS
2024-06-26,358.2041320800781,361.75998492252376,353.8116133446889,354.58851955932084,33429660,KOTAKBANK.NS
2024-06-27,364.658447265625,366.14256044346973,355.58458081611167,356.7798352632025,66713845,KOTAKBANK.NS
2024-06-28,359.0706787109375,368.12463475678027,358.35353217282216,362.99505971165456,24845035,KOTAKBANK.NS
2024-07-01,360.1862487792969,361.1922540711034,356.580606172514,359.07069420444503,14507550,KOTAKBANK.NS
2024-07-02,352.51678466796875,362.74605503505467,346.0425559908452,362.74605503505467,48125085,KOTAKBANK.NS
2024-07-03,360.7042236328125,361.7301387347095,349.0505989326296,351.7598160555882,44905015,KOTAKBANK.NS
2024-07-04,365.3157958984375,366.2520713580308,358.83162783256586,359.88742264502974,25344465,KOTAKBANK.NS
2024-07-05,369.0709228515625,370.1167477417157,362.2480750730159,362.55684357950247,17328265,KOTAKBANK.NS
2024-07-08,369.1705017089844,369.97728779054853,365.6345585053781,369.3298405922471,19306015,KOTAKBANK.NS
2024-07-09,368.1047668457031,372.5171958543592,364.54891359009486,370.764164029314,19601055,KOTAKBANK.NS
2024-07-10,364.51904296875,367.43741912668304,362.5967021190468,367.1386206928482,28148945,KOTAKBANK.NS
2024-07-11,367.4373779296875,368.93143072451943,362.86558002509156,364.71822129690577,23076860,KOTAKBANK.NS
2024-07-12,365.11663818359375,368.73225089854856,363.80186439695876,367.43738687355983,21204275,KOTAKBANK.NS
2024-07-15,367.2481384277344,370.1067546532516,363.88153451176544,366.34174272754404,29549980,KOTAKBANK.NS
2024-07-16,359.62847900390625,368.3537573769551,358.75196313490443,366.95931412926274,32713510,KOTAKBANK.NS
2024-07-18,363.9014892578125,364.7879448352726,357.20813107750547,359.5687297863335,37954190,KOTAKBANK.NS
2024-07-19,363.2732849121094,365.14788838076356,360.1522727999243,362.6550710937018,20694325,KOTAKBANK.NS
2024-07-22,350.5000915527344,363.1536345357151,348.7750510353973,363.1536345357151,53711805,KOTAKBANK.NS
2024-07-23,352.7635498046875,355.0768914918608,346.83063263928557,352.78348138771736,30775980,KOTAKBANK.NS
2024-07-24,348.2366027832031,355.1566661810991,344.81646468222635,352.5741110581228,37436035,KOTAKBANK.NS
2024-07-25,354.0099792480469,354.77775604349637,345.40476881518373,345.40476881518373,15481985,KOTAKBANK.NS
2024-07-26,361.72772216796875,364.9185404870538,350.6097630850578,350.6097630850578,26546755,KOTAKBANK.NS
2024-07-29,357.7491760253906,364.350151014308,355.6751655317632,363.89148117598694,40031835,KOTAKBANK.NS
2024-07-30,356.19366455078125,360.2918414127163,355.2364312683413,357.74918004595776,28397685,KOTAKBANK.NS
2024-07-31,360.5411376953125,362.15650886391904,353.6111238717288,357.5697189541975,29031285,KOTAKBANK.NS
2024-08-01,357.4999084472656,362.6051933380056,356.2235872245806,360.38161981241046,19080220,KOTAKBANK.NS
2024-08-02,359.6536865234375,360.9599202645889,353.98003230367146,355.19652827977006,16212945,KOTAKBANK.NS
2024-08-05,353.7108459472656,360.0824711904509,352.6937570060791,353.0228259328979,24559090,KOTAKBANK.NS
2024-08-06,353.09259033203125,357.41016682995746,350.9886671890389,355.9743016661559,19620110,KOTAKBANK.NS
2024-08-07,354.2891540527344,356.2933888459971,350.9986474765369,355.9743009369397,17688725,KOTAKBANK.NS
2024-08-08,353.5313415527344,355.3361388651812,351.51715610494864,352.31484547855314,12361105,KOTAKBANK.NS
2024-08-09,352.9131164550781,356.0640411110342,351.98579574114524,355.98428434818004,12322215,KOTAKBANK.NS
2024-08-12,353.491455078125,357.1808062251685,349.24368489049795,351.18809445156876,22722215,KOTAKBANK.NS
2024-08-13,349.40325927734375,357.27057511352945,348.2166757687968,351.5869697389621,17651595,KOTAKBANK.NS
2024-08-14,348.57562255859375,350.988683144367,347.9075645490342,349.99155620361597,12928245,KOTAKBANK.NS
2024-08-16,354.438720703125,356.1238676049329,348.1967269776898,351.3875148118996,14809355,KOTAKBANK.NS
2024-08-19,355.24639892578125,356.97143946230403,353.1823693159486,355.0868549660538,10861395,KOTAKBANK.NS
2024-08-20,360.0924377441406,361.5681660624753,354.2293267769794,355.57545416105586,15577430,KOTAKBANK.NS
2024-08-21,361.5482482910156,362.3559186663358,356.44296330087855,358.96569320537594,28585950,KOTAKBANK.NS
2024-08-22,363.2532958984375,363.811684494843,360.1223334421564,361.75760563737356,16089940,KOTAKBANK.NS
2024-08-23,362.55535888671875,364.5296507387161,361.49840677224165,363.253329481806,9075930,KOTAKBANK.NS
2024-08-26,361.45849609375,363.54248763343384,360.9001074721073,362.9541864224138,11781285,KOTAKBANK.NS
2024-08-27,359.6337585449219,361.5781376670091,357.31043591676473,361.1693120021854,22708480,KOTAKBANK.NS
2024-08-28,357.2306823730469,360.14227579424715,356.14381773575866,358.16798406573525,21403980,KOTAKBANK.NS
2024-08-29,354.42877197265625,358.66656133586616,353.5812080140346,355.62530600550593,27655790,KOTAKBANK.NS
2024-08-30,355.13671875,356.97142858611744,353.850416534444,354.43871775119646,37290860,KOTAKBANK.NS
2024-09-02,355.0270080566406,357.65943758618596,353.52136718305235,355.3760085453163,20242600,KOTAKBANK.NS
2024-09-03,355.7349853515625,356.26346136576984,353.4515563407888,354.9871402127843,25981365,KOTAKBANK.NS
2024-09-04,355.7349853515625,356.63239343211694,351.6866527680351,352.98290550329193,15962215,KOTAKBANK.NS
2024-09-05,354.5683288574219,356.24349464295886,350.9886471587258,355.226436222432,17865025,KOTAKBANK.NS
2024-09-06,351.8162536621094,355.3660532493227,350.2906507963519,352.49432304792117,16274400,KOTAKBANK.NS
2024-09-09,357.0013427734375,357.75916895497016,350.6795618793151,352.52425273021015,17182305,KOTAKBANK.NS
2024-09-10,357.29052734375,358.8958870878823,354.5882914653962,358.5668485915349,17488060,KOTAKBANK.NS
2024-09-11,356.8218688964844,360.05255032981546,355.97430494159613,357.9685587507928,18669360,KOTAKBANK.NS
2024-09-12,364.4399108886719,365.77605731954634,357.99847945926246,359.7434515818812,31827540,KOTAKBANK.NS
2024-09-13,363.02398681640625,366.34440590391546,362.30605425290463,366.34440590391546,10283600,KOTAKBANK.NS
2024-09-16,365.2077331542969,368.0794636918413,364.60945088732507,365.5467526719375,13653170,KOTAKBANK.NS
2024-09-17,368.26885986328125,369.61498724699123,365.0780720821551,366.8230441347686,18374310,KOTAKBANK.NS
2024-09-18,366.88287353515625,370.82153695690624,366.0652221750621,368.9369525120477,34387495,KOTAKBANK.NS
2024-09-19,373.3143310546875,373.92256381881595,367.9597343796893,368.9169980525907,14462150,KOTAKBANK.NS
2024-09-20,379.8056335449219,384.1531226916266,372.92546395893197,373.7231533141575,94247895,KOTAKBANK.NS
2024-09-23,385.8282775878906,387.28407431309773,380.5435172930239,381.8896142378257,18431360,KOTAKBANK.NS
2024-09-24,381.83978271484375,386.6060481444869,380.8227242177712,385.8881155495244,18546930,KOTAKBANK.NS
2024-09-25,378.4993896484375,383.43517988840443,377.77147606950354,380.91245009306294,16537335,KOTAKBANK.NS
2024-09-26,379.3669128417969,381.5606043151203,375.77724971722205,377.9111160076275,21022565,KOTAKBANK.NS
2024-09-27,373.4140319824219,380.9024645171721,372.1875854068856,378.9082107762445,33215560,KOTAKBANK.NS
2024-09-30,369.7247009277344,375.80718125434873,367.56092211199245,370.2731085643566,16234200,KOTAKBANK.NS
2024-10-01,374.800048828125,375.86698187099506,368.3386558236214,368.3386558236214,24357630,KOTAKBANK.NS
2024-10-03,363.5126037597656,371.65914444924607,362.11663209538403,370.51242409610046,31816160,KOTAKBANK.NS
2024-10-04,360.760498046875,368.93695074894595,358.636643323948,362.05678126690464,18673160,KOTAKBANK.NS
2024-10-07,357.0212707519531,366.22476290037,352.8632686618686,360.95993413896446,37233165,KOTAKBANK.NS
2024-10-08,359.64373779296875,361.75764203920045,355.34612311145634,358.9656987762339,25485515,KOTAKBANK.NS
2024-10-09,359.1252136230469,362.95417711464677,356.95148437097504,359.1651072178262,35394010,KOTAKBANK.NS
2024-10-10,374.1419677734375,375.7174149331836,360.02264679751624,360.9400169619816,29528990,KOTAKBANK.NS
2024-10-11,375.3983459472656,377.6319004637973,371.16055662587235,373.3641985526254,26057900,KOTAKBANK.NS
2024-10-14,381.0620422363281,382.09906279387855,375.40831899063176,375.92684448435693,21955690,KOTAKBANK.NS
2024-10-15,377.95098876953125,381.9694089601132,376.40542381629325,381.3412141442079,21477465,KOTAKBANK.NS
2024-10-16,374.1918029785156,377.4025528323336,372.5565306765782,375.71740592716804,15727780,KOTAKBANK.NS
2024-10-17,371.7388916015625,374.5807094629842,369.1962300797058,374.19181535051945,17707160,KOTAKBANK.NS
2024-10-18,373.1348571777344,374.6205969847075,368.5381166709988,372.5266243613129,19173835,KOTAKBANK.NS
2024-10-21,356.8118896484375,369.9340834292125,346.00303760090765,368.9369565196998,65890685,KOTAKBANK.NS
2024-10-22,351.6168518066406,358.0682638501642,350.7593068778945,357.3603122953124,27471910,KOTAKBANK.NS
2024-10-23,352.544189453125,356.3831341598959,350.6097608046202,351.21802404600703,14180685,KOTAKBANK.NS
2024-10-24,351.4273986816406,353.5313217840678,349.0542318475056,352.1852248451183,11584100,KOTAKBANK.NS
2024-10-25,352.7535705566406,356.27342727747015,350.3903846851636,351.9857938025428,14146135,KOTAKBANK.NS
2024-10-28,348.9645080566406,355.1068135116144,348.0072747375235,352.58408363099113,16510740,KOTAKBANK.NS
2024-10-29,351.028564453125,352.4145550286988,345.1455217946346,347.69816423919923,20790595,KOTAKBANK.NS
2024-10-30,345.92327880859375,350.9886700900564,344.3278696767502,344.4076264398882,21929745,KOTAKBANK.NS
2024-10-31,345.2252502441406,348.3163494847138,343.7993661889061,344.4774051260937,14723350,KOTAKBANK.NS
2024-11-01,347.87762451171875,349.8220036348392,346.2722344402214,346.9203912444918,912445,KOTAKBANK.NS
2024-11-04,344.87628173828125,347.79785630042693,343.85922323822297,347.79785630042693,14424150,KOTAKBANK.NS
2024-11-05,350.4202880859375,351.0883764769723,341.21682656502264,343.3107686449081,20143075,KOTAKBANK.NS
2024-11-06,351.5071716308594,352.67382351889484,348.3163837380157,351.0086081697995,18261260,KOTAKBANK.NS
2024-11-07,348.3761901855469,351.98578458073575,345.60417870831094,351.58693991931494,15304920,KOTAKBANK.NS
2024-11-08,348.1568298339844,351.8063179162846,346.7807898519813,347.9972858794147,18234125,KOTAKBANK.NS
2024-11-11,347.7978515625,351.6467772312736,346.44177358089564,347.9972891150409,16025150,KOTAKBANK.NS
2024-11-12,343.2908630371094,348.8747800090661,342.0544353642109,347.9574098314999,16141950,KOTAKBANK.NS
2024-11-13,336.6001281738281,344.63696839197496,334.845175127518,341.8150822809242,17967450,KOTAKBANK.NS
2024-11-14,340.59857177734375,341.5358734390219,336.98897749423674,337.0288710881092,16638790,KOTAKBANK.NS
2024-11-18,343.56005859375,344.6569042613354,338.9633182262803,341.81508653210443,10412075,KOTAKBANK.NS
2024-11-19,344.55718994140625,346.96026943467604,341.7154026053275,344.96601562415157,13798315,KOTAKBANK.NS
2024-11-21,346.4218444824219,347.14972765163117,339.77099460316214,342.0344617342364,16470295,KOTAKBANK.NS
2024-11-22,351.2778625488281,353.4216794103096,345.58424574162376,345.80361488832744,17768630,KOTAKBANK.NS
2024-11-25,357.1210021972656,357.88880940485404,352.3647177185207,355.3760300780539,34357160,KOTAKBANK.NS
2024-11-26,355.6950988769531,358.1580034671575,353.9800394404962,357.9685469271497,11563695,KOTAKBANK.NS
2024-11-27,355.6153564453125,360.0625339517516,354.7977050744273,355.1666371630247,16012220,KOTAKBANK.NS
2024-11-28,350.8291320800781,356.7520684226274,349.6924232141811,355.6253101336049,19856975,KOTAKBANK.NS
2024-11-29,352.03564453125,353.70085986543967,350.3903912104593,350.3903912104593,14939970,KOTAKBANK.NS
2024-12-02,349.7821350097656,353.5013986721371,348.19670697539254,351.98577682019527,21326400,KOTAKBANK.NS
2024-12-03,348.9744873046875,351.2279734314629,347.0001650659283,350.98867271036426,19858250,KOTAKBANK.NS
2024-12-04,350.4901123046875,352.38464736630067,348.2764893255672,349.3932666069434,15933930,KOTAKBANK.NS
2024-12-05,354.0099792480469,356.70223418049494,348.59558722179634,351.78637519850935,28486145,KOTAKBANK.NS
2024-12-06,354.3689270019531,355.98426763552163,351.1880899055226,353.7606637978916,12979410,KOTAKBANK.NS
2024-12-09,356.22357177734375,359.95281650708887,352.603996396169,352.603996396169,12770115,KOTAKBANK.NS
2024-12-10,357.9087219238281,359.5240625879272,355.62529286623396,355.62529286623396,9899420,KOTAKBANK.NS
2024-12-11,357.9087219238281,360.3217519136881,356.961439223327,358.1679846481542,11967140,KOTAKBANK.NS
2024-12-12,352.7236633300781,358.2577359373286,352.0556053412647,356.97143370333333,17441295,KOTAKBANK.NS
2024-12-13,360.0924377441406,360.76049571800894,348.60551652524595,350.6596259089589,19467655,KOTAKBANK.NS
2024-12-16,359.8531494140625,361.5582279299656,357.73921477873563,359.5639740863694,14946965,KOTAKBANK.NS
2024-12-17,355.78485107421875,360.3317473590311,353.9800537976984,358.1879305839825,17964305,KOTAKBANK.NS
2024-12-18,354.9771728515625,356.31331923261826,353.0527252569753,355.37601752159594,17647150,KOTAKBANK.NS
2024-12-19,351.407470703125,352.5840731259313,348.0770401241549,351.6766840076966,20370400,KOTAKBANK.NS
2024-12-20,347.7081298828125,352.75358981061294,345.67401281627843,349.9915591165086,73428440,KOTAKBANK.NS
2024-12-23,348.06707763671875,351.8262349151397,347.00014460157894,348.495834880034,13740180,KOTAKBANK.NS
2024-12-24,348.8049621582031,349.92173942927735,346.6112707829514,347.5087093463988,13563125,KOTAKBANK.NS
2024-12-26,349.55279541015625,352.87324494982147,347.408978711546,350.35048473944,5660030,KOTAKBANK.NS
2024-12-27,350.9687194824219,354.4187698617204,349.79208667315424,350.98865106465144,12241355,KOTAKBANK.NS
2024-12-30,347.1397705078125,355.1766108164717,345.7039053500964,351.98579259268087,27513860,KOTAKBANK.NS
2024-12-31,356.1836853027344,358.28763884909614,346.01300935559556,346.01300935559556,23658490,KOTAKBANK.NS
2025-01-01,356.65234375,358.3175590689774,354.3788956258818,354.82761490467936,7424140,KOTAKBANK.NS
2025-01-02,366.37432861328125,366.9825918442502,358.34746926106584,358.96568306867823,25484935,KOTAKBANK.NS
2025-01-03,366.6734924316406,369.53524181689824,362.3758778503815,369.1363971357642,21385745,KOTAKBANK.NS
2025-01-06,354.9073791503906,363.95132766429276,353.56125171551554,363.15363829616615,19961975,KOTAKBANK.NS
2025-01-07,353.3917541503906,358.45714549737113,352.9629968794446,356.373153893344,21999690,KOTAKBANK.NS
2025-01-08,352.7137145996094,355.914483476405,351.47725653267173,354.99711332544473,21823395,KOTAKBANK.NS
2025-01-09,357.0113220214844,360.7006732752039,353.7806101892152,353.7806101892152,27349135,KOTAKBANK.NS
2025-01-10,350.2308349609375,356.90161621047844,349.6624957670863,355.8147515648296,17513090,KOTAKBANK.NS
2025-01-13,346.6810607910156,347.9075377885646,343.75948638251356,345.5842151545772,15461940,KOTAKBANK.NS
2025-01-14,349.11407470703125,352.75358190350244,344.9261598728352,348.9146675796308,24744805,KOTAKBANK.NS
2025-01-15,356.8916931152344,357.96857683745577,351.00861973693856,351.00861973693856,17549305,KOTAKBANK.NS
2025-01-16,360.0724792480469,361.9470826836004,356.04410849281265,358.1281000564105,22257670,KOTAKBANK.NS
2025-01-17,350.70947265625,360.0625277982576,348.6553936873538,358.3673999051384,17608640,KOTAKBANK.NS
2025-01-20,382.9964294433594,384.871032791476,372.1277528566091,376.9139495680543,66621575,KOTAKBANK.NS
2025-01-21,377.5720520019531,383.0861621970467,377.11338217699796,383.0861621970467,22078315,KOTAKBANK.NS
2025-01-22,382.3981628417969,382.9964450626006,376.3256637249191,378.7087811717552,20883345,KOTAKBANK.NS
2025-01-23,377.8811950683594,383.6844811223961,377.3327874270933,380.3241682265062,15805795,KOTAKBANK.NS
2025-01-24,376.1561584472656,382.59762041212673,373.533709716945,377.1134222226013,20126830,KOTAKBANK.NS
2025-01-27,375.19891357421875,378.6689261859242,371.47961923428477,373.92259234288434,9642515,KOTAKBANK.NS
2025-01-28,376.4652404785156,379.9053403783097,373.0849961868852,377.91108662304293,25786920,KOTAKBANK.NS
2025-01-29,382.966552734375,383.83404830698237,375.91685793621497,376.47524659053465,11758155,KOTAKBANK.NS
2025-01-30,379.2073669433594,386.5063435211189,374.41118874786787,382.9665550202957,21195905,KOTAKBANK.NS
2025-01-31,379.16748046875,380.69308339140235,376.8342072005698,379.51645053590823,11666145,KOTAKBANK.NS
2025-02-01,379.5264587402344,382.32838306413504,373.24457106264146,378.7088073296563,5481785,KOTAKBANK.NS
2025-02-03,375.817138671875,379.6660644948,375.22883742718506,377.6319170110267,16599040,KOTAKBANK.NS
2025-02-04,384.59185791015625,387.1245383293178,374.3613261677304,377.12335672889867,26663090,KOTAKBANK.NS
2025-02-05,381.25146484375,386.6758374511306,379.3768614593012,386.4464873162596,17136925,KOTAKBANK.NS
2025-02-06,382.08905029296875,382.89672062865304,378.2002615600635,382.2984384166913,15969855,KOTAKBANK.NS
2025-02-07,384.7414245605469,390.99339933556325,380.4836731769335,383.09617124395294,22070870,KOTAKBANK.NS
2025-02-10,390.9036560058594,391.87087031263104,383.60467982052495,385.9479341132086,17846865,KOTAKBANK.NS
2025-02-11,382.6175537109375,392.9677363001557,380.22445512167246,391.79113380466947,17533410,KOTAKBANK.NS
2025-02-12,387.6729736328125,388.6800511034068,379.8953656017905,383.5847472814943,16095020,KOTAKBANK.NS
2025-02-13,393.4263610839844,397.41486841892333,390.98338816937587,391.4720010102352,63391865,KOTAKBANK.NS
2025-02-14,389.3581237792969,393.6656888706699,385.5590727157849,393.6656888706699,13050240,KOTAKBANK.NS
2025-02-17,387.94219970703125,391.6614940987647,385.4194697994192,389.8766283794182,11500595,KOTAKBANK.NS
2025-02-18,391.5418395996094,392.0703156480348,386.7157185465677,387.2940691987456,21720625,KOTAKBANK.NS
2025-02-19,395.859375,397.83369719531737,391.27258522384415,391.6614793169709,19570825,KOTAKBANK.NS
2025-02-20,392.9776611328125,395.33089639952084,390.8737380166756,395.32091539312665,23621860,KOTAKBANK.NS
2025-02-21,389.4877014160156,394.5331912355216,385.788369350014,392.97764536542365,20042760,KOTAKBANK.NS
2025-02-24,392.0902404785156,392.86799824261215,385.5989346278533,386.5462173539508,11090405,KOTAKBANK.NS
2025-02-25,392.319580078125,394.7725036636101,390.5945396342842,392.668550139512,20099470,KOTAKBANK.NS
2025-02-27,388.39093017578125,393.8651474239282,386.8653271510567,393.26686516464605,18540340,KOTAKBANK.NS
2025-02-28,379.49652099609375,386.2969337174284,377.6917237520592,386.2969337174284,34851575,KOTAKBANK.NS
2025-03-03,381.8198547363281,383.62465203252845,377.9509974063852,380.015027010229,13038950,KOTAKBANK.NS
2025-03-04,380.4637451171875,382.0990478721514,378.2601031446118,379.137579702895,15860250,KOTAKBANK.NS
2025-03-05,385.50921630859375,389.60742389417925,377.990870589739,379.5264546121883,19058440,KOTAKBANK.NS
2025-03-06,383.2357482910156,387.872382280316,380.8725624117534,387.6829257353213,25965465,KOTAKBANK.NS
2025-03-07,385.9678649902344,387.00488548103715,380.91245476110396,382.29844532111434,13901690,KOTAKBANK.NS
2025-03-10,383.2457275390625,386.89521562025425,382.16881345351857,385.38954427375194,11142670,KOTAKBANK.NS
2025-03-11,385.9280090332031,387.6829317082311,379.79568460255945,383.49501693042737,16035260,KOTAKBANK.NS
2025-03-12,395.37078857421875,398.39208180073183,386.4863844297442,386.88522909540944,33522470,KOTAKBANK.NS
2025-03-13,395.8793029785156,397.5245866745819,392.7782529877869,394.00473000506054,24628970,KOTAKBANK.NS
2025-03-17,397.4747009277344,398.6213907217059,393.71554364996274,394.88216502621407,15854645,KOTAKBANK.NS
2025-03-18,397.4747009277344,397.4747009277344,397.4747009277344,397.4747009277344,0,KOTAKBANK.NS
2025-03-19,403.14837646484375,409.0214685407517,402.2908619330253,406.6782142283784,26691440,KOTAKBANK.NS
2025-03-20,405.96026611328125,406.6083924906647,402.14125317303154,405.03294543041426,13416530,KOTAKBANK.NS
2025-03-21,414.6053466796875,418.3146599096975,405.8306422621937,406.82776914735877,94254040,KOTAKBANK.NS
2025-03-24,433.97955322265625,435.5948939377569,416.84888989153046,418.79329952557276,42541755,KOTAKBANK.NS
2025-03-25,432.7530822753906,439.23440724034464,430.7588284400202,434.7274045271709,36712165,KOTAKBANK.NS
2025-03-26,427.7475280761719,433.94965889496973,424.75614723938645,433.75022133389086,15084580,KOTAKBANK.NS
2025-03-27,424.5068359375,429.0437510520171,421.1564738100941,427.56799232055414,47106120,KOTAKBANK.NS
2025-03-28,432.99237060546875,434.72739208491436,426.57087100497256,426.63069618392956,18361265,KOTAKBANK.NS
2025-04-01,427.9468994140625,434.4481860307138,425.9526456896707,433.61057268816,18754695,KOTAKBANK.NS
2025-04-02,429.68194580078125,430.88846085373666,426.70051561733635,426.96975936089984,10660960,KOTAKBANK.NS
2025-04-03,425.2945251464844,429.1035569453613,424.20766055191615,424.57659261072695,8470190,KOTAKBANK.NS
2025-04-04,425.1649475097656,428.02669680368,422.4128675669557,424.95552895418825,18942015,KOTAKBANK.NS
2025-04-07,406.3990173339844,415.5227223694855,399.010303364345,402.5800042719004,35695245,KOTAKBANK.NS
2025-04-08,409.84906005859375,414.7848502840164,406.42892216512666,411.3048567822744,20471695,KOTAKBANK.NS
2025-04-09,409.3604736328125,411.8133972120579,407.2465695376988,409.6197059266208,19597890,KOTAKBANK.NS
2025-04-11,421.02685546875,426.6705974138859,410.5171597786306,411.8134125857548,27973445,KOTAKBANK.NS
2025-04-15,422.82171630859375,428.16630210254596,418.7135581831142,427.76745741238375,28178320,KOTAKBANK.NS
2025-04-16,423.4598388671875,429.08364911355164,421.44565351116574,422.78179988752447,14498895,KOTAKBANK.NS
2025-04-17,436.3626708984375,437.519341758768,418.33462986167217,421.78468042944695,26943160,KOTAKBANK.NS
2025-04-21,446.9920654296875,450.94067960923906,433.82997759131644,437.73872860261855,24432490,KOTAKBANK.NS
2025-04-22,452.456298828125,459.05727384690204,447.789721944034,448.5076545085174,33664915,KOTAKBANK.NS
2025-04-23,444.12030029296875,456.68410489797543,442.72432876572293,455.686978031386,17619395,KOTAKBANK.NS
2025-04-24,443.3226013183594,446.2940198409596,441.4679295633417,442.32547447348225,20842685,KOTAKBANK.NS
2025-04-25,439.61328125,445.3966046863955,434.38834640346766,442.7243120877794,10680015,KOTAKBANK.NS
2025-04-28,443.84112548828125,445.07755311960926,436.62193639455575,438.13755834359966,12190890,KOTAKBANK.NS
2025-04-29,439.73297119140625,448.1088312233581,438.4965435496601,443.8411292280841,15291325,KOTAKBANK.NS
2025-04-30,440.3511962890625,444.918054734867,436.3826505257392,441.50786719608067,23114585,KOTAKBANK.NS
2025-05-02,435.08636474609375,443.4422933605176,432.99239208901076,439.5335423719695,9079030,KOTAKBANK.NS
2025-05-05,415.781982421875,425.53388220939956,410.41743487360293,419.8103531564253,44108085,KOTAKBANK.NS
2025-05-06,413.60821533203125,417.0782278097303,411.8133991300577,416.0013441745257,17025485,KOTAKBANK.NS
2025-05-07,417.7762145996094,419.15222407842657,409.719412687393,411.55412242237884,18697280,KOTAKBANK.NS
2025-05-08,421.3060302734375,426.5110337040462,417.77622309570626,418.5938439948464,34624355,KOTAKBANK.NS
2025-05-09,419.4115295410156,422.78182347428793,413.80768099488085,413.80768099488085,23271500,KOTAKBANK.NS
2025-05-12,427.7674255371094,431.4767386960257,423.99828720062163,425.57373425983207,15109370,KOTAKBANK.NS
2025-05-13,421.9043273925781,427.9868075445303,419.0126654799806,425.77318461807874,21539120,KOTAKBANK.NS
2025-05-14,417.2776794433594,422.7618774377373,415.6024831110812,420.9869927585709,10687970,KOTAKBANK.NS
2025-05-15,420.0696105957031,421.1863878320051,411.89315801151054,415.8218403512926,21311795,KOTAKBANK.NS
2025-05-16,420.4285888671875,421.7647352239233,416.8189640298566,418.7733546082737,10289540,KOTAKBANK.NS
2025-05-19,421.02685546875,423.57949791624566,418.87305769806966,419.1921456114812,7528520,KOTAKBANK.NS
2025-05-20,416.8189697265625,422.3629927756121,415.74208607936555,421.74477897537884,19545490,KOTAKBANK.NS
2025-05-21,413.0697937011719,418.0554281332146,410.8162772003213,417.7961654051811,10708700,KOTAKBANK.NS
2025-05-22,411.97296142578125,414.3261663478138,408.96164908574843,413.60823374907704,16446640,KOTAKBANK.NS
2025-05-23,418.9528503417969,420.64794784778894,411.97296190207993,411.97296190207993,8254765,KOTAKBANK.NS
2025-05-26,416.6594543457031,421.18641923673107,415.8218713560243,416.8189983099133,10201425,KOTAKBANK.NS
2025-05-27,414.2862854003906,418.5938503780422,411.05557362978027,416.7990341731788,17299700,KOTAKBANK.NS
2025-05-28,413.6680603027344,414.884556364912,411.494330915697,413.80767267818203,8173180,KOTAKBANK.NS
2025-05-29,415.1238708496094,417.9956011387757,409.8191485337826,414.2663259074762,24936910,KOTAKBANK.NS
2025-05-30,413.7478332519531,416.83893269006654,411.9131234300162,415.12387322588023,49038640,KOTAKBANK.NS
2025-06-02,411.5342102050781,413.9672022448451,409.06132456944187,412.2122491853679,13505700,KOTAKBANK.NS
2025-06-03,407.7251892089844,413.967213430647,405.6711101997284,412.81054255836426,32319090,KOTAKBANK.NS
2025-06-04,408.08416748046875,410.51715956665333,406.9873217973695,408.24371143709214,11655570,KOTAKBANK.NS
2025-06-05,406.8078308105469,410.09833730500327,405.6710915739801,409.77924940387254,18626660,KOTAKBANK.NS
2025-06-06,413.4885559082031,415.7819659269836,405.5913282768267,407.6055135641951,22121620,KOTAKBANK.NS
2025-06-09,426.4113464355469,427.2489293491462,416.7990288668134,420.98697386470667,28895440,KOTAKBANK.NS
2025-06-10,428.9839172363281,433.33137572244993,426.41134333681794,428.1064407342016,24578710,KOTAKBANK.NS
2025-06-11,427.8272705078125,430.8984384380862,425.3743468242084,428.5651346852621,8910305,KOTAKBANK.NS
2025-06-12,424.13787841796875,428.5252610685143,423.2205387218712,427.8272600750463,14890860,KOTAKBANK.NS
2025-06-13,420.26904296875,423.1806363804155,413.209367707786,413.209367707786,22336370,KOTAKBANK.NS
2025-06-16,426.57086181640625,427.70760105189834,416.5597299745455,420.36873148231547,14707980,KOTAKBANK.NS
2025-06-17,426.13214111328125,429.92124162443673,424.81595672046564,426.57087938751926,15541500,KOTAKBANK.NS
2025-06-18,425.25469970703125,426.25182662682175,420.528297414893,423.7789409109777,19503255,KOTAKBANK.NS
2025-06-19,428.046630859375,429.7018651512141,425.3942696758182,426.67059088002094,17025995,KOTAKBANK.NS
2025-06-20,432.7131652832031,433.9496232866134,425.0353066900778,427.76742455925285,16863180,KOTAKBANK.NS
2025-06-23,435.5649719238281,436.6817491629497,429.0038599991427,430.3798999651666,8603070,KOTAKBANK.NS
2025-06-24,443.4422912597656,445.43654512755916,437.02079137107853,440.33126009479156,28022600,KOTAKBANK.NS
2025-06-25,438.39678955078125,443.44224892016956,436.94099288666234,443.32259856830996,17877145,KOTAKBANK.NS
2025-06-26,439.5135803222656,440.73007632025497,434.74731510323795,439.21445443337365,28350635,KOTAKBANK.NS
2025-06-27,440.311279296875,442.1858827214124,435.2658196609935,440.73008598040053,48247195,KOTAKBANK.NS
2025-06-30,431.4568176269531,440.53064798523144,429.66197096638217,440.31127885215824,18638285,KOTAKBANK.NS
2025-07-01,435.4652404785156,436.0435606641265,430.6191881491761,431.45680148404205,20128770,KOTAKBANK.NS
2025-07-02,432.5735778808594,438.1774259156917,430.9582372507358,435.7444339644276,9382555,KOTAKBANK.NS
2025-07-03,424.0980224609375,429.14348216493147,423.16072073601543,426.59083972298583,23336995,KOTAKBANK.NS
2025-07-04,424.7361755371094,426.2318659213854,420.9869989995219,423.5795046550147,8431075,KOTAKBANK.NS
2025-07-07,428.72467041015625,430.1206419744296,423.14075372316506,424.776056434098,10852925,KOTAKBANK.NS
2025-07-08,443.6217346191406,447.0119598624429,433.9894854849469,435.74443849884796,37631455,KOTAKBANK.NS
2025-07-09,444.5789794921875,445.5362432137952,441.52777365057,442.12605586910036,10104510,KOTAKBANK.NS
2025-07-10,439.49365234375,447.2512982349035,436.1233586284084,444.53911191041834,28609065,KOTAKBANK.NS
2025-07-11,442.8439636230469,443.72144010372074,438.4566116495736,439.09475699831165,13395830,KOTAKBANK.NS
2025-07-14,439.49365234375,444.120305232638,438.1973691448277,443.50209143726005,11976685,KOTAKBANK.NS
2025-07-15,436.3626708984375,445.4365318116228,435.1262432749352,440.730091607129,14870715,KOTAKBANK.NS
2025-07-16,434.627685546875,436.74158974259876,429.9611388774585,435.5649872834542,11438515,KOTAKBANK.NS
2025-07-17,432.9126281738281,437.0806114052548,432.0949767944864,433.7502111368494,10897805,KOTAKBANK.NS
2025-07-18,427.3621826171875,432.85270345550344,425.46546332967466,432.77282427382914,12832715,KOTAKBANK.NS
2025-07-21,432.2936706542969,432.77282388398464,425.30573504818955,426.8829985375476,9135495,KOTAKBANK.NS
2025-07-22,431.29541015625,434.2503002206598,428.2606409072714,433.65132819632447,7822810,KOTAKBANK.NS
2025-07-23,433.3318786621094,435.2086434818748,430.49677686852147,433.4516974406974,13952705,KOTAKBANK.NS
2025-07-24,427.681640625,433.6113751332544,427.26235108149626,432.333582404694,10292000,KOTAKBANK.NS
2025-07-25,424.18768310546875,429.2389599883455,422.9298449093829,427.08267899433366,8727375,KOTAKBANK.NS
2025-07-28,392.6421203613281,410.35153572567935,391.32438806949864,404.36187672461557,69123495,KOTAKBANK.NS
2025-07-29,393.86004638671875,395.2576274914692,389.9268342644319,392.72199647393273,25219670,KOTAKBANK.NS
2025-07-30,391.2644958496094,395.49717848247747,390.7254180066558,392.5422885575496,17949955,KOTAKBANK.NS
2025-07-31,395.0379943847656,399.0311005524212,386.33302172067715,387.57087488385605,21519590,KOTAKBANK.NS
2025-08-01,397.7932434082031,400.70819382102934,393.740243125793,395.91647865379014,13361865,KOTAKBANK.NS
2025-08-04,398.7116394042969,400.7081924613689,395.73679484684794,396.71508634722477,7716305,KOTAKBANK.NS
2025-08-05,399.9095764160156,400.90785292705664,398.2723883147173,400.90785292705664,12106660,KOTAKBANK.NS
2025-08-06,399.789794921875,404.4217821702482,397.8531360202545,399.9095832308442,13311395,KOTAKBANK.NS
2025-08-07,397.73333740234375,398.4121581122293,392.3226653559474,395.5171623489094,72760995,KOTAKBANK.NS
2025-08-08,389.8669128417969,399.21076625864436,388.96847008478943,398.09270145303674,10928645,KOTAKBANK.NS
2025-08-11,394.4989013671875,404.102316457085,390.60562909628055,392.12299841430604,11012565,KOTAKBANK.NS
2025-08-12,391.1247253417969,396.4954578524867,390.60563252278274,394.3192223672201,7889120,KOTAKBANK.NS
2025-08-13,396.8548583984375,398.57189524055485,391.76364202640497,392.9216464515522,13733665,KOTAKBANK.NS
2025-08-14,394.9581298828125,398.0128535417985,394.41905204152636,396.9147432965791,9922965,KOTAKBANK.NS
2025-08-18,399.5901184082031,404.50165221991955,398.73161523665283,398.8913126683514,21519720,KOTAKBANK.NS
2025-08-19,405.2803039550781,405.79939676706715,397.81318477657135,398.11265554022253,15558845,KOTAKBANK.NS
2025-08-20,402.8045654296875,404.1422522761842,400.4087079364848,403.40353741923343,13134705,KOTAKBANK.NS
2025-08-21,402.8644714355469,407.0971541469084,401.88614947500423,407.0971541469084,14493935,KOTAKBANK.NS
2025-08-22,396.63525390625,403.0242178580681,395.3574611158864,401.3471205329002,8958465,KOTAKBANK.NS
2025-08-25,395.97637939453125,399.0710427879616,394.65864703887974,396.71509429164684,11849075,KOTAKBANK.NS
2025-08-26,392.46246337890625,396.0961742336374,391.563990098439,394.9182151985585,18550690,KOTAKBANK.NS
2025-08-28,388.2696838378906,392.92165621721205,387.55092350321047,390.32613109392344,17989700,KOTAKBANK.NS
2025-08-29,391.3843078613281,396.29584196853955,389.36780016626466,389.36780016626466,15371790,KOTAKBANK.NS
2025-09-01,393.04144287109375,393.87999151385344,390.3660690396724,391.3843001490987,7891610,KOTAKBANK.NS
2025-09-02,387.8304443359375,394.35918158159484,387.41115477530616,392.52235636331784,12917095,KOTAKBANK.NS
2025-09-03,391.3643493652344,392.08310970382456,385.5543725003788,388.12991260908706,20037270,KOTAKBANK.NS
2025-09-04,389.2679443359375,393.66035488230744,388.62903274702046,391.5240589949514,9457295,KOTAKBANK.NS
2025-09-05,388.4294128417969,390.78533088354266,386.7523155444542,389.2679614904682,9906260,KOTAKBANK.NS
2025-09-08,389.3478088378906,391.62387815197184,385.6342188554442,387.830439450164,12527790,KOTAKBANK.NS
2025-09-09,391.40423583984375,392.5023460803835,387.2913415434412,390.52577811239297,15873920,KOTAKBANK.NS
2025-09-10,393.9798278808594,397.094445850384,392.4824130520508,396.2958367943458,42604510,KOTAKBANK.NS
2025-09-11,393.7801513671875,396.3157822827684,391.98326579975713,394.71853374228476,11816335,KOTAKBANK.NS
2025-09-12,393.7801513671875,396.3157822827684,392.52234365597906,393.9598642959161,18077285,KOTAKBANK.NS
2025-09-15,393.4806823730469,395.63696334270014,392.3027233742956,392.9216499510977,13098130,KOTAKBANK.NS
2025-09-16,403.64312744140625,405.4001038784605,393.9598634044166,394.59874454017506,20084385,KOTAKBANK.NS
2025-09-17,409.353271484375,409.8324551862034,403.36361230393936,405.1006037174715,23917190,KOTAKBANK.NS
2025-09-18,410.2117919921875,411.54947884380573,407.73605530957667,409.29336420936994,17420580,KOTAKBANK.NS
2025-09-19,405.49993896484375,410.2118054084459,404.78117864412536,410.2118054084459,22431125,KOTAKBANK.NS
2025-09-22,403.64312744140625,407.2169744699615,402.78462425101594,405.69957465069393,13229910,KOTAKBANK.NS
2025-09-23,408.83416748046875,409.912292698884,400.9876983267941,403.9026791195159,25428240,KOTAKBANK.NS
2025-09-24,405.5598449707031,408.91403958875,405.1006158183649,407.6961409670819,18394385,KOTAKBANK.NS
2025-09-25,402.0059814453125,406.79769673000413,401.3071756698445,405.7594805811606,20039275,KOTAKBANK.NS
2025-09-26,398.27239990234375,403.14399429235846,397.134380488437,401.10750162038886,9595825,KOTAKBANK.NS
2025-09-29,397.6335144042969,400.04932654446014,393.38084664130577,398.49201759617813,26530510,KOTAKBANK.NS
2025-09-30,397.8531494140625,402.30545434886966,396.5354170410758,400.1092337272251,29309685,KOTAKBANK.NS
2025-10-01,411.94879150390625,413.68578289613794,396.51544506843504,396.51544506843504,30579755,KOTAKBANK.NS
2025-10-03,419.3759765625,420.873391358273,411.6892350915389,411.94879673826716,23679650,KOTAKBANK.NS
2025-10-06,428.4602966308594,430.1773334721175,417.87855937496556,422.07130250014336,25764180,KOTAKBANK.NS
2025-10-07,424.6468811035156,429.8778404445717,423.6086649677014,427.661665298593,12364695,KOTAKBANK.NS
2025-10-08,422.83001708984375,425.76495261186983,421.7119522176401,424.5670085545185,4402475,KOTAKBANK.NS
2025-10-09,428.1807861328125,429.6582159116338,419.53570765694,422.86994763844575,15827485,KOTAKBANK.NS
2025-10-10,429.27886962890625,430.81622404096333,426.5835412319039,428.26063851870305,9681210,KOTAKBANK.NS
2025-10-13,429.6781921386719,430.45684660385257,426.0244964282141,426.46374053318596,10600020,KOTAKBANK.NS
2025-10-14,429.6182861328125,432.25375087682374,427.5818238833307,429.05925369589795,8022815,KOTAKBANK.NS
2025-10-15,429.1790466308594,432.4334073072979,427.5019189561206,430.25717184713756,11540535,KOTAKBANK.NS
2025-10-16,440.3197937011719,442.1566493057548,429.69814737826357,429.83789024916655,33692100,KOTAKBANK.NS
2025-10-17,440.3996887207031,441.2182828075126,437.3249798704862,440.0203387553533,16706510,KOTAKBANK.NS
2025-10-20,441.9969177246094,452.4189269358333,439.2816043963023,442.0368268502596,15207085,KOTAKBANK.NS
2025-10-21,438.6427001953125,443.19483872460165,436.62619257667416,441.99692517030456,1134020,KOTAKBANK.NS
2025-10-23,444.35284423828125,448.10637374054346,441.4378938305524,444.23305592905706,21496105,KOTAKBANK.NS
2025-10-24,436.6461486816406,446.8285814865207,432.8926496402778,446.8285814865207,16293685,KOTAKBANK.NS
2025-10-27,428.9794006347656,436.4465202022546,423.6685620728347,433.6912671732111,18599700,KOTAKBANK.NS
2025-10-28,431.4151916503906,432.8726668634206,427.6616621245238,427.6616621245238,23304345,KOTAKBANK.NS
2025-10-29,429.3587341308594,434.1105096143005,428.63997382324067,433.2520064367184,7088915,KOTAKBANK.NS
2025-10-30,426.70330810546875,429.85786549023834,424.54702721720923,429.25889349933607,12438465,KOTAKBANK.NS
2025-10-31,419.71539306640625,428.63998781695545,419.27614894935596,428.63998781695545,18931270,KOTAKBANK.NS
2025-11-03,421.97149658203125,423.10951597140115,416.8602952164107,419.7153819012876,7657265,KOTAKBANK.NS
2025-11-04,418.5973205566406,423.4888694452829,417.8785602386985,422.6103812272446,9581885,KOTAKBANK.NS
2025-11-06,415.92193603515625,420.03483034522856,413.70576098414875,413.88544344274857,11902845,KOTAKBANK.NS
2025-11-07,416.940185546875,419.13637566744586,411.13020874189687,415.0234811753937,7000945,KOTAKBANK.NS
2025-11-10,417.81866455078125,420.2344766765381,415.48270114228853,415.48270114228853,10866480,KOTAKBANK.NS
2025-11-11,416.6606750488281,419.8751267872455,414.26481740034535,419.2761547588791,10814210,KOTAKBANK.NS
2025-11-12,416.1814880371094,419.29610600196844,415.2830452341666,419.29610600196844,9035425,KOTAKBANK.NS
2025-11-13,414.32470703125,417.1797633354703,412.2083656237895,417.1797633354703,10711530,KOTAKBANK.NS
2025-11-14,415.22314453125,416.3811489679997,411.88890455913486,412.4878765733133,12202755,KOTAKBANK.NS
2025-11-17,419.8551330566406,423.24929765870917,417.7587766982812,418.2778695307826,25151640,KOTAKBANK.NS
2025-11-18,417.8985290527344,420.6737366734581,415.2830493375538,417.3993907722806,10300340,KOTAKBANK.NS
2025-11-19,420.4541015625,421.2726956286347,417.17975576294305,419.1763088227944,12464500,KOTAKBANK.NS
2025-11-20,419.0165710449219,422.231022614109,417.91849125987375,422.231022614109,36702845,KOTAKBANK.NS
2025-11-21,416.84033203125,421.57215288256253,414.98355236832316,419.2761291233556,39194210,KOTAKBANK.NS
2025-11-24,416.7405090332031,420.0747489664001,414.76394101396227,418.2778634098207,24922845,KOTAKBANK.NS
2025-11-25,413.26654052734375,418.1381045407307,412.62762890690965,418.1381045407307,15164895,KOTAKBANK.NS
2025-11-26,420.03485107421875,421.27270424785877,414.1050859279389,414.2847683954061,14896715,KOTAKBANK.NS
2025-11-27,421.3126220703125,425.3656222181128,417.5590926861503,420.07473849565287,20148975,KOTAKBANK.NS
2025-11-28,424.1477355957031,427.6217184114977,419.71538537936084,423.06957988633235,15840785,KOTAKBANK.NS
2025-12-01,428.77972412109375,431.8544328933307,424.8864517477903,426.0644107413828,16310160,KOTAKBANK.NS
2025-12-02,427.7415466308594,431.255469115518,427.14257460853577,427.26236292000397,18294165,KOTAKBANK.NS
2025-12-03,428.4802551269531,429.5983199705965,423.0895679365398,426.2840345662378,14031015,KOTAKBANK.NS
2025-12-04,426.34393310546875,428.6200024077155,423.5687255311066,428.4802595333141,12871640,KOTAKBANK.NS
2025-12-05,430.23724365234375,432.45341883855315,425.66511993805506,426.2640919682435,9658475,KOTAKBANK.NS
2025-12-08,425.58526611328125,431.03584754615895,424.46720125166354,430.99590795396324,14960235,KOTAKBANK.NS
2025-12-09,424.8066101074219,425.94462952858635,421.05308054396755,423.2692556956905,16037550,KOTAKBANK.NS
2025-12-10,425.16595458984375,430.3570045676905,424.00795019586315,425.2657883326833,10941335,KOTAKBANK.NS
2025-12-11,435.28851318359375,440.2399563162756,423.0895725858904,425.16597439476266,24978600,KOTAKBANK.NS
2025-12-12,434.5697326660156,439.44132685339974,434.19038272216477,435.58796372715665,14312745,KOTAKBANK.NS
2025-12-15,435.50811767578125,436.36662084660577,430.5566442778355,432.67301605831847,13779900,KOTAKBANK.NS
2025-12-16,435.7277526855469,438.0437310918794,433.5514866872522,434.8492644609115,8544595,KOTAKBANK.NS
2025-12-17,433.89093017578125,437.88403633768615,431.95427125005875,436.84582020539585,8060720,KOTAKBANK.NS
2025-12-18,432.17388916015625,435.0289454153279,431.2355067839153,433.89092601189697,5633400,KOTAKBANK.NS
2025-12-19,431.1556396484375,434.74944135307834,430.51675849260295,432.95255573324937,11504670,KOTAKBANK.NS
2025-12-22,429.1990051269531,434.44994931810686,428.6799123091702,433.25200532016913,9041130,KOTAKBANK.NS
2025-12-23,431.7945251464844,433.431682762064,429.1990001576581,429.75803255956146,8070815,KOTAKBANK.NS
2025-12-24,431.9941711425781,434.8891974200609,431.4750783200202,432.85270479082646,7791790,KOTAKBANK.NS
2025-12-26,432.0940246582031,433.9707894744504,429.8379098729294,431.6547805324864,3691745,KOTAKBANK.NS
2025-12-29,430.9759521484375,435.6079394853607,430.3370405350784,433.371809768569,4858980,KOTAKBANK.NS
2025-12-30,429.7979736328125,432.2537252971466,427.0427207389374,431.1955546423937,28360690,KOTAKBANK.NS
2025-12-31,439.4613037109375,440.3198069200647,430.39696604872137,430.8561647311619,14284445,KOTAKBANK.NS
2026-01-01,442.7955322265625,443.41445879659574,437.0454497037056,441.23822328745234,6734875,KOTAKBANK.NS
2026-01-02,438.26336669921875,444.812058529919,435.34841618914203,442.79555083555135,12238470,KOTAKBANK.NS
2026-01-05,437.4248046875,440.5793621931248,435.6478736742348,438.6227487151993,10914245,KOTAKBANK.NS
2026-01-06,428.5401611328125,444.83204192925524,426.2640917910288,439.6609766519108,26541035,KOTAKBANK.NS
2026-01-07,428.06097412109375,429.35875192013754,421.11297783622985,428.5401578343537,10561315,KOTAKBANK.NS
2026-01-08,425.8647766113281,427.8613296845505,422.9897353114908,427.282312232926,11484710,KOTAKBANK.NS
2026-01-09,424.62689208984375,425.8647757088061,422.4706415845176,425.8647757088061,10319615,KOTAKBANK.NS
2026-01-12,425.9246826171875,427.14258124433906,420.47410110582933,424.6269048044945,12720435,KOTAKBANK.NS
2026-01-13,425.7848815917969,428.1408299723652,423.2692357804946,424.6468622241772,12717650,KOTAKBANK.NS
2026-01-14,420.2744140625,426.86304517405335,418.07819353698835,425.26579665231594,10818517,KOTAKBANK.NS
2026-01-15,420.2744140625,420.2744140625,420.2744140625,420.2744140625,0,KOTAKBANK.NS
2026-01-16,417.479248046875,426.8630411339177,416.3811377945125,423.26923961026824,17993251,KOTAKBANK.NS
2026-01-19,426.16424560546875,429.65821346900736,414.2847609624339,418.2778670921923,22228439,KOTAKBANK.NS
2026-01-20,423.069580078125,430.2571832605823,421.77183277864503,427.26235367872204,18805991,KOTAKBANK.NS
2026-01-21,420.8733825683594,424.7666548630621,415.68233253210144,421.3725208231926,16386060,KOTAKBANK.NS
2026-01-22,425.26580810546875,429.05924678990016,419.57561961383925,423.0695875208091,10087657,KOTAKBANK.NS
2026-01-23,422.0713195800781,429.05925553647,419.6754619165975,428.26064647030415,10548118,KOTAKBANK.NS
2026-01-27,407.9956359863281,414.28476603165916,399.80975613416746,414.28476603165916,47613963,KOTAKBANK.NS
2026-01-28,411.6892395019531,413.4861555551203,405.59974650757647,408.59457613120605,14823671,KOTAKBANK.NS
2026-01-29,411.6892395019531,413.88546007860776,406.2985522724163,406.2985522724163,26085514,KOTAKBANK.NS
2026-01-30,407.29681396484375,411.78905823651485,404.70128895932646,409.29336697447536,20681886,KOTAKBANK.NS
2026-02-02,407.4964904785156,410.14191718188175,404.40182715203855,407.9956287419803,15422034,KOTAKBANK.NS
2026-02-03,415.0833740234375,424.2675303968445,409.5928530418313,414.28476497574223,35396945,KOTAKBANK.NS
2026-02-04,411.63934326171875,417.92847336786326,409.8923592916805,415.98185236595316,14948177,KOTAKBANK.NS
2026-02-05,408.0455322265625,413.23658237604917,403.40355244835763,410.29165442230504,24814864,KOTAKBANK.NS
2026-02-06,421.6221008300781,423.91812467556457,409.59285029920807,410.291656059999,21228778,KOTAKBANK.NS
2026-02-09,428.06097412109375,434.1504671928058,423.46892634519605,429.2589181717522,22538542,KOTAKBANK.NS
2026-02-10,428.5600891113281,433.1521671026884,427.4620093337042,430.05750386079467,18428055,KOTAKBANK.NS
2026-02-11,428.8096618652344,430.9559807296188,427.01277633666,430.9559807296188,12299205,KOTAKBANK.NS
2026-02-12,425.515380859375,430.30709612939364,424.3673689160354,428.6599459093862,14003384,KOTAKBANK.NS
2026-02-13,419.9250183105469,428.1607997234299,418.8269080291661,425.2658038652311,23233320,KOTAKBANK.NS
2026-02-16,424.8664855957031,425.9645958415494,417.52914720866346,418.2778545856067,12403028,KOTAKBANK.NS
2026-02-17,423.7184753417969,424.76665348755984,419.8751046990307,422.91983585766116,6427007,KOTAKBANK.NS
2026-02-18,425.6152038574219,426.66338202595625,420.62382121681645,424.96633020713955,7333331,KOTAKBANK.NS
2026-02-19,415.6823425292969,425.2159017048829,415.13330262176845,424.9663325714642,6473423,KOTAKBANK.NS
2026-02-20,420.6238098144531,422.67026445563283,414.2847479397285,414.2847479397285,6603883,KOTAKBANK.NS
2026-02-23,429.95770263671875,431.05578241958824,419.6255347230468,422.2709613667453,10399627,KOTAKBANK.NS
2026-02-24,426.962890625,431.7047042153327,425.066140816881,430.1573572910767,15016915,KOTAKBANK.NS
2026-02-25,424.2176208496094,429.40864049284835,420.6737209121761,424.76666075154463,10192468,KOTAKBANK.NS
2026-02-26,423.81829833984375,425.9646173005251,420.9732345361176,425.9646173005251,13417228,KOTAKBANK.NS
2026-02-27,414.48443603515625,421.6221072796393,413.73572862213393,419.7752895678544,17806739,KOTAKBANK.NS
2026-03-02,412.3880310058594,413.8854457658916,406.39837196573063,409.29336774212993,15236666,KOTAKBANK.NS
2026-03-04,402.65484619140625,409.7925173184511,401.50683426999046,404.3019963799578,18393751,KOTAKBANK.NS
2026-03-05,406.5980224609375,409.3432829452956,401.65657186808227,402.9044175427905,14963265,KOTAKBANK.NS
2026-03-06,399.1109313964844,405.99906359918225,398.3123223847129,403.00423410756787,17512726,KOTAKBANK.NS
2026-03-09,385.68414306640625,393.1712170337948,384.4362974051748,389.32784630420565,20275976,KOTAKBANK.NS
2026-03-10,391.1746520996094,393.57050960343815,386.83214323736786,389.8269727333991,21346381,KOTAKBANK.NS
2026-03-11,382.5395812988281,390.4259598509032,379.29518255243795,388.17983764186386,29991868,KOTAKBANK.NS
2026-03-12,374.6531677246094,379.49481496486504,373.4053220680992,376.3502500034559,25048123,KOTAKBANK.NS
2026-03-13,366.2177429199219,372.956109346477,362.77367678257895,372.35713734889805,32179473,KOTAKBANK.NS
2026-03-16,369.21258544921875,372.70655334903427,363.42256322196357,366.2177558208054,27927294,KOTAKBANK.NS
2026-03-17,373.5550842285156,374.50342863910555,367.964729649581,369.2125752937637,15176772,KOTAKBANK.NS
2026-03-18,374.75299072265625,376.30033757134186,370.4604139733601,374.35368621702094,15235416,KOTAKBANK.NS
2026-03-19,367.5155029296875,369.5120560141513,362.7237877129672,365.51894984522363,17308390,KOTAKBANK.NS
2026-03-20,366.117919921875,371.95784375595656,364.7702405040128,367.96473760820606,17077194,KOTAKBANK.NS
2026-03-23,355.93548583984375,364.27110098771533,354.6377385322632,364.22119934703227,16980244,KOTAKBANK.NS
2026-03-24,366.2177429199219,370.3106826942331,360.77712376730335,362.3743722725201,19990983,KOTAKBANK.NS
2026-03-25,370.4604187011719,377.34852052247476,362.374372882694,368.3141302991329,42442702,KOTAKBANK.NS
2026-03-27,365.5189514160156,368.2143102776179,361.875248114207,366.91653248814987,28928069,KOTAKBANK.NS
2026-03-30,352.7909240722656,362.3244833333667,351.043940122664,360.37783188924624,39762775,KOTAKBANK.NS
2026-04-01,355.43634033203125,363.42255243747763,354.388162179184,363.1729833091824,21245776,KOTAKBANK.NS
2026-04-02,357.38299560546875,359.22981326793473,344.9045390549985,349.69625418438636,22056018,KOTAKBANK.NS
2026-04-06,359.9285888671875,360.77713000635,349.4966174609575,357.38299591468177,18320378,KOTAKBANK.NS
2026-04-07,362.3244934082031,363.3726716211169,356.3847356284031,356.3847356284031,23655155,KOTAKBANK.NS
2026-04-08,379.49481201171875,380.4930885291585,368.8132715541026,376.35024707477993,30162218,KOTAKBANK.NS
2026-04-09,371.259033203125,378.0473318456893,368.8132739981789,376.3502495688028,12422256,KOTAKBANK.NS
2026-04-10,373.9044494628906,378.4965274383721,371.7082594502558,372.8562713278809,23751660,KOTAKBANK.NS
2026-04-13,371.259033203125,372.35714347258204,364.9699032875701,367.3158592120961,30027087,KOTAKBANK.NS
2026-04-15,381.7409362792969,382.3399082860573,374.8528343640066,374.8528343640066,19100372,KOTAKBANK.NS
2026-04-16,378.4965515136719,385.7839886784025,377.59810870294694,382.489657752434,12060624,KOTAKBANK.NS
2026-04-17,382.9388732910156,384.5361217915114,376.0008393974469,378.6462660418718,11626179,KOTAKBANK.NS
2026-04-20,378.5464782714844,385.3347465954633,377.34853423079045,383.43802725185,11146713,KOTAKBANK.NS
2026-04-21,381.4913635253906,382.4896400388497,377.6979249602387,380.79258824495815,12323488,KOTAKBANK.NS
2026-04-22,376.2005310058594,382.1402583106071,375.6015589716455,377.4483767167286,14471487,KOTAKBANK.NS
2026-04-23,369.7616271972656,375.30208031632253,367.0163666909259,369.4122243125531,27628052,KOTAKBANK.NS
2026-04-24,370.2108459472656,372.1574668423793,367.0163489627464,369.96127682238074,19678907,KOTAKBANK.NS
2026-04-27,376.15057373046875,379.7943073343939,372.60670433471114,374.35368821303865,11559552,KOTAKBANK.NS
2026-04-28,377.2986145019531,382.5894677539144,371.35885715448444,371.35885715448444,12852733,KOTAKBANK.NS
2026-04-29,381.3416442871094,385.3846521518042,376.89930142813813,377.3485380642077,7913344,KOTAKBANK.NS
2026-04-30,382.6393737792969,386.18327366584316,374.65316170592797,375.95093944683924,24812228,KOTAKBANK.NS
2026-05-01,382.6393737792969,382.6393737792969,382.6393737792969,382.6393737792969,0,KOTAKBANK.NS
2026-05-04,371.00946044921875,381.39153010501576,362.37437469345906,378.24696517794484,74467483,KOTAKBANK.NS
2026-05-05,370.7099914550781,374.8528329162831,368.11446641246175,370.3605885804022,19084772,KOTAKBANK.NS
2026-05-06,375.9509582519531,379.3450924599137,365.01981774375986,373.35543310528345,36195481,KOTAKBANK.NS
2026-05-07,378.7461242675781,381.79088608267705,373.65490767157956,375.4518237751584,27286751,KOTAKBANK.NS
2026-05-08,380.1436767578125,380.8424824896574,373.35540878409404,378.3467912544696,16183126,KOTAKBANK.NS
2026-05-11,380.39324951171875,385.3347303905433,373.7547168557587,375.4517990978753,21347878,KOTAKBANK.NS
2026-05-12,375.35198974609375,380.3932742308924,373.90447653581367,379.54476351967634,13065308,KOTAKBANK.NS
2026-05-13,376.9991149902344,383.33817687266134,376.2005059744088,377.2486841158025,16267456,KOTAKBANK.NS
2026-05-14,382.5395812988281,384.3364668800667,374.95267352196544,377.348531118611,10652514,KOTAKBANK.NS
2026-05-15,386.3829345703125,392.6221631382673,379.84423521708914,382.5395941444389,19461437,KOTAKBANK.NS
2026-05-18,391.1247253417969,392.322669342576,379.644545450093,381.3416277070331,14575831,KOTAKBANK.NS
2026-05-19,381.291748046875,391.12474788808305,379.594665692107,387.8304473935137,22567886,KOTAKBANK.NS
2026-05-20,382.5395812988281,383.3880919835906,375.6514488191217,375.6514488191217,12342444,KOTAKBANK.NS
2026-05-21,380.1936340332031,385.7839888631438,377.2487059947126,384.03700488284875,10133840,KOTAKBANK.NS
2026-05-22,383.4879150390625,385.63420344153394,380.3433501270712,380.3433501270712,10348359,KOTAKBANK.NS
2026-05-25,392.1729431152344,394.46896696119046,386.58258842271005,387.63076659912866,15571552,KOTAKBANK.NS
2026-05-26,387.98016357421875,394.26932393195074,386.3330134084967,392.17293714604006,15059212,KOTAKBANK.NS
2026-05-27,388.03009033203125,389.8269758580605,386.03353731867367,387.88032448404437,9326451,KOTAKBANK.NS
2026-05-28,388.03009033203125,388.03009033203125,388.03009033203125,388.03009033203125,0,KOTAKBANK.NS
2026-05-29,383.537841796875,391.8734261631799,380.5929139488522,388.1798214084353,40109830,KOTAKBANK.NS
2026-06-01,376.7495422363281,386.33300265884606,375.0025583741757,383.4879085617731,12335552,KOTAKBANK.NS
2026-06-02,378.3966979980469,380.8923892669035,371.5585282933648,372.3571373134064,14834956,KOTAKBANK.NS
2026-06-03,380.3433532714844,382.7891429260207,374.45352790962045,376.9492192040528,14844206,KOTAKBANK.NS
2026-06-04,380.8424987792969,383.33819012123195,377.2486971539139,377.84766916897473,13889236,KOTAKBANK.NS
2026-06-05,376.79949951171875,383.0387280076408,374.0043068665559,380.8425073910831,10129597,KOTAKBANK.NS
2026-06-08,376.4500732421875,378.24695875141794,372.0576627468611,372.3571335100725,14460894,KOTAKBANK.NS
2026-06-09,381.04217529296875,381.7908827132733,376.64973405519595,379.0456221721567,13987913,KOTAKBANK.NS
2026-06-10,387.4311218261719,390.52578511775835,379.8442142140513,379.8442142140513,21427363,KOTAKBANK.NS
2026-06-11,392.6720886230469,399.2107878659894,383.8872366685407,385.3347498578859,16135289,KOTAKBANK.NS
2026-06-12,402.60491943359375,403.80286347662496,394.26933463368897,397.0644967807851,17227481,KOTAKBANK.NS
2026-06-15,405.0506896972656,410.2916413199659,401.7563894347036,407.29681182128,14269679,KOTAKBANK.NS
2026-06-16,407.1470947265625,407.84587002865305,403.8028622098258,405.05070789032584,9079548,KOTAKBANK.NS
2026-06-17,403.8028564453125,408.04553169844615,401.85620502552894,407.14708891430837,11654415,KOTAKBANK.NS
2026-06-18,402.25555419921875,403.5533015481981,398.96122325452933,403.2538307645823,9342524,KOTAKBANK.NS
2026-06-19,398.5619201660156,402.85449722664447,397.3140744547883,401.8063190152067,17504009,KOTAKBANK.NS
2026-06-22,401.4569091796875,402.405284089811,398.0627749968488,398.56191327270693,7158956,KOTAKBANK.NS
2026-06-23,400.957763671875,404.30199615280196,397.31406041682766,397.31406041682766,10077909,KOTAKBANK.NS
2026-06-24,405.2503662109375,407.2469192545386,399.51027621058415,400.95775888820594,11768059,KOTAKBANK.NS
2026-06-25,408.29510498046875,413.08682018788966,406.4982193939315,408.79424325061603,16587414,KOTAKBANK.NS
2026-06-26,408.29510498046875,408.29510498046875,408.29510498046875,408.29510498046875,0,KOTAKBANK.NS
2026-06-29,394.818359375,404.1522508286948,393.42077835516443,401.8062949391593,37210245,KOTAKBANK.NS
2026-06-30,391.573974609375,396.3157881961042,389.2280186366283,394.81837337924236,24824891,KOTAKBANK.NS
2026-07-01,399.7598571777344,400.7082016225359,392.572253821956,396.6651937755247,21723944,KOTAKBANK.NS
2026-07-02,398.61181640625,404.3020049583232,396.61526329534473,399.7598588170068,12980945,KOTAKBANK.NS
2026-07-03,396.06622314453125,400.75813513841166,393.8700025378249,399.31062194785756,14747410,KOTAKBANK.NS
2026-07-06,380.642822265625,389.07827098745855,380.0438807297398,389.07827098745855,34164881,KOTAKBANK.NS
2026-07-07,381.04217529296875,382.2400888864662,377.9974135047407,380.8425077948944,23216875,KOTAKBANK.NS
2026-07-08,369.462158203125,381.09207394769396,368.4638816505443,377.8476751518066,22517529,KOTAKBANK.NS
2026-07-09,376.5,377.29863953014825,367.7650800654548,370.8597435066903,30720415,KOTAKBANK.NS
2026-07-10,376.94921875,380.4930881978325,376.25041300240804,376.79948336551075,15468937,KOTAKBANK.NS
2026-07-13,383.987060546875,384.48619881106305,374.4535318868759,375.15230717775006,14167721,KOTAKBANK.NS
2026-07-14,377.9974060058594,382.8390533207743,375.4518130133178,382.8390533207743,16237528,KOTAKBANK.NS
2026-07-15,377.7478332519531,382.1402438955259,375.6015448032169,378.69620814243245,8082156,KOTAKBANK.NS
2026-07-16,376.5,380.5929400051835,375.9010279686346,376.8494028903784,10889356,KOTAKBANK.NS
2026-07-17,389.95001220703125,391.79998779296875,375.70001220703125,377.5,17847316,KOTAKBANK.NS
2026-07-20,382.04998779296875,383.75,376.1000061035156,382.0,32539419,KOTAKBANK.NS
2026-07-21,385.95001220703125,386.95001220703125,381.04998779296875,383.0,17152911,KOTAKBANK.NS
2026-07-22,381.1499938964844,390.0,378.1499938964844,384.29998779296875,11688952,KOTAKBANK.NS
2026-07-23,383.3500061035156,386.1000061035156,378.8500061035156,379.70001220703125,12720546,KOTAKBANK.NS
2026-07-24,384.75,386.5,378.6000061035156,378.6000061035156,13308317,KOTAKBANK.NS
2026-07-27,384.6499938964844,388.75,383.54998779296875,386.0,16710096,KOTAKBANK.NS
2026-07-28,385.29998779296875,387.29998779296875,383.04998779296875,383.04998779296875,14247981,KOTAKBANK.NS
2026-07-29,390.20001220703125,392.25,385.1499938964844,387.0,9190194,KOTAKBANK.NS
2026-07-30,389.3999938964844,390.20001220703125,385.70001220703125,385.70001220703125,12205963,KOTAKBANK.NS
2026-07-31,390.29998779296875,391.8500061035156,388.0,390.20001220703125,7014637,KOTAKBANK.NS
2026-08-03,397.5,397.5,391.04998779296875,392.0,11247062,KOTAKBANK.NS
