Date,Close,High,Low,Open,Volume,Ticker
2020-01-01,1180.6744384765625,1188.7412525484212,1174.4103596925202,1179.2774699108377,3123998,LT.NS
2020-01-02,1212.5361328125,1214.9696333208658,1181.6210602994474,1182.5223730838102,4335359,LT.NS
2020-01-03,1203.2977294921875,1212.2206384294857,1198.8812746506082,1212.2206384294857,2059871,LT.NS
2020-01-06,1186.8035888671875,1200.5486085977548,1184.4150880240547,1199.6472958285374,2646905,LT.NS
2020-01-07,1190.1834716796875,1207.308413718244,1184.0996106923055,1196.943317221223,2077893,LT.NS
2020-01-08,1164.090576171875,1179.5480024781505,1156.6997452909418,1173.5092508037048,4147568,LT.NS
2020-01-09,1186.262939453125,1189.642862668892,1176.303388367915,1181.6211562320966,2067779,LT.NS
2020-01-10,1193.8787841796875,1204.1086613522386,1188.8314550484774,1188.8314550484774,2360798,LT.NS
2020-01-13,1202.9820556640625,1207.2182915054543,1197.5741792888164,1197.8446171169894,1825244,LT.NS
2020-01-14,1195.230712890625,1199.6471669901837,1185.316273494012,1198.5656357926885,2046500,LT.NS
2020-01-15,1192.9775390625,1204.289058133406,1189.7328351531519,1194.780164570308,2127677,LT.NS
2020-01-16,1189.1019287109375,1201.3597598343613,1187.3894125192141,1196.672867624196,1773135,LT.NS
2020-01-17,1175.4920654296875,1195.0956180905528,1173.5092213538628,1190.273616797069,2941837,LT.NS
2020-01-20,1180.3590087890625,1189.642572970411,1177.5649616158023,1184.2796967598886,2542477,LT.NS
2020-01-21,1173.8245849609375,1184.23479076284,1172.1120688085498,1175.9877574679786,1361576,LT.NS
2020-01-22,1166.47900390625,1182.5224160603866,1164.4961597180027,1181.6211032432673,2449753,LT.NS
2020-01-23,1200.819091796875,1207.6239374473903,1177.1145210616405,1178.0158338649037,10056067,LT.NS
2020-01-24,1225.0640869140625,1232.8604631951691,1200.5484273028692,1200.5484273028692,5837319,LT.NS
2020-01-27,1215.510498046875,1230.201941638704,1207.75922947436,1207.75922947436,2510013,LT.NS
2020-01-28,1213.7528076171875,1221.2787468940803,1205.9564305123833,1217.5833867126116,2352852,LT.NS
2020-01-29,1230.9227294921875,1239.2598720966319,1218.664898586574,1219.566211300568,3678474,LT.NS
2020-01-30,1234.9786376953125,1240.927389631262,1219.4761030115965,1231.1480586577668,2743506,LT.NS
2020-01-31,1234.1676025390625,1241.1076667606287,1226.1908966184,1240.1612443560832,3939306,LT.NS
2020-02-03,1159.674072265625,1175.221717209472,1146.4698184680287,1162.6934479746517,5767353,LT.NS
2020-02-04,1164.270751953125,1178.2862093109952,1160.4852823893198,1168.1013311641184,3604309,LT.NS
2020-02-05,1180.7646484375,1194.2392281723792,1167.1998494213065,1169.8136780386128,4220104,LT.NS
2020-02-06,1187.569580078125,1194.239315998595,1179.8634225814546,1192.3465813515281,2354458,LT.NS
2020-02-07,1170.80517578125,1184.6854131108435,1168.1012377309469,1183.4686629929113,3053804,LT.NS
2020-02-10,1158.457275390625,1173.9147004179329,1147.4611942649792,1171.706528277896,3039992,LT.NS
2020-02-11,1159.8995361328125,1170.7602900310687,1157.2857068462863,1164.4962096926806,2200796,LT.NS
2020-02-12,1169.2730712890625,1171.5713527809678,1153.6803167485957,1161.8822407457747,2568696,LT.NS
2020-02-13,1164.721435546875,1171.5713906442434,1158.1869179166063,1170.8052967888493,1545536,LT.NS
2020-02-14,1167.335205078125,1176.1680038241677,1163.234188144355,1167.1999861638255,1780119,LT.NS
2020-02-17,1153.8604736328125,1169.7686647801395,1150.9763170044657,1169.0025709904403,2155085,LT.NS
2020-02-18,1159.4036865234375,1162.5132816660393,1141.4675399805333,1155.032341492453,2347917,LT.NS
2020-02-19,1154.942138671875,1170.8052205015247,1150.615793616732,1169.9039077836637,1820353,LT.NS
2020-02-20,1154.220947265625,1161.7018862031462,1149.4440562774444,1153.5900724256724,3034681,LT.NS
2020-02-24,1135.383544921875,1146.37962568947,1129.0293565087704,1146.37962568947,3414064,LT.NS
2020-02-25,1119.4755859375,1140.746545607849,1117.7630696453948,1137.6369504929264,3133077,LT.NS
2020-02-26,1091.6248779296875,1115.8251014615278,1086.9830956079181,1113.121163412752,5721483,LT.NS
2020-02-27,1090.9036865234375,1096.8523276957385,1081.5751230914757,1092.70631172859,4003149,LT.NS
2020-02-28,1070.3538818359375,1078.375476404515,1047.3252996121669,1072.2466163967983,6286647,LT.NS
2020-03-02,1046.3338623046875,1092.7063534692277,1037.0052985163811,1086.0817275919385,3177486,LT.NS
2020-03-03,1064.7205810546875,1069.6778001808614,1047.3703141130793,1050.9304547488377,3134527,LT.NS
2020-03-04,1060.5296630859375,1070.6243218174516,1043.7201583921017,1068.0556024996895,3135151,LT.NS
2020-03-05,1065.7572021484375,1070.0835472966346,1051.110870168172,1063.6391392206124,2625152,LT.NS
2020-03-06,1044.531494140625,1049.128167716116,1019.249624440111,1034.7071619743137,3956575,LT.NS
2020-03-09,993.2015991210938,1023.7111255173147,961.9711985202279,1023.7111255173147,8038295,LT.NS
2020-03-11,1006.7211303710938,1010.3263810067731,978.6453290645555,982.4307982226115,5628125,LT.NS
2020-03-12,916.2294921875,964.4497807545828,905.0081371147974,964.4046711063331,9200130,LT.NS
2020-03-13,947.6852416992188,955.7970564040337,802.1683430316998,856.2471077304662,8117911,LT.NS
2020-03-16,873.1016235351562,939.1678334460428,866.972708177208,914.1564060198166,6671806,LT.NS
2020-03-17,862.3310546875,905.8193989662268,847.3692836346562,876.076075418082,4720207,LT.NS
2020-03-18,815.282470703125,878.5546393703113,811.1815085234985,872.470778056385,5586097,LT.NS
2020-03-19,759.8967895507812,796.7605045843333,755.0297335026881,787.6572674303276,7251950,LT.NS
2020-03-20,779.365234375,791.1724107352526,749.2613631039029,765.2146115917386,6130185,LT.NS
2020-03-23,652.5955810546875,730.0183796048008,636.3268945408075,729.1621213647497,7308612,LT.NS
2020-03-24,646.974853515625,690.7066374932598,614.1645522930473,690.0211859840041,7110384,LT.NS
2020-03-25,699.8460083007812,708.2999104578589,604.1112784679286,637.1957499580108,16122446,LT.NS
2020-03-26,765.8778686523438,769.8077797336206,689.2444073297795,719.9526145953267,9028497,LT.NS
2020-03-27,765.0094604492188,813.40234123294,742.1153944731992,793.2043952972183,6573448,LT.NS
2020-03-30,729.9144287109375,744.857248124238,722.9228015537083,732.062154291429,4474168,LT.NS
2020-03-31,738.9166870117188,752.1687488072289,723.1056175431676,749.4269429185026,8045468,LT.NS
2020-04-01,707.7058715820312,742.4811590084573,700.5771864481869,737.4087727915418,4104403,LT.NS
2020-04-03,707.97998046875,723.0141710610566,697.1498140308134,723.0141710610566,4268480,LT.NS
2020-04-07,732.65625,743.0293932634365,722.9228168159635,735.7179109189009,5768998,LT.NS
2020-04-08,737.6372680664062,760.3942827351798,729.0463084375116,734.8040905277458,6151091,LT.NS
2020-04-09,742.8466186523438,762.5419136873181,735.1695954159538,762.5419136873181,6410296,LT.NS
2020-04-13,790.96533203125,797.317193647078,738.4140512521158,742.846615231047,9462711,LT.NS
2020-04-15,804.400146484375,846.8523949538592,794.2097459581157,814.2706361983041,10435477,LT.NS
2020-04-16,833.1890869140625,840.6376256780671,795.2607743149846,800.5615875699858,6980512,LT.NS
2020-04-17,852.6102294921875,859.0991475491006,837.164701228698,849.9597949155996,5827648,LT.NS
2020-04-20,836.7991333007812,861.8409826820406,832.5950532591081,859.8303138777773,4958362,LT.NS
2020-04-21,795.443603515625,828.573759701393,788.7262010570405,819.8000027209331,5122305,LT.NS
2020-04-22,779.2212524414062,809.2897475896267,776.8450428584785,797.8655557828844,6090168,LT.NS
2020-04-23,768.2540283203125,794.6667820908353,763.1360127036775,785.98439631756,6321888,LT.NS
2020-04-24,777.9418334960938,794.2098726658373,762.3592458850376,765.8778749067568,7960368,LT.NS
2020-04-27,781.6431884765625,799.602039966361,778.9013824953528,787.7665663243682,4224177,LT.NS
2020-04-28,783.3796997070312,793.0217063963717,778.7642816100805,789.4573362542523,3772704,LT.NS
2020-04-29,800.0132446289062,807.0505576136994,780.5007482358828,787.8122306549543,4837925,LT.NS
2020-04-30,820.3026733398438,837.8959290654897,808.0102315595135,813.5852707392904,6332497,LT.NS
2020-05-04,777.4391479492188,804.2631288543845,772.2753907749487,804.2631288543845,4678576,LT.NS
2020-05-05,764.8724975585938,794.9409363507046,763.1359981242392,786.8983166287067,4296433,LT.NS
2020-05-06,765.238037109375,775.017156251533,747.2335000353021,765.8778029938499,5081524,LT.NS
2020-05-07,752.0316772460938,764.0956349713813,749.51835504425,761.3081433221373,3529134,LT.NS
2020-05-08,745.7255859375,762.998931184238,740.2876592593424,761.3081730407805,4394509,LT.NS
2020-05-11,750.88916015625,756.2814003081771,746.0910002147178,750.5236195347743,2882920,LT.NS
2020-05-12,744.6744995117188,748.741522907323,734.8040090539978,746.6851684043734,3024381,LT.NS
2020-05-13,788.6348266601562,796.905930325069,777.3020061390232,789.3659637752196,8625444,LT.NS
2020-05-14,796.6317749023438,803.8975163525262,769.0766016222544,784.9790991201884,6778584,LT.NS
2020-05-15,790.0056762695312,808.8327206751997,780.5007270696277,806.0452292349589,5653901,LT.NS
2020-05-18,743.3492431640625,795.1236994712413,740.2875822663281,795.0323282554397,6211249,LT.NS
2020-05-19,727.8123779296875,762.0392672038919,723.5626121133482,755.9158893347968,5533176,LT.NS
2020-05-20,763.1360473632812,768.6196596796641,731.1483088510479,731.1483088510479,5949898,LT.NS
2020-05-21,749.8839111328125,772.2753259076497,747.6904441073019,764.0042226268506,4701930,LT.NS
2020-05-22,745.4970703125,755.3675608587542,740.378998923274,744.8573044160735,4607479,LT.NS
2020-05-26,754.499267578125,770.1732801160576,750.340873164648,751.1634372386031,4335209,LT.NS
2020-05-27,777.621826171875,783.4253487848395,755.8244916223624,760.3484825049547,5159287,LT.NS
2020-05-28,827.5684204101562,833.5089999050939,781.4146874110255,781.4146874110255,11481079,LT.NS
2020-05-29,852.0162353515625,856.8143959689888,814.316401928927,816.327070867905,10166556,LT.NS
2020-06-01,848.2691040039062,890.310129439221,844.476250048498,863.3490370404866,7617144,LT.NS
2020-06-02,864.0801391601562,870.9803395076891,834.4686131746184,854.5295041339867,7325471,LT.NS
2020-06-03,878.5659790039062,889.1219203975081,872.8081978603219,873.6764475381901,4651554,LT.NS
2020-06-04,850.599609375,884.6893854900279,848.6803117429525,878.3375238902483,5355931,LT.NS
2020-06-05,873.0366821289062,877.2865035225431,855.9917667286694,859.099169014574,6071040,LT.NS
2020-06-08,878.6117553710938,909.3657032252034,867.3246757394152,895.1997048332531,9858804,LT.NS
2020-06-09,871.2545776367188,886.7457933248295,867.9644326154333,881.4906649438784,5117749,LT.NS
2020-06-10,865.08544921875,876.9209225397409,855.169273501862,874.6360842840354,5175923,LT.NS
2020-06-11,850.37109375,870.0663879080794,848.3147393668139,862.7549056567509,3602957,LT.NS
2020-06-12,846.669677734375,849.8684512598232,813.4024107568399,813.4024107568399,5411314,LT.NS
2020-06-15,822.450439453125,849.457217747176,817.1495698252494,842.4655900435657,4982324,LT.NS
2020-06-16,818.0177612304688,845.1159645961006,814.4534471076786,840.8204576235438,4661460,LT.NS
2020-06-17,808.6499633789062,822.3133076267802,805.2683915242541,815.8700747501316,4681085,LT.NS
2020-06-18,819.480224609375,822.5418859832137,798.7795648325874,800.607435690328,5869802,LT.NS
2020-06-19,820.8967895507812,837.0734573288846,818.0635563341698,824.3697329232883,5409996,LT.NS
2020-06-22,829.3506469726562,837.1647830818849,818.8860760276953,827.1114942020806,6839642,LT.NS
2020-06-23,884.32373046875,886.5171973937306,830.7671468359805,831.6810820910256,14580218,LT.NS
2020-06-24,873.3108520507812,904.7045626182733,870.0663929394291,894.7426456803582,11985132,LT.NS
2020-06-25,861.9324340820312,881.7648429733533,855.6719990454155,868.1472392882989,7508087,LT.NS
2020-06-26,879.3884887695312,892.0921549872138,859.556083137722,872.8081439622803,6554103,LT.NS
2020-06-29,855.9918823242188,873.8136228115382,849.9599309336945,868.238639125817,4575801,LT.NS
2020-06-30,862.43505859375,870.2035085576005,851.2393512929067,867.0504206511304,3656480,LT.NS
2020-07-01,844.7504272460938,860.0131586463073,838.0787103917786,860.0131586463073,6426017,LT.NS
2020-07-02,860.287353515625,868.8783683153986,846.3041534965791,855.4435072060455,6542705,LT.NS
2020-07-03,862.9833984375,873.1737992439694,860.5614476037272,866.4106557783955,3928063,LT.NS
2020-07-06,869.3352661132812,876.9209179258751,865.1768716662133,871.0717097091708,3900219,LT.NS
2020-07-07,862.389404296875,879.1144664162234,859.0992592339609,872.8082899664178,4051767,LT.NS
2020-07-08,860.24169921875,881.3993261392372,857.2714091550465,863.623271370789,5227021,LT.NS
2020-07-09,863.6231689453125,870.0664016244349,859.0991780745471,863.668854553667,3777760,LT.NS
2020-07-10,851.9247436523438,870.0663355845919,850.4624138207091,859.0991128671391,4537688,LT.NS
2020-07-13,848.2691040039062,863.4860938715075,845.3901853840483,859.0992154173031,3821300,LT.NS
2020-07-14,834.3316040039062,854.4838673312976,827.888315155436,848.1320054872135,3646237,LT.NS
2020-07-15,833.6917724609375,845.3901328729044,831.041337839598,839.0382715289363,3229770,LT.NS
2020-07-16,841.8715209960938,844.4762142792114,821.1251786014124,834.4229260139826,3134451,LT.NS
2020-07-17,845.8927612304688,849.9140986516577,838.9925612351345,842.7396734550116,2040517,LT.NS
2020-07-20,840.4548950195312,851.696344041961,836.2508148751095,849.0459093103572,3035845,LT.NS
2020-07-21,857.3170776367188,861.2013030270188,841.3688939954021,847.2181027783766,4756570,LT.NS
2020-07-22,841.64306640625,860.0131441979222,831.6811490118058,858.3680717629074,4977432,LT.NS
2020-07-23,837.6674194335938,857.2256578990257,832.9149445391519,833.5090248192769,9075059,LT.NS
2020-07-24,826.5630493164062,835.793772882278,820.7595271015516,835.702401671598,6059379,LT.NS
2020-07-27,826.0147094726562,836.2507959455853,819.1601947517908,829.8532488727776,3615970,LT.NS
2020-07-28,834.8799438476562,838.0787175788734,821.6278812468998,830.5844365378703,3793721,LT.NS
2020-07-29,842.6027221679688,859.8760671227766,838.30721478966,840.4549405877204,7245021,LT.NS
2020-07-30,830.081787109375,852.4275177206148,826.3803600739127,849.0459457468862,3364408,LT.NS
2020-07-31,834.834228515625,843.4709284388739,828.9850201596191,835.2455105657198,2943858,LT.NS
2020-08-03,837.0733642578125,840.591992852776,825.7862298244013,834.4229295728019,3583167,LT.NS
2020-08-04,844.7047729492188,849.959901371678,837.713144996028,838.99267683785,3860346,LT.NS
2020-08-05,853.462890625,861.5296476252363,848.8993996967343,851.803454724512,3007723,LT.NS
2020-08-06,850.14404296875,860.7921512576298,848.3923817484005,853.7394781437152,2188023,LT.NS
2020-08-07,844.151611328125,854.4770157691773,842.722597861177,850.5127919638554,2461109,LT.NS
2020-08-10,885.0845947265625,894.2576613728419,852.7714812060606,852.7714812060606,11861641,LT.NS
2020-08-11,886.7901611328125,903.2002387317856,882.3649236177898,893.8888624189271,5427516,LT.NS
2020-08-12,875.5889282226562,881.350898005643,871.2098311875864,877.6632373445315,3672458,LT.NS
2020-08-13,913.34130859375,916.060969415733,877.2483096140097,882.2727582055998,8816193,LT.NS
2020-08-14,906.05810546875,937.587611626862,897.3921377068929,921.8689711813588,13443785,LT.NS
2020-08-17,922.6525268554688,928.3684111471615,910.5754627831913,923.7588361166393,4735094,LT.NS
2020-08-18,926.1098022460938,929.2904205942359,917.6743128445008,927.4005058935008,4362050,LT.NS
2020-08-19,930.3045654296875,944.9168982077007,926.8935243531445,937.8181964912314,4914223,LT.NS
2020-08-20,917.9970092773438,926.5247244024408,904.3987608346214,909.0083365779171,4791040,LT.NS
2020-08-21,916.5219116210938,931.1342433280039,914.5397716647326,931.1342433280039,2806380,LT.NS
2020-08-24,913.9405517578125,923.2058439324965,912.6959888261979,918.2274796675688,2026255,LT.NS
2020-08-25,903.8455810546875,921.8229253954324,901.4485680477156,915.4616887363992,2914757,LT.NS
2020-08-26,893.2896728515625,910.8521447531277,889.6480968489558,909.9302296268594,4482066,LT.NS
2020-08-27,899.4203491210938,903.4767980690968,889.924634844214,899.097701343762,4466609,LT.NS
2020-08-28,905.1823120117188,926.2481056589517,901.8173556821076,910.8521123442263,7821191,LT.NS
2020-08-31,871.1636962890625,917.6743249406832,866.9689937835459,910.9442996080768,8489726,LT.NS
2020-09-01,880.6133422851562,890.5700144223671,869.6425297447234,889.6020147909721,5099949,LT.NS
2020-09-02,880.93603515625,884.8541746541757,873.9755868314293,881.765781322329,2107714,LT.NS
2020-09-03,886.0987548828125,895.1795964586591,878.861687308501,885.0385299694262,3278899,LT.NS
2020-09-04,868.9049682617188,881.4891316890638,866.6001805474967,873.9755012330073,3130721,LT.NS
2020-09-07,859.3631591796875,876.5107570572327,844.7046869878405,873.1918852968145,3470806,LT.NS
2020-09-08,845.11962890625,862.9125800399795,841.6624470951924,862.9125800399795,3738931,LT.NS
2020-09-09,838.4818115234375,855.537241444475,830.6455329110689,836.6840657644002,5656245,LT.NS
2020-09-10,849.0377197265625,850.9276344213225,840.7865683556296,846.0414956616987,2948599,LT.NS
2020-09-11,845.7649536132812,849.5908675998207,840.7865894574843,848.1619104176377,2632298,LT.NS
2020-09-14,831.65966796875,851.2503656991839,830.645583770399,850.3745912866251,5006356,LT.NS
2020-09-15,838.8966674804688,843.7367218188277,829.7236008615417,838.9427519822256,4488829,LT.NS
2020-09-16,849.8214111328125,851.849635805244,840.1873861406914,843.5523990928552,3596197,LT.NS
2020-09-17,835.53173828125,846.2720729174723,834.3793442760433,843.5524118113367,4512652,LT.NS
2020-09-18,830.3689575195312,842.7225863315009,826.957860331208,840.0490662525052,7496145,LT.NS
2020-09-21,812.9908447265625,833.226893328929,806.0303966646317,830.6455421875206,4597697,LT.NS
2020-09-22,789.6202392578125,818.614478794972,785.4716215384194,818.614478794972,5089087,LT.NS
2020-09-23,793.4002075195312,805.4773305366599,787.8226317507614,798.5629664590347,3709291,LT.NS
2020-09-24,784.273193359375,792.7548236039008,777.174435776373,789.1593321762459,11609426,LT.NS
2020-09-25,819.8129272460938,825.4827270971227,785.4715929307528,792.9390820459952,4961967,LT.NS
2020-09-28,832.35107421875,845.8571537315307,823.2702324602255,827.8798082298797,3853608,LT.NS
2020-09-29,825.5289306640625,841.5702204803179,822.7171007160545,838.8967003122261,3362381,LT.NS
2020-09-30,831.1986694335938,833.8722458528114,815.0651544502613,827.6954031482028,3582787,LT.NS
2020-10-01,832.3049926757812,842.2616651198074,830.3689933533335,838.8967085575305,2506154,LT.NS
2020-10-05,826.9117431640625,837.6059355960641,825.1600820024547,837.0528090551517,2788003,LT.NS
2020-10-06,822.9013671875,833.9182635039245,818.8910591494,830.6915607659308,3497325,LT.NS
2020-10-07,818.5684204101562,825.1139949574335,807.6436929723657,825.1139949574335,5073845,LT.NS
2020-10-08,812.2532958984375,824.1921078192406,810.4094656796025,820.7810106605493,3918217,LT.NS
2020-10-09,837.5137329101562,843.5061806956876,816.4479403948662,818.1074324893194,9668150,LT.NS
2020-10-12,835.0245971679688,853.4628990651361,831.6135000631464,845.3500574842288,6188905,LT.NS
2020-10-13,826.4507446289062,844.1976090580099,819.4441565992557,837.0527675346045,4548652,LT.NS
2020-10-14,843.7366943359375,845.3961302297614,817.9230720388455,826.9578285889814,5286914,LT.NS
2020-10-15,819.398193359375,847.2400427987751,816.2637155371131,841.7085517685329,4927777,LT.NS
2020-10-16,824.2843017578125,832.9503265561849,820.0435146338976,824.1921327517756,2373435,LT.NS
2020-10-19,832.3971557617188,835.2550700278521,814.972938084571,828.8016644095354,5800391,LT.NS
2020-10-20,845.6726684570312,862.451533707103,841.708444975505,847.2399353039311,13188572,LT.NS
2020-10-21,852.2644653320312,858.3029982657683,837.698217324225,852.7254229036025,6390783,LT.NS
2020-10-22,863.1890869140625,865.6782689091813,848.3001919824351,850.0057123900586,6151367,LT.NS
2020-10-23,867.7526245117188,874.4365092689139,855.5372489209827,866.6002305880644,5102184,LT.NS
2020-10-26,877.4326782226562,884.3470413292177,869.3659212650011,875.6810170613015,6975809,LT.NS
2020-10-27,905.2745361328125,909.0082810027604,880.5672229131558,885.0384886030934,9638520,LT.NS
2020-10-28,906.1043090820312,916.9829531845234,898.129776563621,912.6499405993724,7369181,LT.NS
2020-10-29,861.5296020507812,883.9321261953668,853.6933242365152,876.833369156833,11852038,LT.NS
2020-10-30,856.9200439453125,872.8691631489748,852.0339054058177,867.5220670818064,4797473,LT.NS
2020-11-02,856.7356567382812,864.7102445404228,848.7611252053698,857.3810085361868,3682174,LT.NS
2020-11-03,873.7451171875,878.4930029012257,859.6859106065352,871.1176814161295,4049112,LT.NS
2020-11-04,883.2366943359375,893.3861859286493,873.9800468902754,877.9740417282148,3369408,LT.NS
2020-11-05,900.3873901367188,901.9849995650599,887.4186652547138,894.6548557064147,2889134,LT.NS
2020-11-06,902.8776245117188,909.2210270258527,892.8691220459779,901.2330386747211,3419233,LT.NS
2020-11-09,907.6704711914062,915.8934010704558,904.4283332974094,912.5102757208039,3040456,LT.NS
2020-11-10,971.4334716796875,974.4407836716861,913.0741820170718,916.2694008197855,12149416,LT.NS
2020-11-11,995.6323852539062,998.7806847244346,959.7334657629311,977.3540312298148,10254627,LT.NS
2020-11-12,1008.5541381835938,1011.0445343918417,989.0540456384367,991.3565350343437,6743163,LT.NS
2020-11-13,988.1611938476562,1003.8082770645774,975.5683416150478,1000.8950335306748,5025096,LT.NS
2020-11-14,995.3973999023438,1003.4794573424581,990.5106758514439,996.1962906082563,911852,LT.NS
2020-11-17,1015.7903442382812,1030.7795254997448,997.1360625488242,998.9685554042114,7611327,LT.NS
2020-11-18,1078.9893798828125,1084.7219137284046,1014.145704728158,1015.7902906922253,13436421,LT.NS
2020-11-19,1065.9266357421875,1106.10152106551,1040.975871601871,1057.2808583548133,10841151,LT.NS
2020-11-20,1064.0941162109375,1091.0652792071241,1051.1253357391631,1071.3302483170728,7009257,LT.NS
2020-11-23,1058.0325927734375,1078.7073874137282,1055.213302595216,1070.2025975397535,4998877,LT.NS
2020-11-24,1067.1014404296875,1075.089430076233,1060.3351892042087,1066.6315586857731,4623887,LT.NS
2020-11-25,1048.776123046875,1078.6606498592964,1045.4399165535165,1072.7400936003655,4651911,LT.NS
2020-11-26,1051.4542236328125,1066.5843909471155,1035.1963861613372,1061.93260815227,7360928,LT.NS
2020-11-27,1054.79052734375,1071.1424344430786,1026.2216953003692,1060.9929432180556,18995549,LT.NS
2020-12-01,1048.72900390625,1071.3303613640198,1044.2651274005666,1071.3303613640198,3551604,LT.NS
2020-12-02,1046.6614990234375,1063.8592153319873,1037.5927591636525,1052.5820543997484,4434968,LT.NS
2020-12-03,1057.3748779296875,1068.9338996351341,1052.8170481008935,1066.631525049448,4087608,LT.NS
2020-12-04,1080.258056640625,1092.0050994488092,1060.7579655790391,1061.9326698598575,6542918,LT.NS
2020-12-07,1099.2412109375,1101.3087592625816,1075.0893372720325,1085.238827951346,5484461,LT.NS
2020-12-08,1100.8389892578125,1111.2703411872458,1078.8955344281308,1104.175080859795,4982626,LT.NS
2020-12-09,1109.860595703125,1113.6196493718908,1096.093038697827,1107.0413054515504,4304573,LT.NS
2020-12-10,1118.6473388671875,1121.84255736669,1099.5702107010381,1110.800337430306,4921373,LT.NS
2020-12-11,1122.3594970703125,1143.5041739953958,1110.8003611310478,1116.4389416444035,6689415,LT.NS
2020-12-14,1174.37548828125,1187.7671182424901,1125.9306336573827,1125.9306336573827,9723233,LT.NS
2020-12-15,1171.1802978515625,1176.5839381425526,1142.8464045127512,1174.704411084817,6953407,LT.NS
2020-12-16,1191.8548583984375,1201.017550982222,1171.931921436475,1180.577698295318,5729223,LT.NS
2020-12-17,1201.7694091796875,1206.6561326774806,1178.5102664353203,1193.4994458725862,5345257,LT.NS
2020-12-18,1204.3538818359375,1222.6322348482033,1193.4995682223046,1206.6092223170724,10315248,LT.NS
2020-12-21,1160.466796875,1257.8732949969508,1084.486949889041,1199.3730240865584,21153346,LT.NS
2020-12-22,1186.6392822265625,1191.6200744815517,1140.4499996621932,1160.8428209805495,7998730,LT.NS
2020-12-23,1188.613037109375,1194.7215004576879,1173.153857189842,1191.620234717035,4057070,LT.NS
2020-12-24,1186.16943359375,1203.8370331284257,1177.9935371010786,1198.1984521770046,3277840,LT.NS
2020-12-28,1211.73095703125,1213.2345555354113,1190.2103521189763,1198.1983410593723,3405825,LT.NS
2020-12-29,1207.4549560546875,1217.0406113626416,1191.3379911415077,1216.9465432508582,3778319,LT.NS
2020-12-30,1214.221435546875,1218.2623496317071,1194.439368645055,1210.6032544188238,2866392,LT.NS
2020-12-31,1210.0394287109375,1225.4515726602312,1204.7767761889697,1215.1141744246006,3889877,LT.NS
2021-01-01,1218.8731689453125,1221.6454251774614,1205.7164809227725,1205.7164809227725,2058419,LT.NS
2021-01-04,1235.4130859375,1242.88427466408,1223.5720886680285,1226.3913791949135,4014636,LT.NS
2021-01-05,1227.613037109375,1233.9094063194723,1217.0406983271253,1228.2708256356057,2833637,LT.NS
2021-01-06,1234.84912109375,1249.8853356580576,1221.692433349981,1229.2105406321348,4615963,LT.NS
2021-01-07,1258.2962646484375,1265.6734997342894,1245.186609999856,1249.885427396082,4270598,LT.NS
2021-01-08,1290.6712646484375,1299.6459375963752,1265.8614843283995,1268.492868118869,4984995,LT.NS
2021-01-11,1268.6805419921875,1301.5252256924355,1263.9817251699942,1298.7529696542244,3252470,LT.NS
2021-01-12,1268.49267578125,1284.5155728271263,1263.0890362628825,1272.4396361512602,2836161,LT.NS
2021-01-13,1271.0299072265625,1290.2950555431205,1263.323893786821,1272.439552225335,4389762,LT.NS
2021-01-14,1293.678466796875,1305.9893462329137,1274.5543016928011,1276.1988878885338,5168591,LT.NS
2021-01-15,1272.580810546875,1301.1026108163408,1264.02898534411,1293.7724093755548,2587576,LT.NS
2021-01-18,1255.5709228515625,1272.2986423599743,1246.2672423489344,1264.1696660946172,3185998,LT.NS
2021-01-19,1287.3349609375,1298.7531099926741,1256.4637540233034,1259.3300784814487,3885798,LT.NS
2021-01-20,1299.364013671875,1309.1375769209471,1280.4747904477128,1286.5362190772946,3957992,LT.NS
2021-01-21,1288.697509765625,1311.909618299953,1279.0649355624914,1310.9698549630618,2985423,LT.NS
2021-01-22,1280.0517578125,1292.1747291237223,1267.2709979806104,1279.9578044120071,3282665,LT.NS
2021-01-25,1279.300048828125,1312.28572345556,1261.1625680945715,1287.4759450741901,4847989,LT.NS
2021-01-27,1277.937255859375,1308.8084610724734,1249.9792942868605,1286.3482072468125,8896211,LT.NS
2021-01-28,1264.3106689453125,1282.8709961202505,1259.2829576919996,1263.6997997910494,2962948,LT.NS
2021-01-29,1254.30224609375,1286.5361787079441,1245.2805398073938,1279.9578344778818,5130876,LT.NS
2021-02-01,1361.576416015625,1373.934329818934,1256.6517912087834,1264.6868155634954,11317043,LT.NS
2021-02-02,1428.6282958984375,1497.0431183160238,1385.2112720639166,1385.2112720639166,14349665,LT.NS
2021-02-03,1436.4755859375,1464.1515759372273,1414.34410897659,1437.83819716557,6197782,LT.NS
2021-02-04,1437.6502685546875,1456.6334456367406,1419.0429051041795,1433.1393578038899,3957579,LT.NS
2021-02-05,1425.1512451171875,1453.814029803026,1420.0764996392024,1441.9730334992048,3270494,LT.NS
2021-02-08,1458.324951171875,1475.4285998823505,1428.440427911575,1429.521178810346,5223019,LT.NS
2021-02-09,1472.092529296875,1479.6576715674546,1451.9346475526945,1463.2118098637834,3825206,LT.NS
2021-02-10,1459.3116455078125,1469.790030883707,1436.6163353227823,1466.0309770962806,2578777,LT.NS
2021-02-11,1438.3079833984375,1465.9370522170295,1434.5959635980182,1456.0695358330481,2720190,LT.NS
2021-02-12,1429.7091064453125,1450.9947716016957,1424.7753483164856,1442.5369005237064,1867284,LT.NS
2021-02-15,1445.02734375,1450.994818928444,1429.7091530777914,1435.0188397044908,1917477,LT.NS
2021-02-16,1456.1163330078125,1479.1875700282374,1446.2958515079144,1447.2356148942094,3838556,LT.NS
2021-02-17,1455.0826416015625,1472.6092520050524,1440.6572963138133,1450.9946937433317,2340184,LT.NS
2021-02-18,1432.7633056640625,1457.7609900149653,1423.8825871174313,1449.3031191259008,2446843,LT.NS
2021-02-19,1417.9151611328125,1453.8140795900354,1408.5644458306508,1432.0585324432886,3044240,LT.NS
2021-02-22,1364.724365234375,1420.8752284519037,1359.9315948320534,1419.8885457110443,6168108,LT.NS
2021-02-23,1396.7705078125,1407.765694654219,1372.054682373271,1373.934209335426,3733776,LT.NS
2021-02-24,1434.6429443359375,1439.7176902083152,1397.146357528712,1397.146357528712,2380414,LT.NS
2021-02-25,1415.7066650390625,1447.7996111980942,1411.5247633912704,1441.5971951013375,3168105,LT.NS
2021-02-26,1355.60888671875,1403.5368265611462,1348.7016477437326,1392.729546008449,5579058,LT.NS
2021-03-01,1384.130615234375,1396.4885279099972,1351.5677877875112,1368.2956235780323,2494481,LT.NS
2021-03-02,1396.159423828125,1399.9184771741611,1370.3159320741258,1390.1919495847333,2089473,LT.NS
2021-03-03,1406.7320556640625,1419.04293500443,1392.118686837225,1403.536836708024,2184001,LT.NS
2021-03-04,1374.498046875,1404.33553745119,1370.1751577979571,1384.2716100386767,3530366,LT.NS
2021-03-05,1375.3907470703125,1388.2184254930899,1352.4134634923287,1366.040032565582,3306902,LT.NS
2021-03-08,1423.929443359375,1433.1391704729049,1381.452183996833,1388.9702911206252,4150049,LT.NS
2021-03-09,1417.4453125,1439.9996361748092,1401.9392149735686,1433.1393168368324,3779948,LT.NS
2021-03-10,1432.3873291015625,1442.301878863351,1416.693326200685,1431.2596589078896,2210547,LT.NS
2021-03-12,1422.8017578125,1470.7296902090902,1412.6053480794126,1434.360893277385,4885349,LT.NS
2021-03-15,1394.3739013671875,1436.0523839170128,1375.1557863220007,1428.4403235572872,3181450,LT.NS
2021-03-16,1373.7462158203125,1406.825842379491,1369.2353055089634,1398.649946497037,3233903,LT.NS
2021-03-17,1351.051025390625,1403.0198783669393,1345.506397769798,1387.0909328501637,5178384,LT.NS
2021-03-18,1342.0762939453125,1381.1704344235964,1334.4642321840465,1367.8728720527292,3381940,LT.NS
2021-03-19,1326.2410888671875,1336.2025578932703,1295.5577911308217,1329.7652015922554,9920812,LT.NS
2021-03-22,1315.716064453125,1332.0209398505401,1308.3858625397913,1324.1269027247736,2964175,LT.NS
2021-03-23,1319.7568359375,1331.1749852991477,1313.8833141174366,1317.4544612709244,2564844,LT.NS
2021-03-24,1286.6771240234375,1322.2471469302502,1278.1252997479287,1315.668802915672,4237815,LT.NS
2021-03-25,1288.5096435546875,1305.331432255783,1279.0180556516348,1279.0180556516348,3894604,LT.NS
2021-03-26,1314.0714111328125,1323.1870716343105,1298.753219459245,1302.7942485904746,3093766,LT.NS
2021-03-30,1337.8004150390625,1342.1702236667822,1311.4870362773324,1323.1870463041394,2801282,LT.NS
2021-03-31,1333.430419921875,1345.3653701880812,1325.4424303705912,1337.8472623751081,2400871,LT.NS
2021-04-01,1357.582275390625,1360.6365066446647,1334.9339988810364,1345.7412787030228,1380763,LT.NS
2021-04-05,1319.239990234375,1352.3196181194146,1298.1892657997046,1352.3196181194146,2548649,LT.NS
2021-04-06,1316.6085205078125,1330.9869463831124,1309.3723882305928,1321.2133841011394,1824079,LT.NS
2021-04-07,1319.5687255859375,1331.8325684242286,1305.5662287833125,1317.5482114480506,1841308,LT.NS
2021-04-08,1333.6654052734375,1348.3727271165508,1325.0665462321033,1325.0665462321033,1644834,LT.NS
2021-04-09,1319.5218505859375,1331.6448221573487,1312.943506369211,1328.8255317787516,2015002,LT.NS
2021-04-12,1264.122802734375,1309.9831893579335,1251.7648906675993,1309.9831893579335,3755497,LT.NS
2021-04-13,1290.952880859375,1298.752962628906,1266.0961858913124,1266.0961858913124,2063654,LT.NS
2021-04-15,1291.8458251953125,1307.304887770248,1276.2926945033714,1295.886739124,2625838,LT.NS
2021-04-16,1277.279541015625,1309.3724864048365,1273.6614746057394,1278.5481987545172,3752588,LT.NS
2021-04-19,1231.512939453125,1265.1094820346088,1227.3310380816167,1259.2829946626082,4157065,LT.NS
2021-04-20,1251.2950439453125,1258.766117547246,1238.326262341981,1240.4877641816092,2989204,LT.NS
2021-04-22,1256.2757568359375,1258.813072124668,1228.5057025270416,1231.0900518725757,2398100,LT.NS
2021-04-23,1243.213134765625,1263.65299052353,1235.2720645029103,1249.8854325523473,2062964,LT.NS
2021-04-26,1255.4300537109375,1260.4107313160173,1243.3070818963947,1249.9324603058603,1431562,LT.NS
2021-04-27,1297.484375,1304.8144607678985,1255.4299624012017,1258.343206028849,4303909,LT.NS
2021-04-28,1293.0205078125,1315.621749150862,1289.8252892526934,1301.4313445039836,3220346,LT.NS
2021-04-29,1276.8094482421875,1305.8481575594042,1271.9696442364511,1300.585391232467,2221346,LT.NS
2021-04-30,1259.7059326171875,1282.7771723362043,1255.6179843520883,1268.6807198929494,1968093,LT.NS
2021-05-03,1261.632568359375,1269.9025335025522,1239.6891123671105,1245.6565879779155,1653245,LT.NS
2021-05-04,1257.027587890625,1269.5264878625107,1250.825171964822,1268.680677800533,2029558,LT.NS
2021-05-05,1258.014404296875,1265.6264655344808,1244.2468463840005,1261.350495817496,1813150,LT.NS
2021-05-06,1259.1890869140625,1274.8361715151755,1255.2890455994877,1263.0420941686032,2333882,LT.NS
2021-05-07,1261.8203125,1277.98431233819,1258.343233693335,1265.8613411388515,2362325,LT.NS
2021-05-10,1310.9698486328125,1314.587914518932,1265.8612086798555,1265.8612086798555,3929224,LT.NS
2021-05-11,1300.256591796875,1315.5747808033507,1293.2083664350996,1296.8734665666648,1975828,LT.NS
2021-05-12,1301.854248046875,1339.1628081123135,1294.0541661548461,1296.8734562771879,4283174,LT.NS
2021-05-14,1330.2352294921875,1338.1292658073978,1291.2820784433998,1310.0303143144538,4558155,LT.NS
2021-05-17,1303.217041015625,1354.199211179748,1285.7843821048737,1346.6811031371124,9620003,LT.NS
2021-05-18,1331.9268798828125,1336.3437225303048,1312.84963458146,1320.3677427250902,3312380,LT.NS
2021-05-19,1318.9110107421875,1348.5605944370832,1315.6688726215446,1328.82556134776,3215258,LT.NS
2021-05-20,1324.8316650390625,1340.9955522173748,1317.2196032250577,1325.8184626537725,1996254,LT.NS
2021-05-21,1332.6314697265625,1338.8808042554906,1322.3409921722555,1329.7651456106253,2185322,LT.NS
2021-05-24,1356.3134765625,1370.1749861965184,1325.0663446756453,1334.4639783258272,5035538,LT.NS
2021-05-25,1363.5496826171875,1373.887080193634,1355.2327993286713,1372.0545874192403,2892219,LT.NS
2021-05-26,1384.177490234375,1387.654568815532,1365.2882694460307,1371.0208030580065,3230579,LT.NS
2021-05-27,1393.5281982421875,1395.548712587694,1373.699212542129,1387.043807543286,3747221,LT.NS
2021-05-28,1389.064453125,1409.316403118024,1385.1174921791412,1397.5223249094638,2315923,LT.NS
2021-05-31,1379.290771484375,1387.090854016477,1369.752264228158,1383.6137751338106,2405318,LT.NS
2021-06-01,1385.8221435546875,1402.596897577244,1374.8738768211108,1377.6461330098386,2077742,LT.NS
2021-06-02,1382.43896484375,1385.7750560095474,1367.4027507767164,1379.8546155509787,2469417,LT.NS
2021-06-03,1419.841552734375,1423.7415939053476,1384.4594367146703,1390.9438273135238,3025466,LT.NS
2021-06-04,1444.933349609375,1454.0490092579873,1425.527211273346,1427.4536575304141,5677538,LT.NS
2021-06-07,1463.9635009765625,1474.9586870992732,1447.940488785094,1452.3573309704393,3131245,LT.NS
2021-06-08,1455.834716796875,1487.6456898105273,1452.9214727545896,1466.970891847273,3945382,LT.NS
2021-06-09,1427.78271484375,1461.332225516961,1422.1441339092794,1456.6334080715687,3025732,LT.NS
2021-06-10,1428.1585693359375,1441.5972335012293,1423.741726697759,1433.1393618574803,1584311,LT.NS
2021-06-11,1412.8873291015625,1435.159791950469,1408.3765333205372,1429.380223723724,1909384,LT.NS
2021-06-14,1424.446533203125,1427.9706463481104,1388.970460876938,1412.8873962006828,2005404,LT.NS
2021-06-15,1419.7945556640625,1431.9174114519353,1415.142658118224,1428.440332844395,1831871,LT.NS
2021-06-16,1401.0933837890625,1424.6814240002398,1398.368046775961,1415.1428018129945,1504791,LT.NS
2021-06-17,1397.945068359375,1409.5040891572373,1391.0847497663306,1391.7895723046347,1675778,LT.NS
2021-06-18,1387.0906982421875,1401.1401143734088,1372.148438102235,1397.9450107718185,4649835,LT.NS
2021-06-21,1378.679931640625,1380.8883526708178,1360.072570571624,1372.0545538328354,1970012,LT.NS
2021-06-22,1408.893310546875,1414.15607761149,1381.0294161825345,1381.5462172468403,3862264,LT.NS
2021-06-23,1390.1451416015625,1416.2235784306606,1387.1848636667069,1414.3440514519868,1818874,LT.NS
2021-06-24,1413.451171875,1422.0499151152212,1392.7293432494848,1400.2474503655412,2762042,LT.NS
2021-06-25,1432.05859375,1437.1803736811514,1416.6934833909954,1419.5127739052064,2099002,LT.NS
2021-06-28,1423.224853515625,1435.911661361334,1419.3718459281517,1434.079168337179,1173658,LT.NS
2021-06-29,1419.8885498046875,1437.6501010806985,1413.3102059778105,1421.8620300093082,2174022,LT.NS
2021-06-30,1410.162109375,1431.6356815471493,1405.4162580030468,1424.6814089820252,2139362,LT.NS
2021-07-01,1402.4091796875,1412.4646037005389,1390.9910297081517,1406.9199758590005,2060651,LT.NS
2021-07-02,1396.159423828125,1410.255873875761,1386.6208030191171,1409.6450047635892,1814564,LT.NS
2021-07-05,1417.1163330078125,1422.8019481060905,1398.3680969497113,1400.2476239617404,1605396,LT.NS
2021-07-06,1414.81396484375,1427.500772233581,1409.6452655367818,1415.283846598929,1072506,LT.NS
2021-07-07,1425.104248046875,1428.1584792811952,1404.9463677872498,1404.9463677872498,1096808,LT.NS
2021-07-08,1410.302978515625,1432.1995130202101,1406.8258996005607,1412.4644803604829,1456033,LT.NS
2021-07-09,1409.2691650390625,1412.323396074634,1396.018524105102,1407.6716131534943,1248405,LT.NS
2021-07-12,1410.3499755859375,1424.6813679748666,1401.7511172091367,1413.7801350683703,865284,LT.NS
2021-07-13,1422.4259033203125,1423.7415950644752,1410.9138013140155,1423.7415950644752,995833,LT.NS
2021-07-14,1451.652587890625,1456.5394267705742,1417.1633143888716,1422.3790475402548,4010254,LT.NS
2021-07-15,1512.408203125,1527.1155232617014,1456.5862342850992,1456.6332683419305,9066480,LT.NS
2021-07-16,1521.2420654296875,1525.0481532408926,1499.0166371751016,1512.4082661680734,4157388,LT.NS
2021-07-19,1512.6431884765625,1540.648184475474,1501.366027357626,1503.6214825248564,3027093,LT.NS
2021-07-20,1494.552734375,1524.9071387750344,1486.7057327492544,1512.8781210934644,1847026,LT.NS
2021-07-22,1543.2325439453125,1547.931361108793,1495.680537194334,1513.0191266406903,3231269,LT.NS
2021-07-23,1514.6636962890625,1546.8035594532614,1510.0588325751426,1544.971066666182,2259058,LT.NS
2021-07-26,1501.3660888671875,1529.2771326103734,1496.855293065139,1514.663764841503,2219416,LT.NS
2021-07-27,1511.3746337890625,1521.4770913132238,1488.8203100141907,1513.1602073646845,3984778,LT.NS
2021-07-28,1515.128662109375,1521.876599502581,1475.9722019350236,1513.465460980343,4119892,LT.NS
2021-07-29,1516.83935546875,1527.626379060454,1507.3353494821038,1514.9385542714208,1672177,LT.NS
2021-07-30,1522.01904296875,1544.3060073584293,1506.38499900679,1518.7402072005366,2536568,LT.NS
2021-08-02,1533.8990478515625,1537.7482168029928,1522.589373185783,1526.6285758566191,1083353,LT.NS
2021-08-03,1553.287109375,1557.4213285475553,1530.430045849833,1544.4008874717624,1777140,LT.NS
2021-08-04,1542.6900634765625,1562.7436070767712,1533.566241771571,1558.6568384720636,2067087,LT.NS
2021-08-05,1546.681884765625,1551.8615213785906,1529.0044576645591,1539.6488974629642,1831728,LT.NS
2021-08-06,1530.4775390625,1557.7065386738177,1528.5292874978588,1546.3017318012821,1192143,LT.NS
2021-08-09,1518.21728515625,1543.4504657156983,1511.1368475911086,1539.6488635833937,1223794,LT.NS
2021-08-10,1509.6636962890625,1530.0498575480822,1494.0296537612596,1526.343272226834,1429931,LT.NS
2021-08-11,1504.769287109375,1518.6451123962663,1485.2385087530881,1511.32695830923,1370930,LT.NS
2021-08-12,1542.9276123046875,1546.301580413769,1503.533558828877,1511.136762666191,1645811,LT.NS
2021-08-13,1585.6484375,1593.631826011276,1544.4010268714917,1545.3514275034127,5439442,LT.NS
2021-08-16,1573.95849609375,1593.8694593564967,1571.3448943015476,1590.9706909624995,1794407,LT.NS
2021-08-17,1557.4688720703125,1582.4168860394022,1544.448431186054,1575.7640823143115,1838525,LT.NS
2021-08-18,1551.861572265625,1578.7103887962264,1546.3967689009894,1565.309763748694,1570228,LT.NS
2021-08-20,1514.558349609375,1542.5001500217813,1511.136930705257,1538.6035308249889,2416059,LT.NS
2021-08-23,1502.345703125,1538.698524978254,1490.1330789865883,1520.7359309770366,1973841,LT.NS
2021-08-24,1526.1531982421875,1533.3286525438227,1504.293986327736,1511.1368236512021,1580003,LT.NS
2021-08-25,1514.7486572265625,1545.3515128584352,1511.137088219503,1534.8495388893684,1795313,LT.NS
2021-08-26,1516.6016845703125,1523.4445221552032,1506.384878611277,1514.7484498956483,2051262,LT.NS
2021-08-27,1556.851318359375,1584.0327543886908,1518.7878410366347,1524.44267863151,4903187,LT.NS
2021-08-30,1577.760009765625,1601.3774414262127,1563.5040007935563,1565.0246185474373,3345934,LT.NS
2021-08-31,1589.2598876953125,1592.871456496992,1563.40903695558,1577.7126128489012,3264644,LT.NS
2021-09-01,1602.7554931640625,1632.7881270118999,1589.2597358925007,1589.3073023257566,3530101,LT.NS
2021-09-02,1602.5655517578125,1625.1851339465081,1598.573915378963,1604.1813024945513,2400278,LT.NS
2021-09-03,1607.6025390625,1619.767712574896,1589.16474508915,1612.8297421159104,2336258,LT.NS
2021-09-06,1610.1685791015625,1630.8873576740957,1606.3669768692218,1615.6809487447335,1850835,LT.NS
2021-09-07,1598.28857421875,1620.432953657413,1596.1501729602578,1610.1685812103733,1734879,LT.NS
2021-09-08,1583.8900146484375,1610.6436961637007,1575.7640438903757,1598.573656105918,1644392,LT.NS
2021-09-09,1587.216552734375,1597.2432093557652,1573.1030111514378,1573.1030111514378,1225239,LT.NS
2021-09-13,1588.78466796875,1592.5388200222578,1578.1402274449588,1579.6133948103113,1578773,LT.NS
2021-09-14,1612.3070068359375,1614.5405409966731,1592.301144369108,1592.871361510185,1407269,LT.NS
2021-09-15,1631.8377685546875,1639.0607896386864,1612.8297572727458,1615.680958965037,2757989,LT.NS
2021-09-16,1635.876953125,1642.7673571396151,1624.4721464801198,1624.8047634707902,2128381,LT.NS
2021-09-17,1631.077392578125,1655.3126068271065,1621.4783701375493,1638.4905633429144,3473932,LT.NS
2021-09-20,1619.815185546875,1648.9449861714284,1615.6333998427826,1615.8709999848822,1820374,LT.NS
2021-09-21,1635.5443115234375,1644.905733633772,1608.4578961494306,1614.350333087675,2029747,LT.NS
2021-09-22,1626.0404052734375,1644.1930334803994,1621.3834191430992,1635.5444112473126,1487933,LT.NS
2021-09-23,1681.9237060546875,1686.9608750738582,1629.9844119248207,1633.0732135270687,3702946,LT.NS
2021-09-24,1681.02099609375,1720.225019324205,1663.2009855344522,1691.7130024293285,3612494,LT.NS
2021-09-27,1653.31689453125,1694.3267044671097,1650.845876123612,1684.109897807162,1650711,LT.NS
2021-09-28,1650.98828125,1671.8020757746851,1633.738488663936,1658.7340686664077,1442615,LT.NS
2021-09-29,1635.639404296875,1655.5978165515144,1631.4576185260971,1646.0938107159718,1698747,LT.NS
2021-09-30,1618.4847412109375,1648.23232797508,1612.8299037472743,1634.6415522679224,1792078,LT.NS
2021-10-01,1612.73486328125,1627.561090007521,1603.8010740950026,1613.30508046001,1563937,LT.NS
2021-10-04,1630.1746826171875,1638.4431217021001,1600.5222293309125,1612.3546707827188,1588493,LT.NS
2021-10-05,1631.5526123046875,1653.696991994571,1621.383372610769,1629.4617774567193,1705242,LT.NS
2021-10-06,1610.9766845703125,1649.8005283144594,1606.1771148327252,1631.552766039481,1845661,LT.NS
2021-10-07,1627.513427734375,1643.527770328981,1615.6809869129672,1625.1849927183378,1378863,LT.NS
2021-10-08,1641.246826171875,1654.6474514844913,1634.6890388014504,1653.6970508805368,1755402,LT.NS
2021-10-11,1631.7427978515625,1660.2072491450451,1629.937013525567,1647.7570246063858,1528151,LT.NS
2021-10-12,1632.9781494140625,1639.9636861442489,1615.6809061195293,1625.66011171615,1671988,LT.NS
2021-10-13,1665.1494140625,1676.411637945189,1638.5381973196136,1641.3418326773171,2105025,LT.NS
2021-10-14,1700.5518798828125,1727.7333144773747,1679.7855334730561,1686.961104577681,4440909,LT.NS
2021-10-18,1699.743896484375,1720.7002759951517,1693.6138590573655,1717.5164572073584,1918546,LT.NS
2021-10-19,1754.4871826171875,1791.505241871865,1712.669553629197,1720.0351587350362,6639827,LT.NS
2021-10-20,1717.088623046875,1775.966006583684,1707.2045501637886,1762.9930159050182,3295376,LT.NS
2021-10-21,1716.1859130859375,1735.9067258764862,1702.2150704309615,1724.9771187877484,2774633,LT.NS
2021-10-22,1703.3553466796875,1740.6585674118273,1692.9959577190891,1725.927359224613,1520637,LT.NS
2021-10-25,1695.6572265625,1722.8862265199737,1673.0376462381355,1703.3554480961882,2488386,LT.NS
2021-10-26,1707.1568603515625,1722.0306510505943,1693.1860197169628,1696.4648549631393,1930107,LT.NS
2021-10-27,1696.037353515625,1724.0266033993767,1687.0559986790188,1711.671396208532,1408879,LT.NS
2021-10-28,1724.264404296875,1769.646035993265,1702.167588863554,1710.2935609453157,6379424,LT.NS
2021-10-29,1679.0252685546875,1734.3861043409086,1649.7054328049533,1731.629919356137,3984689,LT.NS
2021-11-01,1706.301513671875,1715.4729016957122,1664.3413084134104,1687.9112872086343,2316925,LT.NS
2021-11-02,1725.5948486328125,1733.958304187265,1706.3492367500428,1710.7210562461994,1687119,LT.NS
2021-11-03,1795.781982421875,1820.0171983794078,1727.8283376782053,1727.8283376782053,11580233,LT.NS
2021-11-04,1814.26708984375,1825.576879631333,1805.7610512978608,1805.7610512978608,764191,LT.NS
2021-11-08,1829.093505859375,1856.9877400332578,1817.3559657348503,1848.1015177006168,3674523,LT.NS
2021-11-09,1847.1986083984375,1866.681820966781,1834.5583498537615,1837.5995854093692,3550645,LT.NS
2021-11-10,1853.4237060546875,1857.0827250682898,1836.1739124011956,1836.8391463979613,3208195,LT.NS
2021-11-11,1835.888671875,1883.4562651829576,1830.1388182325627,1851.2376637587006,7061537,LT.NS
2021-11-12,1862.7376708984375,1867.5372404927532,1832.4674339948633,1843.7772247104026,2026320,LT.NS
2021-11-15,1850.4775390625,1876.5659891886226,1846.6283702170138,1863.9731812085015,1127678,LT.NS
2021-11-16,1858.3182373046875,1881.7455179926944,1847.5786647095129,1853.2810679956533,2279531,LT.NS
2021-11-17,1856.037353515625,1880.7477690966198,1847.1511311155991,1852.3307679753361,2166686,LT.NS
2021-11-18,1802.909912109375,1857.0827455254184,1799.1083097643896,1856.0373280836868,1883794,LT.NS
2021-11-22,1772.0218505859375,1805.7610705890486,1746.6936523663787,1804.0978696029797,2407464,LT.NS
2021-11-23,1792.7879638671875,1801.5791685112888,1753.0137260589042,1758.2409288202618,2028470,LT.NS
2021-11-24,1770.12109375,1808.0421003843473,1754.3919176247616,1800.058712248322,1361828,LT.NS
2021-11-25,1758.14599609375,1774.255238968243,1747.0262400781398,1762.9930156830555,1930012,LT.NS
2021-11-26,1689.9547119140625,1750.4001619286032,1680.8783405199124,1729.7289505687838,2796595,LT.NS
2021-11-29,1679.5953369140625,1701.2645154078418,1649.087503099268,1689.8121426132143,2111420,LT.NS
2021-11-30,1677.219482421875,1709.6756865711586,1664.4366405785024,1679.5954839552678,3385628,LT.NS
2021-12-01,1697.4154052734375,1705.0186097763421,1674.6533581991446,1676.50659289045,1359786,LT.NS
2021-12-02,1700.456787109375,1705.0187566102659,1675.5563366242468,1697.3679850140666,2813690,LT.NS
2021-12-03,1711.9090576171875,1753.299049594169,1707.4422212638265,1710.6734904476043,3612772,LT.NS
2021-12-06,1694.231689453125,1730.679530048648,1689.812303364358,1709.7707163962207,1566109,LT.NS
2021-12-07,1708.9151611328125,1720.224950585657,1684.2047474779908,1701.4069737807097,2097201,LT.NS
2021-12-08,1734.528564453125,1749.6874067692652,1712.6217854417253,1712.6217854417253,3433206,LT.NS
2021-12-09,1786.5631103515625,1790.697329795599,1737.284745985879,1743.9851166824099,3791595,LT.NS
2021-12-10,1780.4805908203125,1797.0650356625204,1768.7431660624882,1786.5631781489737,1771926,LT.NS
2021-12-13,1769.170654296875,1802.1970739782162,1763.0406170500692,1799.7735061276962,1857829,LT.NS
2021-12-14,1773.1622314453125,1781.0506022907632,1754.6294210159263,1758.2409894545956,1685243,LT.NS
2021-12-15,1787.513427734375,1804.5730714572126,1771.2140348535584,1773.4474529765153,2176709,LT.NS
2021-12-16,1780.9556884765625,1813.364325386462,1773.7326671970304,1798.157915949259,2469902,LT.NS
2021-12-17,1755.48486328125,1781.7158957150389,1740.8486713531588,1773.9226574755626,2352938,LT.NS
2021-12-20,1710.1033935546875,1738.900579776882,1683.6347585441927,1730.679590916723,2488158,LT.NS
2021-12-21,1736.9046630859375,1760.3319450653976,1722.6010876484258,1727.7332740920076,2077840,LT.NS
2021-12-22,1778.1995849609375,1786.3255567821923,1736.9047238490182,1736.9047238490182,1692505,LT.NS
2021-12-23,1785.2799072265625,1794.2136958022952,1769.7408810848176,1789.6042762334043,1677127,LT.NS
2021-12-24,1767.1748046875,1795.0690376081466,1758.2410163203554,1795.0690376081466,1203991,LT.NS
2021-12-27,1773.637451171875,1782.6188059340675,1754.2493728609718,1767.1747970734712,1139744,LT.NS
2021-12-28,1805.285888671875,1814.3146941166672,1779.244889764809,1779.244889764809,1916098,LT.NS
2021-12-29,1800.8665771484375,1814.2672025797315,1796.3047238184754,1801.009160443433,1287946,LT.NS
2021-12-30,1792.17041015625,1807.3768201392804,1787.6085567707617,1798.443147086811,1805349,LT.NS
2021-12-31,1801.864501953125,1812.5089421558446,1793.6910800814978,1793.7385305015841,1145546,LT.NS
2022-01-03,1827.4776611328125,1841.3534858592084,1799.7260116800205,1801.0090292100926,1906676,LT.NS
2022-01-04,1841.44873046875,1846.6283673367811,1819.5895166505584,1827.4777720277043,1643920,LT.NS
2022-01-05,1851.950439453125,1854.2314239158209,1832.0395948645073,1844.4422521039414,1711667,LT.NS
2022-01-06,1829.0458984375,1856.1323147043065,1824.388912437612,1848.0539098528027,1372015,LT.NS
2022-01-07,1810.41796875,1838.9774346876936,1803.052364740347,1833.370164447734,1447123,LT.NS
2022-01-10,1856.227294921875,1862.737515499985,1812.6514528154892,1815.2650543335087,2397846,LT.NS
2022-01-11,1863.8780517578125,1872.2890733766965,1841.5436389535728,1852.33066193461,2232435,LT.NS
2022-01-12,1876.28076171875,1885.5947337250811,1863.070286588373,1880.3675305821941,1585970,LT.NS
2022-01-13,1918.28857421875,1928.3627972704487,1877.5639321370008,1877.5639321370008,2373324,LT.NS
2022-01-14,1943.3316650390625,1948.2737018499008,1907.4540416840193,1914.1068460147558,3124945,LT.NS
2022-01-17,1966.7587890625,1969.1823568511973,1940.7179070208072,1943.3315085116528,1858651,LT.NS
2022-01-18,1921.9000244140625,1975.4551904096515,1910.8279503662418,1972.6988894830815,1460676,LT.NS
2022-01-19,1920.66455078125,1926.4619711023954,1888.4459479923332,1919.7141502034985,2336679,LT.NS
2022-01-20,1904.12744140625,1934.0650577797448,1885.6896481191186,1919.8090499828425,2031107,LT.NS
2022-01-21,1859.031005859375,1895.859026451286,1846.675798951121,1883.8364365258853,2209132,LT.NS
2022-01-24,1805.6661376953125,1861.8347904048455,1788.2263097479015,1858.0331879742077,2307120,LT.NS
2022-01-25,1829.8062744140625,1835.5086778670552,1758.3360815271378,1801.0090905701716,2998042,LT.NS
2022-01-27,1816.072998046875,1826.6699881427264,1774.3979541428046,1819.5895499435626,2932713,LT.NS
2022-01-28,1803.4326171875,1851.3802787182537,1797.49261372652,1821.0624778502731,2233620,LT.NS
2022-01-31,1814.5048828125,1828.5708589026485,1758.6688443714759,1796.447270380509,3161064,LT.NS
2022-02-01,1891.7723388671875,1900.7061274485488,1821.917896814066,1832.9900866827677,5392787,LT.NS
2022-02-02,1884.359130859375,1908.4043112671757,1872.8593073661327,1896.1441209249203,3579380,LT.NS
2022-02-03,1837.7420654296875,1886.545110966152,1834.2730801837145,1883.2187090072696,2262217,LT.NS
2022-02-04,1851.332763671875,1860.6943021987827,1827.905482184051,1851.3803301071603,1440816,LT.NS
2022-02-07,1791.02978515625,1850.9050180906324,1781.5733463609843,1836.6490102491127,2641464,LT.NS
2022-02-08,1782.5714111328125,1802.8624415248269,1756.3403767609518,1796.2572035055189,2040523,LT.NS
2022-02-09,1795.1165771484375,1805.6659998851756,1782.5712204753868,1791.0298084411284,1390810,LT.NS
2022-02-10,1806.7113037109375,1816.215308464809,1787.703294203195,1798.1576994324535,1288856,LT.NS
2022-02-11,1778.4371337890625,1795.306744543775,1758.2411209137024,1795.306744543775,1744894,LT.NS
2022-02-14,1709.7706298828125,1755.3422909267185,1705.969027592912,1751.8258552148384,2290199,LT.NS
2022-02-15,1782.9990234375,1788.6538603836575,1716.5660008502923,1720.2250198163763,2602134,LT.NS
2022-02-16,1768.4102783203125,1793.6910260679604,1750.7804175144665,1782.9990197514267,1898439,LT.NS
2022-02-17,1776.0135498046875,1791.4101090906822,1762.1377242869623,1776.2987163901626,1459905,LT.NS
2022-02-18,1789.6993408203125,1801.9595317234694,1772.6396965122265,1777.2491162040546,1912482,LT.NS
2022-02-21,1771.4990234375,1790.4595836412877,1757.1479986218385,1781.9534292790095,1262585,LT.NS
2022-02-22,1752.96630859375,1762.9930811488805,1711.1962493846681,1723.076256670038,2288298,LT.NS
2022-02-23,1730.0142822265625,1760.1419352519713,1726.0700964795262,1757.2907334130102,1583872,LT.NS
2022-02-24,1670.1864013671875,1710.7210084653525,1664.1513810126846,1694.8017990810222,3616355,LT.NS
2022-02-25,1688.909423828125,1709.4855038982562,1677.4570502515733,1693.6138603673107,2476882,LT.NS
2022-02-28,1726.6402587890625,1731.8674619944236,1665.8621879257328,1677.362011774388,2553662,LT.NS
2022-03-02,1695.989990234375,1736.3344521415972,1680.7835795626181,1710.7212005726394,3152628,LT.NS
2022-03-03,1665.386962890625,1723.5989977217992,1658.9717590520875,1720.2250292967349,2259979,LT.NS
2022-03-04,1626.8482666015625,1667.0502593652234,1618.5322611493857,1653.697084204305,3906819,LT.NS
2022-03-07,1553.3822021484375,1584.1277541312027,1525.9157178352152,1576.0017826583,6318251,LT.NS
2022-03-08,1576.2392578125,1583.3672616916642,1515.88882496891,1547.1570251886478,4421730,LT.NS
2022-03-09,1607.079833984375,1615.4909720327216,1568.2085425998969,1593.3465918418233,3306502,LT.NS
2022-03-10,1642.482177734375,1670.8041604208227,1622.3337325587852,1653.6969505871623,2776325,LT.NS
2022-03-11,1642.9100341796875,1649.3726887045002,1621.1934034905912,1634.6890457175612,1577597,LT.NS
2022-03-14,1660.1121826171875,1667.0025866956044,1630.4121650378045,1648.9449760073394,1558334,LT.NS
2022-03-15,1656.975830078125,1677.4570088014978,1640.961603650496,1661.300199084996,2062332,LT.NS
2022-03-16,1669.093505859375,1682.8268642913881,1659.589499753774,1673.6554751963433,2101909,LT.NS
2022-03-17,1699.22119140625,1715.0928344171612,1680.7358308289101,1692.805987599901,3383036,LT.NS
2022-03-21,1669.1885986328125,1715.4730608488833,1658.4490255852083,1715.4730608488833,2301462,LT.NS
2022-03-22,1686.0582275390625,1688.8618628973006,1635.782012694242,1669.1886169220525,3986030,LT.NS
2022-03-23,1679.5953369140625,1702.6901162030724,1671.8971158229558,1691.7129436735217,1574226,LT.NS
2022-03-24,1683.68212890625,1691.4278005216695,1664.1513513349628,1667.9529535082008,1580887,LT.NS
2022-03-25,1664.2464599609375,1689.717242332494,1652.7466359558734,1687.5312745560605,1483897,LT.NS
2022-03-28,1655.2176513671875,1667.953042530388,1639.5360415656196,1665.1018407482848,1799629,LT.NS
2022-03-29,1660.0172119140625,1667.0976498955524,1647.0442206715884,1661.9654635120169,2071779,LT.NS
2022-03-30,1685.6304931640625,1688.9094448672274,1667.0976813298494,1679.262855504228,1712835,LT.NS
2022-03-31,1679.9755859375,1692.9960273028178,1670.8041972602082,1691.6654433055014,1401916,LT.NS
2022-04-01,1701.3121337890625,1705.018719425737,1671.7546975863274,1671.7546975863274,2050573,LT.NS
2022-04-04,1735.76416015625,1739.0905623473732,1688.4817290109986,1695.5147168467995,1955281,LT.NS
2022-04-05,1744.983154296875,1753.4891936810789,1736.3819820354097,1748.7371904461706,1718581,LT.NS
2022-04-06,1760.90234375,1765.8443806480084,1737.0471949878875,1742.0843647620018,2245496,LT.NS
2022-04-07,1735.7166748046875,1763.8009431294372,1720.3676817999628,1758.1461059246064,2003954,LT.NS
2022-04-08,1739.94580078125,1747.6915884395937,1727.8757602450596,1744.3651865263153,1903321,LT.NS
2022-04-11,1693.1385498046875,1738.9953755291199,1690.7625484718153,1729.9665704642057,2262446,LT.NS
2022-04-12,1661.0150146484375,1693.1386000280224,1647.614389936676,1691.7129991860118,4215141,LT.NS
2022-04-13,1673.4654541015625,1684.9177119357635,1660.44489602927,1667.1927172119981,1673417,LT.NS
2022-04-18,1652.1287841796875,1663.1534074318893,1629.9369543886714,1659.6845382132374,1808707,LT.NS
2022-04-19,1621.145751953125,1673.4177826477883,1603.3257414890352,1661.5853421059098,2737766,LT.NS
2022-04-20,1607.6976318359375,1627.4660107231891,1588.452019684991,1625.1374596436558,3832617,LT.NS
2022-04-21,1629.4617919921875,1640.2013649365304,1615.6809836026357,1618.4846189031973,1797489,LT.NS
2022-04-22,1610.3111572265625,1631.2675358714414,1606.557121440437,1616.6313441207078,1474689,LT.NS
2022-04-25,1575.1463623046875,1591.9209555770412,1570.0617424556847,1591.9209555770412,1964344,LT.NS
2022-04-26,1615.6334228515625,1618.6272078877923,1581.4665683373319,1596.6729776482678,2440990,LT.NS
2022-04-27,1593.8692626953125,1607.6975208620563,1584.0325243512666,1591.9208951934265,1346726,LT.NS
2022-04-28,1633.976318359375,1645.1435260026628,1596.673092827541,1606.177099332467,3117433,LT.NS
2022-04-29,1610.3111572265625,1652.7465652121757,1603.4683196365613,1645.1433607718668,2404830,LT.NS
2022-05-02,1596.1502685546875,1602.3278725603122,1572.960586330749,1585.8384450715157,1399802,LT.NS
2022-05-04,1552.9071044921875,1598.4788855282645,1544.4486314716498,1596.1979007521525,1777673,LT.NS
2022-05-05,1556.423583984375,1588.3094548776332,1552.0041979395824,1568.8262423499164,1707752,LT.NS
2022-05-06,1541.9774169921875,1552.004189793027,1532.1407939219912,1535.8473794889967,1439520,LT.NS
2022-05-09,1535.989990234375,1549.010432364634,1512.324991515919,1527.8165680788118,1400010,LT.NS
2022-05-10,1528.1966552734375,1548.7728522328302,1521.591417263739,1531.0954236176663,1176030,LT.NS
2022-05-11,1492.8892822265625,1529.1945380919512,1480.1063247754191,1521.1161331362139,2988788,LT.NS
2022-05-12,1450.4539794921875,1477.8254486837504,1438.051204566709,1473.121011858613,3407191,LT.NS
2022-05-13,1458.3897705078125,1496.7859792622828,1427.501749952906,1454.1129676617484,4328846,LT.NS
2022-05-16,1466.3731689453125,1489.7530014588467,1463.0942171317229,1473.1209902782853,1775914,LT.NS
2022-05-17,1524.5374755859375,1528.1490440266246,1468.3688271486328,1468.3688271486328,1608711,LT.NS
2022-05-18,1494.5047607421875,1542.4999851730176,1487.3767571138465,1542.4999851730176,2984009,LT.NS
2022-05-19,1471.1724853515625,1485.2384599015236,1463.9494643728092,1473.1208528858497,1798843,LT.NS
2022-05-20,1530.2398681640625,1533.423686732293,1483.6227918374716,1491.5586130495353,2175224,LT.NS
2022-05-23,1562.60107421875,1577.6648996052159,1525.9630869210391,1548.2024828053593,4177811,LT.NS
2022-05-24,1545.6365966796875,1571.6774812252338,1530.240036807443,1563.2190083995781,1970395,LT.NS
2022-05-25,1496.643310546875,1558.3717816957767,1493.1743252332446,1552.0041442280026,1417130,LT.NS
2022-05-26,1486.94921875,1510.091448812382,1460.433020347354,1496.880858036729,3578710,LT.NS
2022-05-27,1520.9261474609375,1526.3433845490097,1495.9305649315947,1497.070999260968,1279218,LT.NS
2022-05-30,1578.47265625,1581.1812744873548,1533.5662323681559,1539.6488188060828,2119326,LT.NS
2022-05-31,1572.437744140625,1591.3507386997012,1563.4089387194488,1578.1401475645257,3534742,LT.NS
2022-06-01,1566.2601318359375,1578.615339186585,1557.183760029761,1571.5349013803761,1425466,LT.NS
2022-06-02,1555.9483642578125,1567.6382220191126,1543.1654065885425,1551.053777968559,1852251,LT.NS
2022-06-03,1570.109375,1590.6854554049908,1563.3614378528164,1575.7166457894518,2928263,LT.NS
2022-06-06,1558.8470458984375,1579.8509923507577,1553.049625336757,1570.2044028832029,1538005,LT.NS
2022-06-07,1510.6141357421875,1557.1363131349046,1507.4303170439155,1549.1529251640493,2157491,LT.NS
2022-06-08,1505.957275390625,1528.0540887280936,1492.2239174918993,1515.8889149790373,2122442,LT.NS
2022-06-09,1515.98388671875,1520.640872594208,1479.013282300665,1479.013282300665,1361104,LT.NS
2022-06-10,1506.4798583984375,1515.4136465924623,1491.2259994861777,1492.1288335842999,1337799,LT.NS
2022-06-13,1456.061279296875,1488.2797666840436,1442.9932711037707,1482.7675128374617,2460367,LT.NS
2022-06-14,1468.0362548828125,1477.2076435316567,1449.550894297337,1456.0612309754965,1983405,LT.NS
2022-06-15,1482.95751953125,1489.2777065817206,1462.7140568176358,1471.1725291541395,1461683,LT.NS
2022-06-16,1451.6419677734375,1496.881015253514,1441.5201777052491,1490.6083942022592,2329325,LT.NS
2022-06-17,1416.04931640625,1454.0653401067104,1407.923460949695,1446.5097018025228,4548572,LT.NS
2022-06-20,1398.799560546875,1423.557424993285,1384.1158026010885,1416.0968039607908,1837431,LT.NS
2022-06-21,1425.8858642578125,1440.046738375873,1403.646470170369,1406.5926884091707,1458922,LT.NS
2022-06-22,1405.4049072265625,1416.9997483050934,1395.18810063134,1416.0969141285398,1906619,LT.NS
2022-06-23,1420.1834716796875,1436.7679135093917,1408.0182992321243,1408.0182992321243,1828491,LT.NS
2022-06-24,1420.7064208984375,1437.0058156213584,1415.1466001720914,1427.264208736359,1731440,LT.NS
2022-06-27,1459.6253662109375,1468.0838391922673,1434.867382846125,1448.4105921228645,2389778,LT.NS
2022-06-28,1474.5465087890625,1480.2489123035543,1448.5055095364096,1454.112896195466,2072405,LT.NS
2022-06-29,1471.1251220703125,1476.9225425670822,1449.7411084231057,1455.3009287682398,1480197,LT.NS
2022-06-30,1480.9617919921875,1489.1827807019747,1465.6127985078508,1472.2181525416881,3308971,LT.NS
2022-07-01,1494.1722412109375,1497.8312601089538,1458.4846543115827,1483.527685489073,1294305,LT.NS
2022-07-04,1503.24853515625,1508.7133384337264,1473.3109172013787,1494.1247128874281,1269969,LT.NS
2022-07-05,1487.2818603515625,1518.027295281053,1484.1454920955887,1505.434487854242,1445200,LT.NS
2022-07-06,1478.9658203125,1511.612055587469,1474.8316011756158,1487.899608572238,2422594,LT.NS
2022-07-07,1531.1903076171875,1534.0890757098912,1487.9946488929427,1488.2322490311744,1697912,LT.NS
2022-07-08,1603.75341796875,1617.5817928627803,1537.748143861327,1540.5993456113788,6516138,LT.NS
2022-07-11,1580.5162353515625,1605.0840682421313,1571.3924125779288,1601.3774826109266,1316037,LT.NS
2022-07-12,1571.72509765625,1589.9252935699683,1567.258260942965,1572.913098485922,781516,LT.NS
2022-07-13,1565.5474853515625,1599.7619090714934,1562.8388666768756,1581.4666963879192,1914814,LT.NS
2022-07-14,1564.501953125,1584.6503992098937,1553.524779913389,1569.9191900771968,1170472,LT.NS
2022-07-15,1601.282470703125,1604.133672579683,1567.4006652002201,1571.8676177495818,1345141,LT.NS
2022-07-18,1641.9595947265625,1648.5648323894459,1606.1769894796894,1611.9269594281882,3200640,LT.NS
2022-07-19,1644.0030517578125,1648.8975221765845,1628.9866754379268,1634.641512764934,1351783,LT.NS
2022-07-20,1653.6495361328125,1660.2073237082166,1642.244728528876,1654.0297195894175,1509911,LT.NS
2022-07-21,1699.0828857421875,1702.740586465624,1650.9061414325038,1662.2645306557908,2827327,LT.NS
2022-07-22,1701.5855712890625,1712.9439606690337,1686.9545331907111,1699.419785665869,1495629,LT.NS
2022-07-25,1715.7353515625,1718.6712413444068,1694.173846120256,1698.9385275681198,1916615,LT.NS
2022-07-26,1685.7032470703125,1714.0991047654297,1676.7032275384106,1714.0991047654297,1585897,LT.NS
2022-07-27,1729.4039306640625,1751.3986636710017,1684.499951318633,1688.3502369216471,5369460,LT.NS
2022-07-28,1733.831787109375,1748.0297156922277,1720.06696866917,1737.4414299694222,1831059,LT.NS
2022-07-29,1740.377197265625,1763.9120200551652,1726.8530226351793,1747.0188456592662,1747781,LT.NS
2022-08-01,1746.7781982421875,1749.8103215234285,1723.291551082817,1740.3290171372007,1341943,LT.NS
2022-08-02,1725.938720703125,1743.8425255014815,1709.2380126707567,1741.2916877543544,1749346,LT.NS
2022-08-03,1722.810302734375,1736.4787693283106,1706.6390565516044,1725.9386597190296,1264299,LT.NS
2022-08-04,1713.473388671875,1746.8746879814164,1708.5642978515666,1726.6606878378204,1856927,LT.NS
2022-08-05,1720.5482177734375,1739.3665358172861,1708.8530691568537,1716.2166464335494,1430542,LT.NS
2022-08-08,1761.168701171875,1763.4788959215232,1723.2433663277554,1729.1632036545461,2625195,LT.NS
2022-08-10,1785.71435546875,1797.120803053735,1754.0457329216222,1761.5056612685244,3422074,LT.NS
2022-08-11,1797.26513671875,1808.4791165530096,1785.7623384761937,1800.0566171605337,1918049,LT.NS
2022-08-12,1777.33984375,1799.0458749561521,1769.2061627444664,1795.195589509483,1041383,LT.NS
2022-08-16,1779.6982421875,1794.2330464778963,1773.0564761868482,1790.3827609704329,1426893,LT.NS
2022-08-17,1786.2437744140625,1797.4577551916389,1780.8053397785507,1791.7785601947028,1748371,LT.NS
2022-08-18,1823.6395263671875,1827.4898116156457,1780.7569274119317,1787.4949265967334,2519639,LT.NS
2022-08-19,1863.5863037109375,1869.3135562261123,1821.9069173774324,1823.2063651958501,4134598,LT.NS
2022-08-22,1810.260009765625,1871.2388872463414,1804.821457606425,1864.5971207820703,3175874,LT.NS
2022-08-23,1806.7945556640625,1840.3882009625788,1795.8692771056292,1800.0083808107204,1811509,LT.NS
2022-08-24,1822.4844970703125,1826.9604774832865,1782.2971419939547,1805.7839071436488,1534933,LT.NS
2022-08-25,1807.61279296875,1846.2118812719157,1802.8961697717925,1828.8855966718663,1121363,LT.NS
2022-08-26,1834.0836181640625,1840.436566073871,1816.564747714196,1819.4524619915087,1119310,LT.NS
2022-08-29,1811.0780029296875,1819.2598594403983,1791.3452901685614,1800.0084323563729,1183546,LT.NS
2022-08-30,1850.54345703125,1855.8375995611182,1818.441725373144,1823.0139393762122,1394462,LT.NS
2022-09-01,1841.3509521484375,1858.2441275815547,1821.281361527983,1833.6985563547587,2014905,LT.NS
2022-09-02,1867.8697509765625,1885.4848541187675,1829.126253178672,1829.366896022137,3201140,LT.NS
2022-09-05,1894.6773681640625,1898.912705771752,1869.4098692278017,1875.0408883476046,2474746,LT.NS
2022-09-06,1888.8538818359375,1910.800438983397,1878.2655965670237,1899.9234527988926,1172733,LT.NS
2022-09-07,1884.81103515625,1887.9393922067754,1861.6130879126326,1868.447321353502,1238549,LT.NS
2022-09-08,1900.5009765625,1903.003638677073,1874.65595823249,1894.2442625253725,1632797,LT.NS
2022-09-09,1876.7735595703125,1913.014395748022,1871.2387741016476,1903.3405063196258,980869,LT.NS
2022-09-12,1888.4688720703125,1893.377962759191,1874.9928723353717,1876.7736059429246,791708,LT.NS
2022-09-13,1916.8165283203125,1920.3299374203823,1889.623886349322,1895.206847453657,1761021,LT.NS
2022-09-14,1880.7681884765625,1899.10510223429,1876.4366173918636,1891.1158305122322,2322752,LT.NS
2022-09-15,1884.2333984375,1910.4152918903305,1881.6345028195192,1885.7734890815398,1566565,LT.NS
2022-09-16,1848.1370849609375,1883.6559930628089,1843.3242279688518,1874.1265127182007,3881617,LT.NS
2022-09-19,1839.18505859375,1859.6397000831932,1833.6984488183132,1849.195824281802,1755456,LT.NS
2022-09-20,1860.36181640625,1882.5973111652195,1852.9500631541928,1858.7254919224656,1666658,LT.NS
2022-09-21,1824.698486328125,1873.452750928939,1820.8000251823137,1849.1958813020728,1618385,LT.NS
2022-09-22,1817.5272216796875,1834.2759870902694,1802.8961837930808,1811.5593261604795,1875115,LT.NS
2022-09-23,1787.3505859375,1824.5058165096025,1783.211599637522,1819.2598496579685,1948766,LT.NS
2022-09-26,1782.15283203125,1806.5541118507554,1749.954864608727,1779.7945790217468,1529101,LT.NS
2022-09-27,1772.286376953125,1794.233051406507,1763.9120529519444,1786.5324803704275,1443698,LT.NS
2022-09-28,1766.751708984375,1786.5325991490026,1757.2704037661103,1761.2169231842097,1853503,LT.NS
2022-09-29,1747.5482177734375,1787.879979265841,1730.1257005181646,1775.6071950319597,2377718,LT.NS
2022-09-30,1778.5430908203125,1812.4737319461367,1748.077800661641,1755.6820205582321,2339518,LT.NS
2022-10-03,1751.2061767578125,1782.6822142090027,1746.1045013904595,1782.6822142090027,1850414,LT.NS
2022-10-04,1801.50048828125,1810.548565126785,1766.6072762396666,1766.6072762396666,1637532,LT.NS
2022-10-06,1841.3509521484375,1847.17455624398,1807.8053616387617,1811.5594136796094,2771898,LT.NS
2022-10-07,1852.516845703125,1856.752065886777,1831.8215604821096,1833.6985277225285,1469264,LT.NS
2022-10-10,1838.1744384765625,1845.2493145390715,1813.0031736746694,1833.698458110032,1656954,LT.NS
2022-10-11,1808.6234130859375,1851.7948326597761,1801.2116606013192,1851.7948326597761,1047963,LT.NS
2022-10-12,1839.714599609375,1844.2868137876062,1788.5058478137416,1809.6342431736427,1907748,LT.NS
2022-10-13,1805.92822265625,1840.4363813054506,1798.3238856558098,1829.8480966849695,1303645,LT.NS
2022-10-14,1840.0513916015625,1864.2600848495963,1827.3935546944065,1828.885587305658,1819114,LT.NS
2022-10-17,1812.7144775390625,1842.3617247073248,1808.0942051566212,1831.6772052900224,2588147,LT.NS
2022-10-18,1846.3082275390625,1858.9178897113843,1822.2439419043285,1822.2439419043285,1401849,LT.NS
2022-10-19,1833.6021728515625,1874.1264028489438,1830.4738159901044,1848.1369766152914,1636141,LT.NS
2022-10-20,1832.88037109375,1846.0194943207575,1815.698494951383,1827.5862283467163,1374019,LT.NS
2022-10-21,1806.5059814453125,1852.9500542332366,1797.217143387448,1842.072949771464,2225676,LT.NS
2022-10-24,1838.270751953125,1848.0408752739686,1828.885680696917,1834.6611091622758,269400,LT.NS
2022-10-25,1876.1478271484375,1881.4901452336471,1820.7519155011846,1843.3241670475036,2136147,LT.NS
2022-10-27,1890.538330078125,1898.046316199072,1876.9179218088511,1879.0355318041827,2245395,LT.NS
2022-10-28,1901.1265869140625,1911.6666961688197,1890.2976592544958,1898.1906973035814,2013794,LT.NS
2022-10-31,1947.378173828125,1958.4959204871973,1904.1586945124914,1911.6667984252924,3176507,LT.NS
2022-11-01,1948.677490234375,1979.0466628244772,1915.565130343866,1955.9449508070709,4464211,LT.NS
2022-11-02,1937.9449462890625,1965.5706970382626,1925.1427003313052,1960.2765546123514,1889651,LT.NS
2022-11-03,1933.51708984375,1946.8006219284157,1918.4047661326736,1930.9181941104582,1052241,LT.NS
2022-11-04,1939.677490234375,1953.3941318753452,1929.7149003322631,1934.7683998841997,2312753,LT.NS
2022-11-07,1942.132080078125,1955.9449552529861,1918.4046731393707,1945.7417225890495,1395070,LT.NS
2022-11-09,1928.51171875,1960.7096837245826,1921.533076393655,1949.255178547691,1301233,LT.NS
2022-11-10,1903.6292724609375,1926.923452358392,1896.4580453324124,1920.3298620466296,1261210,LT.NS
2022-11-11,1935.8272705078125,1943.2391406028291,1917.394005159663,1928.6079851888026,1203125,LT.NS
2022-11-14,1924.9503173828125,1946.2231216530354,1920.570570547153,1937.7043883311899,1175155,LT.NS
2022-11-15,1921.822021484375,1941.506560083073,1904.0625082301756,1928.0305601618222,1450841,LT.NS
2022-11-16,1928.6080322265625,1934.6241034724662,1910.752403269555,1911.6667990983758,1195832,LT.NS
2022-11-17,1953.5869140625,1981.9345959845962,1926.2016860795047,1927.068023876232,3786182,LT.NS
2022-11-18,1948.677490234375,1974.1856305869278,1931.7362582552205,1962.682950145481,1248459,LT.NS
2022-11-21,1936.1641845703125,1956.9076451234564,1931.880788865114,1943.4316455997337,714687,LT.NS
2022-11-22,1953.8275146484375,1957.052105404056,1944.0092156669584,1945.886300436153,1337869,LT.NS
2022-11-23,1949.20703125,1967.495887345679,1942.4690316358024,1962.634854909167,1046988,LT.NS
2022-11-24,1975.388916015625,1982.8970196926864,1952.4797879394255,1954.501164313592,1611889,LT.NS
2022-11-25,1985.5439453125,2017.3569737177677,1981.4048417297915,1983.859445540692,2652761,LT.NS
2022-11-28,1987.180419921875,1994.447880773705,1975.1964533531093,1987.0843037864377,1105372,LT.NS
2022-11-29,1973.80078125,1994.4478902561991,1962.2979828106718,1992.5227475049865,1413764,LT.NS
2022-11-30,1997.1912841796875,2007.9238608634423,1968.4584350267207,1976.159005921691,2104550,LT.NS
2022-12-01,2025.49072265625,2031.0255078078592,2001.6189066539741,2007.2018673726723,2614357,LT.NS
2022-12-02,2007.442626953125,2020.3409895337304,1991.7044907795441,2017.6459776532074,1957264,LT.NS
2022-12-05,2007.5390625,2018.3198154837091,1991.4159910949577,2017.5015357695015,1767537,LT.NS
2022-12-06,2015.14306640625,2021.399780011046,1989.6349263251582,2003.110924858565,1530731,LT.NS
2022-12-07,2044.501708984375,2063.753137505885,2017.8385274826414,2017.8385274826414,3438327,LT.NS
2022-12-08,2086.56591796875,2093.592735991253,2040.6513104834282,2040.6513104834282,3743754,LT.NS
2022-12-09,2073.4267578125,2112.218428241348,2057.496155781221,2086.8545804602045,2573609,LT.NS
2022-12-12,2082.715576171875,2087.817251310717,2054.6567154123986,2068.4694732379885,1536090,LT.NS
2022-12-13,2091.5712890625,2094.266535967598,2071.9349266162394,2088.7799260196234,1233124,LT.NS
2022-12-14,2113.277099609375,2127.282558932309,2093.6407392203337,2095.4695306771364,1516631,LT.NS
2022-12-15,2096.04736328125,2126.320186293795,2092.2452533167266,2114.480511275397,1323412,LT.NS
2022-12-16,2093.592529296875,2128.822732066834,2080.1165314071477,2080.1165314071477,2822390,LT.NS
2022-12-19,2102.255859375,2105.5766835808754,2074.389465382466,2089.742431640625,1592779,LT.NS
2022-12-20,2082.282470703125,2098.309189662704,2057.9775441411216,2098.309189662704,1747181,LT.NS
2022-12-21,2065.96728515625,2093.5448649999566,2062.6464604372777,2072.5128184445907,1979681,LT.NS
2022-12-22,2030.9774169921875,2067.940298635727,2018.4158136016204,2063.753019171279,1993744,LT.NS
2022-12-23,1985.5439453125,2025.3943030558821,1973.367512391677,2016.1055840295874,2026125,LT.NS
2022-12-26,2012.7850341796875,2029.1005729052893,1974.2340014367876,1975.9185014380134,1154610,LT.NS
2022-12-27,2044.5980224609375,2048.3519569523583,2006.9613863936404,2022.8919902022621,1059351,LT.NS
2022-12-28,2041.7100830078125,2056.0523014088585,2034.53873880453,2049.3143022937547,1153883,LT.NS
2022-12-29,2031.891845703125,2041.18080058425,2015.768774979715,2030.6886314700348,1517150,LT.NS
2022-12-30,2007.7314453125,2053.1647677626697,2003.2074067957167,2035.8384828026471,1189427,LT.NS
2023-01-02,2011.24462890625,2019.0897262881256,1997.3836956834186,2014.5654530114318,807344,LT.NS
2023-01-03,2010.763427734375,2018.3197070327258,1990.549428850039,2009.849031928258,1260225,LT.NS
2023-01-04,1993.0523681640625,2022.7957320480239,1980.9720494334788,2012.6887317958124,1015547,LT.NS
2023-01-05,2009.2235107421875,2020.6298408586247,1991.0789458063628,2002.1485169336402,1881403,LT.NS
2023-01-06,2008.453369140625,2042.2876593015144,1994.303616790358,2011.9666606926087,1877917,LT.NS
2023-01-09,2042.287841796875,2047.6783360323666,2022.1220164920637,2029.1006596526338,1844365,LT.NS
2023-01-10,2027.8009033203125,2052.1058306610507,2018.7046507814632,2052.1058306610507,1425414,LT.NS
2023-01-11,2045.801025390625,2059.902601065036,2018.6083859139487,2027.2715276941287,1455621,LT.NS
2023-01-12,2078.913818359375,2083.630324756427,2038.8228089760019,2038.8228089760019,2726901,LT.NS
2023-01-13,2072.80126953125,2083.8229006524825,2037.9562299896563,2080.9831268684957,2180210,LT.NS
2023-01-16,2057.20751953125,2080.116765522755,2052.4910137401075,2066.6407661163144,1009649,LT.NS
2023-01-17,2130.2666015625,2134.7906395945,2056.4371961141983,2059.8061956065235,4645453,LT.NS
2023-01-18,2181.66796875,2189.657357970111,2117.656973858372,2137.8709722452018,4090049,LT.NS
2023-01-19,2188.021240234375,2198.320707669915,2157.1226029249615,2175.26716861958,2176835,LT.NS
2023-01-20,2165.737548828125,2211.6521591848536,2154.667977347857,2197.0211204027964,1962410,LT.NS
2023-01-23,2149.903076171875,2188.2134622956164,2143.6463624959774,2170.5983598690746,1466706,LT.NS
2023-01-24,2124.87646484375,2167.9997125804357,2117.6571790062285,2160.684075597296,1036962,LT.NS
2023-01-25,2093.303955078125,2122.4699151991044,2074.3413456934554,2118.6196296386524,2134447,LT.NS
2023-01-27,2079.010009765625,2112.84430173535,2047.4857952408722,2093.3040545866243,1647900,LT.NS
2023-01-30,2033.817138671875,2091.908420136582,2005.8064502586335,2049.699567721572,3441304,LT.NS
2023-01-31,2044.8865966796875,2052.9241619042923,1995.0735265221222,2040.6032009323956,4516463,LT.NS
2023-02-01,2065.2451171875,2133.0100498420975,2002.4373332487905,2053.164799099881,6868872,LT.NS
2023-02-02,2064.619384765625,2085.8441319884814,2028.9563009657668,2055.6676583883864,3488506,LT.NS
2023-02-03,2085.458984375,2100.186372882479,2051.287701793572,2095.4696323132403,2045634,LT.NS
2023-02-06,2075.400390625,2099.94596252051,2062.116857657459,2083.2452539159767,1332484,LT.NS
2023-02-07,2084.255615234375,2090.704795734479,2069.576403385871,2081.319725864124,1089248,LT.NS
2023-02-08,2051.095458984375,2093.833537170533,2045.9937833218214,2079.6837839198993,1452145,LT.NS
2023-02-09,2067.025634765625,2071.4053814336326,2055.7635969070147,2069.5284142909927,1563181,LT.NS
2023-02-10,2082.860107421875,2088.7316516487945,2057.5444339439928,2060.0951540175965,1454665,LT.NS
2023-02-13,2120.83349609375,2127.6676116565873,2079.3465770320886,2091.667537275684,2978938,LT.NS
2023-02-14,2109.619384765625,2133.058090911906,2100.4749570293147,2132.0955195712418,1874906,LT.NS
2023-02-15,2093.640869140625,2105.961829464272,2076.5070520501445,2104.180978459435,1946344,LT.NS
2023-02-16,2096.769287109375,2119.8710002630323,2090.4162219910077,2104.9511438512955,2464602,LT.NS
2023-02-17,2143.02099609375,2164.8231449710665,2079.1542877445545,2088.587534754324,3753179,LT.NS
2023-02-20,2142.20263671875,2167.7107786522693,2132.095637084714,2150.095675146679,1779752,LT.NS
2023-02-21,2146.0048828125,2177.336630665474,2139.507525492875,2155.1974872060105,1882604,LT.NS
2023-02-22,2112.603515625,2157.1224415152637,2100.3789062189317,2145.5715850680604,2103097,LT.NS
2023-02-23,2078.335693359375,2125.549861829037,2072.897259607154,2121.5071094377377,2000556,LT.NS
2023-02-24,2054.17529296875,2090.9936445342164,2039.4479053420125,2079.153970755751,1479060,LT.NS
2023-02-27,2034.5869140625,2059.806235174666,2004.1698019205721,2054.1753340595506,1398112,LT.NS
2023-02-28,2030.20751953125,2058.2666188500098,2006.9615125595578,2035.838656625163,2108587,LT.NS
2023-03-01,2036.1273193359375,2050.2770718452994,2021.3999299883233,2021.3999299883233,1389077,LT.NS
2023-03-02,2042.19140625,2068.5657664134965,2028.6672322051895,2050.2287357693062,1727640,LT.NS
2023-03-03,2071.501708984375,2079.0577530372298,2052.442749362237,2059.9026772823013,1821066,LT.NS
2023-03-06,2061.009521484375,2103.074076857729,2059.710191182808,2077.469585326363,1821012,LT.NS
2023-03-08,2089.5498046875,2107.6461919517856,2060.4801987112014,2071.4534174232144,2965342,LT.NS
2023-03-09,2111.111572265625,2116.6945334517304,2090.2238196409426,2093.544644009375,1873933,LT.NS
2023-03-10,2077.084716796875,2100.330721292193,2053.1647243429184,2090.2237219459203,1900535,LT.NS
2023-03-13,2053.983154296875,2097.394985092345,2028.138017219187,2083.052764685979,2334468,LT.NS
2023-03-14,2063.945556640625,2089.7425172581875,2054.512309884596,2064.0900833528385,2871343,LT.NS
2023-03-15,2095.180908203125,2129.6410107380625,2079.154188666598,2083.1969414773384,3044201,LT.NS
2023-03-16,2092.2451171875,2105.143478886936,2052.2020562354587,2103.1219851118653,2946792,LT.NS
2023-03-17,2113.566162109375,2145.4753101776796,2104.8548438952967,2104.8548438952967,3286473,LT.NS
2023-03-20,2096.04736328125,2122.4699007595373,2071.4536174306236,2109.0902525291035,1996773,LT.NS
2023-03-21,2125.79052734375,2143.6462718489256,2100.330563616684,2101.004316521967,3178680,LT.NS
2023-03-22,2131.084716796875,2162.1758172858335,2125.261113337968,2136.427034598067,1956033,LT.NS
2023-03-23,2124.057861328125,2158.0848507231003,2118.1863174103282,2131.1328543715185,2455799,LT.NS
2023-03-24,2085.07373046875,2136.2827117040188,2072.464187422415,2123.4322908295812,1449544,LT.NS
2023-03-27,2073.378662109375,2108.031230278334,2069.5283767572687,2093.6408357753894,1540581,LT.NS
2023-03-28,2053.7421875,2088.5872210134444,2043.0093766715227,2086.6139028788134,1627243,LT.NS
2023-03-29,2067.07373046875,2078.4802945916326,2041.6137661004404,2057.6404845489214,2372385,LT.NS
2023-03-31,2083.19677734375,2095.469561518221,2070.057772993362,2075.7850252742296,1489542,LT.NS
2023-04-03,2088.924072265625,2101.7744934881957,2074.341210655856,2098.4054938421186,1231654,LT.NS
2023-04-05,2173.245361328125,2177.8175750215405,2083.9668728935403,2088.779729412925,2763363,LT.NS
2023-04-06,2189.1279296875,2205.8765774590897,2170.0689696352524,2173.2455021444225,2389899,LT.NS
2023-04-10,2223.2509765625,2233.0691572280252,2192.7856876585674,2199.3791603346162,1955914,LT.NS
2023-04-11,2215.358154296875,2242.7914401528215,2201.689686941137,2233.165725817402,1342440,LT.NS
2023-04-12,2202.8447265625,2226.1389082631927,2196.5398366696613,2217.764583788508,1165839,LT.NS
2023-04-13,2174.208251953125,2209.1014668433522,2158.5182903950295,2208.9089995548616,1956668,LT.NS
2023-04-17,2131.1328125,2188.694622006197,2118.7636775591404,2174.2078772512987,4125850,LT.NS
2023-04-18,2133.6357421875,2146.534104238768,2106.106107656693,2136.9083907668455,2848601,LT.NS
2023-04-19,2136.5234375,2151.346942115708,2125.4538671043265,2125.4538671043265,1970015,LT.NS
2023-04-20,2149.181396484375,2167.1814355275997,2139.074396299363,2141.72146777639,1898996,LT.NS
2023-04-21,2132.2880859375,2159.0476174521755,2119.582190650776,2156.3041950026736,1009316,LT.NS
2023-04-24,2145.475341796875,2149.1331601896136,2104.710583204109,2136.9085501689347,1239073,LT.NS
2023-04-25,2163.812255859375,2169.635859626007,2135.079641577173,2147.5448937701212,1350118,LT.NS
2023-04-26,2190.95654296875,2201.689353830568,2160.058145628584,2163.7159635231824,1894812,LT.NS
2023-04-27,2219.304443359375,2223.539663002087,2182.245448976007,2190.5715965701293,1252989,LT.NS
2023-04-28,2275.903564453125,2280.33148658352,2225.7537390339317,2225.7537390339317,2884961,LT.NS
2023-05-02,2295.203369140625,2325.9095383563103,2284.374440695244,2284.374440695244,1840153,LT.NS
2023-05-03,2268.10693359375,2300.545541296837,2260.5988300149047,2294.866464296418,998235,LT.NS
2023-05-04,2268.6845703125,2292.5082138450057,2255.160629359921,2273.401311447886,1230912,LT.NS
2023-05-05,2288.51318359375,2316.8608603605335,2268.7804726521426,2268.7804726521426,2425866,LT.NS
2023-05-08,2276.8662109375,2295.7327036774263,2265.941166955207,2288.46524287697,1583576,LT.NS
2023-05-09,2285.4814453125,2312.00009877368,2279.0320290777986,2279.0320290777986,1417301,LT.NS
2023-05-10,2275.951904296875,2299.5349036442017,2262.0427945395186,2297.6579364109916,1675409,LT.NS
2023-05-11,2158.2294921875,2227.438520751099,2153.6093372092473,2213.9143448180644,9470848,LT.NS
2023-05-12,2137.967529296875,2151.347178373787,2115.1064574908896,2139.4593270335567,5367292,LT.NS
2023-05-15,2162.75341796875,2175.4111365542344,2132.0954280830215,2137.774504748144,2662740,LT.NS
2023-05-16,2143.8388671875,2170.5983977613428,2139.8924656477784,2170.2134632218285,2528855,LT.NS
2023-05-17,2136.5234375,2160.010084164496,2127.4751259140494,2141.0956513590827,1961004,LT.NS
2023-05-18,2106.298828125,2149.951537968796,2099.368360592654,2146.5343622749283,2290757,LT.NS
2023-05-19,2108.07958984375,2116.7427326421284,2087.336128698186,2109.9565571161743,1729803,LT.NS
2023-05-22,2133.6357421875,2138.83353346123,2096.865328722539,2108.0312503510772,1112099,LT.NS
2023-05-23,2115.394775390625,2145.1865458594143,2111.881484060454,2142.298831888502,2265389,LT.NS
2023-05-24,2103.36279296875,2125.838929077154,2094.555358692274,2117.657072207262,2648479,LT.NS
2023-05-25,2122.180908203125,2124.683687596132,2096.4803013714377,2108.0311570263766,1689521,LT.NS
2023-05-26,2135.416748046875,2137.63070955018,2118.6199219722826,2126.3204941557347,1249128,LT.NS
2023-05-29,2141.2880859375,2157.8924412775295,2137.1008066767345,2141.721196032774,1369656,LT.NS
2023-05-30,2128.052978515625,2153.2723031478213,2124.587627343595,2146.5343030932686,1716729,LT.NS
2023-05-31,2123.09521484375,2140.7584915426046,2117.656781202217,2118.715703593918,2809284,LT.NS
2023-06-01,2125.165283203125,2138.833750721126,2119.7266135373734,2134.020893496281,1049488,LT.NS
2023-06-02,2150.914306640625,2153.5613784063094,2129.3525628929942,2137.8714151218705,1399950,LT.NS
2023-06-05,2183.40087890625,2187.7324504547996,2156.1600597225884,2160.972916998755,2344944,LT.NS
2023-06-06,2192.689208984375,2195.3362800148884,2178.9725681898954,2184.074242994709,1677680,LT.NS
2023-06-07,2228.834228515625,2231.2406571795373,2192.7377985569397,2192.7377985569397,2128603,LT.NS
2023-06-08,2252.705810546875,2257.2780245266404,2226.1869224636807,2230.2296751926024,2556995,LT.NS
2023-06-09,2274.555908203125,2280.1870441267765,2250.732269300024,2257.2296253645063,2501720,LT.NS
2023-06-12,2252.368896484375,2281.2942140042683,2245.7754234075933,2276.481357012698,1172382,LT.NS
2023-06-13,2266.27783203125,2269.646831666449,2239.9998228789073,2258.048035210332,1688768,LT.NS
2023-06-14,2266.90380859375,2271.6684899938164,2252.4170621125127,2264.834139094841,1013564,LT.NS
2023-06-15,2272.919677734375,2280.812715463428,2261.0800036394144,2266.8554314903454,2561534,LT.NS
2023-06-16,2278.214111328125,2290.92000722478,2264.2086499976845,2275.2782214611652,1794542,LT.NS
2023-06-19,2277.78076171875,2329.3262684600363,2272.630911099946,2289.9571950473405,3111256,LT.NS
2023-06-20,2292.84521484375,2300.2087925023934,2266.326324153457,2276.433324470778,1771306,LT.NS
2023-06-21,2304.829345703125,2321.722523001648,2292.8453771931695,2292.8453771931695,1607299,LT.NS
2023-06-22,2325.813232421875,2333.2731610514743,2290.9200178640717,2304.9736548319174,1741775,LT.NS
2023-06-23,2300.112548828125,2336.1608009606443,2294.0483019734056,2328.4120541464354,1212955,LT.NS
2023-06-26,2288.561767578125,2313.877443377737,2279.320987779635,2308.3426576136853,793572,LT.NS
2023-06-27,2298.668701171875,2307.235492714248,2282.786272917095,2298.0910643251323,1012317,LT.NS
2023-06-28,2330.818603515625,2341.839999678629,2300.5939538192865,2310.1714927992907,1734938,LT.NS
2023-06-30,2382.8935546875,2390.545949926493,2324.65798795887,2329.4226691452036,2690699,LT.NS
2023-07-03,2362.1982421875,2399.1127120476467,2356.374638584236,2385.444246030269,1078456,LT.NS
2023-07-04,2369.70654296875,2391.412340475068,2366.1930162860926,2366.1930162860926,1441581,LT.NS
2023-07-05,2378.3212890625,2391.941579380309,2362.4870376852327,2368.8880430283516,1191896,LT.NS
2023-07-06,2395.455078125,2406.3801215924436,2375.192904862369,2375.7223660882964,1796824,LT.NS
2023-07-07,2357.67431640625,2410.27874860778,2353.102102326423,2389.8241066717114,1837661,LT.NS
2023-07-10,2347.470947265625,2371.150297157145,2329.4227339345207,2358.2998752642875,1178479,LT.NS
2023-07-11,2381.93115234375,2386.214548158564,2355.604730027937,2355.604730027937,1219658,LT.NS
2023-07-12,2363.064453125,2392.904164526003,2356.182162077166,2387.465730481443,1822435,LT.NS
2023-07-13,2358.4443359375,2391.8936937075823,2354.6904012967957,2373.701187367562,1141663,LT.NS
2023-07-14,2379.71728515625,2384.337675151551,2357.000504764318,2358.5407130970175,845623,LT.NS
2023-07-17,2376.396240234375,2400.6529917065563,2372.7384220355502,2382.3641357152073,878697,LT.NS
2023-07-18,2382.075439453125,2396.754653567328,2375.722609100454,2376.5888293749313,720865,LT.NS
2023-07-19,2400.79736328125,2409.268038601709,2374.0860069315577,2381.9792804136932,1431080,LT.NS
2023-07-20,2396.51416015625,2402.2895890203463,2376.637153150106,2400.653264509413,1045704,LT.NS
2023-07-21,2489.449951171875,2497.8724497983626,2426.738526828327,2427.604746971665,4610417,LT.NS
2023-07-24,2507.739013671875,2539.263225435719,2487.188021314795,2538.9262314615617,2155297,LT.NS
2023-07-25,2465.048828125,2519.77110230607,2457.4446086094536,2518.086602476432,2068876,LT.NS
2023-07-26,2547.204833984375,2573.7719014074987,2488.2473295605514,2494.0227585653342,5820099,LT.NS
2023-07-27,2560.63232421875,2576.1779929232925,2547.396967815372,2569.054823748172,2117794,LT.NS
2023-07-28,2550.381103515625,2568.2847905795434,2526.749928611294,2560.5842193685376,1325724,LT.NS
2023-07-31,2580.99072265625,2589.3168706369315,2532.62151345569,2555.6268741788303,1284981,LT.NS
2023-08-01,2566.8408203125,2588.354384185887,2555.963951958712,2580.9908072911157,1298745,LT.NS
2023-08-02,2552.724853515625,2574.921239486123,2533.7898667279774,2568.1552978931927,1479486,LT.NS
2023-08-03,2529.311767578125,2572.7795013737314,2517.824141529422,2545.764221395254,1612618,LT.NS
2023-08-04,2557.34912109375,2565.234757544344,2529.7011451533126,2536.0290487297975,1101278,LT.NS
2023-08-07,2566.110595703125,2583.7314667907053,2553.649684572805,2558.4198548326954,1163125,LT.NS
2023-08-08,2562.5087890625,2579.3507949874465,2558.712142068454,2569.1775208365666,767310,LT.NS
2023-08-09,2581.395263671875,2584.7051488294674,2546.0075858667665,2565.2346768985485,906865,LT.NS
2023-08-10,2573.509765625,2591.130638739101,2552.2381788278676,2570.19988028972,1040041,LT.NS
2023-08-11,2568.641845703125,2586.5545836667434,2561.5838000782064,2572.0979017858276,1320121,LT.NS
2023-08-14,2589.475341796875,2593.028845561023,2546.737750609227,2567.181746313659,1364413,LT.NS
2023-08-16,2619.800537109375,2623.645907508985,2581.8331195239016,2598.3342957853365,1703875,LT.NS
2023-08-17,2582.271484375,2619.8008686578014,2572.049486039114,2619.8008686578014,1629067,LT.NS
2023-08-18,2572.00048828125,2603.883384455664,2563.0441191813243,2579.8374003724275,1898966,LT.NS
2023-08-21,2591.76318359375,2595.998106290907,2553.9904206772794,2571.9033973815463,1376318,LT.NS
2023-08-22,2607.875,2614.5434938821304,2591.5197564062078,2597.3608978556585,1497180,LT.NS
2023-08-23,2645.647705078125,2653.8252078600053,2611.4282095534713,2618.3403218566345,1990672,LT.NS
2023-08-24,2616.977294921875,2693.5450664633477,2609.6273820948204,2674.756013988986,2619182,LT.NS
2023-08-25,2568.544677734375,2611.6718225389873,2561.340697866157,2606.5608234269394,1408427,LT.NS
2023-08-28,2623.98681640625,2628.5136058790486,2579.886151705616,2583.2934841576816,1551734,LT.NS
2023-08-29,2646.9619140625,2650.0286559730175,2624.911699848258,2638.2489254786306,1101830,LT.NS
2023-08-30,2637.275634765625,2665.166992975144,2635.3285874162225,2650.856242492371,1920079,LT.NS
2023-08-31,2631.14208984375,2652.4623985090893,2607.436933657725,2647.9840950424013,2439625,LT.NS
2023-09-01,2630.558349609375,2644.0415095552244,2617.1236757046854,2638.249091373337,1263430,LT.NS
2023-09-04,2639.31982421875,2669.4016072162817,2633.3812354194174,2660.639895157585,1548282,LT.NS
2023-09-05,2660.59130859375,2666.4811739832626,2647.9842253503007,2648.4709871564314,1066447,LT.NS
2023-09-06,2658.157470703125,2670.1805822546785,2640.1960077872495,2667.4546686346107,1747425,LT.NS
2023-09-07,2771.037353515625,2780.334551006688,2657.7193067174526,2660.639877384175,4100519,LT.NS
2023-09-08,2824.776123046875,2851.158469535917,2796.3977680010184,2811.5361072495525,3638510,LT.NS
2023-09-11,2817.57177734375,2848.5298734006583,2813.5317497299884,2828.085879093955,1545803,LT.NS
2023-09-12,2866.15087890625,2929.332464441182,2854.809186545939,2873.452305786712,7788759,LT.NS
2023-09-13,2829.78955078125,2865.7611980601864,2811.974022458341,2865.5665408874547,2458417,LT.NS
2023-09-14,2841.326171875,2854.0304651511588,2829.059679021925,2847.459180624869,1910041,LT.NS
2023-09-15,2831.542236328125,2857.2431654049287,2823.218561654121,2855.344841838461,1655275,LT.NS
2023-09-18,2842.54296875,2852.4241381853367,2830.03309546238,2832.953666252331,736631,LT.NS
2023-09-20,2813.483154296875,2866.9782276364963,2809.6377836801394,2849.454803146066,1399240,LT.NS
2023-09-21,2822.585693359375,2828.183453957495,2770.6968388884243,2808.664258597414,2444711,LT.NS
2023-09-22,2841.228759765625,2858.7034616693154,2825.4090005241683,2831.6881805031353,1965569,LT.NS
2023-09-25,2825.652099609375,2846.388198728401,2794.9861078306685,2840.6929908988395,1049532,LT.NS
2023-09-26,2835.436279296875,2866.053549743688,2832.9537465197463,2837.821364640914,953456,LT.NS
2023-09-27,2886.54638671875,2915.6059254754955,2834.560080468828,2844.636145459246,2903693,LT.NS
2023-09-28,2930.30615234375,2969.7338597091725,2899.396776816536,2909.8621559320495,4081102,LT.NS
2023-09-29,2943.497314453125,2977.375983108908,2925.6817851216942,2959.511730062374,2698016,LT.NS
2023-10-03,2991.881591796875,2995.970343638599,2915.8008127444095,2959.998691892426,3254492,LT.NS
2023-10-04,2947.586181640625,2982.973860792751,2910.884388189136,2982.973860792751,3100946,LT.NS
2023-10-05,3014.077880859375,3032.4286586707317,2952.2591303818062,2952.2591303818062,3413447,LT.NS
2023-10-06,3011.7900390625,3032.477416423008,2991.784080715004,3032.477416423008,1898118,LT.NS
2023-10-09,2993.29296875,3003.3203093766056,2974.650086859704,2993.5850733656607,1181760,LT.NS
2023-10-10,2994.558837890625,3016.9498825172454,2990.810676654193,2992.465857050547,1551789,LT.NS
2023-10-11,3006.92236328125,3027.6584639620464,3002.73616417195,3008.1879915249915,2066921,LT.NS
2023-10-12,3000.156494140625,3022.839642613244,2985.8457440889174,3012.082158796494,1870280,LT.NS
2023-10-13,3007.798583984375,3016.9496106756837,2982.3895231703636,2986.5269984350853,1437808,LT.NS
2023-10-16,3019.772705078125,3030.8222928086698,2993.2929111730336,3016.9008580454692,818794,LT.NS
2023-10-17,2985.115478515625,3031.747164139594,2981.90280308275,3027.5609651014033,1847182,LT.NS
2023-10-18,2964.963623046875,2997.6251502563455,2956.73715834178,2987.403152277704,1350839,LT.NS
2023-10-19,2973.530517578125,2988.620134031784,2927.531525485519,2945.4932268249204,1599104,LT.NS
2023-10-20,2932.593994140625,2975.3315863138614,2898.471943464089,2959.4631036515207,1667471,LT.NS
2023-10-23,2879.974853515625,2927.2879568855783,2870.9210366886005,2923.4913099952078,1614030,LT.NS
2023-10-25,2838.89208984375,2886.9840576453494,2833.2456057768604,2880.656154635842,2108353,LT.NS
2023-10-26,2788.755859375,2838.9408118887986,2781.4057085022037,2829.0596422077756,3286109,LT.NS
2023-10-27,2825.068115234375,2833.4892372053214,2781.9896947836364,2788.804360165674,2399538,LT.NS
2023-10-30,2848.87109375,2854.3714074282952,2780.5295418073392,2822.4397834387823,1693052,LT.NS
2023-10-31,2851.499267578125,2873.403547959465,2830.95782512763,2852.3753437227174,1556467,LT.NS
2023-11-01,2818.64306640625,2904.1669763018217,2795.035117935411,2869.4122295934885,3875595,LT.NS
2023-11-02,2840.83935546875,2860.06644686139,2826.333711001975,2857.2918094884953,1451606,LT.NS
2023-11-03,2834.170654296875,2869.9963712450462,2828.0861316384444,2856.3183167735615,1136175,LT.NS
2023-11-06,2896.6708984375,2900.12695493222,2849.7471060172343,2855.3448670077883,1235499,LT.NS
2023-11-07,2882.8955078125,2904.60513180553,2877.833232586396,2891.3651156664937,1112206,LT.NS
2023-11-08,2917.114501953125,2923.2477476602153,2882.603140728298,2895.940365407755,1013438,LT.NS
2023-11-09,2944.762939453125,2948.5108626853935,2917.6502122796956,2923.491353845821,1719911,LT.NS
2023-11-10,2952.940673828125,2963.4060532870067,2925.6820110515037,2941.063732582218,947753,LT.NS
2023-11-13,2967.78662109375,2973.481829083355,2951.38265376938,2969.2469064575816,531769,LT.NS
2023-11-15,2983.801025390625,2989.7396142523266,2974.1145133815544,2981.270006708633,1160184,LT.NS
2023-11-16,2970.366455078125,3000.4972008221303,2964.3793799724904,2976.9864631335927,1597607,LT.NS
2023-11-17,3026.684814453125,3032.963994017576,2964.5252387125265,2969.246923152792,1325050,LT.NS
2023-11-20,3007.019775390625,3029.556751901108,2994.753282828709,3013.1530216715832,1231164,LT.NS
2023-11-21,2993.439208984375,3016.949709422763,2981.36737344619,3006.727711375348,1884782,LT.NS
2023-11-22,3000.691650390625,3006.8733822543945,2981.4158367921177,2993.4389475637986,1104208,LT.NS
2023-11-23,2965.011962890625,3006.240781108943,2950.798661389042,2998.4525925568473,1514688,LT.NS
2023-11-24,2973.384521484375,2985.796947660662,2959.1224954975814,2969.247046092279,915121,LT.NS
2023-11-28,2969.2470703125,2978.1547164527706,2954.6442158683403,2973.1411648309427,1210508,LT.NS
2023-11-29,3002.103271484375,3008.0903462944216,2968.2733278494884,2969.2468514073266,1801107,LT.NS
2023-11-30,3026.87939453125,3041.8230761951563,2977.716454924804,2994.8505645909777,3131624,LT.NS
2023-12-01,3106.1728515625,3113.2796210856454,3038.415754394254,3047.0800190073683,2112908,LT.NS
2023-12-04,3225.8193359375,3258.9191400164104,3163.951860484084,3198.0251882123744,3095974,LT.NS
2023-12-05,3227.668701171875,3236.965898882945,3192.232537981082,3231.1734811255383,1659309,LT.NS
2023-12-06,3302.484130859375,3310.9537385800404,3233.0718511685723,3241.8335635023623,2057233,LT.NS
2023-12-07,3266.755615234375,3319.617752171645,3248.6967064226624,3302.4838808442396,2128823,LT.NS
2023-12-08,3289.000732421875,3339.1859211334245,3276.880411234725,3287.5891707485644,2428891,LT.NS
2023-12-11,3296.15625,3314.847855570971,3271.039293603073,3288.513994674936,1534238,LT.NS
2023-12-12,3253.905029296875,3285.6419922033356,3243.7804794137824,3285.6419922033356,1888423,LT.NS
2023-12-13,3309.78564453125,3319.7155379010755,3257.6046835275934,3264.175967950125,1509107,LT.NS
2023-12-14,3342.203857421875,3348.9210749725253,3310.077579667778,3335.243021302496,2425646,LT.NS
2023-12-15,3395.650146484375,3406.2614581214793,3341.960417707955,3344.1993317343295,2632935,LT.NS
2023-12-18,3399.155029296875,3413.1736737876913,3374.2327305613626,3403.438437981109,1767429,LT.NS
2023-12-19,3406.310302734375,3431.6706396778222,3384.0167076919533,3396.575066877133,1311700,LT.NS
2023-12-20,3327.990478515625,3421.546193005729,3322.198060540597,3412.2002712292715,1876048,LT.NS
2023-12-21,3333.49072265625,3348.872442992156,3244.7541420451216,3300.293710673665,2292802,LT.NS
2023-12-22,3385.8662109375,3403.4383586943495,3318.3524947976507,3333.3446625198667,1681707,LT.NS
2023-12-26,3397.64599609375,3415.461525028665,3385.8662657807404,3385.8662657807404,1072263,LT.NS
2023-12-27,3450.167724609375,3455.035342731002,3411.3727131093397,3417.0679213823096,1389266,LT.NS
2023-12-28,3424.904541015625,3465.6950823136435,3407.8191553354204,3451.1409529107455,3371121,LT.NS
2023-12-29,3432.64404296875,3446.273372691258,3402.4648128689114,3437.5116607267887,968577,LT.NS
2024-01-01,3432.108642578125,3444.3264109890674,3403.487144521857,3444.3264109890674,777080,LT.NS
2024-01-02,3347.071533203125,3432.1086757607013,3341.132944262997,3431.719361397301,1511464,LT.NS
2024-01-03,3349.261962890625,3374.0868143241737,3321.273159803781,3342.1064694655865,1283859,LT.NS
2024-01-04,3367.1259765625,3387.959523891567,3332.371232106536,3349.943380354553,1651616,LT.NS
2024-01-05,3428.652587890625,3460.876313332966,3368.391573595517,3373.2104677622956,2069018,LT.NS
2024-01-08,3408.40380859375,3465.6955338409425,3397.597600809902,3446.2737842025936,1993855,LT.NS
2024-01-09,3461.80126953125,3498.6005099081913,3426.90059035493,3434.0558463570214,1807271,LT.NS
2024-01-10,3451.6279296875,3464.721774594502,3426.8030778451557,3455.9600621795576,1534821,LT.NS
2024-01-11,3412.054443359375,3465.3061392228715,3407.8682441491783,3451.628084470836,1105348,LT.NS
2024-01-12,3474.31103515625,3483.900099910731,3401.5401468115224,3412.2489063003786,1782631,LT.NS
2024-01-15,3449.242919921875,3510.23407983068,3444.375301806993,3481.417923196578,1783518,LT.NS
2024-01-16,3478.886474609375,3493.9760899322923,3444.326387902048,3454.061623594253,1791818,LT.NS
2024-01-17,3476.404052734375,3518.7523293447257,3453.7696290288427,3460.876398845912,2699076,LT.NS
2024-01-18,3500.791015625,3521.1862883836993,3431.6708370628826,3476.258267388991,2148898,LT.NS
2024-01-19,3549.467041015625,3559.056343533904,3507.6055262696923,3507.6055262696923,1913923,LT.NS
2024-01-23,3456.982421875,3564.410849881152,3442.574224566715,3541.2896635900984,1742142,LT.NS
2024-01-24,3494.170654296875,3522.159456168511,3428.4578151199903,3475.4790497996682,3711521,LT.NS
2024-01-25,3498.308349609375,3522.451782540132,3470.4169934066963,3504.587529324063,2206540,LT.NS
2024-01-29,3609.825439453125,3634.9911191003416,3504.782340101729,3508.578986998129,2072982,LT.NS
2024-01-30,3537.103271484375,3638.9336953675434,3528.9255308046827,3617.5649003174335,1454989,LT.NS
2024-01-31,3387.618896484375,3444.3266486850257,3297.3733023201326,3426.8032231122925,9637606,LT.NS
2024-02-01,3308.033203125,3401.2480881159413,3281.748065842959,3387.8621385741612,6149780,LT.NS
2024-02-02,3286.6640625,3345.367577135154,3272.012486277237,3312.6083687263667,7579802,LT.NS
2024-02-05,3253.272705078125,3317.7199241175404,3230.589556165272,3286.1291287472764,2954238,LT.NS
2024-02-06,3333.588134765625,3336.9954673119287,3249.1836875110957,3257.4099142661257,2545192,LT.NS
2024-02-07,3304.820556640625,3355.7358890607493,3299.2715195900437,3353.788841837622,2099940,LT.NS
2024-02-08,3247.18798828125,3327.309028601936,3206.640825156168,3322.6360677571297,3471727,LT.NS
2024-02-09,3236.528076171875,3300.2451510965016,3221.3410122643027,3247.918255264219,3121873,LT.NS
2024-02-12,3212.189697265625,3250.7410874836023,3199.971929100477,3241.8334420153906,1922273,LT.NS
2024-02-13,3233.55859375,3250.157218441266,3197.1489066721606,3224.3101196748457,2151493,LT.NS
2024-02-14,3221.389404296875,3229.1288689296207,3176.6560450242737,3202.941180689434,2502138,LT.NS
2024-02-15,3212.919921875,3233.9966123327604,3203.0872386363435,3221.3895294942777,1999189,LT.NS
2024-02-16,3297.080810546875,3308.0329502438267,3216.570462265498,3217.4465383705974,2768329,LT.NS
2024-02-19,3251.4228515625,3317.7683890366875,3247.1879288825917,3310.515685838943,1216447,LT.NS
2024-02-20,3267.875244140625,3278.584003412405,3240.324479569715,3251.4227908755515,1578162,LT.NS
2024-02-21,3209.123046875,3268.0212237005408,3202.9413147232717,3268.0212237005408,2430672,LT.NS
2024-02-22,3274.68994140625,3279.800940199972,3190.1880471480467,3222.363048994333,2521388,LT.NS
2024-02-23,3298.2490234375,3309.8825821827018,3252.2987599735766,3274.689801350331,2107176,LT.NS
2024-02-26,3378.27294921875,3399.203707385464,3303.1656957981622,3309.9803612477904,4122419,LT.NS
2024-02-27,3413.61181640625,3419.0149199797056,3360.506055919638,3382.99454639222,2122286,LT.NS
2024-02-28,3378.321533203125,3419.988390621347,3354.908243198552,3412.20020185819,1666903,LT.NS
2024-02-29,3385.47705078125,3403.438513708711,3345.465135655257,3392.7297540831973,2119512,LT.NS
2024-03-01,3537.29833984375,3561.4904986945576,3407.3329267794484,3408.9391458028285,4407803,LT.NS
2024-03-04,3547.9580078125,3582.3721618650525,3526.1511744193917,3572.831583126821,1307501,LT.NS
2024-03-05,3516.95166015625,3547.95824604163,3495.2420350586585,3535.059057579751,1981370,LT.NS
2024-03-06,3545.767578125,3555.7461949398426,3491.104323522162,3522.208354741387,1500196,LT.NS
2024-03-07,3579.59765625,3607.0509750228152,3546.7899575234683,3563.826621012567,2344401,LT.NS
2024-03-11,3544.210205078125,3602.037413346041,3535.302321301283,3602.037413346041,1748541,LT.NS
2024-03-12,3525.76171875,3574.778728024377,3517.4867679906843,3542.7011723221276,1470377,LT.NS
2024-03-13,3444.862060546875,3540.5107564190216,3418.9175134116877,3538.660918931016,2503293,LT.NS
2024-03-14,3512.66796875,3539.731973619388,3428.750278076866,3433.6666200200048,4528490,LT.NS
2024-03-15,3443.4990234375,3507.605649742003,3430.746006451044,3502.7380315769433,4054210,LT.NS
2024-03-18,3466.912353515625,3477.621113599743,3433.325787797255,3443.499062341833,1354787,LT.NS
2024-03-19,3408.987548828125,3455.5220245286837,3388.8356578065495,3447.2470739135283,1447405,LT.NS
2024-03-20,3416.775634765625,3431.6218692458056,3395.4068398852205,3410.0096934722833,1442811,LT.NS
2024-03-21,3465.743896484375,3500.79074487579,3431.816505123692,3431.816505123692,2504962,LT.NS
2024-03-22,3522.013916015625,3550.732863751865,3452.3095274563198,3452.3095274563198,3020545,LT.NS
2024-03-26,3572.928955078125,3579.5487252234566,3504.684857640628,3509.552475498462,2320963,LT.NS
2024-03-27,3608.267578125,3628.516915430044,3572.9288635239795,3585.48722220473,2387693,LT.NS
2024-03-28,3664.245361328125,3712.3862932051306,3599.652213455611,3608.4139258038645,4278668,LT.NS
2024-04-01,3736.383544921875,3749.8669417375013,3680.7467667272217,3680.7467667272217,1905190,LT.NS
2024-04-02,3706.59375,3757.8011876799847,3671.400966072057,3747.8712942530547,3608162,LT.NS
2024-04-03,3682.304443359375,3699.097726143796,3670.330055056019,3699.097726143796,1684618,LT.NS
2024-04-04,3697.296630859375,3718.6167022338786,3632.2652080483786,3704.1597819709464,2339529,LT.NS
2024-04-05,3643.99609375,3689.6542531577306,3617.85689137135,3670.2812295904373,1645597,LT.NS
2024-04-08,3707.031982421875,3718.6655420543266,3643.9963285211197,3645.8459283139514,1083395,LT.NS
2024-04-09,3685.0302734375,3726.599684372752,3675.0516563573246,3718.860219148339,1997057,LT.NS
2024-04-10,3653.82861328125,3699.389563866302,3650.8108328219823,3699.389563866302,1951581,LT.NS
2024-04-12,3581.836669921875,3701.434138071264,3566.5036733733205,3650.6647402267217,3437544,LT.NS
2024-04-15,3505.4638671875,3582.420956197923,3491.2503273915177,3530.045338373408,1719910,LT.NS
2024-04-16,3449.632080078125,3502.8837723388842,3436.0027499657804,3485.2631381567744,2291042,LT.NS
2024-04-18,3456.93359375,3521.8675705951105,3445.9814532060723,3467.6423533929515,3273257,LT.NS
2024-04-19,3425.197021484375,3449.0968368977597,3380.4634197243213,3431.6708586719096,2759031,LT.NS
2024-04-22,3517.048828125,3524.1555982756413,3447.1985065293434,3474.2625114216007,2605754,LT.NS
2024-04-23,3514.56591796875,3536.5676450753876,3493.002466597066,3536.5676450753876,1434580,LT.NS
2024-04-24,3538.6123046875,3558.1799861769427,3505.7558836317294,3520.7967755130394,1501234,LT.NS
2024-04-25,3555.600341796875,3568.9375677690264,3515.9779782552305,3520.3588345168127,2420380,LT.NS
2024-04-26,3509.747314453125,3563.972532662482,3490.0821848243154,3555.3082674974617,1973113,LT.NS
2024-04-29,3538.07666015625,3553.263484822333,3509.7470299819215,3510.6233437766823,1396979,LT.NS
2024-04-30,3499.1357421875,3552.3387091074205,3489.1571258031736,3542.6521973233307,1571996,LT.NS
2024-05-02,3504.197998046875,3537.930493789475,3481.3689184661603,3494.9982480876793,3748847,LT.NS
2024-05-03,3407.137939453125,3526.1024757203973,3396.088351533365,3514.4201925319253,4079696,LT.NS
2024-05-06,3371.6044921875,3433.6179009292264,3349.9923147722734,3429.5291491495896,2614667,LT.NS
2024-05-07,3336.99560546875,3403.438592872511,3334.3184155001004,3387.27800562745,3376013,LT.NS
2024-05-08,3394.53076171875,3404.8012452608773,3278.632732949797,3338.212328014195,4116670,LT.NS
2024-05-09,3188.727783203125,3287.589150926977,3180.1607281083748,3225.0402605073564,12120574,LT.NS
2024-05-10,3184.83349609375,3218.6147149583144,3148.959296715988,3194.714902502586,4132191,LT.NS
2024-05-13,3206.640625,3227.2305529139962,3139.8080910041035,3180.5501464486542,3557067,LT.NS
2024-05-14,3289.974365234375,3295.2800214524914,3206.2026098120086,3212.6279608042837,2870328,LT.NS
2024-05-15,3320.981201171875,3326.9195526992503,3264.370659573126,3300.2451003511496,2718682,LT.NS
2024-05-16,3368.975830078125,3376.6665713672146,3289.244105464065,3338.163665853629,3398714,LT.NS
2024-05-17,3359.386474609375,3383.9192211507398,3321.808369564093,3383.9192211507398,2676919,LT.NS
2024-05-21,3349.845947265625,3378.4189596839415,3343.0800058549194,3366.4445719995083,2100848,LT.NS
2024-05-22,3369.21923828125,3380.7553503083777,3344.102281924434,3358.7051358904127,1409992,LT.NS
2024-05-23,3490.471435546875,3506.291194115664,3363.5240526255366,3369.2677468198476,4525637,LT.NS
2024-05-24,3529.899169921875,3562.1228965519467,3487.453683041766,3491.05567287108,2740360,LT.NS
2024-05-27,3555.30810546875,3597.169619306416,3504.684879432503,3548.395992996985,2570708,LT.NS
2024-05-28,3561.343994140625,3587.677855116265,3549.515777444201,3555.3081953421342,1440187,LT.NS
2024-05-29,3538.5634765625,3564.897336344772,3514.7608731019805,3515.3935683440936,1506146,LT.NS
2024-05-30,3538.466064453125,3547.4711574555445,3512.229651835461,3530.0451806620645,2701849,LT.NS
2024-05-31,3572.150146484375,3645.651177326948,3540.121077855591,3540.121077855591,6432341,LT.NS
2024-06-03,3793.96728515625,3816.114946370256,3700.460536413825,3753.3226761151627,5767666,LT.NS
2024-06-04,3313.095458984375,3794.794982491131,3232.098343219742,3750.0128970127853,9920882,LT.NS
2024-06-05,3318.741943359375,3350.3814602731854,3090.9861452951395,3350.3814602731854,10372458,LT.NS
2024-06-06,3390.3447265625,3444.52122088405,3295.6695546237215,3346.974201804827,8374602,LT.NS
2024-06-07,3438.971923828125,3454.06153878052,3354.762137158307,3373.3078082319025,5879660,LT.NS
2024-06-10,3449.92431640625,3490.0821655919312,3427.8253778442504,3427.8253778442504,3151257,LT.NS
2024-06-11,3503.41943359375,3542.6524833491912,3457.1770612499504,3475.4793529971457,2548176,LT.NS
2024-06-12,3534.182861328125,3552.3389818532046,3483.267528234749,3519.2879023389096,2242274,LT.NS
2024-06-13,3605.5908203125,3617.5164851872705,3538.758515901293,3568.450987630313,2965500,LT.NS
2024-06-14,3590.16015625,3621.507566684358,3577.699007409951,3619.5605196054958,1746508,LT.NS
2024-06-18,3591.523193359375,3611.7725316381225,3577.6992058679516,3609.8254844512553,1936792,LT.NS
2024-06-19,3494.901123046875,3601.063922891291,3480.346992250977,3592.3022101835263,2936151,LT.NS
2024-06-20,3526.7890625,3545.284331357324,3497.501094013525,3517.4678877586944,2618715,LT.NS
2024-06-21,3468.45849609375,3542.046724440859,3449.8161449124823,3536.2087729009913,4508508,LT.NS
2024-06-24,3465.122314453125,3499.85585963062,3439.022929073542,3454.084081085913,2330559,LT.NS
2024-06-25,3520.264404296875,3524.3361901553935,3461.5900131937187,3489.5535379601647,2158039,LT.NS
2024-06-26,3535.12939453125,3556.6661681883425,3524.6308551620195,3533.2161484970234,2480187,LT.NS
2024-06-27,3497.304931640625,3533.5104831538574,3483.1760878347363,3529.7328583391873,5519875,LT.NS
2024-06-28,3481.655029296875,3508.6373778217694,3471.499998215413,3473.364137386407,3141514,LT.NS
2024-07-01,3460.16748046875,3474.737805435941,3447.8536694545537,3468.654560018073,2961120,LT.NS
2024-07-02,3558.23583984375,3565.594662068713,3468.507315423034,3468.507315423034,5087748,LT.NS
2024-07-03,3546.314697265625,3581.784125108127,3537.1406029351588,3581.637044479402,1923801,LT.NS
2024-07-04,3506.03759765625,3575.4067196370215,3498.6787748249444,3548.03199452257,1851947,LT.NS
2024-07-05,3558.873779296875,3569.5196387433475,3500.8372927532337,3506.037575430059,1635209,LT.NS
2024-07-08,3563.63232421875,3577.0743916296287,3526.3476247913513,3571.579948072588,1706210,LT.NS
2024-07-09,3597.0908203125,3615.6349580650312,3577.46729272463,3581.2937847862586,2425176,LT.NS
2024-07-10,3581.3427734375,3624.465425981089,3533.216025705983,3615.683945584045,2231438,LT.NS
2024-07-11,3552.937744140625,3615.242441792854,3535.1783565508854,3591.1054079867445,2942924,LT.NS
2024-07-12,3580.656005859375,3598.660448140635,3544.6957489333035,3561.6701476838834,2001185,LT.NS
2024-07-15,3582.863525390625,3604.841779014631,3568.538255382747,3600.91707375713,943302,LT.NS
2024-07-16,3568.096923828125,3582.863675888749,3552.8395835897063,3577.467205933007,2220953,LT.NS
2024-07-18,3587.376708984375,3609.992870411888,3530.909965500951,3571.4817009714675,3240772,LT.NS
2024-07-19,3550.386474609375,3590.0750084049355,3542.0464759817173,3582.2747046563018,2432533,LT.NS
2024-07-22,3582.71630859375,3592.920686284693,3500.4448159864874,3549.7977943876153,3639057,LT.NS
2024-07-23,3471.450927734375,3644.088853371615,3394.870068030638,3600.524720570956,6957691,LT.NS
2024-07-24,3453.200927734375,3490.9762157942337,3435.0982726640395,3482.194735699708,3184060,LT.NS
2024-07-25,3551.0244140625,3562.553236573613,3465.5640947496818,3472.3832227089542,4691483,LT.NS
2024-07-26,3610.630615234375,3631.3335312385766,3528.4082319128506,3560.6888367643323,2617659,LT.NS
2024-07-29,3703.8916015625,3718.6583534873284,3617.2048150703467,3631.3336586429027,4159919,LT.NS
2024-07-30,3713.408935546875,3723.5642064734407,3668.2259567723117,3703.7935990607602,1979989,LT.NS
2024-07-31,3743.187744140625,3750.0559785335436,3692.264787816845,3705.952149876589,2703636,LT.NS
2024-08-01,3708.15966796875,3766.6867389108825,3694.9628945378704,3738.281732709139,1998663,LT.NS
2024-08-02,3596.6982421875,3678.332069864614,3588.260268966907,3660.1314394799247,2512525,LT.NS
2024-08-05,3461.590087890625,3539.985980741122,3445.4006784659664,3529.2912545755607,2900685,LT.NS
2024-08-06,3508.8828125,3566.4778162956036,3479.251334659784,3481.2136873584077,2125532,LT.NS
2024-08-07,3569.764892578125,3586.9354788820124,3542.390167945932,3561.6701876062925,1613097,LT.NS
2024-08-08,3486.6591796875,3560.4435914624055,3480.673908283438,3552.8394749391305,2038088,LT.NS
2024-08-09,3524.4345703125,3537.680451091567,3508.392241106516,3532.234874417838,848232,LT.NS
2024-08-12,3504.712890625,3543.0278758230893,3495.9314100132005,3511.63023194983,1965035,LT.NS
2024-08-13,3484.9423828125,3539.1032721428323,3478.4665227593546,3512.6115093627222,1316218,LT.NS
2024-08-14,3478.46630859375,3511.335715945336,3469.930122354727,3491.957483252983,1584372,LT.NS
2024-08-16,3501.1806640625,3513.494235406998,3466.495984869145,3510.648919858987,2808865,LT.NS
2024-08-19,3488.131103515625,3532.1367200012605,3480.232585824866,3532.08785281875,1898535,LT.NS
2024-08-20,3505.44873046875,3512.611365799634,3481.213722306453,3494.9501913347194,1285569,LT.NS
2024-08-21,3528.359375,3547.2470203460052,3514.4755854732,3522.4232099822525,1714248,LT.NS
2024-08-22,3538.6123046875,3544.1558549311926,3516.4867313464474,3539.151999558256,1734927,LT.NS
2024-08-23,3530.81201171875,3553.8205479759677,3519.5284843024815,3538.612315371432,1825180,LT.NS
2024-08-26,3573.34619140625,3579.3314631906665,3527.0347138046727,3543.0279368370334,1606911,LT.NS
2024-08-27,3633.00146484375,3666.655860090481,3567.5570530610084,3574.081779686039,3315435,LT.NS
2024-08-28,3619.608642578125,3654.2930826386964,3615.6348304728103,3635.258357368185,1278175,LT.NS
2024-08-29,3614.114013671875,3640.1642939269036,3582.814583620265,3621.031354915697,2165489,LT.NS
2024-08-30,3634.9150390625,3674.5056024529986,3597.3850419212913,3648.3573473216406,2592912,LT.NS
2024-09-02,3613.770751953125,3651.8893098608423,3597.336047902118,3636.2395948078406,1277813,LT.NS
2024-09-03,3620.687744140625,3644.039788741092,3597.875394431524,3624.4162621096075,1211993,LT.NS
2024-09-04,3582.07861328125,3611.710090702106,3562.749487382364,3581.2936243039085,1930121,LT.NS
2024-09-05,3555.93017578125,3598.954854579987,3540.476648256813,3598.954854579987,2958770,LT.NS
2024-09-06,3507.460205078125,3555.586953612089,3469.635808359902,3547.050767159477,3096557,LT.NS
2024-09-09,3510.943359375,3526.3477800656174,3486.9536456750407,3516.53601662637,1454589,LT.NS
2024-09-10,3528.457275390625,3556.76430922828,3503.7807857252933,3517.5172547816233,1203483,LT.NS
2024-09-11,3470.37158203125,3536.110396322093,3450.208360485282,3527.328916053436,1865165,LT.NS
2024-09-12,3553.82080078125,3569.568729378419,3467.4772804972217,3491.025513301957,3751523,LT.NS
2024-09-13,3544.989990234375,3566.3305748697467,3532.2838049926586,3553.8205769800456,1752455,LT.NS
2024-09-16,3593.31298828125,3600.917104783176,3544.9900543819117,3551.024192949311,1045964,LT.NS
2024-09-17,3625.642822265625,3635.258398462057,3590.8110616325876,3598.954873295229,1289060,LT.NS
2024-09-18,3660.229248046875,3687.211597532537,3614.8498420937167,3619.5595364583974,2249929,LT.NS
2024-09-19,3614.359375,3679.803791490386,3604.842012044324,3679.411416757271,1711564,LT.NS
2024-09-20,3722.48486328125,3738.1836849016377,3610.9742667769383,3630.352499714604,5401701,LT.NS
2024-09-23,3716.401611328125,3766.5398186087614,3678.4301345090653,3728.4701283367426,1937874,LT.NS
2024-09-24,3720.228271484375,3759.671512071468,3703.9406485759473,3716.401540067454,2676546,LT.NS
2024-09-25,3722.43603515625,3741.4216540256025,3706.8842940073782,3716.2545761693636,2113862,LT.NS
2024-09-26,3691.332275390625,3731.364315842534,3666.0669859793516,3729.4510699902903,2750597,LT.NS
2024-09-27,3635.89599609375,3667.63714640242,3582.27480511376,3667.63714640242,4095425,LT.NS
2024-09-30,3606.36279296875,3645.7078210056707,3596.0113345333293,3629.3713305426427,1837697,LT.NS
2024-10-01,3584.727783203125,3653.9007156557923,3570.8442337132515,3597.9736638855506,1674100,LT.NS
2024-10-03,3431.811279296875,3548.914769571142,3419.7918693086954,3515.0641863391256,5315877,LT.NS
2024-10-04,3428.180908203125,3486.6591118888045,3403.2100191115796,3448.8347173640486,3445879,LT.NS
2024-10-07,3403.06298828125,3446.823308464715,3364.453604237313,3439.0230046228585,2304227,LT.NS
2024-10-08,3465.9072265625,3471.892498087252,3403.700742084125,3427.199867646705,2249452,LT.NS
2024-10-09,3421.4599609375,3490.730863775683,3415.4746897080636,3475.3755505463,1645791,LT.NS
2024-10-10,3395.213623046875,3487.9836537870738,3390.454822009153,3448.8348138799515,2686116,LT.NS
2024-10-11,3416.995849609375,3431.2720138454197,3382.1149813961556,3404.0932364871355,1280465,LT.NS
2024-10-14,3488.131103515625,3506.5772671882323,3435.3928736063813,3443.929060119898,1974378,LT.NS
2024-10-15,3485.040283203125,3502.7996714731376,3453.887933183721,3502.7996714731376,1231552,LT.NS
2024-10-16,3466.103515625,3514.4753158919875,3447.41205908006,3483.1758875374667,1961835,LT.NS
2024-10-17,3503.093994140625,3515.5548859613777,3455.506940841957,3483.077852737479,2968537,LT.NS
2024-10-18,3510.452880859375,3524.827018928877,3473.609660085124,3502.750550500965,2102609,LT.NS
2024-10-21,3518.10595703125,3553.7715730251043,3504.0750875539347,3512.6112737459366,1750549,LT.NS
2024-10-22,3445.793212890625,3524.0420287366096,3434.117309855123,3517.51730166589,1363574,LT.NS
2024-10-23,3390.356689453125,3447.8046130863913,3378.1901984396873,3435.147533894267,2125268,LT.NS
2024-10-24,3377.8466796875,3409.195455837588,3352.434307933838,3379.171363583563,1924421,LT.NS
2024-10-25,3263.784912109375,3370.3407594488162,3252.648704273135,3360.5289959569714,3236774,LT.NS
2024-10-28,3277.9140625,3309.5078936827813,3201.137011601489,3253.5808406321084,2991674,LT.NS
2024-10-29,3317.259033203125,3320.6931504356885,3253.580783765879,3253.580783765879,2253467,LT.NS
2024-10-30,3344.192626953125,3373.6767856803704,3289.8844182364055,3316.3270738977785,1785128,LT.NS
2024-10-31,3554.114990234375,3586.150300889314,3442.3099977883576,3463.552369049658,7637083,LT.NS
2024-11-01,3558.0888671875,3573.3459674275714,3551.858301696634,3556.7150766034893,212796,LT.NS
2024-11-04,3507.16552734375,3556.71492978336,3464.4352521823753,3556.71492978336,1724189,LT.NS
2024-11-05,3507.50927734375,3517.517228243139,3475.228431577917,3489.0631139839893,1251506,LT.NS
2024-11-06,3576.8291015625,3591.007051214807,3490.436480278207,3526.347628742835,1819732,LT.NS
2024-11-07,3577.90869140625,3594.0489945648405,3551.8584112270605,3578.693680400606,1581009,LT.NS
2024-11-08,3591.39990234375,3597.973736090544,3552.496115683558,3571.8743489226604,1622142,LT.NS
2024-11-11,3560.5419921875,3592.0867168961845,3538.1220161506803,3577.36907123832,926127,LT.NS
2024-11-12,3523.747802734375,3582.274876564989,3512.611355273257,3581.2937002087674,1116206,LT.NS
2024-11-13,3481.16455078125,3536.9936283053685,3469.0960338791992,3517.5171821205345,1568694,LT.NS
2024-11-14,3459.873291015625,3498.6297589334176,3434.264491079784,3491.0256418103063,1291765,LT.NS
2024-11-18,3475.4736328125,3501.1315375049285,3444.763005396193,3454.8200627535784,1233217,LT.NS
2024-11-19,3439.906005859375,3539.103028822926,3429.211279660695,3492.8895277768793,1826460,LT.NS
2024-11-21,3417.927978515625,3464.0923758976187,3387.462403483639,3463.5526809703333,1510581,LT.NS
2024-11-22,3535.6689453125,3545.48070872394,3407.723646245321,3434.117194004093,2534018,LT.NS
2024-11-25,3682.35498046875,3690.204391564873,3585.218518154227,3591.1055764763187,4753829,LT.NS
2024-11-26,3632.903564453125,3684.218894723248,3620.540646913955,3684.218894723248,1141534,LT.NS
2024-11-27,3629.076904296875,3649.9760083829074,3615.634836261025,3634.2771868414757,971816,LT.NS
2024-11-28,3597.041748046875,3650.466754507699,3579.3314663201418,3630.3526385374244,2124283,LT.NS
2024-11-29,3654.685791015625,3679.411387631506,3566.6743185324817,3566.6743185324817,2094305,LT.NS
2024-12-02,3634.326171875,3647.8664529100997,3603.7623859829273,3637.073513461759,1158369,LT.NS
2024-12-03,3715.763916015625,3727.3418447668805,3631.8242320002823,3650.9571706802785,3252670,LT.NS
2024-12-04,3718.56005859375,3762.811206672752,3687.309736367028,3703.9406271680937,2510166,LT.NS
2024-12-05,3759.42626953125,3810.8889208755763,3689.2230541946874,3738.281871404723,2765170,LT.NS
2024-12-06,3793.914306640625,3810.8395976163874,3728.469896110008,3759.867537340408,1856562,LT.NS
2024-12-09,3872.99755859375,3884.4772742889863,3794.699635845581,3794.699635845581,3332753,LT.NS
2024-12-10,3849.302001953125,3888.8925645249033,3827.8634418741863,3880.5525653326586,2349493,LT.NS
2024-12-11,3843.0224609375,3873.3407142719752,3828.5501098048444,3849.3018937465476,1237958,LT.NS
2024-12-12,3787.242431640625,3884.47710205153,3774.536246038242,3856.0229883966945,1899867,LT.NS
2024-12-13,3813.83251953125,3824.6254595144874,3722.7793052182087,3786.3595813921,2300361,LT.NS
2024-12-16,3804.854736328125,3840.7165396405203,3784.642408063147,3808.9265222894905,918660,LT.NS
2024-12-17,3735.534423828125,3802.4506006965134,3725.526473310008,3790.3332169161704,1690180,LT.NS
2024-12-18,3687.407958984375,3747.112638210369,3674.505585257353,3735.534708884533,1318341,LT.NS
2024-12-19,3646.394775390625,3691.3815667096774,3630.3524464645975,3632.4618797708927,1856838,LT.NS
2024-12-20,3561.523193359375,3654.882030481039,3539.20143062288,3646.3949505772566,2796593,LT.NS
2024-12-23,3571.97265625,3630.352651593188,3548.9641177590415,3600.9173598235134,1217612,LT.NS
2024-12-24,3571.236572265625,3609.747743489315,3564.0248303713397,3579.2821703192803,627922,LT.NS
2024-12-26,3561.1796875,3596.1585297889987,3542.3902555550567,3589.1432144579144,1124705,LT.NS
2024-12-27,3540.1826171875,3575.063246103768,3535.669109990014,3564.0250117517803,1309122,LT.NS
2024-12-30,3511.5810546875,3554.8019208726373,3498.8748688467635,3539.9860621495345,1591690,LT.NS
2024-12-31,3539.74072265625,3552.4471478790047,3483.176002545589,3495.489813505843,1267628,LT.NS
2025-01-01,3598.46435546875,3619.559647532166,3532.185843425619,3532.234950153374,1202029,LT.NS
2025-01-02,3643.598388671875,3653.9989538368345,3581.342796952162,3607.393077046229,1882900,LT.NS
2025-01-03,3591.007080078125,3649.8776586605363,3582.7161881701013,3638.2017563930235,1290107,LT.NS
2025-01-06,3535.37451171875,3622.748311996437,3518.0077385505383,3615.389489506093,1212012,LT.NS
2025-01-07,3574.719970703125,3581.146723932662,3528.0158789679554,3539.2014334818487,1453540,LT.NS
2025-01-08,3528.65380859375,3594.8832149675354,3522.4232426946537,3593.0679428266913,1813201,LT.NS
2025-01-09,3461.491943359375,3538.4163127933175,3420.3807501834913,3532.136640437175,2921681,LT.NS
2025-01-10,3469.586669921875,3485.334598319579,3426.5622305068487,3434.0681338002832,1794238,LT.NS
2025-01-13,3399.089111328125,3467.967639827642,3383.684691293909,3439.562633790394,2137212,LT.NS
2025-01-14,3397.42138671875,3426.2187693846085,3383.6849175705347,3400.6102099138716,2924491,LT.NS
2025-01-15,3435.49072265625,3459.774836941175,3405.957458707444,3405.957458707444,1155446,LT.NS
2025-01-16,3441.868408203125,3476.7492752112885,3418.1730952660005,3468.45838299686,2305460,LT.NS
2025-01-17,3501.474853515625,3512.4642201709044,3445.842202889545,3457.665425707677,1600246,LT.NS
2025-01-20,3525.366455078125,3549.0617669668163,3489.5535200348877,3507.607068183891,1593334,LT.NS
2025-01-21,3474.44384765625,3574.720027879145,3461.688554449648,3544.7450409346275,2576596,LT.NS
2025-01-22,3451.974609375,3514.917216368667,3424.4036974855876,3495.931358053237,1626055,LT.NS
2025-01-23,3437.305908203125,3461.393834523996,3395.4588343972428,3426.267674714997,1993204,LT.NS
2025-01-24,3393.10400390625,3454.820140016338,3381.182807077918,3448.344280291684,1206454,LT.NS
2025-01-27,3392.564208984375,3428.1318506048647,3337.1277468724393,3382.310964343468,1552938,LT.NS
2025-01-28,3349.637939453125,3416.603227219977,3339.9734958614013,3399.727041435355,1657689,LT.NS
2025-01-29,3384.763916015625,3389.964198440322,3347.773616520515,3366.4159666711275,1238704,LT.NS
2025-01-30,3356.55517578125,3451.5822007897996,3331.0936974899964,3389.9642782998344,2717740,LT.NS
2025-01-31,3500.248291015625,3522.422971557076,3415.523859925367,3435.147386229306,3995513,LT.NS
2025-02-01,3382.60546875,3560.885163747996,3337.961944796954,3510.6489825054387,4752505,LT.NS
2025-02-03,3227.28515625,3355.6230688993624,3208.446618509039,3355.6230688993624,6077580,LT.NS
2025-02-04,3374.41259765625,3384.077280663159,3244.995531015724,3253.5808242038374,4742516,LT.NS
2025-02-05,3319.515869140625,3385.9905686499983,3315.836457728667,3379.8091095689065,2670316,LT.NS
2025-02-06,3289.638916015625,3339.9242025552717,3279.7780460632407,3339.9242025552717,2874856,LT.NS
2025-02-07,3274.087158203125,3306.515083407039,3248.773000846423,3303.6206611792763,1722789,LT.NS
2025-02-10,3265.992431640625,3285.959465386548,3232.0438750085987,3284.782101722402,1236663,LT.NS
2025-02-11,3178.66796875,3297.7338184720784,3170.1808888673863,3297.6847117439966,2593537,LT.NS
2025-02-12,3227.7265625,3237.8818331583598,3161.5953748165225,3197.6536043221495,1632415,LT.NS
2025-02-13,3202.21630859375,3252.501599824765,3191.7177688701327,3227.726895364606,2127644,LT.NS
2025-02-14,3176.70556640625,3223.949352168714,3160.908770636458,3213.4017062314106,1378340,LT.NS
2025-02-17,3161.203125,3178.42257833882,3134.416962685713,3153.0593133707102,1966689,LT.NS
2025-02-18,3159.534912109375,3179.9925347243548,3123.0843067039864,3166.256065891852,2428215,LT.NS
2025-02-19,3214.235595703125,3240.6784906837115,3151.146146335195,3159.5350127175934,1677978,LT.NS
2025-02-20,3214.1376953125,3223.605951743544,3186.6156494153197,3198.684167030369,1236693,LT.NS
2025-02-21,3252.69775390625,3262.3130903234783,3209.3295683975134,3214.1374761511306,1706850,LT.NS
2025-02-24,3196.378173828125,3262.901978815365,3188.8231637798635,3227.7758172868807,1512844,LT.NS
2025-02-25,3165.176513671875,3187.7926751766895,3146.0435759227034,3172.142961183161,2529084,LT.NS
2025-02-27,3149.08544921875,3197.1630896648376,3124.0654526600715,3177.0489747843317,2572065,LT.NS
2025-02-28,3104.294921875,3139.568164101987,3081.8749462348164,3139.568164101987,2494680,LT.NS
2025-03-03,3137.115234375,3166.256124456815,3100.5173081138937,3106.3552595666883,1352460,LT.NS
2025-03-04,3152.51953125,3160.3689418475724,3108.1704092827163,3111.35923233798,1442098,LT.NS
2025-03-05,3178.66796875,3183.91735820943,3127.84322382045,3152.519713999044,1945855,LT.NS
2025-03-06,3198.53662109375,3204.9633739617284,3154.48189971204,3188.9212846995256,1854837,LT.NS
2025-03-07,3183.622802734375,3227.088962235665,3179.1095353253827,3198.5366351008324,930240,LT.NS
2025-03-10,3117.884033203125,3185.192826495493,3109.39695361073,3184.898425682085,1777752,LT.NS
2025-03-11,3135.300048828125,3144.0815296132955,3101.596783544536,3110.6235584273086,1274649,LT.NS
2025-03-12,3133.53369140625,3161.3010294624005,3093.698076123559,3144.67013857302,1360149,LT.NS
2025-03-13,3127.303466796875,3172.2902592716723,3118.227585447547,3141.9720055011107,1414376,LT.NS
2025-03-17,3113.7138671875,3179.0603042887783,3099.535917625877,3129.9523827877642,2805790,LT.NS
2025-03-18,3113.7138671875,3113.7138671875,3113.7138671875,3113.7138671875,0,LT.NS
2025-03-19,3257.06396484375,3263.9813059444155,3206.974864816384,3213.352511021465,1616312,LT.NS
2025-03-20,3287.97119140625,3295.6732823449274,3215.2168183211816,3272.4685565268173,2434722,LT.NS
2025-03-21,3351.649169921875,3389.964152755653,3270.0153487978005,3293.8088743272724,3042073,LT.NS
2025-03-24,3416.308837890625,3450.797089440793,3381.1335712860314,3384.077100222148,1955564,LT.NS
2025-03-25,3404.28955078125,3458.646624609594,3370.6842608825614,3439.0230976614544,4235900,LT.NS
2025-03-26,3379.956298828125,3430.977468430945,3354.1513132161595,3407.625423665269,2315715,LT.NS
2025-03-27,3435.687255859375,3461.5902160800647,3386.0396359672063,3394.870223253125,3467864,LT.NS
2025-03-28,3426.562255859375,3447.853734999173,3407.1840227158823,3443.8308160982156,1348143,LT.NS
2025-04-01,3372.10693359375,3435.6872090959696,3365.434886492868,3414.4937040802274,1935147,LT.NS
2025-04-02,3355.52490234375,3392.662522995936,3343.84899960094,3368.3784083421438,1338839,LT.NS
2025-04-03,3355.77001953125,3397.8135197153474,3329.131178860576,3335.999412946053,1200631,LT.NS
2025-04-04,3198.781982421875,3339.728108861073,3176.3622465458607,3335.999590821154,2366979,LT.NS
2025-04-07,3010.739501953125,3032.4235941840825,2909.482154847765,2991.655670666104,4953864,LT.NS
2025-04-08,3101.5966796875,3133.779072579321,3034.4840731036807,3066.127010634854,2877816,LT.NS
2025-04-09,2996.65966796875,3099.339917217843,2990.625529205188,3099.339917217843,4451381,LT.NS
2025-04-11,3057.29638671875,3097.5737236219484,3041.793752546452,3055.3831407534835,3979116,LT.NS
2025-04-15,3196.280029296875,3210.4088722810916,3116.3141603815607,3120.140652155829,2161492,LT.NS
2025-04-16,3166.94287109375,3215.1187259113617,3163.4107799450203,3208.446678792638,1578260,LT.NS
2025-04-17,3186.173828125,3188.7247427629723,3102.8718170188463,3153.598823065942,3209331,LT.NS
2025-04-21,3218.7490234375,3228.0701987835314,3164.3919493428566,3188.332556518871,1643003,LT.NS
2025-04-22,3196.476318359375,3223.1642668148684,3186.8607423484605,3218.258385130219,2060322,LT.NS
2025-04-23,3238.863037109375,3252.599505609687,3205.2086413746097,3213.744827462232,2381699,LT.NS
2025-04-24,3238.470703125,3244.750135843254,3218.258374830926,3244.750135843254,1993448,LT.NS
2025-04-25,3210.50732421875,3272.9099981703844,3169.2979163177597,3247.6938131494953,2004819,LT.NS
2025-04-28,3264.66796875,3287.725611926078,3193.5326866110368,3198.6347554899353,1689485,LT.NS
2025-04-29,3259.76220703125,3312.8437033754367,3252.5995718298336,3272.2230986583695,1843861,LT.NS
2025-04-30,3278.110107421875,3291.846575995328,3241.1198078152197,3261.4301098683964,1930714,LT.NS
2025-05-02,3272.125,3311.37205503395,3262.411449697103,3262.411449697103,1411889,LT.NS
2025-05-05,3267.513427734375,3286.940767342896,3238.5687254547884,3286.940767342896,1947332,LT.NS
2025-05-06,3271.241943359375,3289.8842939664023,3240.6292892189426,3283.0160595322345,1695516,LT.NS
2025-05-07,3258.879150390625,3276.93293960756,3222.2814628541255,3269.279715893045,2422707,LT.NS
2025-05-08,3261.33203125,3302.6396521287957,3237.6858245265303,3247.7919890181015,3204333,LT.NS
2025-05-09,3379.072998046875,3411.5500297244885,3268.298288470599,3268.298288470599,5637694,LT.NS
2025-05-12,3519.67578125,3534.9822282429814,3424.305487222601,3446.87254344212,3147384,LT.NS
2025-05-13,3499.85595703125,3538.1218337691867,3478.2700778457474,3519.6756709198476,2374439,LT.NS
2025-05-14,3505.84130859375,3548.91485449886,3499.8560370465675,3519.4795640274842,2440116,LT.NS
2025-05-15,3550.09228515625,3580.0181643664896,3476.3078702255784,3526.34786497057,3720879,LT.NS
2025-05-16,3536.846435546875,3573.4443622898734,3532.234954487519,3573.4443622898734,1278520,LT.NS
2025-05-19,3532.43115234375,3551.760279104204,3519.4796720478375,3536.8464460499713,1519244,LT.NS
2025-05-20,3500.64111328125,3565.594941297928,3489.063184164951,3561.6702358039292,1532347,LT.NS
2025-05-21,3521.44189453125,3542.53718590278,3488.0818988739466,3498.5804378335674,1563885,LT.NS
2025-05-22,3484.549560546875,3524.38541579733,3470.322503606713,3517.517181412424,1597159,LT.NS
2025-05-23,3532.136474609375,3563.239955026323,3484.353236599373,3502.7993989904503,1119217,LT.NS
2025-05-26,3580.01806640625,3603.370111223932,3540.476611967004,3547.7374606151934,1678934,LT.NS
2025-05-27,3571.48193359375,3596.0113424783226,3535.178408444583,3580.01811997658,2013954,LT.NS
2025-05-28,3577.663330078125,3594.0489270179364,3551.8583444730903,3591.1053980031797,1293244,LT.NS
2025-05-29,3586.493896484375,3599.8377508808176,3549.895971369164,3594.9318692177867,1972248,LT.NS
2025-05-30,3605.92138671875,3625.741101558025,3585.7090576029964,3586.4940466109406,2571304,LT.NS
2025-06-02,3610.336669921875,3627.703443776553,3537.729618480499,3605.9213762531426,1954517,LT.NS
2025-06-03,3609.54443359375,3633.7083192679256,3580.329782758445,3619.6457221369187,2472483,LT.NS
2025-06-04,3591.42138671875,3626.2808538220524,3580.329771064847,3609.7424388776626,1086783,LT.NS
2025-06-05,3607.36572265625,3641.828913569135,3577.0616155800667,3594.7883746045572,1466416,LT.NS
2025-06-06,3620.93310546875,3631.529557321097,3587.9551639417327,3609.742360631415,1172711,LT.NS
2025-06-09,3643.314453125,3673.024267606258,3626.7760380862514,3628.5586753109446,898170,LT.NS
2025-06-10,3644.205810546875,3668.1716786661445,3631.727592034163,3668.1716786661445,1454535,LT.NS
2025-06-11,3649.157470703125,3656.2877777101226,3620.7351303210544,3654.2079940176677,1265737,LT.NS
2025-06-12,3569.039794921875,3672.1329443594564,3550.3227091501217,3649.157403635138,2335718,LT.NS
2025-06-13,3552.699462890625,3561.216372952479,3452.1812588153534,3467.333312317492,1981445,LT.NS
2025-06-16,3593.599853515625,3618.358030699406,3527.3470680834566,3540.9145008243536,1322630,LT.NS
2025-06-17,3587.261962890625,3592.51074496453,3567.1582740674103,3586.9648163998227,930603,LT.NS
2025-06-18,3566.6630859375,3603.8994819775367,3552.5013599115728,3586.964791688359,743311,LT.NS
2025-06-19,3586.07373046875,3607.761798287031,3556.3639160442067,3572.110020977579,1580819,LT.NS
2025-06-20,3626.577880859375,3634.401368325457,3579.0421795264283,3579.0421795264283,2575277,LT.NS
2025-06-23,3549.03515625,3624.5971618319845,3540.023324767535,3609.7422554310338,1867977,LT.NS
2025-06-24,3569.93115234375,3648.365009734674,3562.206552664393,3601.918765795773,2751637,LT.NS
2025-06-25,3584.7861328125,3606.7713463703085,3573.9914222108846,3604.7906921438557,1405262,LT.NS
2025-06-26,3624.201171875,3633.510149954749,3585.0832512090933,3585.0832512090933,2578926,LT.NS
2025-06-27,3643.611572265625,3695.306600719016,3629.5489752059107,3629.5489752059107,2720600,LT.NS
2025-06-30,3634.302490234375,3681.5410452023384,3617.3677998783687,3646.3844326657727,1508882,LT.NS
2025-07-01,3631.232421875,3643.314364447488,3609.742371612438,3634.302532674973,1054380,LT.NS
2025-07-02,3562.008544921875,3638.659765390575,3549.233180324374,3631.1334245333373,1330176,LT.NS
2025-07-03,3548.242919921875,3589.9357881315314,3541.4097595471326,3570.129245852185,1229034,LT.NS
2025-07-04,3559.830078125,3565.177748035417,3535.567062895315,3555.2744765130965,696402,LT.NS
2025-07-07,3546.757568359375,3574.8830045666114,3540.518700719949,3565.078620686346,719539,LT.NS
2025-07-08,3571.515625,3579.0422078155057,3525.5645433932486,3545.3710857718625,1513912,LT.NS
2025-07-09,3545.073974609375,3570.2284287483444,3533.6852126281756,3570.1292993238308,1008876,LT.NS
2025-07-10,3540.122314453125,3555.175238350839,3534.4774982138674,3540.4194609455244,1063910,LT.NS
2025-07-11,3506.352294921875,3551.9073424046946,3501.3015299023646,3540.419451110438,1439747,LT.NS
2025-07-14,3462.08447265625,3514.373792805488,3454.260985141215,3506.35228822281,1358844,LT.NS
2025-07-15,3460.202880859375,3486.941712508832,3448.0218091965844,3484.961058312576,1585193,LT.NS
2025-07-16,3469.908203125,3481.9901456043294,3443.367388016568,3470.1062201927107,1266964,LT.NS
2025-07-17,3440.396484375,3480.9998971151767,3433.959357964972,3480.9998971151767,2217275,LT.NS
2025-07-18,3431.285400390625,3465.1545390122947,3416.628510886658,3455.2512679662464,1818696,LT.NS
2025-07-21,3468.91796875,3474.166750969609,3411.5778820384844,3434.0585016330883,1521623,LT.NS
2025-07-22,3431.08740234375,3473.6714680777977,3420.6889676877618,3468.1255395496387,2586522,LT.NS
2025-07-23,3451.19091796875,3456.2416830424227,3425.1455078779727,3442.575120295206,1192261,LT.NS
2025-07-24,3443.862548828125,3459.608653274326,3427.522151400184,3451.1908727811447,1083671,LT.NS
2025-07-25,3409.59716796875,3443.3674197024875,3404.1503687716367,3436.435129815252,1338744,LT.NS
2025-07-28,3389.097412109375,3412.7663752777876,3372.162963472787,3396.9211414026654,2256080,LT.NS
2025-07-29,3461.78759765625,3470.4033952948885,3373.549354035884,3384.938115982578,1241060,LT.NS
2025-07-30,3629.64794921875,3649.6525082735493,3555.274287332012,3586.9647545171442,8760659,LT.NS
2025-07-31,3601.324462890625,3627.4690013557615,3585.9743929951746,3589.935701355291,1927627,LT.NS
2025-08-01,3552.6005859375,3600.8294691403003,3543.4896246354265,3600.8294691403003,1205945,LT.NS
2025-08-04,3595.976806640625,3601.621622718892,3542.4000141599004,3560.4239189093996,1033049,LT.NS
2025-08-05,3617.26904296875,3622.3195663637375,3573.397501890162,3594.887552678455,1158433,LT.NS
2025-08-06,3593.302734375,3635.4907653288005,3587.1627547425182,3614.6938963361813,931383,LT.NS
2025-08-07,3606.375244140625,3613.703567928493,3564.385230265241,3575.3779577261193,1211790,LT.NS
2025-08-08,3572.7041015625,3626.8749449533707,3565.1775189774735,3606.375222575065,1337067,LT.NS
2025-08-11,3632.916015625,3641.3337963890554,3565.177735364706,3575.0810068518304,1822410,LT.NS
2025-08-12,3650.44482421875,3691.840303623083,3637.570571903948,3644.4037321901733,2280103,LT.NS
2025-08-13,3657.97119140625,3680.055534276156,3645.6912319755174,3660.2489921110528,1227196,LT.NS
2025-08-14,3641.432861328125,3672.6281659601173,3606.474265241853,3664.2103853451354,1769702,LT.NS
2025-08-18,3599.938232421875,3665.6958568764157,3586.6677038660705,3663.2200390614244,1950151,LT.NS
2025-08-19,3578.052001953125,3618.655415205292,3573.2983832653463,3613.6046500159473,1352944,LT.NS
2025-08-20,3557.55224609375,3584.8851301879954,3545.3711738723932,3578.547133180976,1325096,LT.NS
2025-08-21,3577.65576171875,3612.713244185897,3553.2936184591554,3564.187216509058,1624009,LT.NS
2025-08-22,3561.018310546875,3599.343921779132,3547.3517479193424,3575.08090731123,1060447,LT.NS
2025-08-25,3568.247802734375,3582.9044509333585,3549.629604209751,3581.0229260853794,980393,LT.NS
2025-08-26,3507.04541015625,3565.1775626130416,3496.8449926629582,3564.1872355123155,1787363,LT.NS
2025-08-28,3525.66357421875,3542.3008759282447,3502.9849387620147,3505.7579029732888,1695226,LT.NS
2025-08-29,3566.16796875,3580.0325484674395,3505.9560313355887,3541.013756545707,1678055,LT.NS
2025-09-01,3563.593017578125,3593.501090073076,3547.252620072072,3566.1679648058634,1094155,LT.NS
2025-09-02,3540.3203125,3584.885032747986,3525.5645351739663,3563.5929997406147,1230950,LT.NS
2025-09-03,3565.969970703125,3571.4167699068885,3525.5645755266655,3559.2356978772013,1314831,LT.NS
2025-09-04,3557.849365234375,3589.836738301471,3537.943693090656,3587.856084029622,1434998,LT.NS
2025-09-05,3519.2265625,3574.1897178498575,3514.770090444606,3558.047337382281,830812,LT.NS
2025-09-08,3495.458740234375,3545.272001528127,3490.903138717606,3535.467859637405,1039999,LT.NS
2025-09-09,3490.903076171875,3515.6612540170654,3482.386166281497,3512.888289742588,1522116,LT.NS
2025-09-10,3515.661376953125,3542.796244108677,3506.847562043667,3524.5743212890625,1136732,LT.NS
2025-09-11,3505.4609375,3530.2191160593115,3498.825794001922,3513.680701137509,1177793,LT.NS
2025-09-12,3545.173095703125,3560.6220538086504,3513.7797741497543,3521.9992958762114,1146873,LT.NS
2025-09-15,3551.510986328125,3572.109838298191,3540.914534747763,3546.3613337803777,1177076,LT.NS
2025-09-16,3632.32177734375,3638.461756993749,3558.344391500482,3569.0397307325097,2928060,LT.NS
2025-09-17,3649.8505859375,3668.1716375830956,3627.2710793373817,3636.4811698717945,1610471,LT.NS
2025-09-18,3650.345703125,3664.210282572572,3636.976287229127,3655.2973386419903,1270148,LT.NS
2025-09-19,3639.84814453125,3669.161923547063,3635.490801981449,3643.413418820417,2227521,LT.NS
2025-09-22,3609.2470703125,3657.872227019285,3598.7495064736067,3657.872227019285,839430,LT.NS
2025-09-23,3622.220458984375,3637.9665629945675,3578.249791146559,3611.6237657042916,1262120,LT.NS
2025-09-24,3638.263916015625,3673.3214002597188,3601.918958126379,3622.220664612041,1745130,LT.NS
2025-09-25,3609.14794921875,3668.171540480224,3600.5321518936316,3648.364998684974,1999071,LT.NS
2025-09-26,3693.425048828125,3758.1923467252477,3625.5876401018277,3628.558621505899,5870301,LT.NS
2025-09-29,3652.722412109375,3703.8233876452027,3644.0077269734734,3701.8427334272105,2599630,LT.NS
2025-09-30,3623.60693359375,3660.8433300329384,3612.7133352691994,3659.2587099286434,1676302,LT.NS
2025-10-01,3634.797607421875,3652.3263487550407,3580.032470376755,3623.507733402203,2005028,LT.NS
2025-10-03,3696.990234375,3709.7653573938487,3630.8363350117334,3654.30703918401,1959124,LT.NS
2025-10-06,3700.8525390625,3730.5623533980297,3667.1814161488996,3684.0169776056996,1581506,LT.NS
2025-10-07,3693.623046875,3729.571970034924,3688.968557721745,3711.746081702309,1673945,LT.NS
2025-10-08,3693.72216796875,3723.6299988590886,3679.0652781280623,3693.9201850384043,1424633,LT.NS
2025-10-09,3732.740966796875,3759.6778163536533,3694.0193211149704,3699.36699090069,1827249,LT.NS
2025-10-10,3747.397705078125,3762.252611414323,3723.629854940209,3728.581490385608,1129678,LT.NS
2025-10-13,3733.0380859375,3747.397829204802,3708.7750714513695,3743.4365207172705,1191248,LT.NS
2025-10-14,3708.081787109375,3750.1706886121997,3694.1180783697487,3738.484780545012,1364583,LT.NS
2025-10-15,3791.665283203125,3806.7182066235514,3708.0817734729926,3710.755608261642,2575918,LT.NS
2025-10-16,3824.4453125,3848.3120509754262,3792.952861793004,3793.250008284209,2330283,LT.NS
2025-10-17,3802.261962890625,3832.070906816416,3793.0521138191575,3822.6627988916825,1337364,LT.NS
2025-10-20,3835.23974609375,3849.9957650830866,3808.203767666286,3824.643294384854,1223232,LT.NS
2025-10-21,3850.58984375,3857.3241164940473,3839.6962454749205,3854.3531351462984,260327,LT.NS
2025-10-23,3880.794921875,3927.8354611063683,3852.3725812636535,3852.3725812636535,2815778,LT.NS
2025-10-24,3867.128173828125,3901.7896221286937,3859.7998500419208,3891.2922999965385,1146636,LT.NS
2025-10-27,3885.845703125,3909.81157169803,3869.2081587194034,3874.1597944485043,1057688,LT.NS
2025-10-28,3934.37158203125,3947.4438514977546,3879.4084275510377,3884.162046024061,3391806,LT.NS
2025-10-29,3919.81396484375,3977.846990406787,3882.082403950858,3949.424649733679,2563641,LT.NS
2025-10-30,3948.929443359375,4023.303107769138,3937.1446471867516,3941.5019898608934,4959400,LT.NS
2025-10-31,3991.909423828125,4006.7643303770587,3941.6998880485453,3962.3978695741725,2328183,LT.NS
2025-11-03,3941.9970703125,4001.911860603646,3936.451141772266,3991.018262368892,1154072,LT.NS
2025-11-04,3886.439697265625,3951.4052537889265,3878.913356135383,3946.4536181325493,2042881,LT.NS
2025-11-06,3844.053955078125,3939.521395450818,3834.6458471704373,3906.8405995609546,1749063,LT.NS
2025-11-07,3844.945068359375,3855.2443737626,3794.0423507725736,3839.5973985882933,1577294,LT.NS
2025-11-10,3880.596923828125,3905.652248992122,3856.3339087372,3857.3242358837683,1397176,LT.NS
2025-11-11,3916.74365234375,3928.4295603955593,3859.3046809566613,3890.9951479288484,1775462,LT.NS
2025-11-12,3916.34765625,3935.361888262145,3898.8186731125243,3931.5985969168373,981350,LT.NS
2025-11-13,3963.7841796875,3983.9867556218724,3887.628123140424,3916.3476087646436,1834962,LT.NS
2025-11-14,3965.665771484375,3972.6971906573467,3933.1832357904595,3963.2890831386517,1916910,LT.NS
2025-11-17,3988.740478515625,3991.018279239245,3961.4075951694253,3965.6658083468374,1206133,LT.NS
2025-11-18,3960.912353515625,3987.8492021957804,3940.4123891863123,3981.1149295809723,1748928,LT.NS
2025-11-19,3980.718994140625,3987.5521545670804,3941.799089911349,3968.24077569857,923032,LT.NS
2025-11-20,3998.3466796875,4008.844244034204,3968.934012122414,3995.9699912742126,1463574,LT.NS
2025-11-21,3985.967529296875,4017.757126566254,3976.361404586955,3987.056985840705,1241149,LT.NS
2025-11-24,3974.47998046875,3998.941012601106,3964.9727431625206,3986.0667597125935,1584741,LT.NS
2025-11-25,3958.040283203125,4016.2715652006113,3943.086489019054,3974.182663333758,1749083,LT.NS
2025-11-26,4022.708740234375,4035.186958592229,3959.3278048884863,3960.318132003266,2058237,LT.NS
2025-11-27,4041.822021484375,4099.954173609447,4020.331971877068,4031.6216040492895,2225064,LT.NS
2025-11-28,4030.2353515625,4064.5007666881884,4015.4793323803274,4045.486292526487,1318133,LT.NS
2025-12-01,4033.80029296875,4063.7081230151744,4010.8247526182095,4047.46685529645,1251770,LT.NS
2025-12-02,3991.513427734375,4049.0515296938343,3984.878284435106,4027.1652037915483,1490917,LT.NS
2025-12-03,3949.424560546875,4007.754731291664,3931.697801783636,3992.9989538929285,1123990,LT.NS
2025-12-04,3945.067138671875,3970.4193674055587,3923.378830079243,3951.405135410527,1026968,LT.NS
2025-12-05,3999.138916015625,4008.84417011926,3936.649419992529,3960.318141380168,1073758,LT.NS
2025-12-08,3958.040283203125,4008.7449825080844,3938.4317582128697,4007.853784827241,1127841,LT.NS
2025-12-09,3958.832763671875,3981.015995016837,3910.9010265469324,3951.405310081496,1788464,LT.NS
2025-12-10,3952.692626953125,3991.018237603577,3931.5986112372702,3961.3084244204233,957277,LT.NS
2025-12-11,3965.170654296875,3976.1633820273128,3946.0575343270825,3954.5742024814103,841371,LT.NS
2025-12-12,4034.69189453125,4074.205850673743,4009.4385524816194,4021.7185122960796,2207898,LT.NS
2025-12-15,4052.7158203125,4056.3799823899935,4024.4914967045615,4033.4044410018055,1064975,LT.NS
2025-12-16,4024.491455078125,4064.1042986548377,4012.0132364794144,4044.1988683310005,2199214,LT.NS
2025-12-17,4023.104736328125,4039.544262989653,4000.9215058784503,4039.544262989653,1087334,LT.NS
2025-12-18,3992.107666015625,4032.413930594411,3984.48195392906,4027.6603121627704,1004303,LT.NS
2025-12-19,4034.097412109375,4051.9232997779573,4001.020583924859,4001.020583924859,1327935,LT.NS
2025-12-22,4033.008056640625,4058.8556911192977,4029.145877593964,4041.524966562853,764774,LT.NS
2025-12-23,4019.539794921875,4055.389588594661,4014.0929957186345,4049.447625827489,1867147,LT.NS
2025-12-24,4014.39013671875,4041.2278567796284,4008.9433375229637,4025.679769249292,1021436,LT.NS
2025-12-26,4008.15087890625,4022.213475225605,3991.216188959028,4012.805367872498,594330,LT.NS
2025-12-29,3999.634033203125,4021.817505436967,3994.3852511874034,4013.7957591696304,952143,LT.NS
2025-12-30,4012.805419921875,4024.590215731732,3967.4483902648694,3999.931167587476,1362208,LT.NS
2025-12-31,4044.000732421875,4054.894330574597,4008.8441202017266,4018.7473912496557,1160164,LT.NS
2026-01-01,4100.35009765625,4106.688094182946,4048.754202455465,4050.437710116081,1360716,LT.NS
2026-01-02,4123.1279296875,4132.3382622505915,4087.179247826558,4098.072846397531,984027,LT.NS
2026-01-05,4110.25341796875,4154.422102468241,4092.8235646412827,4122.632506474317,1167460,LT.NS
2026-01-06,4100.54833984375,4144.518764794459,4089.9516468306983,4112.828298731514,1205337,LT.NS
2026-01-07,4116.7900390625,4139.5675639358315,4054.399427452941,4066.2833534738093,1213160,LT.NS
2026-01-08,3989.43359375,4129.5648784288605,3952.6926033998798,4119.760736848472,2328813,LT.NS
2026-01-09,3986.2646484375,4054.3992021941363,3967.448433283204,3990.0279398241755,1718127,LT.NS
2026-01-12,3980.124755859375,3987.9482435148198,3906.147367225221,3987.057045804888,1386513,LT.NS
2026-01-13,3849.797607421875,3989.0376992976735,3799.8852165355447,3989.0376992976735,4978634,LT.NS
2026-01-14,3828.40673828125,3867.128384712603,3819.295776872643,3862.2758783975337,1914244,LT.NS
2026-01-15,3828.40673828125,3828.40673828125,3828.40673828125,3828.40673828125,0,LT.NS
2026-01-16,3819.097412109375,3876.1403509815955,3811.4719416346966,3852.3725000813506,1807300,LT.NS
2026-01-19,3832.367919921875,3840.8845880477356,3771.660819385843,3783.0495812141053,1709380,LT.NS
2026-01-20,3773.6416015625,3836.824522029507,3763.2431664971787,3820.682141143715,1658119,LT.NS
2026-01-21,3730.067138671875,3792.952911486335,3685.997581345206,3763.243097558244,2537185,LT.NS
2026-01-22,3757.10302734375,3764.5304806471427,3718.777416654062,3762.1535505226097,1856812,LT.NS
2026-01-23,3707.586669921875,3762.648711979561,3684.1159658520496,3761.2623507419985,1898703,LT.NS
2026-01-27,3751.1611328125,3778.097982259424,3702.833120751766,3707.586739308066,2162193,LT.NS
2026-01-28,3757.301025390625,3791.170163926839,3732.6419772598138,3767.5014428981335,2111741,LT.NS
2026-01-29,3894.857421875,3922.586581151978,3806.421403747047,3822.662671754787,4227139,LT.NS
2026-01-30,3894.263427734375,3904.2655866955392,3854.15517890676,3864.751630858486,2208465,LT.NS
2026-02-02,3883.369873046875,3896.739289473399,3788.001320848518,3793.646137206122,3034613,LT.NS
2026-02-03,3999.733154296875,4082.1283209589596,3991.61252040333,4077.176685441057,3742190,LT.NS
2026-02-04,4047.566162109375,4067.2735755397516,3978.0450032605168,3990.028058400209,1403373,LT.NS
2026-02-05,4023.996337890625,4048.9525335965986,3996.8612290417004,4048.457370023944,1433240,LT.NS
2026-02-06,4028.749755859375,4038.5538973979255,4003.1992684273296,4015.7763741904337,1630836,LT.NS
2026-02-09,4073.809814453125,4084.80254240429,4023.1048715286006,4034.4936336236087,1830267,LT.NS
2026-02-10,4128.673828125,4134.219756795737,4082.524486896545,4099.954341193931,1890409,LT.NS
2026-02-11,4130.06005859375,4147.1930076310955,4100.251116046062,4132.53587635422,1689489,LT.NS
2026-02-12,4145.41015625,4158.3835381126855,4120.651978480812,4147.390810471535,2006458,LT.NS
2026-02-13,4133.5263671875,4158.383675198847,4094.1115403028602,4133.724626039453,2234376,LT.NS
2026-02-16,4160.859375,4165.315847018922,4095.299526542819,4129.664070867548,852552,LT.NS
2026-02-17,4238.40185546875,4245.532404224515,4149.569802086287,4169.376344676558,1763048,LT.NS
2026-02-18,4284.05615234375,4293.068226185325,4219.883145984599,4248.998667692766,2042626,LT.NS
2026-02-19,4239.09521484375,4292.077715484829,4220.675033797088,4284.254227989648,2007080,LT.NS
2026-02-20,4338.22705078125,4347.536028937959,4225.824923381601,4225.824923381601,2542442,LT.NS
2026-02-23,4375.3642578125,4388.733673664306,4329.413177077925,4353.08189805949,2122782,LT.NS
2026-02-24,4218.00146484375,4397.052414797838,4187.202194686123,4372.789400346814,3673070,LT.NS
2026-02-25,4256.9208984375,4302.871977644797,4213.049602782989,4228.69657702178,2481469,LT.NS
2026-02-26,4245.037109375,4298.0196091654025,4236.9162337408725,4263.2590312828725,2370148,LT.NS
2026-02-27,4236.91650390625,4263.061527830492,4213.247781445278,4247.414068535446,2357853,LT.NS
2026-03-02,4027.36328125,4101.340669322136,3936.946366148908,4021.718464978784,6542141,LT.NS
2026-03-04,3845.044189453125,3920.705085036719,3723.629987304386,3911.7921409181713,7635350,LT.NS
2026-03-05,3999.634033203125,4033.5031718602877,3871.089526534894,3886.2415796070422,4996312,LT.NS
2026-03-06,3911.593994140625,3976.1632721469473,3902.8790673801045,3976.1632721469473,2379314,LT.NS
2026-03-09,3804.93603515625,3814.7401772178378,3706.794517997499,3812.759522920217,4248784,LT.NS
2026-03-10,3838.5078125,3933.5792134287926,3813.7496351747936,3897.9274380804954,3330102,LT.NS
2026-03-11,3801.667724609375,3859.007567059743,3794.933451965104,3842.1720063386033,2066473,LT.NS
2026-03-12,3683.521728515625,3792.952875444238,3669.0628558297135,3788.0012398366084,4255443,LT.NS
2026-03-13,3405.73486328125,3661.239252559111,3391.3751204729983,3660.2489254688862,10778730,LT.NS
2026-03-16,3435.8408203125,3460.995274278437,3363.7451992550614,3420.0947157845285,8459233,LT.NS
2026-03-17,3508.531005859375,3515.6613128422805,3416.6285998044696,3444.3577594550566,5003418,LT.NS
2026-03-18,3573.001220703125,3603.602474645025,3520.613011283426,3534.477591355991,4190485,LT.NS
2026-03-19,3401.278564453125,3494.171298598927,3388.899475195398,3492.586678462303,4898518,LT.NS
2026-03-20,3401.57568359375,3489.9128154706173,3377.0155223481283,3441.3867859706,4743217,LT.NS
2026-03-23,3310.0693359375,3376.916417885746,3256.294765660181,3372.16304103714,5645839,LT.NS
2026-03-24,3482.782470703125,3512.789430852937,3357.7041068495646,3406.72529938431,6037848,LT.NS
2026-03-25,3614.000732421875,3624.5971840303014,3511.6998946916524,3535.3686156571594,5090205,LT.NS
2026-03-27,3529.625,3604.7907320135955,3512.6903094648965,3604.7907320135955,3991388,LT.NS
2026-03-30,3470.205322265625,3509.3232431038955,3457.33106983784,3466.144884403692,3549203,LT.NS
2026-04-01,3572.60498046875,3647.2755464119623,3562.503692497252,3619.6455172871188,4099786,LT.NS
2026-04-02,3578.151123046875,3593.8972280231887,3436.435211143694,3505.0649310073672,4121638,LT.NS
2026-04-06,3691.642333984375,3700.8524244991,3542.4000862813164,3581.61713670185,3353246,LT.NS
2026-04-07,3687.284912109375,3700.060034891855,3622.616504608955,3644.4037006454223,3083714,LT.NS
2026-04-08,3967.1513671875,3992.9990020822556,3892.975961603509,3909.811522872209,7368477,LT.NS
2026-04-09,3858.512451171875,3949.424528544847,3848.015128836471,3949.424528544847,4415151,LT.NS
2026-04-10,3921.59619140625,3926.646956334099,3877.7248942455017,3893.9661619938656,2822017,LT.NS
2026-04-13,3916.050537109375,3933.2821321015367,3778.6922153895466,3788.0011935064013,4897563,LT.NS
2026-04-15,4036.87060546875,4064.302619137815,3992.107866693713,4006.2693514998937,4562142,LT.NS
2026-04-16,4079.949462890625,4108.867208128145,4049.447581112553,4088.0703386726873,5092608,LT.NS
2026-04-17,4056.47900390625,4102.826119595728,4033.4043337058415,4094.0123049589974,2796673,LT.NS
2026-04-20,4011.815185546875,4090.051028464229,3985.0763531573994,4060.3412146981454,3545024,LT.NS
2026-04-21,4035.97900390625,4052.220513563709,3992.9989040809,3999.931193844929,2426718,LT.NS
2026-04-22,3982.20458984375,4030.6314906487546,3972.202188941561,4030.6314906487546,2178082,LT.NS
2026-04-23,4014.88525390625,4024.6893956337844,3940.0164272955244,3971.1126019970075,2229134,LT.NS
2026-04-24,3975.47021484375,4048.5564048149936,3944.670944632933,4032.6120414365805,2162213,LT.NS
2026-04-27,4014.39013671875,4049.942783848703,3991.2163368910456,4018.7474793637457,2000348,LT.NS
2026-04-28,3998.643798828125,4048.3581723284724,3984.977236097506,4020.728142151919,1750237,LT.NS
2026-04-29,4056.47900390625,4086.089688016648,4012.112300673278,4020.7280982422662,2175030,LT.NS
2026-04-30,3975.173095703125,4060.341228794921,3951.40524460774,4043.5056676023564,2569328,LT.NS
2026-05-01,3975.173095703125,3975.173095703125,3975.173095703125,3975.173095703125,0,LT.NS
2026-05-04,4061.13330078125,4099.459154130804,3987.0570248896283,3987.0570248896283,2173027,LT.NS
2026-05-05,4015.28125,4050.4378622518193,3985.0762732766066,4045.486226723394,3849402,LT.NS
2026-05-06,3969.726318359375,3982.1054075397396,3862.2758242738087,3935.5600322215682,9540104,LT.NS
2026-05-07,3984.0859375,4026.471985886887,3952.3954701870493,3989.0375730176484,3477185,LT.NS
2026-05-08,3936.05517578125,3975.173097392361,3921.6954324050193,3971.21178887478,1620273,LT.NS
2026-05-11,3902.0869140625,3915.258313263493,3848.510361331151,3909.811514041804,2027769,LT.NS
2026-05-12,3819.196533203125,3901.8888476132015,3809.788425575631,3887.133070256449,2255075,LT.NS
2026-05-13,3877.923095703125,3914.7632172643916,3810.7788666919755,3810.7788666919755,2486330,LT.NS
2026-05-14,3902.284912109375,3949.424580037098,3887.0339710746266,3903.86953222323,2982228,LT.NS
2026-05-15,3871.188720703125,3911.197839728613,3855.3434867478295,3911.197839728613,1339185,LT.NS
2026-05-18,3879.903564453125,3886.7367247380407,3814.7399928548766,3836.4280596540248,1771638,LT.NS
2026-05-19,3883.07275390625,3921.695512743879,3862.2758837629112,3902.780167473302,2318170,LT.NS
2026-05-20,3872.872314453125,3905.3550931385853,3845.5394303407566,3863.8604825083903,1972259,LT.NS
2026-05-21,3890.5,3931.5985745195367,3874.8527835138552,3931.5985745195367,1624945,LT.NS
2026-05-22,3926.60009765625,3960.0,3900.10009765625,3907.0,1330428,LT.NS
2026-05-25,4033.39990234375,4038.39990234375,3961.5,3970.0,2099927,LT.NS
2026-05-26,4037.800048828125,4052.89990234375,4014.199951171875,4029.60009765625,1552847,LT.NS
2026-05-27,4047.5,4069.89990234375,4017.89990234375,4043.0,1607028,LT.NS
2026-05-28,4047.5,4047.5,4047.5,4047.5,0,LT.NS
2026-05-29,4076.5,4128.0,4045.0,4045.800048828125,4882940,LT.NS
2026-06-01,4010.800048828125,4105.7998046875,4002.10009765625,4089.0,1409388,LT.NS
2026-06-02,4000.89990234375,4017.0,3923.5,3980.0,2085054,LT.NS
2026-06-03,3953.199951171875,4008.0,3894.0,4000.89990234375,1872929,LT.NS
2026-06-04,3942.10009765625,3974.89990234375,3930.10009765625,3945.0,1398297,LT.NS
2026-06-05,3953.199951171875,3978.0,3923.89990234375,3960.0,1278243,LT.NS
2026-06-08,3875.5,3916.699951171875,3863.10009765625,3901.10009765625,1678709,LT.NS
2026-06-09,3900.60009765625,3924.89990234375,3885.0,3924.89990234375,1506501,LT.NS
2026-06-10,3917.5,3962.800048828125,3900.0,3904.0,2033070,LT.NS
2026-06-11,3862.0,3909.800048828125,3854.39990234375,3900.0,2224659,LT.NS
2026-06-12,4049.300048828125,4059.800048828125,3921.0,3930.0,3065790,LT.NS
2026-06-15,4169.7998046875,4214.89990234375,4130.0,4130.0,3978153,LT.NS
2026-06-16,4186.39990234375,4235.39990234375,4177.10009765625,4205.0,2647549,LT.NS
2026-06-17,4207.7001953125,4214.7001953125,4172.0,4200.10009765625,1312925,LT.NS
2026-06-18,4190.0,4244.89990234375,4165.60009765625,4207.7001953125,1485427,LT.NS
2026-06-19,4209.39990234375,4217.5,4161.60009765625,4190.0,1397746,LT.NS
2026-06-22,4201.2998046875,4235.39990234375,4190.0,4228.0,1169466,LT.NS
2026-06-23,4179.39990234375,4242.39990234375,4166.0,4210.0,2198497,LT.NS
2026-06-24,4181.7001953125,4215.0,4170.0,4176.5,1367416,LT.NS
2026-06-25,4216.39990234375,4272.2998046875,4187.10009765625,4207.0,3104020,LT.NS
2026-06-26,4216.39990234375,4216.39990234375,4216.39990234375,4216.39990234375,0,LT.NS
2026-06-29,4165.2001953125,4252.0,4157.7998046875,4225.0,2706906,LT.NS
2026-06-30,4143.39990234375,4193.7998046875,4134.10009765625,4183.0,1539094,LT.NS
2026-07-01,4092.60009765625,4142.7998046875,4081.10009765625,4130.10009765625,1437109,LT.NS
2026-07-02,4059.39990234375,4110.0,4012.0,4100.0,2481554,LT.NS
2026-07-03,4026.60009765625,4094.0,4019.0,4080.0,1505428,LT.NS
2026-07-06,4041.0,4068.0,4016.5,4027.699951171875,1252054,LT.NS
2026-07-07,3991.89990234375,4046.300048828125,3975.0,4044.5,2442514,LT.NS
2026-07-08,3892.10009765625,3988.0,3871.0,3950.0,2252308,LT.NS
2026-07-09,3886.0,3947.300048828125,3867.800048828125,3916.0,5117653,LT.NS
2026-07-10,3945.800048828125,3953.800048828125,3905.0,3905.0,1283990,LT.NS
2026-07-13,3928.5,3939.0,3875.60009765625,3895.0,1744547,LT.NS
2026-07-14,3848.699951171875,3897.89990234375,3843.0,3892.0,2409089,LT.NS
2026-07-15,3783.89990234375,3868.0,3778.60009765625,3868.0,3602201,LT.NS
2026-07-16,3775.60009765625,3802.0,3762.300048828125,3795.0,2936753,LT.NS
2026-07-17,3814.5,3828.89990234375,3767.699951171875,3788.89990234375,1942610,LT.NS
2026-07-20,3838.800048828125,3850.0,3807.0,3815.0,1450930,LT.NS
2026-07-21,3846.60009765625,3859.5,3815.699951171875,3839.0,1393919,LT.NS
2026-07-22,3817.39990234375,3843.300048828125,3806.199951171875,3835.0,1157406,LT.NS
2026-07-23,3792.39990234375,3827.60009765625,3777.699951171875,3800.0,1278355,LT.NS
2026-07-24,3785.60009765625,3805.0,3720.0,3751.0,1994087,LT.NS
2026-07-27,3806.0,3837.300048828125,3798.699951171875,3820.0,1454211,LT.NS
2026-07-28,3832.0,3837.0,3793.0,3812.0,1702441,LT.NS
2026-07-29,3931.39990234375,3978.199951171875,3891.10009765625,3895.39990234375,3115802,LT.NS
2026-07-30,3937.699951171875,3951.699951171875,3883.5,3931.39990234375,2141252,LT.NS
