Date,Close,High,Low,Open,Volume,Ticker
2020-01-01,672.2161254882812,680.0087898882745,670.3904712564104,675.9566091562889,14004468,RELIANCE.NS
2020-01-02,683.6602783203125,686.1762083080744,673.2849207275859,673.2849207275859,17710316,RELIANCE.NS
2020-01-03,684.4840698242188,686.4878962665452,678.1831277621862,682.6360622006584,20984698,RELIANCE.NS
2020-01-06,668.6093139648438,680.3650438391912,667.0507691289934,676.8472602327319,24519177,RELIANCE.NS
2020-01-07,678.8956298828125,683.304036115152,673.9528263419015,676.4019343098523,16683622,RELIANCE.NS
2020-01-08,673.7969970703125,683.2817317108661,672.3943304886236,674.6207976476823,16047902,RELIANCE.NS
2020-01-09,689.3154907226562,690.206053788195,681.8568169732863,685.1297254143482,14982742,RELIANCE.NS
2020-01-10,689.1596069335938,693.7461255846073,685.5972357997355,691.0520831577536,12478359,RELIANCE.NS
2020-01-13,687.4006958007812,694.0800969009713,685.0406443123888,688.0018555733295,18282382,RELIANCE.NS
2020-01-14,681.0330810546875,690.2061193009722,677.6711159879618,685.7531846503401,15816535,RELIANCE.NS
2020-01-15,678.5615844726562,685.7085608303954,676.0679485502039,683.9051409780271,15817859,RELIANCE.NS
2020-01-16,684.8179931640625,687.244866778881,680.4095869331176,680.8549279318096,12847975,RELIANCE.NS
2020-01-17,704.01025390625,705.7691458267952,691.6310696018056,691.764654072348,29463471,RELIANCE.NS
2020-01-20,682.3466186523438,716.4784286658733,679.6971043882497,716.4784286658733,32545850,RELIANCE.NS
2020-01-21,683.0368041992188,688.3580668407448,677.737775908007,680.6767527586403,18922720,RELIANCE.NS
2020-01-22,682.7919311523438,688.7588822425179,681.7900179448524,687.534328261155,10322817,RELIANCE.NS
2020-01-23,679.8975219726562,686.6214514994721,677.1589513580537,684.1945779592724,11247739,RELIANCE.NS
2020-01-24,677.5375366210938,684.1278823316969,676.2016324357799,679.9643509483909,14628445,RELIANCE.NS
2020-01-27,670.858154296875,678.8289332910754,670.1679380438624,674.5764045404943,13387750,RELIANCE.NS
2020-01-28,655.3617553710938,672.3942783497732,651.7326219117568,671.7708247894806,24532236,RELIANCE.NS
2020-01-29,658.9686279296875,665.4476222245518,651.9329425979813,656.385876391396,24746565,RELIANCE.NS
2020-01-30,642.8935546875,658.9018717010598,641.2237192109507,658.5901746274501,22402689,RELIANCE.NS
2020-01-31,628.599609375,647.1238564671794,626.6180767993984,647.0125063572486,34750310,RELIANCE.NS
2020-02-03,616.9551391601562,623.3896651574961,606.9583015760081,610.0085691432375,30712290,RELIANCE.NS
2020-02-04,635.167724609375,637.8840014691701,622.4323157911366,623.411935184783,25383901,RELIANCE.NS
2020-02-05,645.0087280273438,646.9234982397322,636.9044250553178,638.9527202893477,18472100,RELIANCE.NS
2020-02-06,649.1499633789062,653.2466727335321,641.268301219584,647.5024215657478,15538577,RELIANCE.NS
2020-02-07,638.3961181640625,646.7231209827357,636.0137726868787,646.121961162775,12209212,RELIANCE.NS
2020-02-10,639.2644653320312,643.6728717218461,628.0653070065835,635.8802065407942,15142476,RELIANCE.NS
2020-02-11,646.901123046875,652.8903075199792,643.4723367839457,644.5187779768384,13999816,RELIANCE.NS
2020-02-12,654.7161254882812,656.742245701073,647.9031394730254,648.4152429768247,13533565,RELIANCE.NS
2020-02-13,656.430419921875,658.0334927711046,651.2872699744411,658.0334927711046,13565659,RELIANCE.NS
2020-02-14,662.419677734375,668.5869752575289,647.0569900773629,657.8108654922579,21227841,RELIANCE.NS
2020-02-17,658.2562255859375,670.6799378673376,656.4973336908605,663.0431510030807,13149130,RELIANCE.NS
2020-02-18,653.4246826171875,657.2096942768698,648.9717487058438,657.2096942768698,11127161,RELIANCE.NS
2020-02-19,669.6334228515625,670.8134485862718,656.8534867255756,658.7459628812005,14084409,RELIANCE.NS
2020-02-20,661.6849975585938,671.5037233050037,660.7276124968037,666.6055073331329,16892268,RELIANCE.NS
2020-02-24,643.4278564453125,657.6995152268572,641.0232768478887,654.4711351131652,21370214,RELIANCE.NS
2020-02-25,630.7147827148438,646.3000526686237,627.8648619763386,646.3000526686237,27745062,RELIANCE.NS
2020-02-26,619.849609375,628.911356956024,617.779020325235,627.8649155292255,29362748,RELIANCE.NS
2020-02-27,617.2891845703125,620.6511494965837,609.6078101962304,618.0683975689975,25054993,RELIANCE.NS
2020-02-28,591.64013671875,604.264254045817,590.014829470249,603.329103417816,39315769,RELIANCE.NS
2020-03-02,586.0740966796875,609.6078528086264,579.3724007114388,603.4182603911414,29500495,RELIANCE.NS
2020-03-03,597.96337890625,602.8838887991839,588.6789907987993,592.1077777316948,27398798,RELIANCE.NS
2020-03-04,596.5606689453125,602.8393168736188,582.4003001293128,602.0378101189941,22105261,RELIANCE.NS
2020-03-05,583.8475952148438,604.6873667976507,581.5543059975552,602.1269086434213,30510390,RELIANCE.NS
2020-03-06,565.9689331054688,573.6057788366949,552.654658716733,565.5236515774449,33734039,RELIANCE.NS
2020-03-09,496.1245422363281,552.6101067897556,487.5971635409846,552.1870596312644,88187018,RELIANCE.NS
2020-03-11,513.669189453125,524.7569973633897,493.3860202311153,493.3860202311153,59578576,RELIANCE.NS
2020-03-12,473.3477478027344,490.26892105164063,466.98004375854214,483.14423842846696,55970485,RELIANCE.NS
2020-03-13,492.1837158203125,507.6354013912499,419.64530200918597,444.40363928088584,73297403,RELIANCE.NS
2020-03-16,452.2853698730469,480.78419157795764,447.5207086747309,472.2568121164352,38482258,RELIANCE.NS
2020-03-17,448.8565979003906,472.0118916262875,446.7191870864638,466.3343737158094,45445979,RELIANCE.NS
2020-03-18,431.2674560546875,461.280292373532,427.9277554968568,456.5601596607462,44730415,RELIANCE.NS
2020-03-19,408.64654541015625,430.5995508438921,397.29153849959346,409.715250893795,61404010,RELIANCE.NS
2020-03-20,453.2872619628906,460.8349919401429,414.1236220114131,418.3539154289049,63360475,RELIANCE.NS
2020-03-23,393.6623840332031,423.02953408613564,389.9219001729814,407.9785720617482,40670949,RELIANCE.NS
2020-03-24,420.0906066894531,431.9354232678665,398.8946097412174,414.1236553813101,45734887,RELIANCE.NS
2020-03-25,481.91961669921875,512.7784854174777,428.92963410724576,429.17453892225654,73130298,RELIANCE.NS
2020-03-26,474.7726745605469,497.3491012446338,464.1524132137663,487.95339378494543,45744488,RELIANCE.NS
2020-03-27,474.5055236816406,493.0742985498193,465.86682419167437,487.59718710077345,41657940,RELIANCE.NS
2020-03-30,458.8534851074219,478.6022880413513,454.20017367620915,463.3732417891349,30229866,RELIANCE.NS
2020-03-31,495.94647216796875,503.0934193486525,466.668378147016,478.2237612689132,44292810,RELIANCE.NS
2020-04-01,481.1181945800781,500.7779105092495,465.4215737109047,499.7314691179713,41597459,RELIANCE.NS
2020-04-03,479.7822570800781,505.1640473665368,470.36428521360847,505.1640473665368,41367807,RELIANCE.NS
2020-04-07,537.0693969726562,540.587180545846,489.82365880229355,490.7587797499459,54373624,RELIANCE.NS
2020-04-08,530.8575439453125,547.2666748233642,516.5413553079427,525.4472243442474,49880330,RELIANCE.NS
2020-04-09,543.2366943359375,548.9587106749909,531.2360300150857,540.5871800325931,33032857,RELIANCE.NS
2020-04-13,529.5216064453125,541.0324597756588,525.4471322437827,536.111950755027,23673784,RELIANCE.NS
2020-04-15,512.0215454101562,550.3836477833194,508.97127785494433,533.0394274350746,35321842,RELIANCE.NS
2020-04-16,520.1258544921875,528.7645528215241,509.8618490702506,512.02149392752,37455706,RELIANCE.NS
2020-04-17,545.0401611328125,547.7119694676354,531.0801974114287,541.4778491032873,33269335,RELIANCE.NS
2020-04-20,553.8570556640625,559.7348915553606,535.2437501412302,545.9308055574253,36030932,RELIANCE.NS
2020-04-21,550.9848022460938,557.5083250081677,518.3224819342147,538.8059664932713,61371628,RELIANCE.NS
2020-04-22,607.2032470703125,616.6880417343276,578.8825664491623,587.7884356237253,142683366,RELIANCE.NS
2020-04-23,610.453857421875,617.1110242514935,602.6166648338456,608.8730782936495,65464502,RELIANCE.NS
2020-04-24,630.9819946289062,665.692673747736,599.9004494609227,601.2140598103026,134986308,RELIANCE.NS
2020-04-27,636.6594848632812,656.809040623181,633.6537450993618,638.5519612553153,58482901,RELIANCE.NS
2020-04-28,635.947021484375,648.1035053145215,619.9164097345322,645.6766910891598,78453401,RELIANCE.NS
2020-04-29,635.4126586914062,647.3020336819599,632.3178625081999,643.4057306477636,37494672,RELIANCE.NS
2020-04-30,652.8012084960938,665.6924927988315,640.355265090008,647.4354184401442,71345899,RELIANCE.NS
2020-05-04,639.0862426757812,652.3559877170559,631.1822287393294,641.2236532680045,53456868,RELIANCE.NS
2020-05-05,650.4190673828125,658.5902520124664,644.4298814250894,647.3243306346986,44903763,RELIANCE.NS
2020-05-06,650.4635620117188,661.2396721044524,643.6728107196592,651.9107566845831,40489094,RELIANCE.NS
2020-05-07,671.0361328125,674.0196380436263,643.4501981639638,647.9031324834183,50026966,RELIANCE.NS
2020-05-08,695.460693359375,703.5204690653559,684.4618805987177,687.9797243116526,84262770,RELIANCE.NS
2020-05-11,702.1399536132812,719.1501837188379,700.1361272712575,703.564854514178,67085063,RELIANCE.NS
2020-05-12,658.7014770507812,698.3772514173569,652.3560664564766,696.79641276918,100683202,RELIANCE.NS
2020-05-13,672.677001953125,686.4096865474885,653.5950534044931,686.4096865474885,66430125,RELIANCE.NS
2020-05-14,645.4813842773438,672.7894520264449,642.8292538253183,660.3378567998212,49266771,RELIANCE.NS
2020-05-15,656.0224609375,659.3039301915819,636.1089238922658,649.0999085460102,62152260,RELIANCE.NS
2020-05-18,647.6389770507812,666.181474909855,641.9076865534937,660.7873261418357,62796089,RELIANCE.NS
2020-05-19,633.3218994140625,657.0563561877386,630.7821895369445,654.9436171986698,42315854,RELIANCE.NS
2020-05-20,644.469970703125,650.3810982575258,626.1746653038855,633.8164459231173,55320985,RELIANCE.NS
2020-05-21,647.8637084960938,656.9438839898754,640.5590706705585,645.0542141170009,39167981,RELIANCE.NS
2020-05-22,643.5034790039062,655.3931503743523,641.233434844536,652.6061872445827,37828973,RELIANCE.NS
2020-05-26,640.132080078125,651.6621368125705,636.6483020759156,650.9653812121286,33216635,RELIANCE.NS
2020-05-27,649.7966918945312,653.5950802585778,634.7154397533718,643.2562252592883,35667956,RELIANCE.NS
2020-05-28,661.7987060546875,665.1700639694456,651.3474905739236,654.0445650157022,40126278,RELIANCE.NS
2020-05-29,658.27001953125,661.6863216286777,652.9882315987021,659.8882522484166,40022527,RELIANCE.NS
2020-06-01,683.42041015625,691.5116927649323,663.4619289082036,665.282470467664,39943702,RELIANCE.NS
2020-06-02,690.3204956054688,692.2534575560194,683.6227235911691,685.9602437650542,22153960,RELIANCE.NS
2020-06-03,692.9951171875,701.243705152625,689.2640858781962,694.5009892228203,25381289,RELIANCE.NS
2020-06-04,710.14404296875,714.5043536279225,692.7028597821947,694.0513671813276,34202350,RELIANCE.NS
2020-06-05,710.9981689453125,727.3155677405333,707.4020299835134,716.976712812966,33076685,RELIANCE.NS
2020-06-08,705.5140991210938,727.4954324920736,703.4913080333477,727.4954324920736,31414953,RELIANCE.NS
2020-06-09,690.9722900390625,711.5825840206448,689.1068040465735,701.3785617206731,25857161,RELIANCE.NS
2020-06-10,706.7053833007812,710.0317972109347,692.2759415871488,693.6469213591369,22132647,RELIANCE.NS
2020-06-11,691.219482421875,704.8172743086072,688.2077385143969,703.9407414982666,20385805,RELIANCE.NS
2020-06-12,714.1897583007812,716.0777164159133,672.9242267053721,674.2727936948124,38548899,RELIANCE.NS
2020-06-15,725.7648315429688,731.3388178242635,701.7382332043936,703.4913585731487,53107403,RELIANCE.NS
2020-06-16,727.1806640625,741.0481806936685,712.6163324095153,738.5534152661882,51187003,RELIANCE.NS
2020-06-17,726.1243286132812,735.159560417052,720.1682571993283,722.9327480146142,41782053,RELIANCE.NS
2020-06-18,744.3521728515625,748.4427585087822,721.74156125064,722.3709004133316,40471557,RELIANCE.NS
2020-06-19,790.8770751953125,804.092782405198,747.094304408189,750.6903840730492,105804173,RELIANCE.NS
2020-06-22,784.9209594726562,811.0152901303186,779.90883714488,797.1702444845414,60198705,RELIANCE.NS
2020-06-23,773.5706787109375,792.83240486235,771.4129953643138,786.6515522559022,37962078,RELIANCE.NS
2020-06-24,776.69482421875,796.8556158794696,769.4351890087056,780.3134354719743,51586221,RELIANCE.NS
2020-06-25,772.22216796875,786.2021069841788,770.0420123108671,776.3127539840192,39679374,RELIANCE.NS
2020-06-26,782.8981323242188,787.5506408989148,771.8175772674693,777.1218971867132,30921913,RELIANCE.NS
2020-06-29,774.58203125,782.0439742026722,771.1657293301229,776.7846586950787,25621946,RELIANCE.NS
2020-06-30,766.0188598632812,782.6059245493964,762.1754677566296,780.807914512527,30276420,RELIANCE.NS
2020-07-01,781.07763671875,786.2021202640287,767.7944531593192,773.166189855075,28464103,RELIANCE.NS
2020-07-02,794.524169921875,797.7964291606368,783.1051378323464,786.6933471641555,28789533,RELIANCE.NS
2020-07-03,806.9586791992188,809.2605842388523,797.9769338084662,803.3027790862244,29434266,RELIANCE.NS
2020-07-06,835.7996215820312,838.5979258395846,808.8543255351691,814.6766894354603,47016185,RELIANCE.NS
2020-07-07,823.0039672851562,841.463976689244,815.2634586435034,839.5006450288294,35189589,RELIANCE.NS
2020-07-08,811.5173950195312,828.1945237391301,807.9066216942804,823.2748823910197,26204095,RELIANCE.NS
2020-07-09,823.3650512695312,828.2170013060332,806.2139692943585,816.4820787561033,36418942,RELIANCE.NS
2020-07-10,847.6473999023438,850.6037089763864,823.3650271392274,825.2832912510764,43759967,RELIANCE.NS
2020-07-13,873.3515014648438,879.0835514065949,857.5544142629645,859.066414273634,69608392,RELIANCE.NS
2020-07-14,865.227294921875,876.3755044340146,851.8223671864567,872.9001726962613,67331128,RELIANCE.NS
2020-07-15,832.2791137695312,893.1203699369507,811.5173183412455,874.6829238098223,139669773,RELIANCE.NS
2020-07-16,832.00830078125,843.5627139468717,818.039164673242,833.6331186808312,60961724,RELIANCE.NS
2020-07-17,862.8352661132812,866.5814210599477,829.5711436446031,832.7305852324822,49726765,RELIANCE.NS
2020-07-20,866.5360717773438,871.997357955958,857.3963818411495,865.5882812630414,36592938,RELIANCE.NS
2020-07-21,889.8480224609375,892.3078725048149,874.028433084142,875.1567920683302,42173371,RELIANCE.NS
2020-07-22,904.4942626953125,907.202312550526,884.9510213382299,895.0159986639695,59771457,RELIANCE.NS
2020-07-23,928.7765502929688,938.6609588483409,898.7846915588252,904.4716140026857,58333751,RELIANCE.NS
2020-07-24,968.6528930664062,976.2580205169854,928.7766226694645,928.866877074322,120597372,RELIANCE.NS
2020-07-27,973.1888427734375,992.4161339989756,960.4158156178775,983.3892613715004,80304827,RELIANCE.NS
2020-07-28,982.8927001953125,990.2496273324197,970.6838232619775,973.1888006028569,55114422,RELIANCE.NS
2020-07-29,946.311279296875,985.1945694094204,934.4860429521891,982.9830381867582,72663399,RELIANCE.NS
2020-07-30,951.8176879882812,965.7416374844678,935.1856290159112,947.3719425825504,72857444,RELIANCE.NS
2020-07-31,932.97412109375,960.9123366610667,926.5199162983887,954.3678774596883,74958061,RELIANCE.NS
2020-08-03,906.7510375976562,928.4155571791742,904.0880550839192,925.8428887635114,46715383,RELIANCE.NS
2020-08-04,970.6613159179688,978.0633706821992,902.8017056351508,911.9865832893145,92041055,RELIANCE.NS
2020-08-05,959.7612915039062,991.1522713264957,956.0828280071764,978.9660179222315,74549993,RELIANCE.NS
2020-08-06,963.2141723632812,978.379359794549,951.3438079467057,973.549973124917,49322975,RELIANCE.NS
2020-08-07,968.7882080078125,973.9109808198931,956.9404677314833,961.2733354792168,32984416,RELIANCE.NS
2020-08-10,956.782470703125,977.1606844285126,951.4791890501768,974.497761802115,26958997,RELIANCE.NS
2020-08-11,963.0787353515625,974.9039718853056,947.9812395926484,963.5300670431569,46828306,RELIANCE.NS
2020-08-12,960.2803955078125,968.1338417220617,950.8924453804724,957.3015226996713,30264617,RELIANCE.NS
2020-08-13,957.7754516601562,965.3805786775785,952.3367286962583,960.4609378961798,24830322,RELIANCE.NS
2020-08-14,954.0518798828125,973.549934599968,942.9713613334557,958.0011068702576,33224635,RELIANCE.NS
2020-08-17,943.919189453125,950.0800072856482,934.3281075225127,950.0800072856482,30979066,RELIANCE.NS
2020-08-18,956.1956787109375,963.3043462268563,939.8570073157018,941.0530570853402,30547672,RELIANCE.NS
2020-08-19,962.0631713867188,972.1958989128857,957.4594807962734,966.3284079855683,34087543,RELIANCE.NS
2020-08-20,946.4917602539062,958.6103827292058,942.4070922309022,956.8501235506358,22537845,RELIANCE.NS
2020-08-21,939.63134765625,957.7528424475055,937.4423204149851,955.9474560788303,25280895,RELIANCE.NS
2020-08-24,945.9050903320312,949.854317250222,934.5086218851164,943.9417586729289,32717218,RELIANCE.NS
2020-08-25,939.7442626953125,952.9235547016002,937.8937489378307,950.5313951315512,19388008,RELIANCE.NS
2020-08-26,964.6583862304688,969.4652088235415,923.9020199231386,941.0531010310551,59870421,RELIANCE.NS
2020-08-27,952.6075439453125,970.3905257659359,949.2901575537568,969.4878026998181,28085062,RELIANCE.NS
2020-08-28,955.1124877929688,962.6724872841761,950.64417889511,956.8501236807623,27166900,RELIANCE.NS
2020-08-31,939.1123046875,981.2227244337602,929.9274278526689,981.2227244337602,62076132,RELIANCE.NS
2020-09-01,942.0687255859375,957.9334441866578,930.8527654130116,947.8233392331533,38616258,RELIANCE.NS
2020-09-02,960.5511474609375,964.9743291453718,941.0530940448734,944.2124754240062,26949439,RELIANCE.NS
2020-09-03,953.2846069335938,965.3129161947521,949.177375013291,960.4609660708118,18586429,RELIANCE.NS
2020-09-04,937.55517578125,946.4466666938623,935.2758940537118,940.3986668867657,28475945,RELIANCE.NS
2020-09-07,939.9924926757812,950.4185474757394,922.6608419794579,940.6018292728933,21926473,RELIANCE.NS
2020-09-08,951.02783203125,957.3014676946553,939.0220273942846,944.2124909097532,27397082,RELIANCE.NS
2020-09-09,975.5133056640625,978.4244877673116,939.4508806683891,941.0531948204808,55310877,RELIANCE.NS
2020-09-10,1044.410888671875,1058.3800235694275,981.83194598064,985.3299004503288,140304404,RELIANCE.NS
2020-09-11,1047.006103515625,1055.1754392235675,1032.2698057113957,1043.5082682863067,59470807,RELIANCE.NS
2020-09-14,1039.2432861328125,1065.1730450418972,1029.9680930852214,1049.3760154989545,44063445,RELIANCE.NS
2020-09-15,1046.6002197265625,1049.7144745661237,1032.7438987899045,1043.4859648870015,27178393,RELIANCE.NS
2020-09-16,1049.172607421875,1069.3928153950412,1042.8538446608136,1047.1189617708817,33952295,RELIANCE.NS
2020-09-17,1037.528076171875,1053.3025400234242,1034.4137023752521,1047.1190390154095,25828669,RELIANCE.NS
2020-09-18,1040.6649169921875,1046.8708623526327,1027.5081886685462,1044.5238896915514,33074915,RELIANCE.NS
2020-09-21,1018.1654052734375,1054.3405874780703,1014.3288768661703,1038.0921685931473,33627381,RELIANCE.NS
2020-09-22,997.990234375,1027.7112111815643,993.6573068799258,1027.7112111815643,34792254,RELIANCE.NS
2020-09-23,1006.8590698242188,1027.5983602691515,995.3498434566727,1020.0383606869218,42988708,RELIANCE.NS
2020-09-24,984.4725341796875,1004.6926843399245,982.1480654339798,996.5234072507043,29826318,RELIANCE.NS
2020-09-25,993.7249755859375,998.7349303522368,978.198771791248,987.9929259452438,28374935,RELIANCE.NS
2020-09-28,1000.2921142578125,1010.1088922605071,996.1397551110359,1005.1440644113056,19666849,RELIANCE.NS
2020-09-29,1013.2908325195312,1021.8437503790619,1000.2921093414723,1004.2413960622814,25842539,RELIANCE.NS
2020-09-30,1008.46142578125,1023.1977241154949,1004.2413164953268,1020.0383427428203,24465159,RELIANCE.NS
2020-10-01,1004.3541870117188,1021.7534684542669,999.2765413206039,1021.7534684542669,20783227,RELIANCE.NS
2020-10-05,998.4640502929688,1015.1411757807246,995.6657462772324,1012.8167670183199,18922799,RELIANCE.NS
2020-10-06,997.629150390625,1008.2582772733267,993.7024274130506,1004.3541775876134,18412175,RELIANCE.NS
2020-10-07,1018.91015625,1042.154366526615,1001.9847094184659,1008.7548642742527,53170865,RELIANCE.NS
2020-10-08,1010.6729736328125,1023.6491928550894,1002.9324648078214,1019.5870284539118,21077808,RELIANCE.NS
2020-10-09,1008.0552368164062,1016.8790372265936,1000.6757456073183,1008.7548278164428,18545499,RELIANCE.NS
2020-10-12,1009.6800537109375,1018.1201535189876,1004.8055997006869,1008.7548267067875,14226473,RELIANCE.NS
2020-10-13,1029.3812255859375,1031.6605072221917,1004.6248985869269,1006.7687986300785,23112012,RELIANCE.NS
2020-10-14,1032.4503173828125,1039.897498590876,1023.8747175024403,1028.5687815922101,26742011,RELIANCE.NS
2020-10-15,995.8914184570312,1033.578657645069,990.7009550037031,1033.578657645069,20036197,RELIANCE.NS
2020-10-16,982.0352172851562,1007.6263990747995,980.6134716986062,999.7279451318866,21583600,RELIANCE.NS
2020-10-19,982.2157592773438,1005.9113606750328,972.7149909324551,988.466891534098,31200385,RELIANCE.NS
2020-10-20,973.053466796875,989.798344269808,971.40602552376,983.4795214556434,18482288,RELIANCE.NS
2020-10-21,958.9264526367188,989.3470825746206,946.8078286470422,978.5148226542062,34082321,RELIANCE.NS
2020-10-22,950.9601440429688,962.4919944695694,943.7612212611413,960.1901490428081,30802210,RELIANCE.NS
2020-10-23,953.7133178710938,963.6202899304686,946.1984454833869,950.5313131498879,23422125,RELIANCE.NS
2020-10-26,915.822998046875,948.7034169019341,911.0387387404159,948.7034169019341,37324416,RELIANCE.NS
2020-10-27,918.26025390625,929.7017897460652,904.9455811340416,918.4407627043238,36478896,RELIANCE.NS
2020-10-28,907.8567504882812,928.7314227324945,906.028800472741,921.5550042670169,29924017,RELIANCE.NS
2020-10-29,914.8299560546875,921.6452970796064,898.6267252669395,901.3347749825296,30655304,RELIANCE.NS
2020-10-30,927.287109375,932.0713684328344,912.5281277212341,917.8088456567091,34021563,RELIANCE.NS
2020-11-02,847.3766479492188,914.8751840367496,839.1170566069392,914.8751840367496,99366895,RELIANCE.NS
2020-11-03,835.1677856445312,861.6165651396491,828.2622490237949,853.0410235222982,88691623,RELIANCE.NS
2020-11-04,863.5121459960938,870.6434375225641,829.1197275153525,829.1197275153525,80180117,RELIANCE.NS
2020-11-05,882.3783569335938,885.063843200435,871.9974294692396,882.3557933334056,37205373,RELIANCE.NS
2020-11-06,915.8455200195312,920.7425971059893,892.8269476303738,898.1754160907856,66674086,RELIANCE.NS
2020-11-09,925.5719604492188,933.8315508837121,918.9371879060812,930.7172966945931,35838510,RELIANCE.NS
2020-11-10,940.85009765625,943.3099481329342,921.2843506217042,937.4424565059559,36934242,RELIANCE.NS
2020-11-11,901.4249877929688,945.5664886118119,892.8043204833926,942.8584390211519,56724780,RELIANCE.NS
2020-11-12,893.661865234375,906.5026417774758,886.8917113461868,894.1132565805676,40046527,RELIANCE.NS
2020-11-13,901.06396484375,919.2305871473199,894.4518154997988,894.564633496026,45388670,RELIANCE.NS
2020-11-14,903.7268676757812,909.5943584245174,900.5900499126363,909.4138496344937,5226220,RELIANCE.NS
2020-11-17,899.6422729492188,941.0531655438715,895.9186819311539,941.0531655438715,46542562,RELIANCE.NS
2020-11-18,896.91162109375,905.6226031588405,884.6801802584594,899.6422344929193,30402290,RELIANCE.NS
2020-11-19,890.5701904296875,907.4053210540029,888.3360360257459,896.9115763734393,27796343,RELIANCE.NS
2020-11-20,857.3287353515625,895.3770527052618,855.2976532438502,891.4052025799142,57471248,RELIANCE.NS
2020-11-23,880.4375610351562,889.148483349999,869.4021701299365,880.5729426320072,45327567,RELIANCE.NS
2020-11-24,886.4630126953125,890.9538853742781,871.997417187929,886.4404490954421,30936268,RELIANCE.NS
2020-11-25,879.1286010742188,899.5068137121415,876.6011198738435,893.6618865906463,32637879,RELIANCE.NS
2020-11-26,881.2951049804688,886.8917730806558,871.1173098416299,881.4982370696008,25838637,RELIANCE.NS
2020-11-27,871.0044555664062,882.8748194602481,867.2131737985623,875.8338420233673,47336811,RELIANCE.NS
2020-12-01,882.3333129882812,887.4560864032676,871.1174118745283,875.7662302567136,19750687,RELIANCE.NS
2020-12-02,883.8001098632812,885.5378055525415,873.3514915114731,883.9580550659119,22188887,RELIANCE.NS
2020-12-03,886.4630126953125,894.1584537844419,884.0257260648682,890.0512219953362,27785372,RELIANCE.NS
2020-12-04,878.65478515625,888.6971991448669,875.6082215278506,888.6971991448669,18464552,RELIANCE.NS
2020-12-07,883.8226928710938,886.891820126114,875.8790518310219,875.8790518310219,18242188,RELIANCE.NS
2020-12-08,899.867919921875,909.120487964561,880.1216067950427,885.1541251431139,43403061,RELIANCE.NS
2020-12-09,914.8525390625,917.9442894095523,902.3503351540464,907.179721423537,29175254,RELIANCE.NS
2020-12-10,905.8482666015625,915.552166728337,903.1402167199674,912.437912349106,16065507,RELIANCE.NS
2020-12-11,905.3067016601562,919.8399885896688,891.0667415415232,908.5563377171925,26944202,RELIANCE.NS
2020-12-14,898.7621459960938,909.4590234227397,896.5279914527346,906.2770186070177,17312747,RELIANCE.NS
2020-12-15,891.1118774414062,898.0399769590505,885.1315087967429,898.0399769590505,18551265,RELIANCE.NS
2020-12-16,892.104736328125,900.4095133302656,887.2076595531021,897.2726359718845,18561011,RELIANCE.NS
2020-12-17,896.1895141601562,904.9456238899453,892.3756687000254,895.6930552499342,20252358,RELIANCE.NS
2020-12-18,898.875,904.9004961820984,886.8918178223723,893.7071594170455,18466344,RELIANCE.NS
2020-12-21,875.4727172851562,912.6183705411303,837.3567098855556,907.2022710782971,44135540,RELIANCE.NS
2020-12-22,874.1187744140625,884.13862467934,852.3413781920493,879.6703154945026,28140001,RELIANCE.NS
2020-12-23,877.3458251953125,880.7760293674728,866.8745845082068,871.0946936975114,19501410,RELIANCE.NS
2020-12-24,900.0485229492188,902.1472362313513,878.2711268911072,878.7675857883312,20776988,RELIANCE.NS
2020-12-28,904.1782836914062,910.8130563627905,900.5675108718648,905.7128472166959,17221499,RELIANCE.NS
2020-12-29,898.197998046875,908.2404117114976,894.8128611333499,906.7509753463718,18611939,RELIANCE.NS
2020-12-30,900.6577758789062,905.9384938821528,891.6534670154136,900.5449578807359,22043630,RELIANCE.NS
2020-12-31,896.0541381835938,908.0598840441618,893.0301381174847,899.7551656628455,18781189,RELIANCE.NS
2021-01-01,897.0470581054688,901.3347986266252,894.5646443140231,897.2726941006515,10015175,RELIANCE.NS
2021-01-04,898.5591430664062,902.1924201612024,888.2459057329365,900.4773476672782,24513534,RELIANCE.NS
2021-01-05,887.3883056640625,895.286819208082,882.8296824610696,888.6971735420237,24123091,RELIANCE.NS
2021-01-06,863.986083984375,887.3431107117481,859.8788522034279,887.297983512097,46401468,RELIANCE.NS
2021-01-07,862.5869140625,877.8649187321673,859.8788642012053,866.8069639014568,32325918,RELIANCE.NS
2021-01-08,872.7647705078125,874.8861072218933,863.015742571038,865.6786654184649,27540187,RELIANCE.NS
2021-01-11,856.3131713867188,875.0665066757083,854.1692713388484,875.0665066757083,33307825,RELIANCE.NS
2021-01-12,883.3036499023438,884.6350813991116,857.5092762592445,858.9084582491231,41161546,RELIANCE.NS
2021-01-13,875.0665283203125,891.3826371793065,865.8817107313442,886.2373008139729,26619458,RELIANCE.NS
2021-01-14,884.9059448242188,887.7494361349055,875.1794806347706,877.8649670437152,21553242,RELIANCE.NS
2021-01-15,874.457275390625,890.8636390967538,866.6038890308039,884.9058936036437,20593268,RELIANCE.NS
2021-01-18,895.4447631835938,901.3348178565226,868.093322463363,879.7154269171596,35100458,RELIANCE.NS
2021-01-19,910.0908813476562,916.6804669801634,900.2741041573885,900.2741041573885,32006615,RELIANCE.NS
2021-01-20,927.3773803710938,928.8668167227358,903.3207030552749,912.3476352561834,30924537,RELIANCE.NS
2021-01-21,947.5524291992188,956.8501242760648,936.5396618324675,939.6990432246472,39087742,RELIANCE.NS
2021-01-22,925.0755004882812,954.7514084138397,918.5535459475058,952.7880171566991,30532660,RELIANCE.NS
2021-01-25,876.0595092773438,918.4633177239738,871.9974047459384,918.4633177239738,54207104,RELIANCE.NS
2021-01-27,855.2977294921875,868.8380990078514,852.1383477435087,868.8380990078514,42370131,RELIANCE.NS
2021-01-28,846.9703979492188,868.0707665841978,844.0140887864603,848.5952159319003,34067814,RELIANCE.NS
2021-01-29,831.3538818359375,863.4670185270817,825.9602859922227,854.9817319108826,43712383,RELIANCE.NS
2021-02-01,855.4330444335938,859.8110390936073,834.0844184137254,839.2297544881135,34180952,RELIANCE.NS
2021-02-02,869.1991577148438,875.6082351731134,837.2214015345261,863.9861301874793,41470034,RELIANCE.NS
2021-02-03,871.38818359375,881.0243335187519,857.554427887479,870.3275152709535,30301696,RELIANCE.NS
2021-02-04,868.5220947265625,875.6081993096957,859.8111124753323,868.3866534338506,25626981,RELIANCE.NS
2021-02-05,868.2738647460938,877.7070019033696,866.5813559125976,871.1173559922115,20248046,RELIANCE.NS
2021-02-08,880.7760620117188,888.6971388465231,870.6659579070334,872.4712846072483,21183400,RELIANCE.NS
2021-02-09,882.8973999023438,897.9948961529354,881.1597638793062,885.5152551213864,19604141,RELIANCE.NS
2021-02-10,891.0892333984375,895.8058015904561,869.8760478719553,881.8141615916637,21234156,RELIANCE.NS
2021-02-11,927.8286743164062,931.6651427302581,890.1639989701773,893.6618940174507,42539278,RELIANCE.NS
2021-02-12,921.4647216796875,937.8936480254456,909.6394857850835,927.738416899162,30497029,RELIANCE.NS
2021-02-15,917.4026489257812,930.3562442810988,913.9724445678881,924.3759353313053,15791099,RELIANCE.NS
2021-02-16,929.5438842773438,938.5256299749142,918.4859291608079,920.6298293819443,21421660,RELIANCE.NS
2021-02-17,940.2633056640625,945.9953555067547,925.5268870227972,929.7695004811927,23742994,RELIANCE.NS
2021-02-18,933.2449340820312,951.6146304224952,929.3633380518262,941.0531936529034,18646877,RELIANCE.NS
2021-02-19,938.9318237304688,950.0574695218014,926.745509641073,928.4155145358285,23403483,RELIANCE.NS
2021-02-22,906.3447265625,943.2647459186029,900.4096042931712,938.7964367473062,23804335,RELIANCE.NS
2021-02-23,913.2728271484375,926.5649358038843,908.8270818640342,924.3533449611235,25644108,RELIANCE.NS
2021-02-24,930.220947265625,932.1391518608341,914.491550200775,916.2292459832904,10807663,RELIANCE.NS
2021-02-25,967.8404541015625,971.2932222091624,935.637002954952,936.9910577541981,34855693,RELIANCE.NS
2021-02-26,941.4142456054688,963.123891576847,934.5989040579532,955.4962007136306,37481215,RELIANCE.NS
2021-03-01,948.5905151367188,953.2393924295695,930.8977886745398,952.4269238065036,17680764,RELIANCE.NS
2021-03-02,950.5313110351562,961.3635697154016,942.9036206682259,957.752856616694,17150760,RELIANCE.NS
2021-03-03,993.9055786132812,1001.9395335212855,951.0730007855624,957.3241328149178,31924461,RELIANCE.NS
2021-03-04,982.0576782226562,988.4216276043541,973.8657789482086,983.9307553112692,21435754,RELIANCE.NS
2021-03-05,983.3440551757812,998.3512962856287,971.7670781260525,973.0985692708165,25511666,RELIANCE.NS
2021-03-08,988.9407958984375,1007.3556183257853,978.5147413680846,978.7403773670584,19506841,RELIANCE.NS
2021-03-09,988.9182739257812,999.1863843088685,968.856067882206,992.957815333975,15154484,RELIANCE.NS
2021-03-10,984.8109741210938,999.7730887336929,979.5302558776189,996.1171885060364,11519358,RELIANCE.NS
2021-03-12,964.7938842773438,995.8463528292266,958.6104430105866,990.7010162557301,16864952,RELIANCE.NS
2021-03-15,951.8402709960938,969.894016181107,939.022056998036,965.899662068002,16698099,RELIANCE.NS
2021-03-16,948.0941162109375,959.5582754400099,945.7922708635552,954.1421160708194,13873801,RELIANCE.NS
2021-03-17,927.6707763671875,949.1773492874154,918.5310260738679,946.9431947370554,19210236,RELIANCE.NS
2021-03-18,906.796142578125,940.9629260845496,903.1402423037733,935.5918936777657,20647480,RELIANCE.NS
2021-03-19,939.6990356445312,945.9501672736187,894.925692603433,898.6267197251416,41787429,RELIANCE.NS
2021-03-22,930.8527221679688,936.088313055874,917.6734905482226,934.7343179799378,18572478,RELIANCE.NS
2021-03-23,942.1815185546875,952.2013688377597,927.9641819762402,930.6496682735799,17421165,RELIANCE.NS
2021-03-24,924.0374145507812,938.6835185270156,920.9231603023551,938.6835185270156,16822814,RELIANCE.NS
2021-03-25,898.8298950195312,927.0614969311192,895.9187129062007,927.0614969311192,22001648,RELIANCE.NS
2021-03-26,900.274169921875,908.8722746334809,890.818529006779,908.1049928320286,20180202,RELIANCE.NS
2021-03-30,915.9132690429688,924.7596332154852,898.8750045089173,906.2996230548414,20441701,RELIANCE.NS
2021-03-31,904.0879516601562,925.2108826971944,902.2374380883726,910.8130382876154,16250796,RELIANCE.NS
2021-04-01,912.5507202148438,916.2291839450849,904.1105608753422,910.813084242052,11723312,RELIANCE.NS
2021-04-05,899.3489379882812,913.9724790288182,885.582933146535,913.9499154284324,14875099,RELIANCE.NS
2021-04-06,895.602783203125,904.9230424620014,888.6971873373794,904.4942743627021,14009194,RELIANCE.NS
2021-04-07,903.9751586914062,923.8569132620463,899.6648545655975,902.6888544411458,24266353,RELIANCE.NS
2021-04-08,905.103515625,912.6183880971798,899.529411169469,907.6536202120652,15369188,RELIANCE.NS
2021-04-09,894.5872192382812,905.5548598128081,893.661932570132,901.9892738152234,14037885,RELIANCE.NS
2021-04-12,862.5869140625,885.2669734194948,857.6672732350632,884.1837415365642,20901482,RELIANCE.NS
2021-04-13,871.9071655273438,875.8790157297038,865.6109063786529,868.3866470158723,19411189,RELIANCE.NS
2021-04-15,877.5489501953125,885.0863863250735,863.421868505896,869.4247410901053,19723716,RELIANCE.NS
2021-04-16,872.0425415039062,880.0764962565872,869.492436882543,874.0736236379038,15656948,RELIANCE.NS
2021-04-19,858.3216552734375,864.9564280013587,853.0409372873982,859.3597599294095,18478808,RELIANCE.NS
2021-04-20,858.0734252929688,866.1298835841033,853.2440391612164,862.2934748740392,17203668,RELIANCE.NS
2021-04-22,860.4429931640625,864.0763296197583,847.0380660893645,854.05647971313,14490954,RELIANCE.NS
2021-04-23,859.517822265625,866.0848449417196,855.4557174605446,860.262540485022,11828857,RELIANCE.NS
2021-04-26,874.6378784179688,885.5378891909199,862.7449497505725,866.581418789522,20846778,RELIANCE.NS
2021-04-27,897.5662231445312,901.4251961956888,874.8184700013499,875.6083154940629,19992524,RELIANCE.NS
2021-04-28,901.47021484375,906.2996013229371,893.7297060704715,901.7184741400474,17122437,RELIANCE.NS
2021-04-29,913.5436401367188,922.7736442808828,905.9836407520165,913.0245579839406,17412606,RELIANCE.NS
2021-04-30,900.2064208984375,918.9371927131189,897.0696030939774,906.5252433975188,19828769,RELIANCE.NS
2021-05-03,884.206298828125,893.2106078294329,877.0073762854873,887.3431167617707,23640186,RELIANCE.NS
2021-05-04,865.046630859375,888.1555160324492,862.5191497068099,880.121561842195,21849830,RELIANCE.NS
2021-05-05,866.62646484375,874.9311830141904,861.1877417678091,868.0933376376232,12393609,RELIANCE.NS
2021-05-06,871.546142578125,873.3515291463112,860.5333143582229,867.4163469186785,14624666,RELIANCE.NS
2021-05-07,871.8845825195312,882.6717141211767,869.289350739611,874.5926322966467,12288548,RELIANCE.NS
2021-05-10,869.3795776367188,878.6772726130321,867.0100416182049,875.1568139833493,13941237,RELIANCE.NS
2021-05-11,872.5164794921875,874.9537063750458,862.0678019203975,864.3245797004668,13478264,RELIANCE.NS
2021-05-12,863.4895629882812,872.4036175039552,860.7138223730607,871.1398768410697,13177961,RELIANCE.NS
2021-05-14,874.3895263671875,876.5108030934095,860.2624453618109,870.2145443263449,13291616,RELIANCE.NS
2021-05-17,884.7930297851562,886.1921519936135,871.2752254332202,874.3895393110239,11873078,RELIANCE.NS
2021-05-18,897.2501831054688,903.8623926091062,890.2768962963072,894.1133650520243,12064918,RELIANCE.NS
2021-05-19,901.3573608398438,910.1134700489604,890.0512067367108,893.6619198826413,16317002,RELIANCE.NS
2021-05-20,896.0992431640625,907.6085298258828,894.1133478678807,901.7410386469029,11422532,RELIANCE.NS
2021-05-21,903.8397827148438,907.0217278069957,896.3700373777015,899.0780871843959,10785605,RELIANCE.NS
2021-05-24,896.2119750976562,907.1119838096187,894.5645936578591,906.2995151967815,8551760,RELIANCE.NS
2021-05-25,886.0568237304688,901.3348284850034,884.6350781454706,901.0640055897504,14780102,RELIANCE.NS
2021-05-26,889.1710815429688,893.436318314461,887.0272410491106,891.4052361303035,7480204,RELIANCE.NS
2021-05-27,891.9017333984375,899.5294239766795,885.6506014850115,889.283937975624,26819294,RELIANCE.NS
2021-05-28,945.4762573242188,950.0799477100439,898.1753741090896,898.1753741090896,56469931,RELIANCE.NS
2021-05-31,975.039306640625,989.2115150434242,941.0756583298827,948.7259121956556,59124142,RELIANCE.NS
2021-06-01,978.9209594726562,993.860450495012,968.8107952002592,977.6120318921522,28013832,RELIANCE.NS
2021-06-02,993.52197265625,997.2455637461187,973.5499623771119,973.5499623771119,24630162,RELIANCE.NS
2021-06-03,997.313232421875,1015.5249829566307,991.197541606595,1002.4359457378657,23974257,RELIANCE.NS
2021-06-04,988.669921875,1000.3822800699458,985.8489944972179,999.637561927722,14468646,RELIANCE.NS
2021-06-07,1005.3245849609375,1011.9142309078353,986.1876070242225,993.8604848949419,16336573,RELIANCE.NS
2021-06-08,999.5474243164062,1005.2117836404444,992.1228056254331,1004.9635840254113,9674735,RELIANCE.NS
2021-06-09,981.674072265625,1002.4358661639994,973.9786315641471,1001.5332028305284,11409161,RELIANCE.NS
2021-06-10,985.284912109375,1006.4980988117626,982.8250618353879,989.9788572705107,14155653,RELIANCE.NS
2021-06-11,1002.375244140625,1009.1011338517071,987.4063134106076,988.6745196444147,13762778,RELIANCE.NS
2021-06-14,1016.7555541992188,1022.8019971914159,994.1775627019242,1003.2133236938203,20332436,RELIANCE.NS
2021-06-15,1019.0653686523438,1030.3430126999276,1014.6720508016263,1024.0475051449755,15174215,RELIANCE.NS
2021-06-16,1001.6732177734375,1017.7291568032897,999.0689384128791,1016.7554197633551,10797349,RELIANCE.NS
2021-06-17,1003.507568359375,1012.2715613635339,987.315775310826,996.419402245226,15745975,RELIANCE.NS
2021-06-18,1008.0367431640625,1012.2715649781592,989.331239663787,1007.9688163777718,29369026,RELIANCE.NS
2021-06-21,1013.2905883789062,1017.9329709190221,996.4873942658087,998.0046654296643,12186448,RELIANCE.NS
2021-06-22,1008.0819702148438,1024.0473996901744,1005.1832816303848,1020.8768841757212,12871913,RELIANCE.NS
2021-06-23,998.842529296875,1019.3370107371757,997.1893446925246,1019.0653035968686,16653951,RELIANCE.NS
2021-06-24,975.3587646484375,1003.0320420254984,969.24439537304,999.5219522378009,91461975,RELIANCE.NS
2021-06-25,953.14306640625,975.3587188779936,942.5674531142881,975.3587188779936,55355022,RELIANCE.NS
2021-06-28,944.7868041992188,963.1299720367883,942.5222185353294,961.0918688993542,20277042,RELIANCE.NS
2021-06-29,945.60205078125,955.2039275943256,943.9262837366043,946.3720075153033,27144063,RELIANCE.NS
2021-06-30,955.9512329101562,961.3862145219897,947.0740283906408,949.4291830957576,19762858,RELIANCE.NS
2021-07-01,950.1991577148438,961.6126545352091,948.863024683412,959.280142195751,12534407,RELIANCE.NS
2021-07-02,964.2848510742188,966.0286046961062,947.9345027993265,949.7688254664646,14086620,RELIANCE.NS
2021-07-05,973.8640747070312,975.3813457995719,965.3944913619939,967.6364346091955,11702287,RELIANCE.NS
2021-07-06,962.3599853515625,973.2752927037599,960.2765977537204,971.4863144110957,10070124,RELIANCE.NS
2021-07-07,955.6793823242188,963.6960603661638,950.2217589268929,963.6960603661638,10454892,RELIANCE.NS
2021-07-08,947.7760009765625,958.8045791709611,942.5221577829742,958.8045791709611,11185460,RELIANCE.NS
2021-07-09,938.0836181640625,947.3684433649398,935.7737479702222,945.692616426164,9037675,RELIANCE.NS
2021-07-12,943.92626953125,951.8070347554016,939.5782363454429,941.9560333000883,8585292,RELIANCE.NS
2021-07-13,950.9917602539062,952.5090313833667,945.7152147930674,951.1276138236502,6717133,RELIANCE.NS
2021-07-14,944.7868041992188,954.2301252196338,942.6354298484742,951.2861518765445,8532544,RELIANCE.NS
2021-07-15,943.1336669921875,948.8630578642602,941.3899132919198,948.8630578642602,9448356,RELIANCE.NS
2021-07-16,956.743896484375,957.8082625960851,945.5115365015023,945.5794632937067,8828185,RELIANCE.NS
2021-07-19,950.6520385742188,961.9976083202988,947.6174964042133,951.1275859545519,8354449,RELIANCE.NS
2021-07-20,948.3195190429688,954.7509997157346,943.8809767465054,950.9011562369292,6741464,RELIANCE.NS
2021-07-22,960.5030517578125,961.9523961689722,950.2897739918685,959.7330950269046,7972397,RELIANCE.NS
2021-07-23,953.709228515625,966.7306251488294,952.0560439551456,966.7306251488294,9937030,RELIANCE.NS
2021-07-26,940.642578125,960.6388700312618,938.0382987131833,954.750983452507,12389668,RELIANCE.NS
2021-07-27,930.7462158203125,943.7449695480559,924.8583297259997,940.6198584710684,10824523,RELIANCE.NS
2021-07-28,922.7523193359375,932.1050710097164,913.1957274047861,932.1050710097164,12897848,RELIANCE.NS
2021-07-29,929.9536743164062,939.5329082786225,925.4924300252735,930.2933681370648,13765738,RELIANCE.NS
2021-07-30,921.8238525390625,936.6115854453042,919.9215431668897,932.1050565925411,11350608,RELIANCE.NS
2021-08-02,938.6724853515625,941.7975969636952,924.4735097135498,930.4293835078141,10925104,RELIANCE.NS
2021-08-03,945.5794067382812,947.051393415347,934.9132237953986,946.5984882609035,11817299,RELIANCE.NS
2021-08-04,952.8261108398438,957.468493410625,945.239695070289,948.5912889902256,13169800,RELIANCE.NS
2021-08-05,966.6400146484375,975.9474211617123,953.0524422703517,957.6042553564475,21252078,RELIANCE.NS
2021-08-06,946.168212890625,972.3921457790564,941.5031281309346,964.6925186543999,16620987,RELIANCE.NS
2021-08-09,940.7783813476562,946.5078316871239,935.9548011334763,942.5221349162108,7494143,RELIANCE.NS
2021-08-10,945.7152099609375,957.0155553586313,939.238504866793,942.9750770172923,11919198,RELIANCE.NS
2021-08-11,958.963134765625,960.1859966454768,943.6092248291548,949.7462363911606,9184963,RELIANCE.NS
2021-08-12,955.88330078125,962.9941092821113,953.3922326146494,962.4052906590396,8137612,RELIANCE.NS
2021-08-13,971.8032836914062,973.7282353115995,955.181228214771,958.9630848706249,12780901,RELIANCE.NS
2021-08-16,984.4171142578125,997.7782056289792,963.8772875225334,973.4791642916643,21935444,RELIANCE.NS
2021-08-17,980.2276000976562,989.716205298415,972.7997402220516,982.3110475847799,12658169,RELIANCE.NS
2021-08-18,984.0321044921875,990.4408829212671,974.9511198541776,984.6435653646352,10075860,RELIANCE.NS
2021-08-20,972.98095703125,983.7377088016336,967.8856094241049,970.6031001945055,9426282,RELIANCE.NS
2021-08-23,979.3670043945312,984.6434896207061,965.7567897152866,984.6434896207061,9854395,RELIANCE.NS
2021-08-24,989.036865234375,992.7960796490014,976.3098177521405,980.5899239821464,11864472,RELIANCE.NS
2021-08-25,997.5969848632812,1005.4778098902966,987.4063495975512,989.8068486851395,13380559,RELIANCE.NS
2021-08-26,1010.210693359375,1016.7553848783828,998.6839258042111,1000.0427010414176,18589616,RELIANCE.NS
2021-08-27,1008.829345703125,1015.7817181947378,1003.6887734868195,1013.1773788430729,10480636,RELIANCE.NS
2021-08-30,1028.2369384765625,1030.7733511879242,1013.086868200183,1019.0653841621985,14027062,RELIANCE.NS
2021-08-31,1022.7565307617188,1034.351165067264,1015.5550939662595,1031.2486961976206,26485463,RELIANCE.NS
2021-09-01,1026.8101806640625,1038.495504793424,1024.9532755584123,1029.482446811587,11145486,RELIANCE.NS
2021-09-02,1039.1749267578125,1045.2440116453542,1021.3299483032399,1021.3299483032399,9956770,RELIANCE.NS
2021-09-03,1081.79443359375,1084.7384068201698,1042.8435137983438,1046.2403322593964,30664428,RELIANCE.NS
2021-09-06,1098.59765625,1123.2363883848902,1092.4378833660398,1092.890848363497,33641710,RELIANCE.NS
2021-09-07,1105.5274658203125,1113.2723180946527,1092.4380808510261,1100.5906136768078,17349882,RELIANCE.NS
2021-09-08,1101.2017822265625,1111.460402276985,1090.0147098003558,1110.5545921591392,14301651,RELIANCE.NS
2021-09-09,1098.59765625,1104.1458485171872,1094.2949080752658,1099.6393200037396,8963249,RELIANCE.NS
2021-09-13,1074.11767578125,1101.949452386577,1072.5324776130421,1101.949452386577,16311160,RELIANCE.NS
2021-09-14,1072.7135009765625,1084.2854942866497,1071.6037904973264,1075.6801166083583,8908356,RELIANCE.NS
2021-09-15,1077.1746826171875,1085.0780298856923,1072.7360805602518,1072.7360805602518,9071075,RELIANCE.NS
2021-09-16,1099.775146484375,1103.647571826163,1072.0565884901453,1078.6465641491313,13448882,RELIANCE.NS
2021-09-17,1082.722900390625,1112.2984866148895,1075.9517858407112,1107.837242193017,34882133,RELIANCE.NS
2021-09-20,1084.4439697265625,1095.3139316833478,1073.415392150155,1074.3664868663025,11779819,RELIANCE.NS
2021-09-21,1089.1318359375,1094.5215333838828,1079.7563812162018,1089.2676895218028,9915736,RELIANCE.NS
2021-09-22,1100.8170166015625,1106.025455452025,1086.210362198153,1090.6263219107966,10995912,RELIANCE.NS
2021-09-23,1127.72021484375,1130.9358947742098,1107.6106545484265,1108.4711801776828,15748397,RELIANCE.NS
2021-09-24,1124.459228515625,1134.7631343059459,1119.613065939266,1133.9026086017536,15192163,RELIANCE.NS
2021-09-27,1143.3685302734375,1145.8370159244848,1121.1077134942575,1126.4068411721403,15373834,RELIANCE.NS
2021-09-28,1154.0574951171875,1161.689135216267,1138.092065214608,1147.6939414575027,18035258,RELIANCE.NS
2021-09-29,1144.90869140625,1163.9991145771864,1141.3758992926414,1163.9991145771864,9719875,RELIANCE.NS
2021-09-30,1141.013427734375,1147.965800183617,1132.4533348800387,1143.617767070168,13590654,RELIANCE.NS
2021-10-01,1143.0289306640625,1150.320936930379,1130.0302358504632,1133.1779894261922,8958928,RELIANCE.NS
2021-10-04,1157.72607421875,1166.1955973057436,1149.075293250508,1156.2993722307872,10918552,RELIANCE.NS
2021-10-05,1181.7535400390625,1183.021746414647,1153.7405072590436,1157.2506571555696,13533634,RELIANCE.NS
2021-10-06,1159.40185546875,1186.6221652780882,1155.438860897584,1186.6221652780882,10258881,RELIANCE.NS
2021-10-07,1165.086181640625,1177.020571318369,1162.9574494692135,1175.3220421537414,6336665,RELIANCE.NS
2021-10-08,1209.857177734375,1215.8130517029124,1169.2077239223584,1170.9061333611987,15772493,RELIANCE.NS
2021-10-11,1201.4326171875,1231.9366542030143,1198.1263679197398,1223.5124154081877,14768666,RELIANCE.NS
2021-10-12,1208.29443359375,1215.1788796176056,1196.2694750157295,1197.9680041586355,6682011,RELIANCE.NS
2021-10-13,1220.591064453125,1231.7102112927382,1208.9736680853593,1213.3669853963502,9959762,RELIANCE.NS
2021-10-14,1223.0595703125,1230.7818997818822,1217.0810544912147,1223.0369280495506,8623469,RELIANCE.NS
2021-10-18,1226.320556640625,1243.2596035729455,1205.8033136478314,1208.6567177514992,13594479,RELIANCE.NS
2021-10-19,1237.3037109375,1246.1356302424738,1226.5016753447112,1233.6577079515857,8833409,RELIANCE.NS
2021-10-20,1223.0595703125,1242.2406818392346,1219.0286485058555,1242.2406818392346,12710570,RELIANCE.NS
2021-10-21,1187.7772216796875,1235.5600608138357,1179.0358711096487,1235.2883536749923,20831669,RELIANCE.NS
2021-10-22,1189.99658203125,1206.9810344630644,1182.7951444896785,1186.6449281501523,11027475,RELIANCE.NS
2021-10-25,1178.40185546875,1213.8201056097269,1163.9990998346134,1213.8201056097269,17198417,RELIANCE.NS
2021-10-26,1205.2371826171875,1208.7926167498356,1179.013250231775,1185.3315195274101,9750178,RELIANCE.NS
2021-10-27,1189.99658203125,1212.3707315877277,1186.6222858874532,1201.138372284091,9896298,RELIANCE.NS
2021-10-28,1176.952392578125,1194.77472717133,1173.283867099268,1186.644837678606,9886181,RELIANCE.NS
2021-10-29,1148.7132568359375,1175.843002928945,1133.0649360229452,1175.843002928945,14233025,RELIANCE.NS
2021-11-01,1149.4151611328125,1157.6582624374937,1129.6225892164332,1148.7131311991511,15481114,RELIANCE.NS
2021-11-02,1132.6571044921875,1154.0348738636576,1130.143454028727,1152.6760985535552,10569130,RELIANCE.NS
2021-11-03,1124.866943359375,1141.3531452072293,1114.6309640383438,1135.0348760961226,11989430,RELIANCE.NS
2021-11-04,1131.77392578125,1134.514118637374,1127.7656464746356,1129.1016597099565,1705656,RELIANCE.NS
2021-11-08,1133.177978515625,1141.3531527093287,1112.5475239087214,1141.0813257713814,20337183,RELIANCE.NS
2021-11-09,1142.123046875,1145.384011549245,1126.429444729638,1134.5593339553402,15682497,RELIANCE.NS
2021-11-10,1154.8953857421875,1158.56403111527,1133.9479393972968,1139.8585280650227,10253470,RELIANCE.NS
2021-11-11,1157.00146484375,1164.2254244154967,1148.3959679290283,1150.4341308509872,10722478,RELIANCE.NS
2021-11-12,1174.4615478515625,1177.0206028987552,1158.111197547698,1160.783463915503,8712341,RELIANCE.NS
2021-11-15,1167.5318603515625,1178.583081524526,1163.9990683781703,1177.586582367733,4803269,RELIANCE.NS
2021-11-16,1140.4022216796875,1166.2637612012684,1130.0303872332545,1164.927627982119,11337581,RELIANCE.NS
2021-11-17,1115.98974609375,1131.819202659116,1114.6309708056715,1131.819202659116,10202029,RELIANCE.NS
2021-11-18,1120.201904296875,1127.3127730233773,1109.6715745881545,1114.1781038166205,8505625,RELIANCE.NS
2021-11-22,1070.5845947265625,1109.1958761849858,1064.809860242095,1103.3532149230834,24124307,RELIANCE.NS
2021-11-23,1080.5941162109375,1087.5691305828452,1045.7874503355001,1056.6800550508478,25326999,RELIANCE.NS
2021-11-24,1064.9913330078125,1091.4869745646124,1061.4358986030797,1077.944744457766,16820296,RELIANCE.NS
2021-11-25,1129.1016845703125,1133.2006528139436,1067.5954770563671,1074.7742721480843,42401936,RELIANCE.NS
2021-11-26,1092.7098388671875,1122.149452357917,1087.6824179851199,1117.7108501017365,15763138,RELIANCE.NS
2021-11-29,1105.7991943359375,1132.2949564813318,1086.5954393266575,1104.712245845007,24325354,RELIANCE.NS
2021-11-30,1089.44873046875,1121.3794713466475,1081.9529437331894,1117.8013949441001,32172299,RELIANCE.NS
2021-12-01,1117.3486328125,1120.519028933976,1098.3713010103995,1101.9493776790864,10104610,RELIANCE.NS
2021-12-02,1124.5272216796875,1130.5736640269113,1114.9027029403865,1118.571348380323,12720411,RELIANCE.NS
2021-12-03,1090.739501953125,1131.6153710496726,1087.0029299803193,1131.5700865288095,19222481,RELIANCE.NS
2021-12-06,1070.06396484375,1098.326063585159,1067.5955985919252,1094.2498569399281,10332254,RELIANCE.NS
2021-12-07,1078.7825927734375,1088.8146726752468,1068.8863664494722,1076.2010153934032,11235122,RELIANCE.NS
2021-12-08,1095.200927734375,1101.4058665244686,1089.8565147837464,1097.9184786382343,8744178,RELIANCE.NS
2021-12-09,1112.5703125,1120.926625884508,1098.326051956675,1102.85522364802,13213547,RELIANCE.NS
2021-12-10,1113.7025146484375,1116.8955527047663,1100.7489847314073,1105.2328712872275,8364414,RELIANCE.NS
2021-12-13,1091.3736572265625,1120.5642045309762,1088.8146024741634,1120.2924973928066,12901733,RELIANCE.NS
2021-12-14,1078.0126953125,1089.7206627192115,1074.9555104415622,1077.9447685198427,12991523,RELIANCE.NS
2021-12-15,1074.8648681640625,1089.2676234327396,1069.38448219365,1079.7563157042177,9366969,RELIANCE.NS
2021-12-16,1088.7694091796875,1094.0232528934675,1072.8040976676455,1089.5846504628314,9761279,RELIANCE.NS
2021-12-17,1060.0318603515625,1090.6264710688479,1050.7696168986836,1086.1199416955528,21049821,RELIANCE.NS
2021-12-20,1031.4527587890625,1049.7958677716224,1017.7519129116022,1049.7958677716224,14325846,RELIANCE.NS
2021-12-21,1046.8065185546875,1062.5454064146618,1038.1784989493156,1046.8518030785813,12836561,RELIANCE.NS
2021-12-22,1071.6490478515625,1074.276029474332,1051.6754577350616,1052.988828746117,17658543,RELIANCE.NS
2021-12-23,1071.26416015625,1077.944705915956,1068.0031950967277,1075.2271551661324,9072401,RELIANCE.NS
2021-12-24,1074.6837158203125,1083.3796623765666,1058.718285237532,1073.4155095265614,7886494,RELIANCE.NS
2021-12-27,1073.52880859375,1077.038958550713,1063.4967281365457,1069.5884556164642,4017223,RELIANCE.NS
2021-12-28,1086.2783203125,1089.1996512774408,1074.7968966086662,1075.9517717574063,6374613,RELIANCE.NS
2021-12-29,1088.1353759765625,1095.6085205634522,1078.8957755234705,1082.926817028114,15425312,RELIANCE.NS
2021-12-30,1068.478759765625,1089.245070757408,1062.3643899373753,1087.003127167027,29333171,RELIANCE.NS
2021-12-31,1072.5775146484375,1079.710904759357,1068.8862272626782,1074.7741732718725,9477290,RELIANCE.NS
2022-01-03,1088.74658203125,1090.6036067166367,1070.4940456132024,1071.150790940942,5421611,RELIANCE.NS
2022-01-04,1113.3173828125,1114.6308734629547,1088.8145046450295,1094.2043208037267,10847728,RELIANCE.NS
2022-01-05,1118.526123046875,1121.877776996668,1101.9267085410534,1115.0840198447643,11643813,RELIANCE.NS
2022-01-06,1094.4761962890625,1111.4606489189575,1091.0792578429503,1110.1924425923644,14447422,RELIANCE.NS
2022-01-07,1103.3079833984375,1113.294777565113,1092.2341211399646,1101.0207557139988,13112115,RELIANCE.NS
2022-01-10,1104.2138671875,1112.8193642531028,1094.2723568788356,1110.5547786779957,9246731,RELIANCE.NS
2022-01-11,1112.16259765625,1120.9491128479206,1102.8550708538112,1103.3080358803265,16205164,RELIANCE.NS
2022-01-12,1141.8514404296875,1143.595254204983,1116.4427463358454,1119.2961508769274,14800442,RELIANCE.NS
2022-01-13,1148.2828369140625,1150.8645340891296,1136.0993826537385,1141.9194026287705,11856712,RELIANCE.NS
2022-01-14,1149.9586181640625,1162.7761757448827,1144.0027445379585,1148.1469975068374,19930176,RELIANCE.NS
2022-01-17,1155.959716796875,1161.7344520199854,1149.0527486713804,1149.5057137125311,8036453,RELIANCE.NS
2022-01-18,1142.1683349609375,1160.5340832716051,1139.4281422634044,1157.0919805047831,6215029,RELIANCE.NS
2022-01-19,1142.077880859375,1151.3173615953267,1136.3710722869748,1145.882379974198,9755485,RELIANCE.NS
2022-01-20,1122.08154296875,1136.8014098425185,1111.913489734347,1132.3175229917704,16494486,RELIANCE.NS
2022-01-21,1122.2626953125,1133.3139167394952,1110.5548482538704,1110.5548482538704,13338594,RELIANCE.NS
2022-01-24,1076.993408203125,1134.4460429942571,1066.6668610593797,1120.971622898134,21868937,RELIANCE.NS
2022-01-25,1074.887451171875,1081.8623458947789,1043.9757327083191,1064.1532222498897,24510205,RELIANCE.NS
2022-01-27,1058.96728515625,1067.1198169153088,1046.7159051568356,1058.0161903944513,20020431,RELIANCE.NS
2022-01-28,1057.948486328125,1076.0878164055234,1054.5743095293699,1071.1510836690384,14667727,RELIANCE.NS
2022-01-31,1080.93408203125,1089.9018567259823,1067.1653084734821,1068.9770491049403,12143683,RELIANCE.NS
2022-02-01,1077.35595703125,1096.3331695818495,1063.0437697429202,1090.6264803582178,13200509,RELIANCE.NS
2022-02-02,1079.552490234375,1090.1733881906252,1075.725349000261,1090.1733881906252,10017691,RELIANCE.NS
2022-02-03,1065.6025390625,1087.6596951339798,1063.0888887078768,1083.3795890325775,9572839,RELIANCE.NS
2022-02-04,1055.8875732421875,1063.6551874088461,1051.2678326966015,1060.2808911532845,11061241,RELIANCE.NS
2022-02-07,1049.4561767578125,1067.4370085401163,1043.9757907846413,1060.7338205814565,10714467,RELIANCE.NS
2022-02-08,1067.09716796875,1068.8862659765236,1046.240291320876,1055.5931024543218,12060849,RELIANCE.NS
2022-02-09,1079.52978515625,1081.2055520274612,1067.9804353407576,1073.936188431649,11486225,RELIANCE.NS
2022-02-10,1078.4202880859375,1085.0554293647551,1071.1962083846827,1085.0554293647551,12464491,RELIANCE.NS
2022-02-11,1076.314208984375,1079.982854527415,1061.6849113374171,1074.887506839841,15943370,RELIANCE.NS
2022-02-14,1059.171142578125,1066.599001885618,1047.5990308751595,1059.9410992209632,10719633,RELIANCE.NS
2022-02-15,1095.1329345703125,1097.8278430466569,1057.880422222606,1064.9006018983252,11212671,RELIANCE.NS
2022-02-16,1092.868408203125,1101.9493936888987,1085.1688404247225,1100.5906182455715,10392840,RELIANCE.NS
2022-02-17,1106.704833984375,1111.8681080705421,1091.5321231787168,1096.1065786813085,12853252,RELIANCE.NS
2022-02-18,1098.0543212890625,1112.5476464311962,1096.129369451274,1107.1126644779383,6775458,RELIANCE.NS
2022-02-21,1086.957763671875,1103.9875007758346,1080.0281530233087,1092.4380298945582,11107193,RELIANCE.NS
2022-02-22,1082.0208740234375,1085.146105195485,1063.066305633856,1065.6705251768456,13494914,RELIANCE.NS
2022-02-23,1075.249755859375,1089.9696221846223,1072.5096827529123,1087.5012562225045,7310110,RELIANCE.NS
2022-02-24,1021.66943359375,1059.7825863000533,1016.0759568434702,1043.975653416375,24846650,RELIANCE.NS
2022-02-25,1034.4420166015625,1045.3119804850721,1030.954508957098,1032.698202879161,14570089,RELIANCE.NS
2022-02-28,1068.682373046875,1072.2151647642706,1015.8948766365417,1015.8948766365417,21297446,RELIANCE.NS
2022-03-02,1086.3463134765625,1087.4560239699686,1054.9364629191114,1057.3142599474093,21471786,RELIANCE.NS
2022-03-03,1077.1746826171875,1093.7288113845136,1073.4381104672327,1087.002981514595,10186748,RELIANCE.NS
2022-03-04,1053.283203125,1070.8337101992126,1050.9280486616494,1065.7157207883167,10805667,RELIANCE.NS
2022-03-07,1014.3323364257812,1047.1915288477956,1006.3835848910501,1032.0639824642974,17983310,RELIANCE.NS
2022-03-08,1012.4979248046875,1017.2536381523959,987.361002125067,1001.6279025675499,21289374,RELIANCE.NS
2022-03-09,1066.2139892578125,1072.05665089973,1011.8864606126765,1012.7244638561707,20414228,RELIANCE.NS
2022-03-10,1083.4927978515625,1089.267532756051,1068.8862634347242,1087.0029472759036,17980493,RELIANCE.NS
2022-03-11,1086.617919921875,1091.9850941858494,1076.1555181267943,1076.1555181267943,12257423,RELIANCE.NS
2022-03-14,1095.5404052734375,1098.0541754406872,1075.2270625884603,1081.0697243173254,8340678,RELIANCE.NS
2022-03-15,1070.4488525390625,1099.6620420875429,1060.2128731362302,1099.6620420875429,15925769,RELIANCE.NS
2022-03-16,1088.5203857421875,1090.581191192119,1076.6312801930274,1078.850581492875,11149828,RELIANCE.NS
2022-03-17,1124.00634765625,1131.1170954708805,1093.8419456429745,1101.8359811947334,21422098,RELIANCE.NS
2022-03-21,1117.52978515625,1125.0482148088292,1104.6669425964524,1106.9315283978274,11999466,RELIANCE.NS
2022-03-22,1146.403076171875,1148.1241274347842,1111.2793022913736,1114.2231553251663,22557065,RELIANCE.NS
2022-03-23,1150.0489501953125,1161.6663456315202,1142.7117802254184,1142.7117802254184,15462187,RELIANCE.NS
2022-03-24,1167.9166259765625,1170.407753742212,1136.823891628139,1136.823891628139,13168266,RELIANCE.NS
2022-03-25,1175.7069091796875,1184.8331776508987,1167.169339474114,1169.6604672992412,14222488,RELIANCE.NS
2022-03-28,1187.5283203125,1191.060992805179,1171.4723190412603,1182.1158606493575,9891424,RELIANCE.NS
2022-03-29,1187.7998046875,1194.7973413665754,1180.9381215710694,1194.7973413665754,8684065,RELIANCE.NS
2022-03-30,1210.626953125,1217.4433519238278,1185.3314742474283,1195.6580225208536,15811550,RELIANCE.NS
2022-03-31,1193.325439453125,1209.1550162306944,1190.5400818204482,1207.0036419353132,13223718,RELIANCE.NS
2022-04-01,1202.8819580078125,1207.094137293246,1187.5507515318518,1193.891542920345,7922880,RELIANCE.NS
2022-04-04,1206.4375,1211.555489970758,1196.45070474843,1202.7009276541294,7929162,RELIANCE.NS
2022-04-05,1189.385009765625,1209.2455069018179,1186.9619284827404,1200.7305793203723,13149870,RELIANCE.NS
2022-04-06,1186.2147216796875,1193.2122590361132,1171.744039651222,1171.744039651222,12257215,RELIANCE.NS
2022-04-07,1165.2899169921875,1180.3041331292436,1162.6402930619627,1175.3672812713683,15496499,RELIANCE.NS
2022-04-08,1184.6748046875,1188.9096265891387,1159.4698932414146,1159.4698932414146,15152495,RELIANCE.NS
2022-04-11,1182.206298828125,1195.0464967892808,1169.886872844364,1177.5864392090166,9254209,RELIANCE.NS
2022-04-12,1159.945556640625,1178.7642727503164,1157.3865016457235,1171.6986884850992,13217742,RELIANCE.NS
2022-04-13,1155.68798828125,1174.2349955581562,1152.9025109003892,1166.0371790472568,10354235,RELIANCE.NS
2022-04-18,1152.1551513671875,1159.3792305452218,1142.1683569783831,1147.2410619855225,9974224,RELIANCE.NS
2022-04-19,1196.0654296875,1208.3848547587156,1155.4161069847771,1158.5638600771326,26141820,RELIANCE.NS
2022-04-20,1231.234619140625,1238.2775602010167,1199.8247720277507,1203.4481327307994,25072240,RELIANCE.NS
2022-04-21,1260.06298828125,1263.1880996959114,1237.3717275306717,1245.9319403276972,21708633,RELIANCE.NS
2022-04-22,1249.5098876953125,1269.075915209395,1242.8972695502077,1249.5551722154648,15054154,RELIANCE.NS
2022-04-25,1220.61376953125,1249.3287095526507,1206.414795351199,1242.0821076628993,17063215,RELIANCE.NS
2022-04-26,1257.1416015625,1265.9055943331985,1226.3658564890222,1227.4075203143414,12227666,RELIANCE.NS
2022-04-27,1258.364501953125,1280.8518611647926,1247.8114113086813,1248.1738072854712,19338945,RELIANCE.NS
2022-04-28,1277.16064453125,1291.269050141953,1261.874601680994,1272.6767577965609,25614076,RELIANCE.NS
2022-04-29,1263.7542724609375,1293.6015662528664,1257.8889681093667,1293.6015662528664,18214862,RELIANCE.NS
2022-05-02,1259.315673828125,1270.6612443033114,1249.1702630612974,1250.9593611931234,9467006,RELIANCE.NS
2022-05-04,1220.0023193359375,1263.6410258882418,1212.1442565160846,1261.3764403153348,19247660,RELIANCE.NS
2022-05-05,1196.1109619140625,1236.4659436174286,1192.0800401164388,1233.5219702392728,17210669,RELIANCE.NS
2022-05-06,1186.9393310546875,1204.3087009820067,1174.6651887519583,1183.112189870724,19649948,RELIANCE.NS
2022-05-09,1140.583251953125,1176.2732081933118,1135.4652620079833,1166.2410086662385,18083752,RELIANCE.NS
2022-05-10,1120.8133544921875,1144.3424996019623,1113.2722828322585,1130.0303130323607,19511677,RELIANCE.NS
2022-05-11,1109.3319091796875,1125.478478168712,1096.9445548183617,1119.9075231154202,16643899,RELIANCE.NS
2022-05-12,1086.731201171875,1102.7870793042052,1073.4153958980505,1099.4581878859078,20490321,RELIANCE.NS
2022-05-13,1099.0506591796875,1122.3306194635952,1093.9553113783713,1098.7789520224087,19308778,RELIANCE.NS
2022-05-16,1099.3223876953125,1123.6892942266647,1094.54403200538,1102.6059947530612,13437911,RELIANCE.NS
2022-05-17,1145.4974365234375,1150.36636198311,1101.4964484721288,1102.9005084688652,16551828,RELIANCE.NS
2022-05-18,1149.6641845703125,1163.9990123371506,1136.0313867118257,1150.2530031709177,17276788,RELIANCE.NS
2022-05-19,1123.16845703125,1137.956250241304,1116.918234266966,1125.0481241931686,14699118,RELIANCE.NS
2022-05-20,1188.660400390625,1197.6961004424857,1133.2006360812218,1137.956229855782,21793091,RELIANCE.NS
2022-05-23,1180.7119140625,1201.8405013117845,1174.4162863101842,1191.8535854335655,15252755,RELIANCE.NS
2022-05-24,1184.7652587890625,1194.7973375363194,1176.5448004718992,1180.7569797022973,13527818,RELIANCE.NS
2022-05-25,1183.0216064453125,1203.2670225299603,1178.2658929997126,1193.4387237828619,12714544,RELIANCE.NS
2022-05-26,1171.743896484375,1193.393371125466,1154.0347740615534,1188.6376579513867,17882023,RELIANCE.NS
2022-05-27,1166.3089599609375,1179.9191164627784,1150.4568600156867,1174.4388502012214,16521973,RELIANCE.NS
2022-05-30,1206.935791015625,1211.1025664956994,1174.9597635821942,1184.3803827895526,13853398,RELIANCE.NS
2022-05-31,1192.3743896484375,1213.2765527152142,1184.697464521731,1196.3373846577454,70620653,RELIANCE.NS
2022-06-01,1192.7593994140625,1202.587698682473,1184.9238588339676,1193.121675611818,9776989,RELIANCE.NS
2022-06-02,1233.88427734375,1237.5755649319342,1192.98576447725,1192.98576447725,22126569,RELIANCE.NS
2022-06-03,1258.8853759765625,1276.0283243723425,1241.9009234208313,1242.8068535360608,23939791,RELIANCE.NS
2022-06-06,1253.4730224609375,1274.5110388345443,1246.3395117355965,1259.1119042533815,11093152,RELIANCE.NS
2022-06-07,1255.828125,1264.139152836091,1246.4527910651425,1254.5372764842177,12358255,RELIANCE.NS
2022-06-08,1233.77099609375,1259.564603425916,1230.2608467946977,1255.8280315270272,12479250,RELIANCE.NS
2022-06-09,1267.6041259765625,1269.528957983228,1227.4076388685442,1227.4076388685442,17278305,RELIANCE.NS
2022-06-10,1229.3323974609375,1263.595647717919,1223.5576627478845,1255.4431162995847,18093057,RELIANCE.NS
2022-06-13,1206.074951171875,1210.5588374187555,1184.9690106078476,1200.2324095352897,17620803,RELIANCE.NS
2022-06-14,1190.3135986328125,1210.1288135182253,1183.6783373201108,1200.2552293704455,14714312,RELIANCE.NS
2022-06-15,1175.91064453125,1194.4802922065517,1170.520948203621,1185.535162159316,11195535,RELIANCE.NS
2022-06-16,1159.4698486328125,1204.331357067944,1156.752298028243,1188.0036507794862,17111475,RELIANCE.NS
2022-06-17,1173.057373046875,1188.8415454022556,1157.7035234680366,1159.4698594973618,24457187,RELIANCE.NS
2022-06-20,1151.79296875,1185.331550638825,1141.8513382748356,1179.851164692969,12066797,RELIANCE.NS
2022-06-21,1170.3851318359375,1174.597191210546,1145.1122963870148,1159.4697654774316,11720049,RELIANCE.NS
2022-06-22,1134.8311767578125,1158.6999555030718,1132.7477291666964,1158.6093864513275,10617206,RELIANCE.NS
2022-06-23,1116.419921875,1143.6177098347453,1107.3842221697334,1139.1111811125647,19446323,RELIANCE.NS
2022-06-24,1132.3175048828125,1137.2768791745684,1117.8014186070498,1123.2365200121847,14240234,RELIANCE.NS
2022-06-27,1128.9658203125,1152.6534598644344,1123.9383995696694,1152.6534598644344,15474529,RELIANCE.NS
2022-06-28,1144.840576171875,1147.67133814574,1124.187598454475,1124.187598454475,13572847,RELIANCE.NS
2022-06-29,1168.59619140625,1176.2279518820312,1132.7477384681235,1135.555858296585,19205146,RELIANCE.NS
2022-06-30,1175.616455078125,1184.7880089664673,1162.1874370508547,1168.5282289340553,23112959,RELIANCE.NS
2022-07-01,1090.9434814453125,1173.9633211779058,1071.1510274067675,1166.218468693317,81997149,RELIANCE.NS
2022-07-04,1093.2080078125,1106.025565464495,1071.6490989100685,1077.4691189892487,41857728,RELIANCE.NS
2022-07-05,1102.0625,1116.3973279805082,1094.7478514073186,1097.42011751126,17647327,RELIANCE.NS
2022-07-06,1092.3699951171875,1106.0027924376789,1081.5679595799388,1096.106567126978,23943726,RELIANCE.NS
2022-07-07,1081.61328125,1102.0624779330788,1075.6800503518655,1098.7335863010783,23301033,RELIANCE.NS
2022-07-08,1083.1080322265625,1095.155633472675,1079.0996326989614,1095.155633472675,19010108,RELIANCE.NS
2022-07-11,1097.8277587890625,1100.046939975301,1073.4154479368833,1076.3594210782474,13847467,RELIANCE.NS
2022-07-12,1096.2650146484375,1104.9837222205626,1088.8145132177926,1088.8145132177926,10778989,RELIANCE.NS
2022-07-13,1076.8350830078125,1102.4023929174853,1074.7743973152858,1099.3678502402163,14224132,RELIANCE.NS
2022-07-14,1085.7122802734375,1102.3797424093775,1076.5633677805536,1081.568146854285,16970315,RELIANCE.NS
2022-07-15,1087.8182373046875,1093.796752824721,1079.3487135847495,1093.796752824721,9603210,RELIANCE.NS
2022-07-18,1097.0804443359375,1098.3258884954794,1083.5154537448523,1096.5142680086967,15160908,RELIANCE.NS
2022-07-19,1103.806396484375,1108.2902834767385,1087.1389350761635,1087.1389350761635,16439888,RELIANCE.NS
2022-07-20,1133.6534423828125,1151.543703777921,1126.0670869457035,1150.4114709277653,23924246,RELIANCE.NS
2022-07-21,1126.08984375,1132.2949020971544,1117.484465892399,1129.577351299841,16523230,RELIANCE.NS
2022-07-22,1133.698974609375,1139.6774905895736,1130.0303289124045,1132.29491466853,10969995,RELIANCE.NS
2022-07-25,1096.242431640625,1117.5522733397709,1088.361726850526,1117.5522733397709,23110452,RELIANCE.NS
2022-07-26,1096.74072265625,1106.886133119494,1092.143624721455,1096.5595845623452,11303288,RELIANCE.NS
2022-07-27,1095.6990966796875,1099.2317688342157,1087.908840568981,1096.0387306174957,8655086,RELIANCE.NS
2022-07-28,1112.86474609375,1117.7788361232904,1096.5143960795697,1103.3081533989875,12496073,RELIANCE.NS
2022-07-29,1136.5748291015625,1140.0396942059215,1115.989778235377,1120.8359411287292,15130683,RELIANCE.NS
2022-08-01,1166.19580078125,1172.038463313215,1135.7370437974075,1140.968245399228,15700044,RELIANCE.NS
2022-08-02,1170.63427734375,1181.1193216829413,1160.1718752661886,1165.1313691654111,13917913,RELIANCE.NS
2022-08-03,1180.462646484375,1182.1157712823,1162.8442104812696,1177.5865998850716,14250977,RELIANCE.NS
2022-08-04,1164.8594970703125,1185.6258045890304,1148.1468730281574,1182.1156551708407,14467127,RELIANCE.NS
2022-08-05,1147.69384765625,1167.9845468317753,1144.5008098568317,1166.7164604960217,13942438,RELIANCE.NS
2022-08-08,1162.7081298828125,1170.1359894573532,1146.3351396535795,1146.3351396535795,10165178,RELIANCE.NS
2022-08-10,1169.6605224609375,1173.0120563323646,1158.1336946618562,1167.1241099957583,10724688,RELIANCE.NS
2022-08-11,1173.5555419921875,1182.070349687536,1168.6186906335156,1178.9905230785732,8198226,RELIANCE.NS
2022-08-12,1192.53271484375,1196.314571208688,1169.5245850188705,1173.1931102851886,12650587,RELIANCE.NS
2022-08-16,1200.8211669921875,1203.5387175050762,1189.9512045412775,1198.511296976361,6607378,RELIANCE.NS
2022-08-17,1207.09423828125,1212.4160085847718,1202.746205068067,1207.0263114935751,6595965,RELIANCE.NS
2022-08-18,1209.2833251953125,1212.7820913718717,1199.6955520359063,1208.6925853891362,7410035,RELIANCE.NS
2022-08-19,1187.72216796875,1209.464997552082,1183.6779742626552,1204.148579928399,9460724,RELIANCE.NS
2022-08-22,1184.4278564453125,1195.6514326976853,1175.0673642837935,1189.1536549981986,9471680,RELIANCE.NS
2022-08-23,1202.694580078125,1205.6027266806439,1177.4982950302235,1178.7024907985585,9678484,RELIANCE.NS
2022-08-24,1199.490966796875,1213.2365143204822,1197.4917062121833,1199.6500999587201,10369622,RELIANCE.NS
2022-08-25,1195.9921875,1210.0102083418858,1191.6981161929027,1203.671444195302,7871946,RELIANCE.NS
2022-08-26,1189.6077880859375,1204.1485194816453,1184.6095168359632,1196.4237108559755,10742038,RELIANCE.NS
2022-08-29,1180.3609619140625,1206.4205794013706,1171.4547933496005,1174.6128173581192,19838975,RELIANCE.NS
2022-08-30,1198.6729736328125,1201.990130578996,1170.795826558723,1187.790261371782,23139054,RELIANCE.NS
2022-09-01,1163.4345703125,1183.6778930178739,1159.026918701398,1173.54493369258,19909939,RELIANCE.NS
2022-09-02,1149.8482666015625,1170.2278880627014,1147.6671567250864,1163.4346809089884,12999345,RELIANCE.NS
2022-09-05,1167.7059326171875,1173.022349910166,1150.0753260593585,1150.0753260593585,11327815,RELIANCE.NS
2022-09-06,1179.9974365234375,1184.1552111927028,1168.7057123414318,1169.1601553219334,10899618,RELIANCE.NS
2022-09-07,1173.135986328125,1179.1112920563703,1167.7968526449285,1170.0688269822717,7488501,RELIANCE.NS
2022-09-08,1174.7945556640625,1180.519984126391,1168.2513462113554,1176.0896159479148,7057077,RELIANCE.NS
2022-09-09,1167.47900390625,1185.9728273387254,1165.0706121863568,1185.9728273387254,8314850,RELIANCE.NS
2022-09-12,1180.542724609375,1186.8816091364133,1168.046804859231,1168.046804859231,7435419,RELIANCE.NS
2022-09-13,1190.403076171875,1194.9243089400052,1181.8832020191865,1189.607891122723,8888657,RELIANCE.NS
2022-09-14,1176.135009765625,1185.9726599528265,1169.046493026583,1170.0688394223355,8678219,RELIANCE.NS
2022-09-15,1164.47998046875,1183.041952132411,1161.7762789427293,1173.704175948456,10365600,RELIANCE.NS
2022-09-16,1135.6258544921875,1160.0723896563331,1131.8998062386554,1155.8691822283704,20217708,RELIANCE.NS
2022-09-19,1137.1025390625,1146.3040180403946,1127.5147655140897,1135.6257495827476,7580254,RELIANCE.NS
2022-09-20,1137.2841796875,1153.119972213298,1133.5808482063046,1146.1903481529216,8411448,RELIANCE.NS
2022-09-21,1140.4195556640625,1150.9842421176709,1133.7172134827065,1134.512398474311,9207309,RELIANCE.NS
2022-09-22,1129.673095703125,1137.3523524884633,1123.3116153435435,1129.6276634257686,10308170,RELIANCE.NS
2022-09-23,1108.498291015625,1134.1488981287762,1106.9533532004177,1129.1733426023927,9528051,RELIANCE.NS
2022-09-26,1080.257568359375,1098.6379294477279,1079.257938059937,1087.845960638479,12479523,RELIANCE.NS
2022-09-27,1088.845703125,1102.3639690673094,1072.4192906698377,1087.8232365030442,16154822,RELIANCE.NS
2022-09-28,1059.8551025390625,1080.5528678614462,1057.4241154049128,1072.5327497220442,16997059,RELIANCE.NS
2022-09-29,1056.6063232421875,1075.7817488504493,1051.0171916607421,1072.3738473223364,14671827,RELIANCE.NS
2022-09-30,1080.4393310546875,1091.458340177691,1050.108360317172,1050.108360317172,18613024,RELIANCE.NS
2022-10-03,1076.690673828125,1098.2516553264609,1073.7370949613044,1086.687337582096,11852723,RELIANCE.NS
2022-10-04,1096.5477294921875,1098.7288394831442,1086.0739063841288,1089.5500767240444,8948850,RELIANCE.NS
2022-10-06,1100.5916748046875,1113.269322563035,1098.7968595905177,1103.7271026820092,13352162,RELIANCE.NS
2022-10-07,1105.2493896484375,1110.4976589700225,1097.2065545320427,1097.2065545320427,7714340,RELIANCE.NS
2022-10-10,1093.18505859375,1098.5469079284153,1085.096792225,1092.821480233315,6329527,RELIANCE.NS
2022-10-11,1071.41943359375,1096.9110251312234,1068.32955827905,1096.9110251312234,9215177,RELIANCE.NS
2022-10-12,1079.3033447265625,1082.2342073300697,1064.6944639855953,1068.7386577474495,7417103,RELIANCE.NS
2022-10-13,1082.7340087890625,1087.8231445652352,1072.419200033899,1077.5538882747444,7328492,RELIANCE.NS
2022-10-14,1077.2357177734375,1097.9789154976827,1076.508681223135,1097.3654596284905,9106089,RELIANCE.NS
2022-10-17,1094.5255126953125,1096.911067683068,1064.9216983657,1070.1018190034106,16729355,RELIANCE.NS
2022-10-18,1113.83740234375,1119.1765361724479,1099.7056807153497,1100.5462980220425,12415820,RELIANCE.NS
2022-10-19,1133.2174072265625,1148.6441893082867,1109.497912475689,1115.3142054707246,19247142,RELIANCE.NS
2022-10-20,1136.2618408203125,1144.6227018334394,1129.173323936751,1129.173323936751,8717053,RELIANCE.NS
2022-10-21,1123.0843505859375,1143.6231056125362,1120.9942254138175,1139.4880471639096,8243452,RELIANCE.NS
2022-10-24,1126.8331298828125,1137.1252236758137,1115.6778227953112,1117.8133802746593,3370033,RELIANCE.NS
2022-10-25,1109.4298095703125,1135.5348605120162,1107.8167232856267,1135.5348605120162,12233241,RELIANCE.NS
2022-10-27,1113.7918701171875,1121.6529753517277,1105.4537260220727,1116.90446154382,12513059,RELIANCE.NS
2022-10-28,1147.8717041015625,1151.893061521459,1117.5634478847232,1120.0852998000876,17609592,RELIANCE.NS
2022-10-31,1158.52734375,1163.684748855419,1150.620804946696,1154.6195667238408,12419943,RELIANCE.NS
2022-11-01,1149.552978515625,1181.428769564145,1139.6244632866772,1181.428769564145,13963166,RELIANCE.NS
2022-11-02,1156.7322998046875,1158.7998289194838,1142.8051438822936,1150.666129478395,8981896,RELIANCE.NS
2022-11-03,1161.049072265625,1163.048452941367,1147.3717940343818,1149.5529038103175,6693449,RELIANCE.NS
2022-11-04,1178.1343994140625,1181.428720196316,1159.2088516372303,1160.4810755593053,12575815,RELIANCE.NS
2022-11-07,1184.4278564453125,1186.1092114125374,1169.614649236392,1177.3393389028124,11789748,RELIANCE.NS
2022-11-09,1183.2464599609375,1191.4028762322173,1176.9075752515669,1186.109174333478,11254205,RELIANCE.NS
2022-11-10,1168.932861328125,1179.8610058478407,1164.6160741722886,1176.8847111507705,5966242,RELIANCE.NS
2022-11-11,1195.878662109375,1197.787058206641,1175.9760787775724,1181.428793587036,12310132,RELIANCE.NS
2022-11-14,1190.0849609375,1200.5133505404451,1183.7687931045677,1195.4013783558953,9043112,RELIANCE.NS
2022-11-15,1184.7459716796875,1193.4248592098502,1176.8848651845096,1191.561895358841,7086433,RELIANCE.NS
2022-11-16,1177.95263671875,1188.6763362500183,1172.954245151571,1185.972635134196,9716161,RELIANCE.NS
2022-11-17,1180.9971923828125,1187.3359568517499,1172.3409009131724,1174.5901593039591,6661451,RELIANCE.NS
2022-11-18,1180.3609619140625,1185.518366679259,1168.2967693410817,1184.495900066872,5303197,RELIANCE.NS
2022-11-21,1159.1180419921875,1175.9760614312995,1155.5737233322704,1175.9760614312995,6390268,RELIANCE.NS
2022-11-22,1165.547607421875,1167.1152613187112,1152.5746494360667,1156.4369938334312,6611488,RELIANCE.NS
2022-11-23,1161.9124755859375,1171.3866679891707,1159.7313656787815,1170.0688915510787,6413408,RELIANCE.NS
2022-11-24,1171.931884765625,1178.702375351731,1157.8910283853108,1165.9792953074673,9389439,RELIANCE.NS
2022-11-25,1189.4261474609375,1192.7431844497548,1173.295044904841,1176.430472976704,7349922,RELIANCE.NS
2022-11-28,1230.299072265625,1236.4333911015242,1136.8980043426527,1185.472920181286,31527484,RELIANCE.NS
2022-11-29,1232.4119873046875,1241.2500078770877,1224.1419904117938,1228.6632233258865,11058913,RELIANCE.NS
2022-11-30,1241.1136474609375,1247.5206802015884,1226.0504438987869,1232.54834119291,26164986,RELIANCE.NS
2022-12-01,1237.4556884765625,1251.8600031393141,1234.1386516701657,1245.8619813701127,9485801,RELIANCE.NS
2022-12-02,1236.93310546875,1248.6792715763747,1227.1408877532265,1240.5001400003844,11589592,RELIANCE.NS
2022-12-05,1218.893798828125,1234.4795955595694,1216.8718218980066,1232.3212015923184,14828536,RELIANCE.NS
2022-12-06,1222.4151611328125,1225.5050364637573,1209.146773966004,1211.0098577338963,8594245,RELIANCE.NS
2022-12-07,1204.375732421875,1224.5963402295367,1200.5815364526634,1220.0523915216042,8462111,RELIANCE.NS
2022-12-08,1203.8076171875,1210.9644019630948,1199.6499633297894,1208.6924277820037,7757008,RELIANCE.NS
2022-12-09,1185.5638427734375,1208.6925984914808,1182.2694016212881,1202.3309977712286,12655763,RELIANCE.NS
2022-12-12,1187.38134765625,1191.8798642806923,1174.6128344148897,1174.8401159938364,9479842,RELIANCE.NS
2022-12-13,1192.7886962890625,1196.4237590933476,1184.473147579326,1187.381293975718,8333348,RELIANCE.NS
2022-12-14,1188.471923828125,1199.127475241392,1186.4271108317469,1198.5367354613884,7268947,RELIANCE.NS
2022-12-15,1171.5909423828125,1188.2445139678211,1168.251189688057,1182.5646387349402,8688551,RELIANCE.NS
2022-12-16,1165.7974853515625,1189.9714223850988,1162.412300039899,1168.2513090093973,15837349,RELIANCE.NS
2022-12-19,1181.1107177734375,1183.2463953663826,1166.2973916450521,1172.7952889779006,7729933,RELIANCE.NS
2022-12-20,1191.3345947265625,1193.242990634255,1165.9792991040035,1174.1129983269077,7467588,RELIANCE.NS
2022-12-21,1174.3856201171875,1196.4237592798247,1170.5687080191292,1190.9710448813423,8527550,RELIANCE.NS
2022-12-22,1171.3411865234375,1183.541675654874,1166.3200787009303,1180.5199485444361,7451122,RELIANCE.NS
2022-12-23,1136.9888916015625,1177.112082738486,1132.4676588679463,1164.7524600759673,10257115,RELIANCE.NS
2022-12-26,1146.9173583984375,1155.0737739248264,1132.5357596211306,1142.6915558359974,5990242,RELIANCE.NS
2022-12-27,1156.300537109375,1158.1635005411677,1142.9185703008357,1149.6209117724798,5763271,RELIANCE.NS
2022-12-28,1156.1871337890625,1158.6181211536698,1145.7587436629801,1153.2562711921107,7459393,RELIANCE.NS
2022-12-29,1155.6646728515625,1158.2092411945277,1147.576404624278,1148.2580090394192,6930648,RELIANCE.NS
2022-12-30,1157.4365234375,1170.9775038842033,1154.6647942823151,1156.4823255378853,7289476,RELIANCE.NS
2023-01-02,1170.477783203125,1171.88642405352,1157.8910002870925,1158.708901395193,5316175,RELIANCE.NS
2023-01-03,1161.9124755859375,1169.160125804233,1157.7093889350726,1165.5476587645308,7658932,RELIANCE.NS
2023-01-04,1144.418212890625,1163.7300547153022,1142.3506838068283,1161.8896870062515,9264891,RELIANCE.NS
2023-01-05,1142.373291015625,1152.5290861752228,1137.80662667146,1146.6673617360877,13637099,RELIANCE.NS
2023-01-06,1152.7564697265625,1157.777577935928,1144.3047436595773,1148.0989399434065,6349597,RELIANCE.NS
2023-01-09,1179.974609375,1182.3375684218504,1155.687212453628,1156.5732620005954,10722753,RELIANCE.NS
2023-01-10,1162.5260009765625,1184.1552520379166,1156.8915568565494,1184.1552520379166,8047142,RELIANCE.NS
2023-01-11,1147.8717041015625,1162.3441677767541,1145.5768933771294,1159.8450319996036,11509553,RELIANCE.NS
2023-01-12,1123.0843505859375,1150.7570549852321,1120.0853394706564,1147.2810049505638,17688773,RELIANCE.NS
2023-01-13,1121.2667236328125,1123.6749947373953,1106.2716693328798,1117.0862332620186,20618583,RELIANCE.NS
2023-01-16,1110.58837890625,1126.7420752597088,1102.8181384631341,1123.5840516608462,13623855,RELIANCE.NS
2023-01-17,1126.3560791015625,1128.2644751675343,1113.5421334042796,1116.9046027544262,10751000,RELIANCE.NS
2023-01-18,1124.492919921875,1131.9450149571076,1117.9724269094495,1123.947732620178,13448286,RELIANCE.NS
2023-01-19,1123.288818359375,1127.4237562572607,1116.2910462380278,1123.674992689111,11940054,RELIANCE.NS
2023-01-20,1109.9296875,1124.6293134044963,1107.475983857866,1124.6293134044963,14930286,RELIANCE.NS
2023-01-23,1104.3177490234375,1120.6305800710875,1101.9094778576764,1112.8150268033937,10954118,RELIANCE.NS
2023-01-24,1097.7972412109375,1110.3839043654414,1084.8014472016187,1108.7253859560433,16488755,RELIANCE.NS
2023-01-25,1082.6202392578125,1097.2291180769223,1081.4615961665293,1096.2067717974144,12385018,RELIANCE.NS
2023-01-27,1062.081787109375,1084.8015319770323,1050.403768536496,1083.4611595770739,25830975,RELIANCE.NS
2023-01-30,1072.2603759765625,1077.7812395145372,1045.564583725004,1059.5145777715713,21772103,RELIANCE.NS
2023-01-31,1069.579345703125,1084.9379802131518,1063.7403362487162,1082.3705756526113,22691594,RELIANCE.NS
2023-02-01,1063.2406005859375,1081.4391134749721,1047.382090519888,1081.4391134749721,19347800,RELIANCE.NS
2023-02-02,1057.3560791015625,1066.9210156997124,1050.1084290116537,1053.2891691648742,13662663,RELIANCE.NS
2023-02-03,1058.2874755859375,1067.3753725425988,1041.929212987467,1067.3753725425988,24699575,RELIANCE.NS
2023-02-06,1050.3128662109375,1054.6523697762398,1047.7455820077842,1051.9259524136774,14837879,RELIANCE.NS
2023-02-07,1047.791015625,1057.560517598404,1041.9292904027159,1050.5628652677376,15135435,RELIANCE.NS
2023-02-08,1068.7159423828125,1072.3284093286718,1048.290888887822,1051.017186057536,21160332,RELIANCE.NS
2023-02-09,1070.5789794921875,1077.3040386110727,1060.559599329042,1069.3976200283605,13172763,RELIANCE.NS
2023-02-10,1061.763671875,1070.0563840638993,1054.7886158361225,1070.0563840638993,10790445,RELIANCE.NS
2023-02-13,1055.72021484375,1067.8298390073717,1051.267130813873,1063.3767549774948,10352493,RELIANCE.NS
2023-02-14,1080.598388671875,1082.3250555378218,1055.8565481440585,1058.7192622894795,14321920,RELIANCE.NS
2023-02-15,1105.0675048828125,1107.4531801088635,1078.2809718116707,1079.6440602664363,33503591,RELIANCE.NS
2023-02-16,1104.2042236328125,1119.5401413378127,1101.9322491792432,1113.019527781497,17264487,RELIANCE.NS
2023-02-17,1108.8162841796875,1112.1334412904273,1095.3661670147737,1099.6375221146495,11809520,RELIANCE.NS
2023-02-20,1097.093017578125,1113.1558521216361,1095.1390690194628,1110.9974583087273,8836937,RELIANCE.NS
2023-02-21,1106.044677734375,1111.8154187780797,1096.1614739086865,1101.4552961916092,13311592,RELIANCE.NS
2023-02-22,1080.9619140625,1104.1815344089787,1079.212530949885,1102.3412867389513,11024335,RELIANCE.NS
2023-02-23,1075.7816162109375,1088.1639533747034,1072.987170955967,1080.5528460297141,9851910,RELIANCE.NS
2023-02-24,1083.1429443359375,1088.800224148405,1076.0089953829322,1077.8265267799054,9434053,RELIANCE.NS
2023-02-27,1075.9407958984375,1085.8467152410444,1068.6024012348664,1082.3705449963543,11199715,RELIANCE.NS
2023-02-28,1055.356689453125,1075.55458156191,1051.3126158801917,1070.6016220746747,21994038,RELIANCE.NS
2023-03-01,1065.0579833984375,1065.7850199744744,1055.6746563210354,1065.1034156724897,11551145,RELIANCE.NS
2023-03-02,1056.9471435546875,1068.57973034707,1054.925046511839,1061.9228195758383,9333535,RELIANCE.NS
2023-03-03,1083.9154052734375,1087.5733043694927,1063.9902277008234,1067.443561368033,14643807,RELIANCE.NS
2023-03-06,1094.5028076171875,1101.7277412564927,1090.5495987349282,1090.5495987349282,10171916,RELIANCE.NS
2023-03-08,1098.4334716796875,1099.1832244435238,1083.7337262043,1094.5028585607813,15782657,RELIANCE.NS
2023-03-09,1072.032958984375,1098.2288726400263,1070.147279158801,1097.8199821583767,16235128,RELIANCE.NS
2023-03-10,1055.4248046875,1065.1034417835135,1051.9486346812796,1063.967514713159,13334091,RELIANCE.NS
2023-03-13,1038.0670166015625,1065.1035499544928,1033.7502288751577,1058.2876262665352,12771592,RELIANCE.NS
2023-03-14,1034.181884765625,1047.3592882483779,1031.0465769110588,1036.0221323528851,16027522,RELIANCE.NS
2023-03-15,1016.505859375,1044.3375763114452,1012.1209234658597,1037.885231401589,21728555,RELIANCE.NS
2023-03-16,1011.4393310546875,1024.207844384365,1000.6701985245505,1019.2095726723305,18363159,RELIANCE.NS
2023-03-17,1010.1671142578125,1023.2763697645565,1005.4413760837782,1020.0047649704466,34014213,RELIANCE.NS
2023-03-20,1000.2384643554688,1008.7583980790381,990.5825434751304,1006.4864237654998,19524589,RELIANCE.NS
2023-03-21,1031.341796875,1033.2957451749278,1007.3951430408976,1008.2811925498517,21400360,RELIANCE.NS
2023-03-22,1034.477294921875,1041.2250703817986,1031.4782836063534,1038.2942074878824,10920094,RELIANCE.NS
2023-03-23,1021.3908081054688,1031.4329052327173,1019.2324140681607,1030.5695716560392,16249370,RELIANCE.NS
2023-03-24,1001.1699829101562,1022.3902814688943,998.7617116838695,1020.231887763167,12375945,RELIANCE.NS
2023-03-27,1016.7329711914062,1024.207782359069,999.7613722312702,1007.6224178329715,14054323,RELIANCE.NS
2023-03-28,1021.4815673828125,1025.3439120336418,1016.4831753805086,1020.1183586375283,12576424,RELIANCE.NS
2023-03-29,1015.4381103515625,1020.0274916428302,1004.71434981678,1017.391938716083,18804065,RELIANCE.NS
2023-03-31,1059.2191162109375,1064.8536804760474,1024.5260415402947,1024.6623383806666,28171201,RELIANCE.NS
2023-04-03,1059.40087890625,1067.3755664241319,1051.9260666767912,1065.5580347791372,10293043,RELIANCE.NS
2023-04-05,1056.8563232421875,1066.9211362151764,1048.9953365251422,1066.9211362151764,16262928,RELIANCE.NS
2023-04-06,1063.9447021484375,1069.6474143387793,1053.3572991214214,1053.3572991214214,18435046,RELIANCE.NS
2023-04-10,1056.4017333984375,1068.0116029231133,1054.9022279148219,1067.829873819937,12961408,RELIANCE.NS
2023-04-11,1061.6273193359375,1063.7402807994256,1056.0383079017138,1060.559540630498,10542367,RELIANCE.NS
2023-04-12,1066.3077392578125,1075.9181086673711,1058.7647789480902,1061.6273731304518,18179087,RELIANCE.NS
2023-04-13,1070.3291015625,1075.0093475188144,1064.1947822733791,1069.1930541875877,12378208,RELIANCE.NS
2023-04-17,1075.759033203125,1101.8867990924884,1067.3981721567704,1101.8867990924884,17929479,RELIANCE.NS
2023-04-18,1063.4449462890625,1080.0985197030036,1056.9243329412964,1080.0985197030036,10405576,RELIANCE.NS
2023-04-19,1068.7386474609375,1071.4195123263064,1059.741614492453,1062.8542061722762,12273475,RELIANCE.NS
2023-04-20,1066.034912109375,1071.9193532094926,1059.6961482625013,1069.692811176778,7007330,RELIANCE.NS
2023-04-21,1067.3756103515625,1072.8283257021726,1061.6501811091248,1068.1253632194423,7647317,RELIANCE.NS
2023-04-24,1071.465087890625,1081.8706418346944,1066.9210188410907,1079.1897769115358,12936186,RELIANCE.NS
2023-04-25,1079.666748046875,1081.7342770992536,1068.0569991057368,1075.1000833366595,9236126,RELIANCE.NS
2023-04-26,1073.328125,1084.2336751201349,1069.6702254865136,1081.0073822687018,8617834,RELIANCE.NS
2023-04-27,1080.1212158203125,1083.2792397187284,1074.191342363561,1079.189733985385,9167125,RELIANCE.NS
2023-04-28,1099.8646240234375,1101.409681900637,1082.2568535921685,1082.3704342762564,15565210,RELIANCE.NS
2023-05-02,1109.2025146484375,1111.3609082117491,1103.3180737047812,1106.9986888116582,12981805,RELIANCE.NS
2023-05-03,1099.682861328125,1110.997299985596,1096.4794053699195,1110.997299985596,7061872,RELIANCE.NS
2023-05-04,1112.3607177734375,1114.5645439655561,1097.1839321641876,1100.1602273210067,8635233,RELIANCE.NS
2023-05-05,1109.5205078125,1118.4266754436653,1106.9077915916328,1109.1797657715506,8746585,RELIANCE.NS
2023-05-08,1123.2205810546875,1128.5597141757223,1110.6110827431748,1113.2692311404737,9153782,RELIANCE.NS
2023-05-09,1126.69677734375,1129.9912183396398,1119.290114376559,1124.6292481933926,6464721,RELIANCE.NS
2023-05-10,1134.4443359375,1135.9211253467272,1127.446563252221,1131.4453248412979,10872255,RELIANCE.NS
2023-05-11,1127.03759765625,1140.3058651251242,1125.3335267806174,1135.51203899488,10557860,RELIANCE.NS
2023-05-12,1128.8779296875,1130.2638545526538,1116.2229969798393,1122.2664514997994,6955341,RELIANCE.NS
2023-05-15,1131.1043701171875,1138.056589765274,1123.7885720856236,1131.3998000896127,6833343,RELIANCE.NS
2023-05-16,1114.9962158203125,1135.8074445597895,1113.3375770795326,1133.2628763872494,8717229,RELIANCE.NS
2023-05-17,1108.407470703125,1120.085369338175,1103.7272247932553,1119.1766035619933,8798967,RELIANCE.NS
2023-05-18,1106.0218505859375,1116.4502407386783,1102.8864225456616,1113.0649351771951,10525531,RELIANCE.NS
2023-05-19,1109.611572265625,1111.4292240517473,1099.1150328365684,1106.0219413561279,8050447,RELIANCE.NS
2023-05-22,1115.5413818359375,1120.5397737195674,1105.2494084549478,1106.4534840047638,7434906,RELIANCE.NS
2023-05-23,1115.3367919921875,1121.4483940779485,1113.9281511842048,1118.1086413363598,6092034,RELIANCE.NS
2023-05-24,1108.8388671875,1119.630834331706,1105.748992019405,1111.4062712432678,8112254,RELIANCE.NS
2023-05-25,1108.70263671875,1112.8149786046417,1097.842640709934,1105.9536236071287,11487863,RELIANCE.NS
2023-05-26,1138.94287109375,1140.0787982471202,1113.6102893364032,1116.904610291511,12626260,RELIANCE.NS
2023-05-29,1145.3497314453125,1149.6210865747194,1139.2608448772517,1145.5314605509366,10010304,RELIANCE.NS
2023-05-30,1145.0543212890625,1153.1198717474913,1142.50963326853,1145.3496310598186,11342504,RELIANCE.NS
2023-05-31,1122.3118896484375,1140.4650896335454,1118.2678159183406,1135.9892890678166,27107927,RELIANCE.NS
2023-06-01,1119.2899169921875,1129.127685777368,1116.9043623276352,1126.969292454815,14592692,RELIANCE.NS
2023-06-02,1115.6322021484375,1128.1962696801756,1113.7238061790024,1122.8117036497752,15800644,RELIANCE.NS
2023-06-05,1125.6517333984375,1128.6053121788445,1117.1090229973545,1121.085068396339,10908682,RELIANCE.NS
2023-06-06,1126.6058349609375,1130.4000307352399,1118.7221336360576,1128.4689187387335,7493309,RELIANCE.NS
2023-06-07,1135.148681640625,1135.9892989888378,1123.5388113588674,1130.0821412207565,10312545,RELIANCE.NS
2023-06-08,1135.8302001953125,1143.6458744813403,1131.8997070078415,1138.7156307485393,12071109,RELIANCE.NS
2023-06-09,1127.7872314453125,1139.8741383055774,1125.9922962095304,1139.1698179304815,5877018,RELIANCE.NS
2023-06-12,1128.7869873046875,1131.0816777652867,1120.0852643496842,1124.8564945620458,6391969,RELIANCE.NS
2023-06-13,1145.46337890625,1146.6448585440896,1129.741286337972,1133.7173319025067,11248016,RELIANCE.NS
2023-06-14,1159.549560546875,1160.9809175855808,1143.7138887627082,1145.5314201372407,13277380,RELIANCE.NS
2023-06-15,1159.86767578125,1164.4116242878063,1152.1201510303479,1159.5268135380984,11813494,RELIANCE.NS
2023-06-16,1171.15966796875,1173.431642744514,1163.3439930100872,1163.3439930100872,24171579,RELIANCE.NS
2023-06-19,1159.5269775390625,1174.1585755296505,1155.369322961202,1174.1585755296505,6798554,RELIANCE.NS
2023-06-20,1161.9351806640625,1165.070488566,1151.893084884151,1157.5957972211602,6921096,RELIANCE.NS
2023-06-21,1165.2069091796875,1167.728761153971,1157.800246036839,1161.889751966922,6961603,RELIANCE.NS
2023-06-22,1152.1202392578125,1169.296404389101,1150.52986917785,1161.4354185434336,7619166,RELIANCE.NS
2023-06-23,1142.691650390625,1151.1660925456156,1141.4420223330224,1149.1212794125972,6628570,RELIANCE.NS
2023-06-26,1133.9671630859375,1142.9869124040958,1130.8545713330911,1139.1700001634836,12641159,RELIANCE.NS
2023-06-27,1134.376220703125,1140.305974461151,1129.9231362063101,1134.4216529822017,9689466,RELIANCE.NS
2023-06-28,1149.3939208984375,1153.1881169201986,1135.0122016455275,1141.896393407388,11354006,RELIANCE.NS
2023-06-30,1158.822509765625,1161.7306560822208,1151.1886857801614,1157.0731268247234,11151555,RELIANCE.NS
2023-07-03,1188.5628662109375,1191.425580555085,1161.1400387375704,1162.3669506539804,12154387,RELIANCE.NS
2023-07-04,1176.31689453125,1192.7887391966194,1169.2736896643748,1192.7887391966194,8061643,RELIANCE.NS
2023-07-05,1174.3856201171875,1185.5183304828597,1170.432411192628,1185.5183304828597,10248062,RELIANCE.NS
2023-07-06,1199.03662109375,1201.6266214253383,1170.546016490242,1170.546016490242,19117987,RELIANCE.NS
2023-07-07,1196.6964111328125,1210.9417123971473,1194.15172307179,1197.3325831480681,13375267,RELIANCE.NS
2023-07-10,1242.794921875,1252.3145466417043,1215.5085119378625,1221.8245601360636,33240016,RELIANCE.NS
2023-07-11,1256.2677001953125,1258.6759714064597,1243.9536302912918,1250.9058502676546,20069348,RELIANCE.NS
2023-07-12,1257.6536865234375,1273.2167658916628,1254.8818367760516,1256.9947982953927,18733835,RELIANCE.NS
2023-07-13,1246.4072265625,1271.8533855353082,1243.7945103332902,1264.9920307015198,14682934,RELIANCE.NS
2023-07-14,1245.3623046875,1254.5410670168455,1238.2736675009803,1249.5881074417618,15124144,RELIANCE.NS
2023-07-17,1270.8084716796875,1279.1466167196916,1239.5914489485467,1248.225023984058,22220040,RELIANCE.NS
2023-07-18,1281.600341796875,1289.3250310279557,1269.127138140066,1280.0326878114854,25867313,RELIANCE.NS
2023-07-19,1291.3243408203125,1297.7540895736324,1270.944719940005,1285.9397747939042,39122156,RELIANCE.NS
2023-07-20,1289.760498046875,1295.224991076979,1270.1421687973038,1270.1421687973038,38717624,RELIANCE.NS
2023-07-21,1249.834716796875,1287.3235564344566,1242.3763715855305,1284.4190157057792,30249238,RELIANCE.NS
2023-07-24,1224.5548095703125,1238.117785416934,1215.6441946530279,1221.4041174807796,23727866,RELIANCE.NS
2023-07-25,1223.767333984375,1233.3179681079685,1220.9119513502328,1227.8041962368873,12026020,RELIANCE.NS
2023-07-26,1243.65625,1253.8961800235134,1223.3733833366434,1223.3733833366434,12911012,RELIANCE.NS
2023-07-27,1232.087158203125,1249.2931304965796,1226.0072859774648,1247.5209111436616,17226898,RELIANCE.NS
2023-07-28,1244.4686279296875,1251.853175548335,1231.0287272255082,1236.6902137331379,20827852,RELIANCE.NS
2023-07-31,1255.00390625,1257.2930680054526,1239.594792375287,1244.4686660676819,8551174,RELIANCE.NS
2023-08-01,1237.25634765625,1259.803857697837,1233.3672005487501,1257.8346449464532,9536632,RELIANCE.NS
2023-08-02,1224.0380859375,1236.665614699006,1212.8381883521488,1235.2871417271826,12748214,RELIANCE.NS
2023-08-03,1218.8935546875,1231.2011357970357,1210.1060138900245,1218.5982448556042,10168350,RELIANCE.NS
2023-08-04,1235.45947265625,1238.6348041373592,1216.776590964359,1230.1672134573323,22885610,RELIANCE.NS
2023-08-07,1242.4996337890625,1244.739517474421,1233.219669239453,1241.096521418228,5982870,RELIANCE.NS
2023-08-08,1235.016357421875,1247.7178038434138,1230.536470478926,1244.5424722858313,9844072,RELIANCE.NS
2023-08-09,1243.1639404296875,1245.034716513302,1221.453442754676,1233.1456430382627,11486586,RELIANCE.NS
2023-08-10,1248.702392578125,1255.3731247892663,1234.9179033647526,1243.0409059369185,15470598,RELIANCE.NS
2023-08-11,1253.969970703125,1259.7300139419374,1236.837916549459,1246.733138146324,22179330,RELIANCE.NS
2023-08-14,1268.788330078125,1271.274485095857,1243.065489745762,1249.9577340453427,9575812,RELIANCE.NS
2023-08-16,1267.7545166015625,1271.5207081344915,1255.8654425931288,1255.8654425931288,10203112,RELIANCE.NS
2023-08-17,1249.465576171875,1269.2069834305885,1246.9302626576266,1263.7916479940673,13673744,RELIANCE.NS
2023-08-18,1258.7208251953125,1268.960755625946,1234.9671961841154,1246.142454602955,18639978,RELIANCE.NS
2023-08-21,1244.986328125,1262.5000997685252,1242.8371963360953,1254.8424457661688,9221746,RELIANCE.NS
2023-08-22,1244.68994140625,1253.8544488619668,1234.6115281978846,1243.4548358358238,7713044,RELIANCE.NS
2023-08-23,1246.0732421875,1256.2752862282496,1243.4795205761563,1247.061326610869,9517952,RELIANCE.NS
2023-08-24,1225.1259765625,1254.8178429548684,1220.778380707161,1254.8178429548684,14140020,RELIANCE.NS
2023-08-25,1219.46923828125,1237.5758385308063,1206.7476503203045,1213.3677682361918,22222400,RELIANCE.NS
2023-08-28,1207.315673828125,1227.2008731617648,1201.0660879981488,1221.272366528133,12580826,RELIANCE.NS
2023-08-29,1195.755126953125,1212.107851949824,1189.7277154191993,1211.4162410930335,16876644,RELIANCE.NS
2023-08-30,1194.6187744140625,1206.9451032694478,1193.1119215700844,1201.5106390304122,12168946,RELIANCE.NS
2023-08-31,1189.1595458984375,1198.0523052778192,1185.6517981191516,1197.0642209023324,21638600,RELIANCE.NS
2023-09-01,1191.9508056640625,1198.3733539411996,1186.5163417372542,1188.937220765019,18112842,RELIANCE.NS
2023-09-04,1190.987548828125,1197.3853714174265,1188.3197691016735,1191.950907028467,9347626,RELIANCE.NS
2023-09-05,1197.3607177734375,1202.4739821466742,1191.852074903386,1195.582117616625,8675876,RELIANCE.NS
2023-09-06,1199.88037109375,1203.5609616798479,1194.2236115362405,1196.125722417537,8200370,RELIANCE.NS
2023-09-07,1201.5106201171875,1204.5983838407617,1191.1357340059783,1196.421961377583,13652572,RELIANCE.NS
2023-09-08,1209.51416015625,1213.3677136631895,1197.039593881822,1205.463038004146,23109288,RELIANCE.NS
2023-09-11,1222.556884765625,1223.668479723262,1211.391482722607,1211.391482722607,13271074,RELIANCE.NS
2023-09-12,1204.89501953125,1226.70693716321,1203.4622246012573,1226.70693716321,16255666,RELIANCE.NS
2023-09-13,1210.9222412109375,1216.653058753229,1198.6699696902265,1205.4630504045967,12803338,RELIANCE.NS
2023-09-14,1212.03369140625,1218.2092185904667,1207.933117232777,1215.3437498538372,9209636,RELIANCE.NS
2023-09-15,1214.28173828125,1219.2962186489121,1210.156437431325,1219.2962186489121,25468592,RELIANCE.NS
2023-09-18,1203.709228515625,1210.8975674516837,1201.535490839137,1205.487828880595,7516300,RELIANCE.NS
2023-09-20,1176.882568359375,1199.3368826488254,1163.4693709910728,1197.0889665350091,57081884,RELIANCE.NS
2023-09-21,1168.3111572265625,1180.8104504919372,1165.9397302621942,1173.3256379048928,12226182,RELIANCE.NS
2023-09-22,1163.44482421875,1177.03098669753,1160.9993390957275,1173.8444381665738,19176786,RELIANCE.NS
2023-09-25,1156.2811279296875,1166.2854832156668,1153.638074334712,1161.1968240581607,14254884,RELIANCE.NS
2023-09-26,1157.2938232421875,1161.0979239595738,1153.8849803976213,1155.3423807263628,10087782,RELIANCE.NS
2023-09-27,1170.3365478515625,1171.7693426359385,1155.3177128519035,1157.7879239120957,11722778,RELIANCE.NS
2023-09-28,1153.1439208984375,1177.3025356797164,1148.648088734931,1177.3025356797164,14518346,RELIANCE.NS
2023-09-29,1158.529052734375,1170.435518964013,1153.1440405649926,1156.9481416896208,12342014,RELIANCE.NS
2023-10-03,1145.2637939453125,1153.8849261975774,1144.201651539282,1151.0935156022144,8859056,RELIANCE.NS
2023-10-04,1143.2877197265625,1145.683872665596,1133.8763122199225,1140.7434506187415,10286386,RELIANCE.NS
2023-10-05,1143.2630615234375,1150.821810414835,1140.743398149127,1145.8073305142325,10953682,RELIANCE.NS
2023-10-06,1145.1898193359375,1148.5493304183171,1142.2502923697696,1144.7205033692,5431026,RELIANCE.NS
2023-10-09,1135.4324951171875,1142.200849187487,1133.826857954507,1140.2988590719287,7576878,RELIANCE.NS
2023-10-10,1140.447021484375,1145.1404226117538,1138.1497733893898,1139.5331157395624,10236032,RELIANCE.NS
2023-10-11,1158.5537109375,1160.8509589721596,1142.7196339530417,1143.4359710357805,9814118,RELIANCE.NS
2023-10-12,1160.7027587890625,1165.6185754357678,1155.1447837404767,1157.9609209243824,12554450,RELIANCE.NS
2023-10-13,1160.653564453125,1164.7046870675929,1150.6985400393603,1156.058947078756,10150316,RELIANCE.NS
2023-10-16,1158.0596923828125,1163.2471357038708,1154.0826283801794,1158.5290083696577,5929036,RELIANCE.NS
2023-10-17,1163.5928955078125,1165.791359182136,1156.701030917525,1163.9634271590728,7928180,RELIANCE.NS
2023-10-18,1148.1541748046875,1169.3979912920374,1146.6720480730119,1163.5929949263082,8918320,RELIANCE.NS
2023-10-19,1139.33544921875,1147.0672825471008,1136.7911799610206,1142.2256445327594,12032556,RELIANCE.NS
2023-10-20,1135.8525390625,1143.559525479833,1134.4691966955595,1136.2971288231192,8913312,RELIANCE.NS
2023-10-23,1118.116455078125,1139.38499918609,1114.1888431065277,1131.356812199955,7853962,RELIANCE.NS
2023-10-25,1115.5225830078125,1127.0090643806484,1108.1366760976812,1111.6196977984057,11620688,RELIANCE.NS
2023-10-26,1099.9849853515625,1115.5473150342816,1096.9219477593886,1112.089019549233,15222534,RELIANCE.NS
2023-10-27,1119.40087890625,1123.204979852311,1104.6536704890175,1106.654565590137,11771084,RELIANCE.NS
2023-10-30,1142.4725341796875,1148.6480613914696,1121.4510154276281,1123.4519103673986,16813304,RELIANCE.NS
2023-10-31,1130.3192138671875,1150.1303563093797,1127.8490026208185,1150.1303563093797,12808438,RELIANCE.NS
2023-11-01,1135.0125732421875,1144.9428703315039,1124.0448598372486,1130.9367248364767,10309190,RELIANCE.NS
2023-11-02,1146.2767333984375,1148.302354744411,1140.2247162104195,1143.1889695269997,10562104,RELIANCE.NS
2023-11-03,1146.0296630859375,1153.5638066087804,1144.078220526126,1149.7349795725816,8850156,RELIANCE.NS
2023-11-06,1155.564697265625,1156.0587394619763,1148.9445800808262,1152.2546386732256,10647304,RELIANCE.NS
2023-11-07,1148.0552978515625,1155.614167696399,1145.9556184844287,1153.1192304428853,6960204,RELIANCE.NS
2023-11-08,1154.0330810546875,1156.5527444212626,1147.0424324477003,1152.1063647972594,7884494,RELIANCE.NS
2023-11-09,1141.50927734375,1154.0331752710283,1138.3720609954937,1154.0085696526105,14513610,RELIANCE.NS
2023-11-10,1143.658203125,1144.3746607841822,1135.333664696756,1139.0389810755562,7734954,RELIANCE.NS
2023-11-13,1143.5101318359375,1148.4505538682092,1142.0773370771153,1147.610585630105,3854810,RELIANCE.NS
2023-11-15,1164.185791015625,1166.9030232858888,1149.6362714370953,1156.0588204395372,12220648,RELIANCE.NS
2023-11-16,1166.285400390625,1172.9302438744137,1159.4923201233041,1161.542667627995,13134910,RELIANCE.NS
2023-11-17,1163.7412109375,1172.4857343750468,1162.012063114762,1162.4319266451018,7758634,RELIANCE.NS
2023-11-20,1160.67822265625,1165.1492085814864,1154.2802789468988,1160.282964728199,4490186,RELIANCE.NS
2023-11-21,1175.2769775390625,1179.7728099438689,1166.0384122376151,1168.9038812090425,8214450,RELIANCE.NS
2023-11-22,1179.8717041015625,1182.9594682341328,1171.9670279221825,1173.3503703767312,8534814,RELIANCE.NS
2023-11-23,1183.4781494140625,1185.7013394254852,1179.8716170501546,1179.8716170501546,8531542,RELIANCE.NS
2023-11-24,1182.6876220703125,1186.9858858764198,1181.2796741129466,1181.5514214570694,6749486,RELIANCE.NS
2023-11-28,1182.9346923828125,1185.5531403805655,1173.4738317237427,1182.6876712625676,13792174,RELIANCE.NS
2023-11-29,1186.047119140625,1191.605094048659,1184.7379555197092,1189.6536514263266,12531306,RELIANCE.NS
2023-11-30,1174.5606689453125,1186.0471507278282,1170.8306260067593,1183.0828973645985,28439984,RELIANCE.NS
2023-12-01,1182.88525390625,1183.9226701483003,1174.6347733568996,1174.8323419889748,14342842,RELIANCE.NS
2023-12-04,1195.680908203125,1210.403389884879,1185.009669053603,1210.403389884879,15590990,RELIANCE.NS
2023-12-05,1204.351318359375,1205.8828973561333,1196.3971910542703,1204.9688710813314,12693624,RELIANCE.NS
2023-12-06,1215.8873291015625,1221.7416569101222,1202.9927791973269,1208.9707381739393,16422442,RELIANCE.NS
2023-12-07,1213.886474609375,1215.813191043024,1206.4511149904754,1215.3438750518303,8142096,RELIANCE.NS
2023-12-08,1213.2442626953125,1223.594423771572,1207.9333084760417,1217.2460531905654,10204894,RELIANCE.NS
2023-12-11,1215.022705078125,1219.098553135076,1211.5890153738967,1213.367615499601,7066138,RELIANCE.NS
2023-12-12,1197.5831298828125,1217.7894094868202,1195.6562927549994,1215.3439244936176,9197124,RELIANCE.NS
2023-12-13,1202.4739990234375,1204.6478570918039,1188.8137803209581,1196.570218805253,10031182,RELIANCE.NS
2023-12-14,1217.39404296875,1222.7297228698085,1206.7721356331074,1212.3795628682321,16972354,RELIANCE.NS
2023-12-15,1232.931884765625,1235.1056224147617,1220.3090811813895,1224.2366929375116,15932152,RELIANCE.NS
2023-12-18,1245.48046875,1252.3476075388428,1230.6344755328585,1232.9318442845902,14165188,RELIANCE.NS
2023-12-19,1263.809326171875,1271.6150959828576,1247.5552663727806,1262.2777471951172,16820604,RELIANCE.NS
2023-12-20,1248.518798828125,1283.9417239360823,1244.9864450577063,1270.207325538083,17736722,RELIANCE.NS
2023-12-21,1266.0079345703125,1271.4176728398502,1244.1218397625619,1248.44470925444,13765454,RELIANCE.NS
2023-12-22,1267.242919921875,1275.07341611771,1258.6465136069178,1264.5504141598008,16541784,RELIANCE.NS
2023-12-26,1273.66552734375,1280.5326657287192,1266.0819312708138,1268.7003790735205,7465664,RELIANCE.NS
2023-12-27,1278.0130615234375,1284.4602154795425,1271.2199815487345,1275.6169087042356,9204156,RELIANCE.NS
2023-12-28,1287.2515869140625,1290.4381347546032,1278.0130225533287,1279.4704228166715,12302636,RELIANCE.NS
2023-12-29,1277.074462890625,1291.4264140714613,1274.2831724837226,1289.9937398232034,10864584,RELIANCE.NS
2024-01-01,1279.6929931640625,1287.8941431135045,1271.244822078984,1274.9008072558752,4030540,RELIANCE.NS
2024-01-02,1290.2900390625,1291.920402508132,1271.1706293129728,1277.099135940161,7448800,RELIANCE.NS
2024-01-03,1276.25927734375,1301.3071935056118,1273.2455715878027,1289.450180352941,9037536,RELIANCE.NS
2024-01-04,1282.8546142578125,1289.376067708453,1274.1842702494187,1278.5811975278393,9612778,RELIANCE.NS
2024-01-05,1288.3138427734375,1294.3165279752034,1283.521657474919,1285.9424160498672,8086406,RELIANCE.NS
2024-01-08,1278.26025390625,1300.2944657165137,1269.1698042070248,1289.4502625359673,7734652,RELIANCE.NS
2024-01-09,1274.8758544921875,1287.8691880410897,1273.2454911635218,1284.5096770702141,5403074,RELIANCE.NS
2024-01-10,1309.2613525390625,1313.658280108081,1272.1834593214687,1273.146817539874,11102740,RELIANCE.NS
2024-01-11,1343.6961669921875,1346.2651626289091,1312.6702888458758,1313.6583733689063,23725852,RELIANCE.NS
2024-01-12,1354.3919677734375,1356.9609630954171,1329.714583957277,1343.6960023683716,15012164,RELIANCE.NS
2024-01-15,1377.51318359375,1379.8104316098675,1349.723309451493,1358.616069177015,8610594,RELIANCE.NS
2024-01-16,1358.2454833984375,1379.662260463631,1354.169635353321,1373.412554424991,9069024,RELIANCE.NS
2024-01-17,1345.35107421875,1369.7568331827044,1338.8791932605309,1343.30084717423,12197382,RELIANCE.NS
2024-01-18,1351.6500244140625,1354.663730119792,1335.1490629645289,1335.2972997496222,10279438,RELIANCE.NS
2024-01-19,1351.156005859375,1359.6041759840746,1342.8067406703178,1359.6041759840746,10422704,RELIANCE.NS
2024-01-23,1312.7442626953125,1355.4048574857818,1306.791150318716,1355.4048574857818,20055420,RELIANCE.NS
2024-01-24,1327.8619384765625,1333.4199132911328,1308.1497027138623,1319.314984194113,21919128,RELIANCE.NS
2024-01-25,1336.9522705078125,1347.895377764627,1319.2902616038493,1326.9479158139593,11808872,RELIANCE.NS
2024-01-29,1430.7957763671875,1435.192704047216,1343.9678528779282,1348.241269998228,23893438,RELIANCE.NS
2024-01-30,1390.852294921875,1442.5784888178382,1387.690473107798,1442.5537625848374,14093978,RELIANCE.NS
2024-01-31,1409.6258544921875,1417.159997760743,1385.7883192326594,1387.2704457772934,15130226,RELIANCE.NS
2024-02-01,1409.650634765625,1426.1515960154993,1401.1531330404457,1417.9011153905622,13349362,RELIANCE.NS
2024-02-02,1440.3306884765625,1457.3258137867138,1416.0980132616144,1416.0980132616144,19652588,RELIANCE.NS
2024-02-05,1421.878173828125,1452.9781061073709,1414.4675408489986,1443.3442832345067,8814432,RELIANCE.NS
2024-02-06,1410.7869873046875,1424.6695010773788,1402.9069175392074,1424.6695010773788,9047984,RELIANCE.NS
2024-02-07,1424.9659423828125,1432.2283386037336,1412.2196294925052,1418.8151411125152,9296568,RELIANCE.NS
2024-02-08,1432.845947265625,1442.0845126481563,1410.515263064875,1432.7224367107362,14694634,RELIANCE.NS
2024-02-09,1443.34423828125,1454.4354611714164,1433.660963243804,1436.6746688077615,12556798,RELIANCE.NS
2024-02-12,1435.04443359375,1443.5913882496639,1425.163589047209,1443.3443671360003,6674430,RELIANCE.NS
2024-02-13,1447.642333984375,1461.3767303535824,1436.674621997369,1438.1567484987418,7715594,RELIANCE.NS
2024-02-14,1463.7235107421875,1465.9714268487612,1440.1329959711338,1440.1329959711338,7117888,RELIANCE.NS
2024-02-15,1453.0770263671875,1467.0337197836,1449.050630318146,1465.6751036103208,10006782,RELIANCE.NS
2024-02-16,1443.17138671875,1459.4007219371786,1441.170612214809,1458.8819534815811,9767498,RELIANCE.NS
2024-02-19,1456.4364013671875,1461.8708655513933,1436.2053974591388,1444.6288410678121,6729828,RELIANCE.NS
2024-02-20,1453.4969482421875,1457.9186020207894,1444.3818933388152,1457.4492860314679,7117496,RELIANCE.NS
2024-02-21,1450.2115478515625,1470.7884795851646,1440.1825868389801,1456.4365283424868,12720292,RELIANCE.NS
2024-02-22,1464.0941162109375,1467.2559381666686,1440.6271108051608,1450.6561919754163,18493728,RELIANCE.NS
2024-02-23,1475.82763671875,1479.7059164315408,1465.6750448712426,1471.7517883622584,14438584,RELIANCE.NS
2024-02-26,1469.6026611328125,1476.7169415654328,1464.8352018923576,1475.753583346703,7513106,RELIANCE.NS
2024-02-27,1467.9476318359375,1482.0771665679397,1460.4382144226488,1465.3539102526265,10826044,RELIANCE.NS
2024-02-28,1438.2803955078125,1473.5056294891751,1432.8953836215212,1465.3292067243183,8647950,RELIANCE.NS
2024-02-29,1443.393798828125,1461.352161163495,1437.1935448412644,1447.5437052316252,23628976,RELIANCE.NS
2024-03-01,1474.345458984375,1482.1266237591103,1445.0734581651325,1446.061542580972,12132926,RELIANCE.NS
2024-03-04,1489.4384765625,1494.4282305064353,1469.503825173054,1472.7150995331629,10024420,RELIANCE.NS
2024-03-05,1482.3243408203125,1489.4386216961695,1468.3430414288637,1487.832984359659,7107668,RELIANCE.NS
2024-03-06,1485.0908203125,1491.0193265812127,1460.8827530485903,1475.6545662551582,7805676,RELIANCE.NS
2024-03-07,1461.3028564453125,1485.1897258668157,1457.968071396935,1485.0662153094684,8315726,RELIANCE.NS
2024-03-11,1449.1246337890625,1471.2577496463198,1446.0615961097308,1471.2577496463198,11277130,RELIANCE.NS
2024-03-12,1457.844482421875,1470.269595576354,1447.568380480176,1449.1245651727334,9432678,RELIANCE.NS
2024-03-13,1415.10986328125,1465.4279903850718,1410.7622676768488,1462.142657909758,13522134,RELIANCE.NS
2024-03-14,1414.4180908203125,1431.2649780682007,1408.514310659922,1422.5450608782721,18571102,RELIANCE.NS
2024-03-15,1401.3260498046875,1416.1473166057365,1396.0645483366263,1408.9589780840722,19223818,RELIANCE.NS
2024-03-18,1422.3228759765625,1424.5460660460144,1399.6463855144648,1403.0799549430176,9169392,RELIANCE.NS
2024-03-19,1408.267333984375,1420.4701525728194,1400.3626585436627,1411.7256294896865,8275764,RELIANCE.NS
2024-03-20,1426.546875,1427.7819805194806,1407.056934025752,1410.935092987457,8488806,RELIANCE.NS
2024-03-21,1433.685791015625,1440.5283239841642,1427.460931435626,1435.2173701383908,13006936,RELIANCE.NS
2024-03-22,1437.6875,1442.6031956703118,1430.1039041326171,1432.697625631682,19527608,RELIANCE.NS
2024-03-26,1424.3978271484375,1435.0939139473653,1421.853557874578,1427.7820647176966,11415906,RELIANCE.NS
2024-03-27,1475.061767578125,1482.1265951381042,1429.7581221098912,1430.74620650665,16326644,RELIANCE.NS
2024-03-28,1468.145263671875,1488.0057370987279,1461.0311038405712,1475.0865810929813,21854364,RELIANCE.NS
2024-04-01,1467.0830078125,1476.1733358521226,1464.8350917273362,1474.6912092837645,5013880,RELIANCE.NS
2024-04-02,1469.2320556640625,1476.198098955644,1457.4244952875333,1466.3172549197961,8910166,RELIANCE.NS
2024-04-03,1454.0650634765625,1466.7619246317818,1451.397283687729,1464.4152240453116,7008292,RELIANCE.NS
2024-04-04,1445.493408203125,1462.117879861305,1432.7223691832353,1462.117879861305,14490272,RELIANCE.NS
2024-04-05,1442.7020263671875,1453.274601948929,1438.6509043996564,1443.467815909923,7442298,RELIANCE.NS
2024-04-08,1468.2686767578125,1473.2090987059642,1443.5912932499484,1445.5427357963142,8357118,RELIANCE.NS
2024-04-09,1446.2098388671875,1472.0482715276003,1445.0735176190665,1471.2577557160955,7071414,RELIANCE.NS
2024-04-10,1461.945068359375,1469.281643980642,1448.8776750369068,1448.8776750369068,9138330,RELIANCE.NS
2024-04-12,1449.668212890625,1468.76289779902,1445.6416961431235,1458.289226116748,15551012,RELIANCE.NS
2024-04-15,1447.3707275390625,1464.4646364315843,1429.0911655763507,1443.591352839028,12902062,RELIANCE.NS
2024-04-16,1448.28466796875,1453.645073932083,1433.636365403093,1436.0323976352518,9366184,RELIANCE.NS
2024-04-18,1446.876708984375,1468.2934876101954,1441.9610129858208,1446.0615875622616,19005692,RELIANCE.NS
2024-04-19,1452.607666015625,1456.4364932961696,1425.8306012864564,1439.4167626045175,15741778,RELIANCE.NS
2024-04-22,1462.2166748046875,1465.1562017707047,1450.3103301575065,1454.9048261235944,10350362,RELIANCE.NS
2024-04-23,1441.9364013671875,1475.7042382593086,1438.2064787775075,1461.3770126451404,14605554,RELIANCE.NS
2024-04-24,1432.8953857421875,1451.051437133562,1432.2283805059903,1446.0615625184662,10462776,RELIANCE.NS
2024-04-25,1442.5784912109375,1450.483166375014,1424.3236561270523,1425.3117405225619,15943926,RELIANCE.NS
2024-04-26,1435.2420654296875,1447.5436681516292,1432.7224019248206,1446.5061312694434,9413848,RELIANCE.NS
2024-04-29,1447.568359375,1450.4091019997668,1432.7223672737166,1432.7223672737166,7247974,RELIANCE.NS
2024-04-30,1449.5198974609375,1465.403306850403,1445.4440490785064,1450.5079819172845,11474262,RELIANCE.NS
2024-05-02,1449.0751953125,1459.7217080112785,1446.6790424453916,1454.460206935621,14512646,RELIANCE.NS
2024-05-03,1416.9130859375,1457.3750954799905,1399.275802819383,1453.4722101911175,17226958,RELIANCE.NS
2024-05-06,1402.610595703125,1422.841600588335,1401.1037428015688,1418.3952205864964,7394208,RELIANCE.NS
2024-05-07,1384.775634765625,1403.8209867220144,1375.4135586957902,1399.1028593353728,14517472,RELIANCE.NS
2024-05-08,1401.647216796875,1415.8755361000522,1380.8479912935143,1380.8479912935143,9439002,RELIANCE.NS
2024-05-09,1377.51318359375,1406.7851843569276,1373.437335386219,1396.1632769069981,11009612,RELIANCE.NS
2024-05-10,1390.65478515625,1393.1990543318577,1371.535254832905,1380.106935558881,10505096,RELIANCE.NS
2024-05-13,1385.986083984375,1390.2101693574684,1367.5089520262873,1383.2195197456997,8456620,RELIANCE.NS
2024-05-14,1403.1539306640625,1410.070521585227,1383.342910466477,1384.2815424166113,7188300,RELIANCE.NS
2024-05-15,1399.3994140625,1412.9361236084007,1396.188139403763,1403.5740469957013,5046534,RELIANCE.NS
2024-05-16,1408.3660888671875,1410.4904944706304,1381.3667306256436,1401.6471872524828,14711774,RELIANCE.NS
2024-05-17,1418.5928955078125,1420.0750222861304,1396.4104463053004,1406.093722836626,10916476,RELIANCE.NS
2024-05-21,1419.0128173828125,1424.6448506468714,1408.6132041549795,1408.6132041549795,11176128,RELIANCE.NS
2024-05-22,1443.2454833984375,1451.2736690394956,1419.1609264752628,1419.1609264752628,10281604,RELIANCE.NS
2024-05-23,1468.3428955078125,1474.4442444107415,1437.6628261266358,1441.1705740518107,14608260,RELIANCE.NS
2024-05-24,1462.6119384765625,1470.7636348065282,1458.5113640783345,1465.9467233388211,7094776,RELIANCE.NS
2024-05-27,1448.77880859375,1467.2066075031105,1444.134859977049,1462.587264504762,6629010,RELIANCE.NS
2024-05-28,1438.8485107421875,1460.8828419616084,1435.4396676765145,1450.5079553599196,7820162,RELIANCE.NS
2024-05-29,1423.607421875,1440.6271526936466,1421.310053120064,1429.264181324664,7383556,RELIANCE.NS
2024-05-30,1407.8720703125,1423.2368313836507,1403.178669288835,1418.3951935729253,13206858,RELIANCE.NS
2024-05-31,1413.35595703125,1425.0647331073133,1405.3030450073677,1414.245257118902,31069832,RELIANCE.NS
2024-06-03,1492.32861328125,1496.4539141466187,1441.6152266357983,1465.3292536675044,21527942,RELIANCE.NS
2024-06-04,1380.625732421875,1480.1999676014107,1343.1032493273078,1480.1999676014107,36709098,RELIANCE.NS
2024-06-05,1403.8209228515625,1414.0970248192752,1367.6076051704213,1405.0560283617258,17464890,RELIANCE.NS
2024-06-06,1414.5416259765625,1426.4974232883105,1404.4137607114592,1417.9011371144834,17855722,RELIANCE.NS
2024-06-07,1452.4345703125,1454.4601915157414,1409.5023527154926,1411.478521453965,18558696,RELIANCE.NS
2024-06-10,1453.867431640625,1475.5558362929214,1450.5819785928986,1452.4346368701142,9251760,RELIANCE.NS
2024-06-11,1439.3179931640625,1456.1154291491666,1437.3418242246385,1451.4960860069511,11774902,RELIANCE.NS
2024-06-12,1445.8885498046875,1458.41256776401,1437.835758473946,1440.1330064471847,10081742,RELIANCE.NS
2024-06-13,1447.790771484375,1454.7073627830548,1442.7021123343332,1454.4603416652449,9181160,RELIANCE.NS
2024-06-14,1459.9442138671875,1462.0438933040555,1439.8613252368543,1452.4841280922399,8157998,RELIANCE.NS
2024-06-18,1463.3778076171875,1469.6768460329972,1453.8180422457062,1469.6273935638167,7196766,RELIANCE.NS
2024-06-19,1441.2694091796875,1469.7756214798555,1438.650961260282,1469.7756214798555,8725874,RELIANCE.NS
2024-06-20,1456.1400146484375,1465.181011544537,1432.8212456085912,1441.6152213906755,16113776,RELIANCE.NS
2024-06-21,1436.872314453125,1457.1280450509373,1423.4096642387256,1456.0659025463858,31170360,RELIANCE.NS
2024-06-24,1424.2989501953125,1432.2283517054532,1420.3713387903338,1428.3007403004744,8878386,RELIANCE.NS
2024-06-25,1436.822998046875,1438.576872033328,1423.8296636688654,1425.8058325289194,7045386,RELIANCE.NS
2024-06-26,1495.9844970703125,1500.875466568816,1427.905458276952,1428.8194845866847,22014882,RELIANCE.NS
2024-06-27,1512.312744140625,1519.1798830077462,1488.0552219900264,1495.7128766848623,28383030,RELIANCE.NS
2024-06-28,1546.7474365234375,1562.1615299634889,1512.782033239127,1512.782033239127,28957336,RELIANCE.NS
2024-07-01,1541.5599365234375,1560.5805616644209,1537.138282854078,1543.9066370278445,7724306,RELIANCE.NS
2024-07-02,1546.5250244140625,1554.750778666898,1538.4473863262538,1550.798441129772,7749246,RELIANCE.NS
2024-07-03,1533.927001953125,1556.2329594590622,1524.391963189475,1547.661278880494,9049620,RELIANCE.NS
2024-07-04,1535.5079345703125,1548.822348177101,1532.321386398175,1538.447461634288,6837176,RELIANCE.NS
2024-07-05,1569.695556640625,1579.4528899457323,1529.5546284867023,1535.3101717849263,12269710,RELIANCE.NS
2024-07-08,1581.8243408203125,1589.6302317071045,1563.6682899618515,1570.0661123316786,9500806,RELIANCE.NS
2024-07-09,1571.3260498046875,1581.4291893561121,1561.6675000170792,1578.5637202787966,6960002,RELIANCE.NS
2024-07-10,1565.3480224609375,1578.4648673124634,1544.5241914718106,1575.9946562525065,7134578,RELIANCE.NS
2024-07-11,1561.815673828125,1585.1344421846698,1551.786592769845,1568.5840280306456,11940946,RELIANCE.NS
2024-07-12,1577.6990966796875,1586.023756297877,1555.7389442164904,1565.619788574804,12924784,RELIANCE.NS
2024-07-15,1578.1932373046875,1586.7154660951303,1566.607970695329,1585.332123675554,5329688,RELIANCE.NS
2024-07-16,1557.4681396484375,1580.9351457176842,1550.4280378276635,1574.5125966882063,9386838,RELIANCE.NS
2024-07-18,1567.7689208984375,1574.9078068261192,1539.2625884242743,1557.2210712967385,12298374,RELIANCE.NS
2024-07-19,1536.6195068359375,1571.0294984478235,1534.2975325767013,1567.1018870092746,13140390,RELIANCE.NS
2024-07-22,1482.793701171875,1519.1798633102128,1481.4103587992008,1518.9328421942273,19674376,RELIANCE.NS
2024-07-23,1470.1707763671875,1487.8080584659276,1445.5674511277782,1483.1146576505776,18052044,RELIANCE.NS
2024-07-24,1477.8778076171875,1491.5134207568017,1458.8078508242754,1467.3053526491226,11913362,RELIANCE.NS
2024-07-25,1474.6173095703125,1482.5960435405543,1459.474842467878,1463.353122317903,12519876,RELIANCE.NS
2024-07-26,1491.044189453125,1494.4037007697482,1472.59166375446,1474.6172851615388,9859940,RELIANCE.NS
2024-07-29,1501.987060546875,1509.2989091727318,1493.7613062276428,1493.9341486268256,7538550,RELIANCE.NS
2024-07-30,1495.1199951171875,1506.8287716127938,1492.0075050067665,1498.9488223237445,8228208,RELIANCE.NS
2024-07-31,1487.4869384765625,1492.4519658681731,1483.2628537354879,1486.0788700242824,10057346,RELIANCE.NS
2024-08-01,1497.2445068359375,1499.9122867676688,1486.3755772216791,1493.983779705346,10764222,RELIANCE.NS
2024-08-02,1481.459716796875,1491.3405616106625,1475.4818780540024,1487.067144475012,10268248,RELIANCE.NS
2024-08-05,1430.079345703125,1466.2186085334113,1416.1721046606897,1462.3650548737628,17046704,RELIANCE.NS
2024-08-06,1438.7003173828125,1459.8946792000177,1434.0315221699125,1437.8110173129378,10236186,RELIANCE.NS
2024-08-07,1447.3707275390625,1454.954323788822,1444.0853950542364,1451.4960282823629,8174568,RELIANCE.NS
2024-08-08,1431.8577880859375,1447.5436277380477,1428.6959662921352,1440.1577210643813,12387192,RELIANCE.NS
2024-08-09,1456.73291015625,1458.9066476361847,1438.6509170052725,1442.603254689353,6249776,RELIANCE.NS
2024-08-12,1443.2208251953125,1455.4483700557605,1440.3800824499558,1452.4841167562581,8184584,RELIANCE.NS
2024-08-13,1446.1851806640625,1452.5582774619256,1440.6272053348387,1443.3444377180147,6265064,RELIANCE.NS
2024-08-14,1444.43115234375,1454.460233101401,1436.3782403810737,1446.1109681889411,6267466,RELIANCE.NS
2024-08-16,1460.58642578125,1462.7602840003062,1440.676620060605,1451.1502913945535,9416902,RELIANCE.NS
2024-08-19,1475.65625,1485.47150978375,1467.8238660907393,1469.8067419652286,13797742,RELIANCE.NS
2024-08-20,1483.1416015625,1491.0484162933285,1477.2674041310693,1484.4057091952604,8411808,RELIANCE.NS
2024-08-21,1485.8433837890625,1494.964564922092,1477.2426107826689,1480.464784262564,7769996,RELIANCE.NS
2024-08-22,1485.2979736328125,1493.6012664349316,1477.8869991875908,1490.1312336221058,10445782,RELIANCE.NS
2024-08-23,1487.1322021484375,1498.3849993365056,1485.5955458508122,1490.8749048344312,9249654,RELIANCE.NS
2024-08-26,1499.649169921875,1509.9601498448217,1490.1313888488291,1494.0723308917522,8816114,RELIANCE.NS
2024-08-27,1487.6031494140625,1500.516654009415,1486.6117113802566,1497.5671500638725,6251156,RELIANCE.NS
2024-08-28,1485.4716796875,1494.5680511870519,1480.2170096090344,1492.1142662167426,9610286,RELIANCE.NS
2024-08-29,1507.90283203125,1523.8401488737275,1481.2083164719252,1490.2303777286736,38335358,RELIANCE.NS
2024-08-30,1496.6995849609375,1526.5418444404818,1490.4534771750382,1520.865886117465,41620730,RELIANCE.NS
2024-09-02,1503.2679443359375,1513.7276641806195,1493.7253530981907,1497.9389648135596,11240852,RELIANCE.NS
2024-09-03,1496.203857421875,1509.9600595401412,1494.5927706873033,1508.2250430567562,10923800,RELIANCE.NS
2024-09-04,1501.5823974609375,1504.50709100704,1486.6612078847159,1487.850885016148,11983304,RELIANCE.NS
2024-09-05,1480.192138671875,1512.7113538076746,1474.3179410781217,1506.0439573959175,16264168,RELIANCE.NS
2024-09-06,1452.2830810546875,1484.182646260627,1449.110527949692,1479.721175380084,19394228,RELIANCE.NS
2024-09-09,1449.928466796875,1457.3395627288749,1443.1371406451965,1453.943839140462,9010298,RELIANCE.NS
2024-09-10,1449.011474609375,1459.446383962114,1445.0952218200862,1447.995226435091,10768260,RELIANCE.NS
2024-09-11,1439.072265625,1456.1745712275017,1435.1561339115874,1450.5234230036904,9760202,RELIANCE.NS
2024-09-12,1467.1298828125,1473.2767495080643,1433.4953029575859,1444.5250498204912,22349376,RELIANCE.NS
2024-09-13,1460.016357421875,1470.451266381587,1456.918113729867,1463.7590600068495,8711328,RELIANCE.NS
2024-09-16,1458.7523193359375,1468.2206009201684,1452.2088525514882,1464.8993077290233,5481774,RELIANCE.NS
2024-09-17,1459.6942138671875,1464.8248328952707,1454.0677548146177,1461.3796100548857,5935328,RELIANCE.NS
2024-09-18,1450.9197998046875,1469.3110219373734,1448.0447266088618,1457.413766699014,8574714,RELIANCE.NS
2024-09-19,1457.0916748046875,1463.8581906691413,1443.0876132109174,1453.6959512825117,16955902,RELIANCE.NS
2024-09-20,1473.2025146484375,1482.1997658201985,1458.7770437683578,1461.3795684407844,30897320,RELIANCE.NS
2024-09-23,1480.5887451171875,1488.6441789861601,1476.2015834923338,1478.2340798324108,8832314,RELIANCE.NS
2024-09-24,1476.6229248046875,1487.6526722077606,1475.1357678514642,1475.7554165819738,17137444,RELIANCE.NS
2024-09-25,1481.15869140625,1483.6869066134093,1467.5264194610884,1471.1948125268714,7069002,RELIANCE.NS
2024-09-26,1485.12451171875,1491.122760061236,1475.309372285805,1477.8870868947113,18818998,RELIANCE.NS
2024-09-27,1513.10791015625,1520.345334807694,1479.2254687210307,1486.1655345930462,20597478,RELIANCE.NS
2024-09-30,1463.9324951171875,1511.9181178232873,1461.7761901136828,1506.3908994638518,27008814,RELIANCE.NS
2024-10-01,1452.2830810546875,1475.2100841908111,1450.3002051077794,1467.9726595996829,16431642,RELIANCE.NS
2024-10-03,1394.928466796875,1436.9902726871705,1390.070396353704,1424.2750076222521,37757294,RELIANCE.NS
2024-10-04,1374.653564453125,1405.2145916660443,1369.9442340651563,1391.9046094477658,37072876,RELIANCE.NS
2024-10-07,1358.98876953125,1384.5431070803497,1349.7188488374588,1381.568793209071,22181340,RELIANCE.NS
2024-10-08,1385.3857421875,1389.004514771482,1353.4118695241307,1361.2194430814652,17020808,RELIANCE.NS
2024-10-09,1362.8306884765625,1388.979866453412,1360.7486928237201,1385.5594536683957,14310610,RELIANCE.NS
2024-10-10,1359.31103515625,1374.132983939481,1357.699948504806,1368.209166456891,22358646,RELIANCE.NS
2024-10-11,1360.35205078125,1371.4314188021033,1357.1050671377104,1358.2700551936466,7980122,RELIANCE.NS
2024-10-14,1360.7734375,1368.2587216327886,1356.5350159311083,1367.6390728953818,12221432,RELIANCE.NS
2024-10-15,1332.5174560546875,1359.9554295521655,1329.2208521541709,1346.8933067731043,33762794,RELIANCE.NS
2024-10-16,1342.4814453125,1352.3215164873245,1326.1723376036346,1328.5270030007441,20034438,RELIANCE.NS
2024-10-17,1344.811279296875,1356.7332239102464,1340.4737382347967,1354.0067695283685,15543660,RELIANCE.NS
2024-10-18,1347.66162109375,1356.70849216764,1329.840427555484,1340.5976258716714,12082452,RELIANCE.NS
2024-10-21,1357.4769287109375,1362.2358797577067,1346.1002013000875,1355.4197431686716,14067408,RELIANCE.NS
2024-10-22,1331.84814453125,1364.2186177698431,1328.749900940748,1357.4767913068545,15831960,RELIANCE.NS
2024-10-23,1327.064453125,1345.8521531156357,1323.5696102860716,1326.048205061888,17214742,RELIANCE.NS
2024-10-24,1328.3287353515625,1332.1952468902052,1311.7964576126847,1323.8424540123256,22155934,RELIANCE.NS
2024-10-25,1316.4808349609375,1332.8395608533488,1310.6809472586556,1331.996862815434,18597496,RELIANCE.NS
2024-10-28,1322.9251708984375,1341.4155124030337,1310.7800563182918,1325.552505604476,10824350,RELIANCE.NS
2024-10-29,1328.52685546875,1331.6994085045892,1308.995576227512,1316.728719636798,12008361,RELIANCE.NS
2024-10-30,1332.3935546875,1338.4413022928309,1314.0023313459362,1323.569732267355,11984423,RELIANCE.NS
2024-10-31,1320.64501953125,1331.5012170832633,1314.7955112005386,1328.5269031210519,9331650,RELIANCE.NS
2024-11-01,1327.1884765625,1330.4601492824747,1321.5868277686543,1321.6364480777281,2127335,RELIANCE.NS
2024-11-04,1291.0009765625,1328.52687951389,1274.0969107675833,1326.3952636738204,19796890,RELIANCE.NS
2024-11-05,1294.1240234375,1298.337634786513,1275.1379622128013,1281.9292880644173,16267479,RELIANCE.NS
2024-11-06,1314.0023193359375,1316.9271340293028,1289.0676296160968,1298.7837703539942,21625209,RELIANCE.NS
2024-11-07,1294.4710693359375,1312.6639327180499,1291.4471349781516,1312.6639327180499,9611974,RELIANCE.NS
2024-11-08,1272.7584228515625,1290.505185727704,1264.0833410989228,1286.5394340693545,19814406,RELIANCE.NS
2024-11-11,1261.802978515625,1274.9891511168566,1256.151830843746,1267.9994654475693,9056552,RELIANCE.NS
2024-11-12,1263.33984375,1278.2610337323058,1256.6476373969983,1264.6287615317467,10671091,RELIANCE.NS
2024-11-13,1241.3299560546875,1264.5295076822267,1238.8017408266169,1259.374078659472,14633633,RELIANCE.NS
2024-11-14,1256.746826171875,1261.7040163358736,1240.38809863068,1242.866693712679,12612633,RELIANCE.NS
2024-11-18,1249.9554443359375,1262.0014401044657,1233.24973843027,1256.7467703539512,13620611,RELIANCE.NS
2024-11-19,1231.0189208984375,1270.5276979121372,1224.5745744010292,1249.9553610165642,14183746,RELIANCE.NS
2024-11-21,1212.5286865234375,1233.299264427905,1206.8279179645579,1231.0190296194417,19433843,RELIANCE.NS
2024-11-22,1254.5655517578125,1257.9859641270039,1211.983221035894,1218.8737871048172,20471957,RELIANCE.NS
2024-11-25,1275.9805908203125,1293.2811339485756,1271.4694999174592,1278.9549045518283,28923341,RELIANCE.NS
2024-11-26,1284.606201171875,1286.737817131633,1273.2046638791435,1283.8626226527838,9247557,RELIANCE.NS
2024-11-27,1282.1275634765625,1292.6864023015983,1274.9892583407009,1282.4250432843673,9572746,RELIANCE.NS
2024-11-28,1259.91943359375,1285.4984608667178,1258.184417128475,1278.905374093644,15027412,RELIANCE.NS
2024-11-29,1281.1361083984375,1288.3736540571424,1264.3312830599236,1269.0406134614407,13202307,RELIANCE.NS
2024-12-02,1297.941162109375,1300.1222774340952,1266.1160245478172,1276.9722229086012,11024152,RELIANCE.NS
2024-12-03,1311.9698486328125,1315.4398813546288,1295.8093621182986,1305.7237413234882,16869482,RELIANCE.NS
2024-12-04,1297.74267578125,1317.0262168141671,1292.884726573221,1314.6467414933138,19608540,RELIANCE.NS
2024-12-05,1310.7305908203125,1318.5628538088617,1294.966703202915,1303.0964459866593,16858723,RELIANCE.NS
2024-12-06,1300.3204345703125,1312.5646685095264,1298.783657405313,1312.5646685095264,9037514,RELIANCE.NS
2024-12-09,1284.0609130859375,1303.7409326166044,1282.0284168341586,1291.8436769577456,14650002,RELIANCE.NS
2024-12-10,1273.8489990234375,1283.812998621138,1269.238788448007,1278.2113501165884,16043729,RELIANCE.NS
2024-12-11,1267.2559814453125,1278.9549980546296,1265.1244866020038,1273.9978081396894,11724373,RELIANCE.NS
2024-12-12,1252.0870361328125,1267.25596445406,1249.8066803924569,1259.1262215126183,20906813,RELIANCE.NS
2024-12-13,1261.951904296875,1264.2817595214547,1228.986588963027,1249.2119494931856,28630222,RELIANCE.NS
2024-12-16,1257.44091796875,1270.0321327010022,1255.7059013940218,1264.0835044447913,9486781,RELIANCE.NS
2024-12-17,1234.6376953125,1253.078416496042,1232.1591005022085,1250.2528426173371,17462791,RELIANCE.NS
2024-12-18,1242.5196533203125,1249.162239402372,1230.027558928225,1230.027558928225,12670179,RELIANCE.NS
2024-12-19,1219.914794921875,1234.2411461229626,1218.4772582835096,1228.3916379278016,14244653,RELIANCE.NS
2024-12-20,1194.980224609375,1228.8873545167635,1191.2127119418244,1213.5200660980383,20312896,RELIANCE.NS
2024-12-23,1211.834716796875,1216.6926661807136,1202.8125341694108,1204.5971709809228,10052824,RELIANCE.NS
2024-12-24,1212.28076171875,1222.9883400626134,1210.5457452942906,1211.834663048231,6734917,RELIANCE.NS
2024-12-26,1206.1339111328125,1217.1883476811242,1203.8535553911518,1213.767935093776,10016178,RELIANCE.NS
2024-12-27,1210.595458984375,1217.3867853075249,1206.5800865394056,1207.86900439277,7000397,RELIANCE.NS
2024-12-30,1200.333984375,1212.7269598518426,1197.756269680847,1205.9852538075309,8818766,RELIANCE.NS
2024-12-31,1205.043212890625,1208.6619856280877,1195.8229125326573,1197.6570485426987,6405475,RELIANCE.NS
2025-01-01,1210.7935791015625,1215.800389087432,1201.2261788160188,1204.4483521073844,5892590,RELIANCE.NS
2025-01-02,1231.167724609375,1233.7949384205442,1209.554328364606,1210.7936258321927,15486276,RELIANCE.NS
2025-01-03,1240.437744140625,1251.244443122699,1224.921714407087,1233.2498182568117,15521102,RELIANCE.NS
2025-01-06,1207.5714111328125,1251.1946805005002,1204.5970973122883,1243.213556672038,14816766,RELIANCE.NS
2025-01-07,1230.2257080078125,1233.8444805890147,1210.7935491517349,1211.5371275851955,10070505,RELIANCE.NS
2025-01-08,1254.664794921875,1260.167324257905,1234.6872949225542,1238.3060678446636,19346579,RELIANCE.NS
2025-01-09,1244.0067138671875,1258.8782824728921,1237.364128300027,1256.1518282285128,12794704,RELIANCE.NS
2025-01-10,1231.266845703125,1245.9896754309787,1225.4173374439545,1243.114481097643,8120332,RELIANCE.NS
2025-01-13,1229.234375,1234.5881643828388,1215.899582365329,1219.4687349455062,13764861,RELIANCE.NS
2025-01-14,1228.143798828125,1242.6187691440975,1216.742262047884,1233.4479678208604,13095266,RELIANCE.NS
2025-01-15,1241.478515625,1246.2374660533972,1231.2171573529768,1234.2905907014622,9578856,RELIANCE.NS
2025-01-16,1255.6065673828125,1264.0834104275011,1240.586378973141,1248.1212833322295,14117603,RELIANCE.NS
2025-01-17,1291.19921875,1314.6467509950228,1273.997794139219,1310.9288585996749,29366277,RELIANCE.NS
2025-01-20,1294.272705078125,1304.7324245206253,1289.1172758229052,1304.7324245206253,14040244,RELIANCE.NS
2025-01-21,1262.7945556640625,1301.7581181984158,1259.324522599558,1299.2795231523412,14562976,RELIANCE.NS
2025-01-22,1266.1654052734375,1271.9157939003728,1257.83730213362,1267.3552034506358,10273590,RELIANCE.NS
2025-01-23,1252.83056640625,1266.4132176584087,1250.7980702365203,1259.126173066555,8720682,RELIANCE.NS
2025-01-24,1235.6292724609375,1262.1006196074513,1232.8531975505623,1255.1605533566642,14235970,RELIANCE.NS
2025-01-27,1218.82421875,1229.8291557820492,1209.5542981292017,1228.4907387555406,9536019,RELIANCE.NS
2025-01-28,1223.8311767578125,1234.0925365684338,1208.0672872533735,1227.400329601704,10568025,RELIANCE.NS
2025-01-29,1224.921630859375,1232.1095562529247,1217.53546627882,1225.4173498520336,5928156,RELIANCE.NS
2025-01-30,1242.3214111328125,1246.237542749693,1221.8481926097397,1224.971246456504,9269259,RELIANCE.NS
2025-01-31,1254.2681884765625,1256.1519448799122,1238.306060895825,1245.09738698474,6584612,RELIANCE.NS
2025-02-01,1253.7724609375,1259.6715896071485,1230.374548522757,1254.2681799336815,7118453,RELIANCE.NS
2025-02-03,1235.232666015625,1245.2461659154887,1226.9541826685895,1240.2889757645512,9252345,RELIANCE.NS
2025-02-04,1274.196044921875,1277.7653184740125,1235.9265630557768,1237.3642207434832,16691069,RELIANCE.NS
2025-02-05,1267.2559814453125,1279.4507170461238,1265.7688244708304,1271.6679530846961,10112028,RELIANCE.NS
2025-02-06,1270.577392578125,1276.9721191435924,1259.4732145791813,1262.7945076095025,9956001,RELIANCE.NS
2025-02-07,1255.8544921875,1272.7089385364054,1251.1947819010975,1265.2236540965398,8764283,RELIANCE.NS
2025-02-10,1242.916259765625,1255.6562137259161,1234.8856362555493,1253.673337746878,6970972,RELIANCE.NS
2025-02-11,1224.2772216796875,1253.7230036544372,1219.567891058193,1253.7230036544372,8859714,RELIANCE.NS
2025-02-12,1206.1339111328125,1216.3952699200001,1183.1324776076385,1209.0089844264594,21131654,RELIANCE.NS
2025-02-13,1205.687744140625,1217.4858807075602,1201.622872489872,1206.629682868639,8511216,RELIANCE.NS
2025-02-14,1206.827880859375,1213.5200872227356,1195.1288642881832,1208.56289732395,10298145,RELIANCE.NS
2025-02-17,1214.412353515625,1216.9900679473901,1194.1869953911457,1200.7304615718228,8166683,RELIANCE.NS
2025-02-18,1214.908203125,1219.3696743222742,1205.6877809072391,1214.362863790828,6673250,RELIANCE.NS
2025-02-19,1216.9405517578125,1222.1952216847485,1207.125412159616,1209.0586678925579,6217338,RELIANCE.NS
2025-02-20,1222.4429931640625,1228.738599945727,1211.5371757067999,1213.4704313005311,7795582,RELIANCE.NS
2025-02-21,1217.634521484375,1229.3830367840985,1211.6858938870325,1218.1797397323817,6904025,RELIANCE.NS
2025-02-24,1204.1510009765625,1212.7764626626977,1200.1356289010387,1206.1338768607443,7172498,RELIANCE.NS
2025-02-25,1193.6912841796875,1210.5457292220917,1191.2126893205104,1200.6313497853835,11552182,RELIANCE.NS
2025-02-27,1196.7647705078125,1204.597154814102,1190.370043898487,1202.416039651657,11509215,RELIANCE.NS
2025-02-28,1189.82470703125,1206.9270123506615,1183.0830013175257,1191.7084634163882,23007298,RELIANCE.NS
2025-03-03,1161.2216796875,1196.1202465389174,1146.1022512006402,1193.6912720117396,17944938,RELIANCE.NS
2025-03-04,1151.9517822265625,1163.948157257321,1149.6219272411693,1152.2491409974891,11377373,RELIANCE.NS
2025-03-05,1165.5345458984375,1172.8712116641736,1147.0938223968292,1151.0595745918054,8664095,RELIANCE.NS
2025-03-06,1199.243408203125,1203.5561393973805,1175.002796955133,1186.75131332057,14468014,RELIANCE.NS
2025-03-07,1239.0992431640625,1244.0564330934674,1201.622838887705,1205.5885908312287,16474965,RELIANCE.NS
2025-03-10,1227.7967529296875,1247.2289120927182,1224.8224391488623,1234.3402190424754,11931051,RELIANCE.NS
2025-03-11,1236.62060546875,1238.801720552263,1219.2208210077197,1229.3830600118497,10089838,RELIANCE.NS
2025-03-12,1246.287109375,1252.1861167007874,1233.3487958636417,1247.2289270068015,11977555,RELIANCE.NS
2025-03-13,1237.215576171875,1253.326444606414,1233.2002036288977,1249.2615727756533,9505270,RELIANCE.NS
2025-03-17,1228.2427978515625,1246.6340190017775,1222.5420300210542,1231.5145912773855,16640917,RELIANCE.NS
2025-03-18,1228.2427978515625,1228.2427978515625,1228.2427978515625,1228.2427978515625,0,RELIANCE.NS
2025-03-19,1236.471923828125,1242.5196714129374,1228.1934407470596,1230.4241762433128,16162399,RELIANCE.NS
2025-03-20,1258.2835693359375,1262.1005814534499,1239.347127629136,1241.1316434245866,15971477,RELIANCE.NS
2025-03-21,1265.4217529296875,1270.0319634187874,1259.2252659887295,1264.0833359554676,21780769,RELIANCE.NS
2025-03-24,1290.9512939453125,1294.8179260458828,1273.254151243817,1279.9463572168718,20299319,RELIANCE.NS
2025-03-25,1274.4439697265625,1296.50346593687,1271.6183955406093,1296.50346593687,13713899,RELIANCE.NS
2025-03-26,1262.150146484375,1282.7224842048433,1257.8869148358597,1279.9464094999762,12074747,RELIANCE.NS
2025-03-27,1267.2559814453125,1273.9978081396894,1260.4151561828103,1267.2064821612498,15028056,RELIANCE.NS
2025-03-28,1264.1824951171875,1284.6557128160619,1258.1347478785124,1269.0405652360093,18147129,RELIANCE.NS
2025-04-01,1241.8751220703125,1266.9585500115554,1238.603449529153,1253.7723771839194,12099648,RELIANCE.NS
2025-04-02,1240.437744140625,1244.8000957785905,1233.2498182568117,1236.8685913550723,10142590,RELIANCE.NS
2025-04-03,1238.0086669921875,1241.08222182284,1222.4927580494818,1222.4927580494818,7434366,RELIANCE.NS
2025-04-04,1194.38525390625,1234.7863505024063,1182.9342181609516,1230.473619610667,17908652,RELIANCE.NS
2025-04-07,1155.7191162109375,1161.2216449878495,1105.304523000697,1122.5059464290011,22156106,RELIANCE.NS
2025-04-08,1172.0780029296875,1186.3547349162204,1153.3399207865864,1161.9653833278503,19555040,RELIANCE.NS
2025-04-09,1175.2010498046875,1179.613021672609,1157.9996241138485,1159.4867811653644,10223104,RELIANCE.NS
2025-04-11,1208.5133056640625,1212.1816988912137,1184.917153801556,1184.917153801556,11224242,RELIANCE.NS
2025-04-15,1229.4822998046875,1240.288998738938,1226.5079856590305,1240.288998738938,13378535,RELIANCE.NS
2025-04-16,1228.689208984375,1230.2754856402491,1218.477348782242,1223.5336585713449,8248464,RELIANCE.NS
2025-04-17,1263.5877685546875,1269.238916912585,1217.0893007676923,1229.5813957339365,15398401,RELIANCE.NS
2025-04-21,1284.4078369140625,1289.7616259352505,1256.1518559398821,1259.126169726638,10429964,RELIANCE.NS
2025-04-22,1280.144775390625,1292.7361113748846,1275.2868257139828,1288.8694787336528,13051707,RELIANCE.NS
2025-04-23,1288.869384765625,1294.8180126953125,1274.3944143417477,1285.8950708007812,10480888,RELIANCE.NS
2025-04-24,1290.4556884765625,1293.3308829080645,1279.2525115884996,1281.3345072026398,10468940,RELIANCE.NS
2025-04-25,1289.2659912109375,1313.85358083958,1277.071255478384,1292.3394247863746,14431012,RELIANCE.NS
2025-04-28,1357.0804443359375,1362.8307123815491,1308.8964585313056,1328.5269802313521,31104496,RELIANCE.NS
2025-04-29,1387.7156982421875,1398.8198762816546,1358.2700385179512,1359.2614765022709,32538970,RELIANCE.NS
2025-04-30,1392.9703369140625,1400.3070020394923,1357.2785702742715,1389.9960230274132,25480745,RELIANCE.NS
2025-05-02,1407.6436767578125,1414.4845019236116,1397.0352178747166,1401.8932881277126,13007841,RELIANCE.NS
2025-05-05,1419.0452880859375,1427.1750314493302,1414.6829365878357,1418.747808269532,12685649,RELIANCE.NS
2025-05-06,1408.7342529296875,1419.7391903256466,1398.5223933042987,1418.7477523435755,14084117,RELIANCE.NS
2025-05-07,1393.9617919921875,1412.2042749259901,1390.6899982666434,1408.7342420156256,13440169,RELIANCE.NS
2025-05-08,1394.9532470703125,1408.6351396947061,1386.030305191398,1392.0780527042998,16106175,RELIANCE.NS
2025-05-09,1365.4083251953125,1382.8577303043132,1362.731491083779,1373.637308764333,13668904,RELIANCE.NS
2025-05-12,1424.2005615234375,1426.6791563050656,1388.013077711669,1388.013077711669,10674081,RELIANCE.NS
2025-05-13,1403.57861328125,1435.304626683893,1400.3069407641844,1421.226256646525,11407896,RELIANCE.NS
2025-05-14,1412.204345703125,1417.6572548355593,1403.3805230837922,1407.8419941921477,5570160,RELIANCE.NS
2025-05-15,1441.7491455078125,1448.8875719918406,1400.6044669576877,1412.7992032271827,20177211,RELIANCE.NS
2025-05-16,1443.9302978515625,1448.4908883531898,1434.9082364412498,1440.757623701411,9036695,RELIANCE.NS
2025-05-19,1428.4638671875,1442.1456384779733,1425.886031660542,1439.667043567546,6195791,RELIANCE.NS
2025-05-20,1412.4024658203125,1432.6278240113834,1409.6265122020175,1425.88599760598,11270560,RELIANCE.NS
2025-05-21,1416.9630126953125,1423.9030780659657,1405.9580760983038,1411.708464386899,6136364,RELIANCE.NS
2025-05-22,1397.332763671875,1411.6094953044076,1384.9397884743898,1409.031659643212,12134466,RELIANCE.NS
2025-05-23,1414.5838623046875,1421.5239286750705,1394.5567410207764,1394.5567410207764,6474883,RELIANCE.NS
2025-05-26,1422.5152587890625,1428.6621258406371,1412.898237790455,1419.7391840414937,4842944,RELIANCE.NS
2025-05-27,1409.9239501953125,1424.696400543767,1401.794207036506,1413.8897021801247,12640414,RELIANCE.NS
2025-05-28,1400.8028564453125,1410.4197571984832,1398.621620102477,1407.9411620533203,5944611,RELIANCE.NS
2025-05-29,1405.660888671875,1407.842003929875,1396.5395861721686,1400.0096192804465,13771917,RELIANCE.NS
2025-05-30,1408.7342529296875,1418.3511529457182,1397.6300749154059,1405.8590585766528,13788484,RELIANCE.NS
2025-06-02,1401.5958251953125,1405.3633379328091,1383.650821945961,1400.0095486308933,8098668,RELIANCE.NS
2025-06-03,1393.466064453125,1414.2862617875367,1391.3840689247124,1410.1222707307113,11252626,RELIANCE.NS
2025-06-04,1411.3118896484375,1413.493004678654,1394.0608455067168,1402.5871874772963,8126827,RELIANCE.NS
2025-06-05,1430.0501708984375,1442.244785474372,1411.4110884077945,1415.7734397380668,13716817,RELIANCE.NS
2025-06-06,1431.140625,1439.0721282906131,1424.6962785763767,1428.6620302216834,8182161,RELIANCE.NS
2025-06-09,1436.3953857421875,1445.0208477095387,1432.9253528317358,1444.5251287223314,7885125,RELIANCE.NS
2025-06-10,1426.1834716796875,1441.4516401070769,1423.704876838395,1437.5850079496329,7913181,RELIANCE.NS
2025-06-11,1436.4945068359375,1456.0257865422643,1430.7441181682645,1433.4210733170682,8195700,RELIANCE.NS
2025-06-12,1429.2569580078125,1444.5251270006308,1422.1186530105915,1441.055094094315,8828114,RELIANCE.NS
2025-06-13,1415.67431640625,1423.2092208521976,1402.1907840779525,1411.8076840776937,9757276,RELIANCE.NS
2025-06-16,1425.489501953125,1430.050092219024,1412.204209506703,1414.6828043278585,8458093,RELIANCE.NS
2025-06-17,1418.9459228515625,1435.602128554236,1413.5922548276174,1435.602128554236,10366599,RELIANCE.NS
2025-06-18,1417.85546875,1430.4468040463896,1413.4931173168031,1417.7563491543892,6681735,RELIANCE.NS
2025-06-19,1421.028076171875,1427.5715425014369,1413.4930508573852,1417.8554020854735,10007230,RELIANCE.NS
2025-06-20,1453.6463623046875,1458.4053131642288,1415.8725983169522,1418.7477927518771,29010635,RELIANCE.NS
2025-06-23,1444.326904296875,1451.266970188698,1429.6535737155343,1440.5593915455418,5989078,RELIANCE.NS
2025-06-24,1438.378173828125,1462.3709229333156,1430.7440292763747,1452.4565437947847,16402744,RELIANCE.NS
2025-06-25,1454.737060546875,1459.7933702625824,1447.9952335758323,1451.4652666586912,7525851,RELIANCE.NS
2025-06-26,1482.4971923828125,1485.9672251547677,1452.55569413543,1456.5214458748073,14657893,RELIANCE.NS
2025-06-27,1502.425048828125,1508.9685148979506,1484.0834473001275,1486.5620421012081,11117052,RELIANCE.NS
2025-06-30,1487.7518310546875,1511.7447031481738,1483.191240482831,1500.838885203447,8409527,RELIANCE.NS
2025-07-01,1515.3138427734375,1518.2881567329412,1487.256099345396,1487.7518183386467,10368523,RELIANCE.NS
2025-07-02,1505.796142578125,1516.9002002088087,1495.7825215605471,1515.3139235508756,6361002,RELIANCE.NS
2025-07-03,1504.8045654296875,1518.783816287235,1500.0456148706696,1507.7788792727886,11283291,RELIANCE.NS
2025-07-04,1514.223388671875,1516.900223008299,1504.2097675037892,1510.9515946827762,6603501,RELIANCE.NS
2025-07-07,1528.3016357421875,1531.5734294639212,1511.9429091838053,1513.5291857359532,7251074,RELIANCE.NS
2025-07-08,1524.43505859375,1531.6726044702705,1517.0983931213486,1522.8487819842126,7171261,RELIANCE.NS
2025-07-09,1505.9942626953125,1537.7202774459709,1497.1704406377573,1523.5426661942138,8870660,RELIANCE.NS
2025-07-10,1504.209716796875,1511.6455019531181,1494.5928164048603,1506.688311848956,10047129,RELIANCE.NS
2025-07-11,1482.3980712890625,1502.0285923917668,1477.540121836759,1499.0542783474266,7234991,RELIANCE.NS
2025-07-14,1470.9964599609375,1487.1569471972039,1466.4358695278945,1479.4236826617216,10311846,RELIANCE.NS
2025-07-15,1472.6820068359375,1483.6869442622558,1469.7076928815193,1473.4750846086956,8132454,RELIANCE.NS
2025-07-16,1472.8802490234375,1478.234038357326,1458.9009976142222,1460.388154594461,10409983,RELIANCE.NS
2025-07-17,1463.759033203125,1476.845965908467,1461.2804382949055,1474.6648507992907,11854613,RELIANCE.NS
2025-07-18,1463.3624267578125,1472.0871292027396,1456.521480639079,1472.0871292027396,10296318,RELIANCE.NS
2025-07-21,1416.3682861328125,1463.362470991638,1410.9153771961905,1452.4566531183941,22442744,RELIANCE.NS
2025-07-22,1400.70361328125,1419.640054314783,1398.6214967228645,1415.178583447059,20396320,RELIANCE.NS
2025-07-23,1412.4024658203125,1413.7905031420296,1402.2898472373465,1413.7905031420296,8354596,RELIANCE.NS
2025-07-24,1390.8883056640625,1410.8161839876018,1384.0473596954969,1407.0486714179167,14740507,RELIANCE.NS
2025-07-25,1379.7841796875,1389.0046012536307,1372.2492752918665,1386.9226057137396,11854722,RELIANCE.NS
2025-07-28,1375.7193603515625,1395.746480796028,1373.1416457270684,1380.379191620021,7748361,RELIANCE.NS
2025-07-29,1404.966796875,1408.0402305383973,1371.1587845273314,1371.1587845273314,10750072,RELIANCE.NS
2025-07-30,1398.0267333984375,1411.1137879299629,1389.3021514025702,1405.9582375902166,7209849,RELIANCE.NS
2025-07-31,1378.2969970703125,1390.5908519212596,1370.365493427784,1376.215001569177,17065827,RELIANCE.NS
2025-08-01,1381.76708984375,1393.8627060383,1372.4476694796913,1375.025384070285,10321171,RELIANCE.NS
2025-08-04,1399.4146728515625,1403.975263237478,1379.7841529413568,1383.155066191865,6312820,RELIANCE.NS
2025-08-05,1379.7841796875,1398.918980991344,1376.2150271869518,1398.918980991344,9315972,RELIANCE.NS
2025-08-06,1380.8748779296875,1383.9483114870873,1371.456217044825,1379.9825595355662,5834312,RELIANCE.NS
2025-08-07,1377.50390625,1381.7670168023217,1354.3042341107182,1375.818389126872,9976705,RELIANCE.NS
2025-08-08,1356.0888671875,1385.2370458989403,1353.312792536344,1373.1415514013454,8793606,RELIANCE.NS
2025-08-11,1374.331298828125,1376.1159356273254,1349.5453489789295,1358.2700517359046,9997486,RELIANCE.NS
2025-08-12,1368.5810546875,1389.8969719255274,1363.4255044148417,1370.0682117041065,12244664,RELIANCE.NS
2025-08-13,1370.7620849609375,1379.8833867126677,1365.7057756228248,1376.115874093997,7457021,RELIANCE.NS
2025-08-14,1367.4774169921875,1374.3455639562076,1363.794372575189,1370.961308962897,7126128,RELIANCE.NS
2025-08-18,1375.3409423828125,1388.4802648218374,1370.6626218339861,1383.602791829514,11785109,RELIANCE.NS
2025-08-19,1413.564208984375,1414.460091190419,1382.7068811681168,1383.6027633741608,14384719,RELIANCE.NS
2025-08-20,1406.4969482421875,1418.342205158243,1403.510755146132,1406.4969482421875,8725641,RELIANCE.NS
2025-08-21,1418.24267578125,1425.3099750709036,1413.7633861810953,1418.4417067156319,11021323,RELIANCE.NS
2025-08-22,1402.71435546875,1416.84907536351,1401.4204113959267,1413.464698965694,5818868,RELIANCE.NS
2025-08-25,1406.0987548828125,1412.9670232567023,1399.230486508923,1408.1890657335161,5979407,RELIANCE.NS
2025-08-26,1378.5262451171875,1403.5107021083375,1375.241384232256,1401.519906786198,12145259,RELIANCE.NS
2025-08-28,1379.521728515625,1385.7926612650012,1360.2109883890075,1383.50331940736,13161813,RELIANCE.NS
2025-08-29,1350.9537353515625,1397.0406983353935,1343.7869203796088,1374.7437651325777,18758842,RELIANCE.NS
2025-09-01,1347.6689453125,1356.9260708455383,1334.430107544873,1349.759256141992,11232238,RELIANCE.NS
2025-09-02,1360.2109375,1378.128095842481,1348.2661652716795,1348.5648331807902,11517006,RELIANCE.NS
2025-09-03,1366.2828369140625,1370.1649121838109,1354.2385492379765,1363.3961593284287,7847563,RELIANCE.NS
2025-09-04,1353.0440673828125,1367.6763641601647,1350.8541196588233,1365.4865379446771,13223177,RELIANCE.NS
2025-09-05,1368.671875,1374.6442613636364,1353.0441792852228,1356.7271022727273,5777575,RELIANCE.NS
2025-09-08,1372.15576171875,1379.6212446443146,1366.0838599076599,1373.6488583038629,6986720,RELIANCE.NS
2025-09-09,1369.8662109375,1374.843199236951,1362.4007284883235,1370.2643943031567,9754452,RELIANCE.NS
2025-09-10,1370.66259765625,1382.1096709119122,1367.7759200987732,1377.5308659113482,7790815,RELIANCE.NS
2025-09-11,1376.9337158203125,1379.1235422027225,1368.6718661340626,1369.6672638548873,9766072,RELIANCE.NS
2025-09-12,1388.579833984375,1389.873899637371,1374.146566892781,1376.9337291414593,7403368,RELIANCE.NS
2025-09-15,1392.8599853515625,1394.3530818320328,1382.2091575524387,1386.5889315301856,5396697,RELIANCE.NS
2025-09-16,1398.8323974609375,1401.5199225726963,1391.7649767809332,1398.2350616507645,8686961,RELIANCE.NS
2025-09-17,1407.2933349609375,1409.6821922648512,1400.4250664409112,1400.5245819104894,7519417,RELIANCE.NS
2025-09-18,1408.4876708984375,1415.4554544293837,1404.2074124117412,1413.8628424954393,9332642,RELIANCE.NS
2025-09-19,1400.9227294921875,1410.4785229891424,1397.1401696768169,1408.3882121473878,13461373,RELIANCE.NS
2025-09-22,1384.199951171875,1404.2074196840813,1381.6119415772491,1397.4387885526373,7757970,RELIANCE.NS
2025-09-23,1383.40380859375,1388.5798281670254,1370.4636381520502,1384.5982372618869,14014702,RELIANCE.NS
2025-09-24,1376.635009765625,1389.5751797778832,1374.0470000648747,1378.9244730635044,5922759,RELIANCE.NS
2025-09-25,1366.0838623046875,1378.128150477363,1362.6994857374575,1374.942926360271,11411143,RELIANCE.NS
2025-09-26,1371.2598876953125,1376.3363918134596,1359.7132983361805,1365.685684712474,9879109,RELIANCE.NS
2025-09-29,1366.48193359375,1382.6073268149732,1361.7039763015719,1375.2413599514077,14231999,RELIANCE.NS
2025-09-30,1357.722412109375,1370.7620971908361,1356.5279835173724,1370.7620971908361,14604684,RELIANCE.NS
2025-10-01,1362.4007568359375,1372.255218175594,1356.4283707523282,1360.7086293823172,12045916,RELIANCE.NS
2025-10-03,1357.125244140625,1365.287456651113,1350.6551591113212,1356.926091696157,12842347,RELIANCE.NS
2025-10-06,1368.671875,1371.0608538471567,1352.7455113636363,1353.740909090909,12396580,RELIANCE.NS
2025-10-07,1378.4267578125,1389.47564777439,1369.5676941462978,1369.667209612737,11244040,RELIANCE.NS
2025-10-08,1361.1068115234375,1382.6073771032557,1358.2201339506064,1378.426755451918,8525081,RELIANCE.NS
2025-10-09,1371.458984375,1373.6488106871855,1362.7989515764332,1367.676424553763,8826633,RELIANCE.NS
2025-10-10,1375.3409423828125,1381.6119964455866,1368.7713419175536,1371.45898859096,6373084,RELIANCE.NS
2025-10-13,1368.671875,1371.3594002602317,1361.505059967041,1370.5631549835205,7600682,RELIANCE.NS
2025-10-14,1369.5677490234375,1381.612037149334,1363.7943936365562,1373.6488553790207,9768174,RELIANCE.NS
2025-10-15,1367.97509765625,1377.6304066718624,1366.382364141153,1376.6350089791804,10882743,RELIANCE.NS
2025-10-16,1391.8646240234375,1394.0544503152107,1368.671809484766,1368.7713249510273,12315932,RELIANCE.NS
2025-10-17,1410.279541015625,1416.7496262080865,1392.6609284325848,1394.5522084059296,19335561,RELIANCE.NS
2025-10-20,1460.04931640625,1467.0170999313523,1426.7034952504036,1433.3726108781723,24721978,RELIANCE.NS
2025-10-21,1458.4566650390625,1467.2162134241023,1453.2806455896807,1461.2438272093502,2066169,RELIANCE.NS
2025-10-23,1441.7340087890625,1476.0752283864208,1437.9514490416038,1468.2115624957596,18707090,RELIANCE.NS
2025-10-24,1444.9193115234375,1453.0816457634617,1434.3681199531734,1443.3266994671071,9700837,RELIANCE.NS
2025-10-27,1477.2696533203125,1478.16553552233,1451.289798512833,1456.266786847925,14113867,RELIANCE.NS
2025-10-28,1480.056884765625,1485.1333888036675,1470.79963742504,1477.26972256393,17631577,RELIANCE.NS
2025-10-29,1497.277099609375,1501.3583271895798,1481.2512217130793,1483.1425015536738,11884745,RELIANCE.NS
2025-10-30,1481.6494140625,1496.1821955688695,1477.1701246011085,1493.0964871305005,9318663,RELIANCE.NS
2025-10-31,1479.5592041015625,1490.6080945575152,1475.4780977270138,1483.540795005222,8758053,RELIANCE.NS
2025-11-03,1477.866943359375,1488.1195884585134,1472.4918928888083,1479.1610089962214,8452085,RELIANCE.NS
2025-11-04,1466.3203125,1485.9297198935935,1463.334119430687,1477.07065615293,10007806,RELIANCE.NS
2025-11-06,1489.2144775390625,1494.6891648996161,1469.406038969176,1477.1701896475465,16772678,RELIANCE.NS
2025-11-07,1471.19775390625,1491.5038906434634,1469.1074431042953,1487.7213309001133,7821765,RELIANCE.NS
2025-11-10,1482.44580078125,1494.0919049344996,1468.7092643110286,1471.0982430243503,7068438,RELIANCE.NS
2025-11-11,1486.5269775390625,1491.9021495222175,1473.3876547459602,1490.1103850249956,7127506,RELIANCE.NS
2025-11-12,1504.5435791015625,1517.6827797499902,1493.0965058897411,1498.0734942427068,12384459,RELIANCE.NS
2025-11-13,1503.9464111328125,1515.0948167835015,1499.8653048593553,1508.0275174062697,7196443,RELIANCE.NS
2025-11-14,1511.9095458984375,1513.900341239272,1498.5711928131457,1498.5711928131457,7682823,RELIANCE.NS
2025-11-17,1511.3123779296875,1516.6874283079178,1504.5436249599409,1513.900387650411,5871416,RELIANCE.NS
2025-11-18,1512.4072265625,1520.7685911952462,1503.5481631005248,1514.696568271851,11045042,RELIANCE.NS
2025-11-19,1511.9095458984375,1515.2939222795571,1505.0412776708577,1510.4164493928117,5692366,RELIANCE.NS
2025-11-20,1541.9705810546875,1543.7623455509595,1519.6736478639639,1522.9585089376258,18171724,RELIANCE.NS
2025-11-21,1539.4820556640625,1550.6305827884978,1533.0119706260582,1533.9078528560988,9615271,RELIANCE.NS
2025-11-24,1528.831298828125,1542.8663816107544,1524.7501927010492,1542.8663816107544,18433951,RELIANCE.NS
2025-11-25,1532.61376953125,1552.4222077972818,1518.0809876078647,1528.8313312270848,15033482,RELIANCE.NS
2025-11-26,1562.6748046875,1564.3669320995493,1533.4100892950657,1535.2018536795324,14054299,RELIANCE.NS
2025-11-27,1556.2047119140625,1568.2489991897637,1548.8387449947777,1567.7513003642512,9794643,RELIANCE.NS
2025-11-28,1560.285888671875,1574.0224254817672,1555.806599039324,1560.7835875199362,8959508,RELIANCE.NS
2025-12-01,1558.892333984375,1570.2398922139623,1556.403839701944,1567.7513979315313,8920233,RELIANCE.NS
2025-12-02,1539.1834716796875,1560.2858537619331,1534.9032130787248,1553.9152843475838,11389150,RELIANCE.NS
2025-12-03,1531.718017578125,1545.2554018922647,1525.9446623591427,1538.0884656023031,6090883,RELIANCE.NS
2025-12-04,1528.53271484375,1553.3181423785347,1510.6155558800758,1528.9308982335338,11867930,RELIANCE.NS
2025-12-05,1533.5096435546875,1538.685784402705,1513.6016899280953,1523.356635808528,10183266,RELIANCE.NS
2025-12-08,1535.898681640625,1543.861863398969,1527.9354998822807,1532.1161217020071,11301491,RELIANCE.NS
2025-12-09,1522.3612060546875,1535.4008911036892,1513.1039592099478,1533.211064854301,11503971,RELIANCE.NS
2025-12-10,1529.8267822265625,1540.3779737710465,1524.3520947592017,1526.9401045329791,7991629,RELIANCE.NS
2025-12-11,1537.889404296875,1542.8663926602953,1516.9860531705099,1529.826707449835,4706197,RELIANCE.NS
2025-12-12,1549.3365478515625,1552.62140892391,1538.9843872841,1543.6628294631555,5106655,RELIANCE.NS
2025-12-15,1549.037841796875,1551.4268205626304,1539.3825327747268,1544.060853330096,5774543,RELIANCE.NS
2025-12-16,1535.201904296875,1544.5585453663573,1531.7180123854912,1537.8894294536826,11731856,RELIANCE.NS
2025-12-17,1537.292236328125,1542.8664391614582,1532.2157323461342,1542.8664391614582,7116649,RELIANCE.NS
2025-12-18,1537.292236328125,1544.3595357154854,1528.1345045583196,1528.1345045583196,6580829,RELIANCE.NS
2025-12-19,1557.8968505859375,1566.9549449740825,1543.8617679066683,1547.2461442463334,13937275,RELIANCE.NS
2025-12-22,1568.1495361328125,1570.2398469681211,1558.0960438231807,1566.2582562309594,10184852,RELIANCE.NS
2025-12-23,1563.4710693359375,1573.6241984599117,1560.8830596994947,1573.6241984599117,7506564,RELIANCE.NS
2025-12-24,1551.0286865234375,1568.448146711295,1546.4498812900458,1565.4619535362338,8815745,RELIANCE.NS
2025-12-26,1552.0240478515625,1553.8158123179846,1547.1466963201515,1547.5447581940155,2311495,RELIANCE.NS
2025-12-29,1538.4866943359375,1550.9291658570105,1536.495898892566,1547.7439417510202,5972105,RELIANCE.NS
2025-12-30,1532.71337890625,1546.449793829553,1530.7225835687998,1539.8801935176687,8815884,RELIANCE.NS
2025-12-31,1563.172607421875,1569.7422080874378,1533.9078900841737,1533.9078900841737,5771830,RELIANCE.NS
2026-01-01,1568.3485107421875,1585.1707553042595,1563.8692213237453,1566.457230908256,6408128,RELIANCE.NS
2026-01-02,1584.9718017578125,1587.2611435561273,1570.9365970213464,1572.7283614795997,6602230,RELIANCE.NS
2026-01-05,1570.8370361328125,1604.3820104615531,1568.049995566515,1585.6684856930358,8704973,RELIANCE.NS
2026-01-06,1500.6614990234375,1561.77894010158,1489.4135782872731,1561.77894010158,27417125,RELIANCE.NS
2026-01-07,1497.277099609375,1513.004431115157,1491.1056827700695,1503.0504545946628,11199340,RELIANCE.NS
2026-01-08,1463.831787109375,1496.9785780764303,1462.040144211037,1493.0965028672745,16518684,RELIANCE.NS
2026-01-09,1468.51025390625,1473.0890589574892,1458.2576091430024,1458.2576091430024,8335311,RELIANCE.NS
2026-01-12,1476.373779296875,1478.4642116159973,1444.322022844729,1468.5102348906719,8883745,RELIANCE.NS
2026-01-13,1446.11376953125,1478.9618923221497,1438.050951275772,1478.165525590484,13499760,RELIANCE.NS
2026-01-14,1452.086181640625,1460.2483939989072,1433.5716876182923,1437.3542473990606,8321764,RELIANCE.NS
2026-01-15,1452.086181640625,1452.086181640625,1452.086181640625,1452.086181640625,0,RELIANCE.NS
2026-01-16,1451.1903076171875,1473.1885721290346,1448.4031454989463,1452.0861898343726,17167161,RELIANCE.NS
2026-01-19,1407.0941162109375,1443.9238298491432,1396.8415931572963,1443.9238298491432,20392765,RELIANCE.NS
2026-01-20,1387.5843505859375,1409.4830993039366,1383.6027599099377,1404.207443054835,13189498,RELIANCE.NS
2026-01-21,1398.1356201171875,1406.3974698374059,1366.681076311502,1383.105138772638,17352720,RELIANCE.NS
2026-01-22,1396.0452880859375,1412.9670491536458,1388.5798052619484,1403.610286379211,15721693,RELIANCE.NS
2026-01-23,1379.720703125,1400.5245389866304,1374.6441992470054,1395.348519642108,9837802,RELIANCE.NS
2026-01-27,1374.146484375,1385.195374217857,1361.7040134914885,1373.6487855396595,26302396,RELIANCE.NS
2026-01-28,1390.2718505859375,1403.4111724845945,1378.526231208921,1378.6257466723232,11121657,RELIANCE.NS
2026-01-29,1384.59814453125,1396.4434009824272,1377.6303609139109,1396.4434009824272,20846683,RELIANCE.NS
2026-01-30,1388.9779052734375,1391.5659148620384,1372.1556606847782,1376.236766748553,11239835,RELIANCE.NS
2026-02-02,1384.0009765625,1386.4894707948447,1329.35361891851,1333.8329085367304,15711165,RELIANCE.NS
2026-02-03,1430.4859619140625,1482.6448239290096,1423.6176937150067,1467.1166446366906,25456171,RELIANCE.NS
2026-02-04,1450.095458984375,1457.2622740237098,1433.6713964697635,1437.3543194605445,8333387,RELIANCE.NS
2026-02-05,1436.757080078125,1454.7737543419996,1432.8750047042822,1450.2944646433757,11763658,RELIANCE.NS
2026-02-06,1444.123046875,1446.113842295832,1426.9026178813986,1434.865799564727,8277304,RELIANCE.NS
2026-02-09,1454.873291015625,1459.153549837875,1446.3128948796364,1451.2898835062008,5775864,RELIANCE.NS
2026-02-10,1451.7874755859375,1464.2299462371711,1445.5164217743147,1464.2299462371711,10259630,RELIANCE.NS
2026-02-11,1461.9405517578125,1463.234617369774,1446.91007080626,1452.882456999606,7106877,RELIANCE.NS
2026-02-12,1442.231689453125,1466.2207486838624,1438.8473131178025,1463.2345557130195,11135399,RELIANCE.NS
2026-02-13,1413.0665283203125,1444.0233720001163,1409.7817888672503,1438.8473526451965,10755693,RELIANCE.NS
2026-02-16,1430.4859619140625,1432.9744560797708,1402.8139796964888,1413.564201587246,5896514,RELIANCE.NS
2026-02-17,1416.450927734375,1425.2104761017015,1412.0711535507119,1424.5136248062843,10731630,RELIANCE.NS
2026-02-18,1434.666748046875,1435.4629932986807,1412.6683617554224,1420.4325123887006,5521096,RELIANCE.NS
2026-02-19,1403.0130615234375,1436.3588845536149,1393.5567833507007,1436.3588845536149,11884664,RELIANCE.NS
2026-02-20,1412.8675537109375,1420.8307355027325,1399.6287153786739,1403.013091941889,8177670,RELIANCE.NS
2026-02-23,1421.4278564453125,1428.2961245911818,1411.772547760535,1418.4416634695872,7758856,RELIANCE.NS
2026-02-24,1422.2242431640625,1426.7035326906043,1408.4877066792656,1418.7403513100855,12529409,RELIANCE.NS
2026-02-25,1392.063720703125,1433.8704252219175,1387.0867320699354,1428.395737725409,10728792,RELIANCE.NS
2026-02-26,1400.3255615234375,1406.397463315574,1385.4941111892442,1392.0637118415314,16683858,RELIANCE.NS
2026-02-27,1387.48486328125,1403.9089251530934,1381.711508080472,1391.5659695052796,12031440,RELIANCE.NS
2026-03-02,1351.75,1372.2551671563263,1335.3259388807069,1369.1694587628867,23728722,RELIANCE.NS
2026-03-04,1338.8099365234375,1346.5740873609554,1300.9848230751916,1323.8789706886037,32495007,RELIANCE.NS
2026-03-05,1383.005615234375,1392.5614090361375,1346.8726294272453,1346.8726294272453,25957532,RELIANCE.NS
2026-03-06,1398.334716796875,1417.7449716586152,1383.9014503612218,1390.0728674061675,19311971,RELIANCE.NS
2026-03-09,1417.4462890625,1422.8214608086796,1363.6948146177142,1368.6718029922313,24870822,RELIANCE.NS
2026-03-10,1402.3162841796875,1424.9117626543534,1394.1539503917586,1424.015880450879,18071259,RELIANCE.NS
2026-03-11,1383.8017578125,1427.4002232775151,1377.2321576556008,1418.34212900751,21848087,RELIANCE.NS
2026-03-12,1385.7926025390625,1404.4066120742223,1374.7437125844203,1383.6027762448114,20939959,RELIANCE.NS
2026-03-13,1374.3455810546875,1394.3531723993444,1372.0562392077015,1378.8248707870416,17265090,RELIANCE.NS
2026-03-16,1388.6793212890625,1390.8692691567512,1357.224777946389,1373.6488401657623,22837802,RELIANCE.NS
2026-03-17,1391.167724609375,1399.429573667814,1381.8109624429321,1392.5613056143347,19007744,RELIANCE.NS
2026-03-18,1401.6195068359375,1406.3974645008152,1390.7696473738063,1390.7696473738063,9559327,RELIANCE.NS
2026-03-19,1378.4267578125,1409.1844489610974,1369.7667250791762,1381.6119817895922,16498373,RELIANCE.NS
2026-03-20,1407.8905029296875,1423.4186824363833,1389.6746767818195,1391.5659566755692,22994918,RELIANCE.NS
2026-03-23,1401.3209228515625,1409.0849519631759,1384.598192981382,1393.5567722314413,18979554,RELIANCE.NS
2026-03-24,1405.302490234375,1415.8536813182018,1400.1263494042955,1413.4647025895886,18620893,RELIANCE.NS
2026-03-25,1406.596435546875,1423.9163794589117,1401.9181150601291,1413.464703831985,19041331,RELIANCE.NS
2026-03-27,1341.8956298828125,1398.235116023098,1338.809921280448,1394.552193095842,23266517,RELIANCE.NS
2026-03-30,1337.7149658203125,1358.7178325566667,1327.960019957529,1328.855902170806,24393861,RELIANCE.NS
2026-04-01,1362.8984375,1378.028554948465,1356.6275051009459,1377.8294025098971,14404619,RELIANCE.NS
2026-04-02,1344.2845458984375,1351.9490593116357,1321.8880984473344,1350.7546307176451,21280051,RELIANCE.NS
2026-04-06,1298.6953125,1352.7454554606609,1284.0630151171836,1352.7454554606609,29274881,RELIANCE.NS
2026-04-07,1298.5958251953125,1302.2788696189978,1285.058440671965,1289.040031502862,28388922,RELIANCE.NS
2026-04-08,1341.5970458984375,1344.3840865060406,1320.0963587364665,1342.7914745147666,21817543,RELIANCE.NS
2026-04-09,1323.87890625,1343.7868597274437,1320.195983460075,1339.8052690319548,20725390,RELIANCE.NS
2026-04-10,1343.9859619140625,1346.0763943468285,1325.3720730291864,1330.8467605257397,19364461,RELIANCE.NS
2026-04-13,1309.0474853515625,1321.4899565481755,1303.970981405046,1315.1193869938081,28753269,RELIANCE.NS
2026-04-15,1337.9140625,1340.8007402141902,1328.059600686701,1330.8467629297493,15313779,RELIANCE.NS
2026-04-16,1337.1177978515625,1347.5694738488123,1323.8789596516422,1345.7777093601655,30211012,RELIANCE.NS
2026-04-17,1358.7178955078125,1362.1022720767137,1333.832952366644,1333.832952366644,13869105,RELIANCE.NS
2026-04-20,1357.0257568359375,1366.6810660920328,1346.5740808024586,1356.9261198573818,13614733,RELIANCE.NS
2026-04-21,1347.07177734375,1363.4958396538184,1343.8864317482064,1352.7454957201878,27293629,RELIANCE.NS
2026-04-22,1355.8311767578125,1359.7132520720183,1342.8910067161314,1344.085556855853,9525953,RELIANCE.NS
2026-04-23,1337.21728515625,1349.261572940554,1334.529638479888,1339.8052948565,16385079,RELIANCE.NS
2026-04-24,1321.6890869140625,1339.7057606040942,1318.9019248091768,1333.8328899956957,11744802,RELIANCE.NS
2026-04-27,1359.51416015625,1365.2873936261717,1304.9663202853897,1306.9571155871217,24673098,RELIANCE.NS
2026-04-28,1382.5078125,1388.7787447541255,1350.75460334444,1351.7500009887617,41027699,RELIANCE.NS
2026-04-29,1418.83984375,1427.2012083655534,1384.896807968084,1385.5935377241706,30542143,RELIANCE.NS
2026-04-30,1424.215087890625,1430.386505071105,1386.6885214286783,1402.5153692729207,30957881,RELIANCE.NS
2026-05-01,1424.215087890625,1424.215087890625,1424.215087890625,1424.215087890625,0,RELIANCE.NS
2026-05-04,1456.3663330078125,1460.6465916696056,1426.8030702776819,1426.8030702776819,24035700,RELIANCE.NS
2026-05-05,1456.864013671875,1466.6189594959255,1443.3266295857375,1453.280606341501,23543341,RELIANCE.NS
2026-05-06,1431.2823486328125,1466.519450812893,1420.9301884572374,1456.2668061036345,14221786,RELIANCE.NS
2026-05-07,1429.590087890625,1442.828925531327,1423.717338832762,1432.1782190445704,19816903,RELIANCE.NS
2026-05-08,1428.5947265625,1436.1598462687914,1410.9762359236815,1419.4371163507371,8663105,RELIANCE.NS
2026-05-11,1381.81103515625,1421.427912122738,1375.6396180347506,1413.4647305422184,15261787,RELIANCE.NS
2026-05-12,1357.722412109375,1387.0866431630602,1354.0394893602804,1385.593546668805,24357500,RELIANCE.NS
2026-05-13,1352.54638671875,1366.0837705701026,1346.1758174038478,1355.1343963286624,13797989,RELIANCE.NS
2026-05-14,1355.5325927734375,1371.6579863902991,1352.148216400817,1358.9168476375535,17303059,RELIANCE.NS
2026-05-15,1330.24951171875,1358.5188307246153,1323.082575367519,1350.5556491178086,19976192,RELIANCE.NS
2026-05-18,1329.7518310546875,1335.8237328112184,1312.6309174607939,1327.860551095503,13022473,RELIANCE.NS
2026-05-19,1316.6124267578125,1337.8144453658963,1312.3322897558653,1332.5387892026445,21665501,RELIANCE.NS
2026-05-20,1353.442138671875,1356.6274840630256,1306.558933569541,1312.6308349443716,13248515,RELIANCE.NS
2026-05-21,1343.388671875,1364.590690861155,1339.0088978228712,1360.9076465750106,17150630,RELIANCE.NS
2026-05-22,1348.26611328125,1361.106767233248,1342.8909416840763,1343.7868238683554,7105813,RELIANCE.NS
2026-05-25,1360.7086181640625,1364.7897243191815,1350.7546414401118,1360.5095872329855,6750071,RELIANCE.NS
2026-05-26,1350.0579833984375,1362.2017870434288,1346.1759079681497,1353.8404218493883,13769747,RELIANCE.NS
2026-05-27,1344.2845458984375,1354.736221375619,1342.393266034199,1346.7730400596713,13215138,RELIANCE.NS
2026-05-28,1344.2845458984375,1344.2845458984375,1344.2845458984375,1344.2845458984375,0,RELIANCE.NS
2026-05-29,1315.119384765625,1362.6994431442622,1310.9387630540493,1357.7224546740495,42634247,RELIANCE.NS
2026-06-01,1313.9249267578125,1329.353590670499,1312.4318302501333,1326.3673976551404,10700603,RELIANCE.NS
2026-06-02,1308.5498046875,1321.689127358814,1294.3156903458798,1301.6815361898255,23302785,RELIANCE.NS
2026-06-03,1307.15625,1317.906594083847,1295.0124463014238,1308.9480145168118,20012293,RELIANCE.NS
2026-06-04,1297.699951171875,1305.1654340270677,1287.1487597049047,1295.0124259474096,23474327,RELIANCE.NS
2026-06-05,1291.0,1306.0,1288.0,1304.5,17785223,RELIANCE.NS
2026-06-08,1263.300048828125,1282.5999755859375,1259.199951171875,1277.0,16494759,RELIANCE.NS
2026-06-09,1269.199951171875,1274.199951171875,1257.5,1269.0,23620214,RELIANCE.NS
2026-06-10,1258.800048828125,1300.5,1254.4000244140625,1275.0,21012796,RELIANCE.NS
2026-06-11,1263.0,1276.0,1253.199951171875,1258.0,13117486,RELIANCE.NS
2026-06-12,1293.0,1297.0,1262.5,1277.0,11988785,RELIANCE.NS
2026-06-15,1307.0,1325.0,1303.300048828125,1315.300048828125,18633321,RELIANCE.NS
2026-06-16,1328.800048828125,1333.4000244140625,1306.4000244140625,1313.4000244140625,18513223,RELIANCE.NS
2026-06-17,1332.699951171875,1334.0,1317.0,1333.0,10029170,RELIANCE.NS
2026-06-18,1328.0999755859375,1333.9000244140625,1322.0,1330.0,15494549,RELIANCE.NS
2026-06-19,1309.5,1338.199951171875,1305.300048828125,1328.0,24887034,RELIANCE.NS
2026-06-22,1326.5,1344.9000244140625,1314.0999755859375,1316.699951171875,12931213,RELIANCE.NS
2026-06-23,1309.5,1333.0,1304.0,1328.9000244140625,15400184,RELIANCE.NS
2026-06-24,1313.5999755859375,1322.0,1297.5,1305.699951171875,11030917,RELIANCE.NS
2026-06-25,1318.0999755859375,1328.0,1314.5999755859375,1318.0,12694362,RELIANCE.NS
2026-06-26,1318.0999755859375,1318.0999755859375,1318.0999755859375,1318.0999755859375,0,RELIANCE.NS
2026-06-29,1301.0,1313.699951171875,1292.5999755859375,1308.0,13757656,RELIANCE.NS
2026-06-30,1293.9000244140625,1306.9000244140625,1290.0,1306.9000244140625,15695263,RELIANCE.NS
2026-07-01,1308.0,1312.199951171875,1296.5,1298.9000244140625,7001401,RELIANCE.NS
2026-07-02,1303.5,1313.199951171875,1299.0,1310.0,17795024,RELIANCE.NS
2026-07-03,1304.0,1312.0,1302.0,1312.0,7839550,RELIANCE.NS
2026-07-06,1321.300048828125,1325.5999755859375,1299.4000244140625,1304.0,7610709,RELIANCE.NS
2026-07-07,1308.4000244140625,1328.0,1304.0999755859375,1323.5,14335554,RELIANCE.NS
2026-07-08,1275.9000244140625,1302.300048828125,1271.5999755859375,1297.0,19960868,RELIANCE.NS
2026-07-09,1279.800048828125,1296.5,1274.199951171875,1277.0999755859375,14651963,RELIANCE.NS
2026-07-10,1307.800048828125,1311.0999755859375,1287.800048828125,1291.9000244140625,8412537,RELIANCE.NS
2026-07-13,1296.9000244140625,1306.4000244140625,1295.0,1300.0,9488352,RELIANCE.NS
2026-07-14,1293.0,1308.0,1286.9000244140625,1290.0,13511284,RELIANCE.NS
2026-07-15,1295.5,1310.9000244140625,1294.0999755859375,1294.0999755859375,9577965,RELIANCE.NS
2026-07-16,1296.5999755859375,1309.4000244140625,1291.800048828125,1295.5,15631046,RELIANCE.NS
2026-07-17,1327.199951171875,1330.300048828125,1296.0999755859375,1300.0,18302218,RELIANCE.NS
2026-07-20,1323.0999755859375,1345.9000244140625,1314.9000244140625,1317.199951171875,14305844,RELIANCE.NS
2026-07-21,1303.699951171875,1326.9000244140625,1302.699951171875,1321.0,12753410,RELIANCE.NS
2026-07-22,1288.5999755859375,1304.5999755859375,1280.699951171875,1302.0,10840383,RELIANCE.NS
2026-07-23,1272.199951171875,1287.300048828125,1268.0,1283.0,12580741,RELIANCE.NS
2026-07-24,1278.0,1283.4000244140625,1249.800048828125,1265.0,9817000,RELIANCE.NS
2026-07-27,1280.0,1288.699951171875,1278.0,1288.199951171875,7163132,RELIANCE.NS
2026-07-28,1267.699951171875,1279.199951171875,1265.9000244140625,1275.0,9312184,RELIANCE.NS
2026-07-29,1275.9000244140625,1282.4000244140625,1268.699951171875,1275.0,9448307,RELIANCE.NS
2026-07-30,1292.9000244140625,1297.0,1275.300048828125,1279.800048828125,12158451,RELIANCE.NS
