Date,Close,High,Low,Open,Volume,Ticker
2020-01-01,303.13848876953125,304.49805736441243,301.0538003277505,303.3650835353448,17379320,SBIN.NS
2020-01-02,307.5343933105469,308.03291837252516,302.1414546871852,303.1837850378776,20324236,SBIN.NS
2020-01-03,302.45867919921875,306.3107898961737,300.9178238562402,306.3107898961737,21853208,SBIN.NS
2020-01-06,289.13494873046875,300.64597499490856,287.95666690015446,300.64597499490856,35645325,SBIN.NS
2020-01-07,288.591064453125,296.385929287588,285.8719274871838,294.07467393073466,50966826,SBIN.NS
2020-01-08,289.8599853515625,291.4008406743793,281.8838614299595,282.88088383528265,44527485,SBIN.NS
2020-01-09,299.2864074707031,300.37404585831734,294.5732248095517,296.29533966864665,40348407,SBIN.NS
2020-01-10,301.14447021484375,306.31084239333757,297.3830023040789,300.0114962862702,42377838,SBIN.NS
2020-01-13,299.78485107421875,304.0448433932872,298.2439957263451,302.73058279301307,23615129,SBIN.NS
2020-01-14,297.2923583984375,300.64597228603304,295.9327896862495,298.92382978886457,26296117,SBIN.NS
2020-01-15,293.8934020996094,298.3799893870697,292.17128746520297,298.19870251587196,32625740,SBIN.NS
2020-01-16,293.03228759765625,296.29525717300385,292.171244238092,293.66676389248374,26653623,SBIN.NS
2020-01-17,288.228515625,293.21360001474056,281.0681272154709,283.69662072523585,58396326,SBIN.NS
2020-01-20,284.6030578613281,291.35559370599475,284.05922483013063,290.9477120174724,30682902,SBIN.NS
2020-01-21,284.3311462402344,287.2768784344394,282.79029064368257,284.42176202550536,30591772,SBIN.NS
2020-01-22,286.5517578125,287.3221856088501,284.3311455294863,287.3221856088501,24994911,SBIN.NS
2020-01-23,292.9417419433594,294.39192640347363,284.73899433079845,286.415801230863,33293610,SBIN.NS
2020-01-24,293.71209716796875,296.6578288505935,291.0836036601865,293.21359979356725,22706879,SBIN.NS
2020-01-27,286.5970764160156,291.8540640205103,286.23450265529647,290.8570414995215,23309355,SBIN.NS
2020-01-28,285.6000671386719,290.04131930848393,281.9292150948765,288.1832531708622,26488426,SBIN.NS
2020-01-29,286.8236999511719,289.76943225922264,286.007936568237,288.09262525946355,23914114,SBIN.NS
2020-01-30,281.6119689941406,287.09555093115443,277.03473840509923,287.09555093115443,35802330,SBIN.NS
2020-01-31,288.6364440917969,291.58217625489846,279.7086041576822,284.33114323803306,92656638,SBIN.NS
2020-02-03,270.19158935546875,278.12240572062973,267.6990470692753,274.63284098786045,56060158,SBIN.NS
2020-02-04,277.57861328125,278.756895106082,269.2852496328646,274.5422376120334,51141567,SBIN.NS
2020-02-05,281.8838806152344,284.285779532108,276.0830603083057,278.16772103000886,35014841,SBIN.NS
2020-02-06,291.8087463378906,293.2136228018008,281.0681490586471,282.065171546177,57757656,SBIN.NS
2020-02-07,290.5397644042969,294.5731618382788,288.59105517346484,291.4008354800204,37126803,SBIN.NS
2020-02-10,288.6817626953125,292.57918202229064,286.86900437383485,289.8600445400742,24816396,SBIN.NS
2020-02-11,293.9840393066406,295.29827228325433,290.9929719582071,290.9929719582071,30188757,SBIN.NS
2020-02-12,290.2225646972656,299.0144243353265,289.361493589498,299.0144243353265,38930849,SBIN.NS
2020-02-13,296.79388427734375,299.96621152194905,291.85410650368755,291.85410650368755,62516057,SBIN.NS
2020-02-14,289.49749755859375,300.82723703459146,288.72706974212656,297.38300729808685,48205947,SBIN.NS
2020-02-17,284.7843322753906,291.0836506008557,282.47304890923783,290.90239137206646,36950692,SBIN.NS
2020-02-18,287.8206481933594,289.31619571232187,280.433664675075,285.8719388225962,38588583,SBIN.NS
2020-02-19,290.3584899902344,293.6667674869244,287.54870983094685,292.12591227233435,39846727,SBIN.NS
2020-02-20,296.9751281738281,298.3800324772656,288.90835912945033,289.4521921610875,40150409,SBIN.NS
2020-02-24,292.7151184082031,300.28336117010906,291.71809594444824,295.2529686245857,45273936,SBIN.NS
2020-02-25,296.20465087890625,297.42826808059834,292.03532954053674,295.38891529794233,39050709,SBIN.NS
2020-02-26,297.4736022949219,299.8301655937063,293.8480862531093,294.43722707780535,43915281,SBIN.NS
2020-02-27,291.8087463378906,299.10508662934853,288.228538024645,297.2923285285646,47010040,SBIN.NS
2020-02-28,274.6328125,285.1921213759054,272.91069808572826,282.7902227722772,59705346,SBIN.NS
2020-03-02,260.49334716796875,282.79027850529275,257.456971658329,281.8838994075194,66711413,SBIN.NS
2020-03-03,262.71392822265625,266.8379411303153,258.58988765450846,265.5690162095347,61949382,SBIN.NS
2020-03-04,258.58990478515625,265.56903380252464,249.34485604088488,264.4813679923795,73675736,SBIN.NS
2020-03-05,261.4903869628906,270.4635350908697,244.7223725475926,263.66569140899213,149245973,SBIN.NS
2020-03-06,245.17552185058594,248.71039445237764,230.17494649072083,242.90957432886148,106043172,SBIN.NS
2020-03-09,229.72177124023438,238.15109931012452,227.63709662484803,235.70386477061837,101286241,SBIN.NS
2020-03-11,222.1535186767578,234.29899285146607,220.3407605115627,229.31390789717955,90845604,SBIN.NS
2020-03-12,192.69619750976562,210.1893026505019,189.0706811978622,210.1893026505019,99767083,SBIN.NS
2020-03-13,219.3437042236328,225.50708380257728,167.36286630630607,181.27578861457258,155701316,SBIN.NS
2020-03-16,202.4397735595703,209.73611410773495,199.94723108329745,206.5637873197513,75583409,SBIN.NS
2020-03-17,195.0074462890625,208.3765372226536,192.19767954354052,205.929316563571,65403057,SBIN.NS
2020-03-18,195.05274963378906,202.25845960741802,181.36643562135285,200.30975037343973,101356399,SBIN.NS
2020-03-19,184.5841064453125,199.17681614061493,179.59902117216853,183.94964381296197,93533467,SBIN.NS
2020-03-20,190.2036590576172,195.50596847747818,181.27581941912624,186.3062261740565,77391650,SBIN.NS
2020-03-23,164.5984344482422,180.82261326415568,163.3748172474389,172.21201263252922,61750037,SBIN.NS
2020-03-24,166.04864501953125,173.97946198527268,157.3020924122696,173.07308290347368,67491360,SBIN.NS
2020-03-25,172.12136840820312,176.9705016421479,159.93057349390978,161.3354637249799,71567553,SBIN.NS
2020-03-26,174.70455932617188,182.18218637904306,167.77076522742632,173.6169072481672,107260359,SBIN.NS
2020-03-27,177.60498046875,192.06172423291258,176.74392309663637,183.0885767462592,114740377,SBIN.NS
2020-03-30,169.40223693847656,176.74391269000623,168.81309609494184,172.2120174928266,60081554,SBIN.NS
2020-03-31,178.42071533203125,179.91623518052654,170.44457720281508,174.02477156000552,59543412,SBIN.NS
2020-04-01,169.08502197265625,176.290732970705,167.906726389836,175.83754342579317,52954239,SBIN.NS
2020-04-03,159.06954956054688,170.58056263164207,158.61635996065928,169.99142168388778,64448494,SBIN.NS
2020-04-07,168.9490509033203,169.76480035378538,160.97292625597441,167.13629278706046,72130500,SBIN.NS
2020-04-08,165.8673858642578,176.20010273025977,163.55611624600127,165.77674241638564,80435759,SBIN.NS
2020-04-09,170.17266845703125,172.21202134133654,166.41120089141134,170.39926322195407,62416005,SBIN.NS
2020-04-13,166.320556640625,171.0337249619394,165.9580105506188,169.31161028903983,51847146,SBIN.NS
2020-04-15,165.27822875976562,173.9794595237814,163.2841837438221,169.4928858984025,72190004,SBIN.NS
2020-04-16,170.8524627685547,172.12138799441834,163.37483508770282,164.96099853515625,61165773,SBIN.NS
2020-04-17,175.15774536132812,179.46304570009298,168.85841394750037,177.6502876627183,89851063,SBIN.NS
2020-04-20,174.47796630859375,178.87391021262323,172.25734041253372,175.83753487723214,81958510,SBIN.NS
2020-04-21,167.4535369873047,170.58054208380568,165.86737357876459,170.39926903173628,53042420,SBIN.NS
2020-04-22,171.03372192382812,171.7588279212071,164.37184428413505,168.13331176455893,61503413,SBIN.NS
2020-04-23,169.22096252441406,172.12137266104008,167.8160722586314,170.1726632741537,50955312,SBIN.NS
2020-04-24,162.921630859375,166.77374174200278,162.2418465859701,166.77374174200278,65137305,SBIN.NS
2020-04-27,163.96397399902344,166.32056519602526,163.60142789036817,166.32056519602526,42996571,SBIN.NS
2020-04-28,167.045654296875,167.99735502335488,164.23587383398134,164.9609798079777,49590230,SBIN.NS
2020-04-29,172.30264282226562,173.84348426133644,166.32053625852578,167.680104674808,57470466,SBIN.NS
2020-04-30,172.6652374267578,177.5596795697474,171.94013130143554,175.3843750240296,63063889,SBIN.NS
2020-05-04,162.10589599609375,166.3205529781555,161.33546828398735,165.36885222503773,58118177,SBIN.NS
2020-05-05,154.44700622558594,164.28122582793708,152.9968078405644,164.05463103369166,91050439,SBIN.NS
2020-05-06,155.0814666748047,157.07549789188764,150.95743908000415,155.126774564769,73156432,SBIN.NS
2020-05-07,154.76422119140625,156.39570623063,152.99678482818328,154.85486462757015,42942399,SBIN.NS
2020-05-08,151.04806518554688,157.52868377851152,150.54956776552777,156.3050665124264,55932236,SBIN.NS
2020-05-11,149.9604034423828,153.08740824006338,149.5525356566412,152.22635095233193,54591827,SBIN.NS
2020-05-12,151.274658203125,152.72487021800595,145.79107600430203,148.8274375294793,70752542,SBIN.NS
2020-05-13,157.80059814453125,161.83398215117188,154.53762803227886,161.83398215117188,81720683,SBIN.NS
2020-05-14,152.22634887695312,155.67059181116787,151.81848109677216,154.94548585182068,48136531,SBIN.NS
2020-05-15,150.8214569091797,152.49826355615994,149.28061540749943,152.22634709580564,35495540,SBIN.NS
2020-05-18,140.7606658935547,150.82146481186086,140.4887494189526,150.82146481186086,77349435,SBIN.NS
2020-05-19,138.49472045898438,143.0719373896235,138.1321605438392,142.7546991926523,71522334,SBIN.NS
2020-05-20,139.0385284423828,140.71533506869739,136.99917576022779,138.67598238654233,66168767,SBIN.NS
2020-05-21,137.72430419921875,141.53109372835922,137.31643636221222,139.26514593360326,61147471,SBIN.NS
2020-05-22,136.727294921875,141.0325957147251,135.45835586372846,137.76962537120278,87064198,SBIN.NS
2020-05-26,137.22576904296875,138.85725393738718,136.1381170567716,138.13214800317394,48275988,SBIN.NS
2020-05-27,143.75172424316406,145.74575540627197,136.68196481919344,137.72429520460872,88195120,SBIN.NS
2020-05-28,143.38917541503906,147.1959649900803,142.02960672179233,144.52214932607802,76968678,SBIN.NS
2020-05-29,146.19894409179688,146.74276322573465,140.67002633349196,141.4857757797688,58363280,SBIN.NS
2020-06-01,154.1297607421875,155.3533641656965,148.05702385260543,148.64616470500826,92740893,SBIN.NS
2020-06-02,154.31103515625,155.2627359364789,151.5465762537744,153.99379695275806,70419104,SBIN.NS
2020-06-03,158.52569580078125,163.05759120766746,155.8972019968861,156.35039153757475,113168889,SBIN.NS
2020-06-04,157.75527954101562,161.0182358874516,155.44401015171908,158.52569345061647,83494674,SBIN.NS
2020-06-05,170.2179718017578,172.0307297254608,159.52269728586123,160.02120848092864,201321234,SBIN.NS
2020-06-08,169.31161499023438,179.00986838477797,168.40523590980513,178.55667884456335,151741826,SBIN.NS
2020-06-09,167.18161010742188,173.11839554802384,166.18460146785864,170.12734196884114,96654191,SBIN.NS
2020-06-10,170.12733459472656,171.30563005427072,166.59246204633996,167.27224629258708,67333317,SBIN.NS
2020-06-11,160.56504821777344,172.57457100741954,159.8399560192001,170.39926675120515,91726802,SBIN.NS
2020-06-12,162.3778076171875,163.1482353718758,153.9031714668523,154.08444451788273,92758901,SBIN.NS
2020-06-15,157.4380340576172,161.1995153138434,155.8971924793934,161.1995153138434,63613412,SBIN.NS
2020-06-16,156.7129364013672,162.19653256647658,153.54060964158043,161.33547521201245,63925976,SBIN.NS
2020-06-17,156.75827026367188,159.70400248307976,153.4046701953187,154.99083369807678,73866905,SBIN.NS
2020-06-18,162.83099365234375,163.73737271821875,155.08146370331013,156.25974542475007,58261857,SBIN.NS
2020-06-19,167.22691345214844,167.63478120671445,162.6950187786485,163.42012469245748,76895151,SBIN.NS
2020-06-22,170.12733459472656,173.7981722905101,167.00032982803904,167.68011407428617,80023958,SBIN.NS
2020-06-23,174.43263244628906,175.02178708316353,170.26329742421433,171.84946064386406,65487085,SBIN.NS
2020-06-24,167.31756591796875,176.65325838559485,166.6830895652017,176.56262878537507,74668987,SBIN.NS
2020-06-25,167.90672302246094,169.31161334956198,163.510778992878,165.14226408789057,73620385,SBIN.NS
2020-06-26,167.31756591796875,170.94308185265717,166.5924599649819,170.3992489303556,49176958,SBIN.NS
2020-06-29,162.4684600830078,165.95802528774067,161.78867573119607,165.86738184206655,50966428,SBIN.NS
2020-06-30,161.7433319091797,165.7767157461272,160.65567986093765,164.14524458888724,43613239,SBIN.NS
2020-07-01,167.49884033203125,168.04265942857847,161.87929335290136,162.6497071972381,54012853,SBIN.NS
2020-07-02,168.0880126953125,170.39928232265348,166.77376567749064,168.26928576152096,52127276,SBIN.NS
2020-07-03,167.408203125,169.35692632658993,166.2299076266369,169.17563945742148,38048810,SBIN.NS
2020-07-06,170.44459533691406,172.07608050991686,168.7224667203148,169.13034838625128,43773740,SBIN.NS
2020-07-07,170.94309997558594,171.48691912529603,166.81907239661038,169.4928879158647,55124494,SBIN.NS
2020-07-08,173.93414306640625,178.9645498174568,170.7618162290182,171.2150057772165,143063102,SBIN.NS
2020-07-09,180.46009826660156,182.18221315738288,174.523311937463,174.74990672994733,89539723,SBIN.NS
2020-07-10,177.28775024414062,183.54176024636234,176.56264422773523,179.46305446310984,111406477,SBIN.NS
2020-07-13,174.65924072265625,181.09453753015615,173.66223206264357,180.18815847728274,61949761,SBIN.NS
2020-07-14,168.63182067871094,174.29668959542224,167.3175738560832,174.29668959542224,62239932,SBIN.NS
2020-07-15,166.5924530029297,172.16667798746283,165.8673470802457,170.35392009587545,58527305,SBIN.NS
2020-07-16,168.8131103515625,169.44757296670002,164.6437608859483,167.6801364565856,46546803,SBIN.NS
2020-07-17,170.58053588867188,171.7588314297007,167.68012567015637,169.31161074002347,47035238,SBIN.NS
2020-07-20,172.89181518554688,175.1577629599315,171.0790569660392,172.21203085323148,45672856,SBIN.NS
2020-07-21,176.20008850097656,177.83157361918413,173.57159468793185,174.43265205218808,59281860,SBIN.NS
2020-07-22,174.02476501464844,178.33006519079208,172.30265047628927,177.37836449106908,62276152,SBIN.NS
2020-07-23,179.68966674804688,180.4600945587633,173.2543692416165,174.3873431807593,70801412,SBIN.NS
2020-07-24,173.97947692871094,177.92223180528651,172.80118125511663,177.3783987773973,65265493,SBIN.NS
2020-07-27,169.6288299560547,175.1124258543686,169.03968911857112,174.93115281439262,50697767,SBIN.NS
2020-07-28,171.71351623535156,172.66521704812297,168.35991636057136,170.39926931783265,51488617,SBIN.NS
2020-07-29,173.2996826171875,176.9705207692313,169.49289313109477,170.03672612778558,73763368,SBIN.NS
2020-07-30,169.08502197265625,175.38435388088132,168.6318324277444,174.47797479105765,48472816,SBIN.NS
2020-07-31,173.52626037597656,176.60795733791585,169.22096003685604,170.3992555272962,145892485,SBIN.NS
2020-08-03,174.25137329101562,176.3813696019642,172.25734213643958,174.02477852730817,72454278,SBIN.NS
2020-08-04,173.66224670410156,175.65627802249043,172.66522412978318,175.24841018035943,43866676,SBIN.NS
2020-08-05,173.52626037597656,178.42071537544027,173.11839258358282,174.70455586641668,68888892,SBIN.NS
2020-08-06,173.07308959960938,176.29073823053503,172.43862698385237,174.29670693947827,59740172,SBIN.NS
2020-08-07,172.80117797851562,174.11543879928584,171.80416921995496,173.52628405853585,44822338,SBIN.NS
2020-08-10,175.65628051757812,177.19712229320857,173.75287878693288,173.88884395640648,48784530,SBIN.NS
2020-08-11,176.78924560546875,178.37540902494572,175.61095001352206,176.74392388457704,43890305,SBIN.NS
2020-08-12,184.26687622070312,185.12793361098375,176.38138071299227,177.65030593759028,157818228,SBIN.NS
2020-08-13,182.99794006347656,187.89239564352778,181.95560960035576,186.26091045017736,70443118,SBIN.NS
2020-08-14,178.10348510742188,184.90132805045326,176.38137042728602,183.9949489913824,56169088,SBIN.NS
2020-08-17,175.0218048095703,180.05219760860393,173.57159275834172,179.87092455976216,54787889,SBIN.NS
2020-08-18,176.83456420898438,177.42370507944815,173.7528670358929,175.6562686378096,46294169,SBIN.NS
2020-08-19,178.60198974609375,181.54772157905566,177.55964556859018,178.01283508135356,59296062,SBIN.NS
2020-08-20,176.51731872558594,177.96753072731713,175.15775016030543,175.8375344429457,37504602,SBIN.NS
2020-08-21,179.8256072998047,182.63538803240215,179.14582297710342,180.36944029006466,68041871,SBIN.NS
2020-08-24,182.59007263183594,183.81368998715251,180.00690041430352,181.2758256618372,53850253,SBIN.NS
2020-08-25,188.4815216064453,188.9347111336694,183.72303157059247,184.90132710742444,105394375,SBIN.NS
2020-08-26,190.2036590576172,190.65684860616503,186.8500453341654,188.98004174443912,66749637,SBIN.NS
2020-08-27,195.46063232421875,196.23106003196244,190.79278585093806,190.79278585093806,80997993,SBIN.NS
2020-08-28,203.79933166503906,204.75101858812042,196.50297766318735,196.68425070423874,95974037,SBIN.NS
2020-08-31,192.15235900878906,209.87207224003572,190.65683910520616,209.87207224003572,119986476,SBIN.NS
2020-09-01,197.6812744140625,198.40636658281144,191.42725073175336,193.14937920814862,75048313,SBIN.NS
2020-09-02,196.00445556640625,198.49699777592124,192.4242613406066,197.8172135369626,47608088,SBIN.NS
2020-09-03,193.1947021484375,197.81724115072535,192.42428820155465,197.13745681687405,38594129,SBIN.NS
2020-09-04,187.25790405273438,192.42426150724486,186.6234276982936,190.33958707325058,54435758,SBIN.NS
2020-09-07,188.4362030029297,190.02236637443667,186.1702553293483,188.07365690725547,35687359,SBIN.NS
2020-09-08,184.94664001464844,188.98002384872794,183.90429585354613,188.43619090987056,34146789,SBIN.NS
2020-09-09,176.6079559326172,182.54472739407282,174.47795972337622,182.27282475480473,72715826,SBIN.NS
2020-09-10,179.5989990234375,182.59005258450708,176.9251836545444,179.19113122652948,67789617,SBIN.NS
2020-09-11,183.72303771972656,184.76538196537686,178.55667970250556,179.96157004997067,48487971,SBIN.NS
2020-09-14,179.91624450683594,186.89536054533383,178.87391411358027,186.62344405962676,63605531,SBIN.NS
2020-09-15,181.41177368164062,182.18220145871436,178.64732845504733,181.18517890370688,51761038,SBIN.NS
2020-09-16,179.6443328857422,181.32113973446985,177.87689642615595,181.1398666825054,52404964,SBIN.NS
2020-09-17,177.1517791748047,179.46304847423428,176.7439113761398,178.55666944153612,41223296,SBIN.NS
2020-09-18,174.56861877441406,178.73795430240605,171.94011110761187,177.65030215728848,55286316,SBIN.NS
2020-09-21,168.4052276611328,175.38434347254392,167.00033738923108,174.976475672378,57611375,SBIN.NS
2020-09-22,168.76779174804688,170.6711934588765,164.190574361717,168.72247002536085,51210889,SBIN.NS
2020-09-23,166.5924530029297,171.26029904166916,164.05458918865833,170.53519311898518,44320497,SBIN.NS
2020-09-24,159.83993530273438,164.77969787408233,159.0695076537945,164.1452353674382,46114798,SBIN.NS
2020-09-25,165.14224243164062,165.6407536217222,159.6586470012336,162.24183254877306,46550127,SBIN.NS
2020-09-28,169.719482421875,170.53521806029516,166.18460954839142,166.77375041722297,41921548,SBIN.NS
2020-09-29,167.72544860839844,171.2603214269355,166.093963526671,170.85245361406538,35688726,SBIN.NS
2020-09-30,168.0426788330078,169.31161786530487,165.32354154554653,167.72545444761911,37641083,SBIN.NS
2020-10-01,172.4839324951172,173.29966809153234,169.4022354892508,169.49287892451758,43588724,SBIN.NS
2020-10-05,171.07907104492188,175.6562886919086,169.5382291975869,174.02480339403974,41694686,SBIN.NS
2020-10-06,173.66224670410156,174.11543626874666,170.67119281139432,173.20905713945646,31098726,SBIN.NS
2020-10-07,172.84649658203125,175.06712267493708,171.39629827841318,174.52330349742329,34578053,SBIN.NS
2020-10-08,173.57159423828125,177.4690270577229,172.71053687625567,173.4356429080525,43351606,SBIN.NS
2020-10-09,179.73497009277344,180.18815962208944,172.7105323883755,174.02477925734252,64907230,SBIN.NS
2020-10-12,180.09751892089844,186.6687671958374,178.78327203196005,181.0038979933038,69122798,SBIN.NS
2020-10-13,177.37838745117188,181.27582035485065,176.83456828825584,180.0522030353564,34948525,SBIN.NS
2020-10-14,181.3211212158203,182.09153506554733,174.97646823332397,175.88284723082344,40548275,SBIN.NS
2020-10-15,174.79519653320312,183.54174839369304,174.0247688473534,182.1821798870731,49184123,SBIN.NS
2020-10-16,177.60498046875,178.33008650904208,173.66223971320423,175.8375440038331,36893126,SBIN.NS
2020-10-19,184.90133666992188,185.44516966281478,177.69562558045237,177.83157691355183,60220779,SBIN.NS
2020-10-20,184.04025268554688,185.2185481129865,181.9102565732427,182.18217303038193,39316753,SBIN.NS
2020-10-21,184.67474365234375,187.8923922587163,180.23349154568706,185.53580104074686,54515523,SBIN.NS
2020-10-22,184.26687622070312,185.44517183225707,182.2728449405144,182.99793716585745,33721637,SBIN.NS
2020-10-23,183.8136749267578,186.35153904413846,182.68070110919922,184.9013270255647,32707020,SBIN.NS
2020-10-26,178.28475952148438,184.90132946953173,177.28775084700274,183.72303391764706,45470123,SBIN.NS
2020-10-27,176.42665100097656,179.05515816347437,174.25134712809432,178.7832417218029,37794381,SBIN.NS
2020-10-28,172.61990356445312,176.74393139641919,171.35097830703958,176.74393139641919,46458319,SBIN.NS
2020-10-29,171.03372192382812,172.84648000215222,168.4958578481251,171.6228765974314,44822673,SBIN.NS
2020-10-30,171.53224182128906,174.02478430482168,168.72246112593524,171.62288526188007,41519686,SBIN.NS
2020-11-02,177.69561767578125,178.78326978293606,172.2573433097604,174.2060527588191,52600119,SBIN.NS
2020-11-03,185.58111572265625,186.53281651805264,179.1005108644401,179.4630569625687,69890201,SBIN.NS
2020-11-04,187.6204833984375,189.43324169214222,179.50839280015856,184.44815638445425,117577856,SBIN.NS
2020-11-05,198.17977905273438,200.30977540932147,194.64490619525694,195.77788003806984,138023646,SBIN.NS
2020-11-06,198.67828369140625,201.08019645630722,196.72957427878077,198.49701064864402,73147085,SBIN.NS
2020-11-09,198.9501953125,201.80528369946467,196.72956947483343,201.66933237827448,60359458,SBIN.NS
2020-11-10,210.00802612304688,212.99907979688226,202.12253104129678,202.2131744796921,135294550,SBIN.NS
2020-11-11,212.27398681640625,216.94184757548425,206.42784426731131,210.95973986044658,107094861,SBIN.NS
2020-11-12,205.5667724609375,211.50355803784012,204.5244282494335,211.3675928814282,58859905,SBIN.NS
2020-11-13,207.9686737060547,209.05632581804636,199.49403774613282,203.93528963270177,70676525,SBIN.NS
2020-11-14,208.1499481201172,211.09568010082566,206.42783341734028,210.27994446903597,7753219,SBIN.NS
2020-11-17,217.71224975585938,218.98118875147085,209.373565081436,210.14399282270892,80501583,SBIN.NS
2020-11-18,228.40753173828125,229.3139108324808,215.62758097796893,216.98714961926822,104514060,SBIN.NS
2020-11-19,217.30438232421875,228.22625289843015,216.62459802080616,224.78200966175703,82284278,SBIN.NS
2020-11-20,220.0235137939453,222.42541273786705,212.0473754094131,218.89053998450171,84411129,SBIN.NS
2020-11-23,216.35267639160156,223.10519754563808,215.808857259944,220.7032985960955,57538324,SBIN.NS
2020-11-24,221.02053833007812,222.06286871234346,217.07778390451534,217.98416296048407,47636611,SBIN.NS
2020-11-25,220.25010681152344,226.5041166580236,218.98118168709476,222.47073269439687,74767232,SBIN.NS
2020-11-26,222.4707489013672,223.1958549525417,217.66693687136447,221.15650196312762,64248318,SBIN.NS
2020-11-27,221.38308715820312,223.19584529255894,219.38905597646112,222.47073927276722,54355703,SBIN.NS
2020-12-01,224.8273468017578,225.64308248970352,221.38310332885197,222.06288767888938,37003272,SBIN.NS
2020-12-02,223.83030700683594,227.36519365329045,221.24713497352946,225.0992459941197,56723083,SBIN.NS
2020-12-03,232.30496215820312,234.7521968966134,224.7820263720468,225.96032201827248,79266442,SBIN.NS
2020-12-04,238.83087158203125,239.6012992805234,229.81240310617838,232.93940795666805,79252024,SBIN.NS
2020-12-07,244.35980224609375,246.03660905386351,238.37769486565531,239.1027870558019,76053084,SBIN.NS
2020-12-08,246.4444580078125,248.0759568930819,240.4170428612043,245.58341450715045,65617502,SBIN.NS
2020-12-09,245.03961181640625,249.16362593657442,243.9972813128964,246.62577534885506,48495641,SBIN.NS
2020-12-10,244.31448364257812,245.62874444643452,240.6889671193835,243.81598618483721,38676657,SBIN.NS
2020-12-11,246.94296264648438,250.38719168510565,244.76763097946971,244.76763097946971,50255223,SBIN.NS
2020-12-14,248.52915954589844,250.296582189351,246.8523526837807,248.34787266223898,31946501,SBIN.NS
2020-12-15,245.31149291992188,248.39317626547628,243.045545215765,248.39317626547628,34890948,SBIN.NS
2020-12-16,244.1785125732422,248.03062356785134,243.36277695354136,247.26019583683075,24844177,SBIN.NS
2020-12-17,242.6376953125,246.6710656975439,241.73131621556948,244.72235617124227,25904699,SBIN.NS
2020-12-18,246.03663635253906,246.48982593678727,240.19047965153865,242.63771447067768,29816205,SBIN.NS
2020-12-21,230.854736328125,243.81595923177417,227.5464583985285,243.31746182914057,55160758,SBIN.NS
2020-12-22,233.3472900390625,234.4802638154019,225.00859198100738,230.94537733507516,51189571,SBIN.NS
2020-12-23,238.37770080566406,239.19343645502937,231.67050106794585,232.89411837224117,29056404,SBIN.NS
2020-12-24,241.8672637939453,243.68002195967023,239.87321874745012,240.1904569585509,28585509,SBIN.NS
2020-12-28,249.4355010986328,250.16059320314127,242.9095615160937,243.5893457367544,36870242,SBIN.NS
2020-12-29,251.88275146484375,253.69550970159756,248.98235488233496,250.43253934334157,45032526,SBIN.NS
2020-12-30,250.97633361816406,252.60783237578232,246.98827164480494,251.97335602662667,30971894,SBIN.NS
2020-12-31,249.20895385742188,251.2936148005863,247.07895736127804,249.25426174990528,29467966,SBIN.NS
2021-01-01,253.24227905273438,253.78611196762034,248.7103841961697,249.1635736818262,24531791,SBIN.NS
2021-01-04,254.73779296875,257.32097850972156,251.7467534963558,255.4629127254298,31450608,SBIN.NS
2021-01-05,255.37234497070312,256.0068214882459,251.0670436801589,252.01873079597448,27393072,SBIN.NS
2021-01-06,258.36334228515625,262.07950199628453,255.0550642188508,256.50527625983915,40765708,SBIN.NS
2021-01-07,260.7652893066406,264.4814216474617,260.13081284525856,261.9435711229259,30546600,SBIN.NS
2021-01-08,259.22442626953125,264.11886794671705,258.499334043465,262.9405861642355,32543357,SBIN.NS
2021-01-11,256.0521240234375,261.2184965281096,253.4236298752965,261.0372096238938,29703173,SBIN.NS
2021-01-12,265.1158752441406,266.33949250813544,251.88273542635142,253.78613698584402,44307145,SBIN.NS
2021-01-13,278.0770568847656,279.16472271277803,266.92860661984787,268.28817507461787,78042133,SBIN.NS
2021-01-14,278.4849853515625,280.2977435963245,275.3579663151498,277.98648789845123,40123498,SBIN.NS
2021-01-15,275.4032897949219,281.7932512633978,273.0920065378709,278.077091492439,35307601,SBIN.NS
2021-01-18,266.88330078125,279.75386565543295,264.84394808346303,275.08601945704106,54969750,SBIN.NS
2021-01-19,270.644775390625,274.17964796451537,268.6507305230499,269.7837042749694,35803901,SBIN.NS
2021-01-20,274.2249755859375,276.17371270788016,269.0586315016661,270.826054085564,33759304,SBIN.NS
2021-01-21,267.245849609375,276.58154210290587,264.2094744735498,275.53921180088895,29995203,SBIN.NS
2021-01-22,257.1397399902344,270.1009489600251,255.96143066357627,267.8350014016356,44440810,SBIN.NS
2021-01-25,254.64720153808594,261.03716268545986,251.11230116499254,257.8648360556018,34034630,SBIN.NS
2021-01-27,249.84339904785156,258.18209802112125,247.16959723852278,253.9674406426571,39211107,SBIN.NS
2021-01-28,255.91612243652344,256.82250145867476,244.26914646978045,246.4444505908451,48717297,SBIN.NS
2021-01-29,255.68954467773438,263.43907476807465,252.97040743052804,258.86187146614174,42300984,SBIN.NS
2021-02-01,281.6119689941406,284.51236522493195,256.27866464335887,258.40866084534906,103414068,SBIN.NS
2021-02-02,301.91485595703125,305.81227466415584,285.50939022471874,285.50939022471874,121434166,SBIN.NS
2021-02-03,304.498046875,308.07822745522657,295.2982775714913,302.5040019403347,66420168,SBIN.NS
2021-02-04,321.855224609375,324.4837184727254,300.10212616427606,303.09316613627914,145203439,SBIN.NS
2021-02-05,356.2975769042969,370.11985612949667,349.0918530636849,350.76865968211877,214955688,SBIN.NS
2021-02-08,359.8778076171875,369.62138286167783,357.7931467686107,360.7388788192706,79389205,SBIN.NS
2021-02-09,357.83843994140625,365.7239487861223,352.58145248525796,359.6058901633061,63869990,SBIN.NS
2021-02-10,355.5271911621094,360.6482273892608,351.6750801042662,357.1586624282923,54163507,SBIN.NS
2021-02-11,353.6238098144531,359.7872044560064,351.90169501037786,355.1193298374528,36392708,SBIN.NS
2021-02-12,356.3428955078125,361.9624563276939,349.4544096300361,354.39418620527823,53589755,SBIN.NS
2021-02-15,368.85101318359375,371.1169611017618,358.6542475518375,360.2857189887197,56608937,SBIN.NS
2021-02-16,364.6816101074219,376.82708363909694,362.8235164901756,373.42816225930954,80365431,SBIN.NS
2021-02-17,373.2015686035156,376.01134915120844,362.6875662388711,365.27075202724177,74161370,SBIN.NS
2021-02-18,376.32861328125,387.65835202815066,374.9690446316219,385.2564252854117,67154539,SBIN.NS
2021-02-19,362.1437683105469,376.1473368552603,358.0197543562116,376.1473368552603,66155518,SBIN.NS
2021-02-22,353.0346374511719,363.4579964516558,349.5450726015199,363.0954503663463,52535049,SBIN.NS
2021-02-23,358.56353759765625,362.2796970262885,352.5814306711375,355.30056766860133,45462768,SBIN.NS
2021-02-24,368.21649169921875,372.0686026893029,358.20101418919745,359.8324854266827,39632090,SBIN.NS
2021-02-25,369.12286376953125,376.056657888352,368.4883873777989,372.5217851670408,46988836,SBIN.NS
2021-02-26,353.6238098144531,363.4580288452325,350.76872110499994,362.098460158779,64450414,SBIN.NS
2021-03-01,357.9743957519531,360.46693799246793,354.39418765138055,358.11034706933737,29677890,SBIN.NS
2021-03-02,357.29461669921875,362.14372227287305,353.9863111853155,358.01970884280473,30534337,SBIN.NS
2021-03-03,367.1288146972656,370.61837949163214,358.9260955475602,359.3792850621404,46268223,SBIN.NS
2021-03-04,358.6088562011719,365.72393708928246,357.5212179659752,361.3733288275104,43603653,SBIN.NS
2021-03-05,347.7323303222656,358.019738465982,342.7019374662452,358.019738465982,72179228,SBIN.NS
2021-03-08,353.12530517578125,356.56953471385725,349.9076427536754,352.0829747361394,39147858,SBIN.NS
2021-03-09,351.31256103515625,357.9291177087604,346.46342709247557,356.6148845489193,28054083,SBIN.NS
2021-03-10,351.4031982421875,356.2069965461691,349.59043999004416,354.48488173873204,22677399,SBIN.NS
2021-03-12,345.4211120605469,356.3883057033633,342.1581414707134,355.02873692930746,35336355,SBIN.NS
2021-03-15,347.9589538574219,349.8623556247856,334.7711481487174,346.6900285660116,42722585,SBIN.NS
2021-03-16,343.1097717285156,351.5391133280401,340.88915969492854,349.4997605046783,38196452,SBIN.NS
2021-03-17,333.6834716796875,344.10683169037753,331.78006997172315,342.7925985461968,33143064,SBIN.NS
2021-03-18,332.7317810058594,339.89217053298853,327.2935062773315,336.71984360801395,39405038,SBIN.NS
2021-03-19,336.402587890625,337.98875127063246,323.8039242900932,329.8766751520337,60309145,SBIN.NS
2021-03-22,332.64111328125,337.89810073757366,329.4687865878321,337.17300855756133,28461974,SBIN.NS
2021-03-23,337.8074951171875,342.56598530038633,332.6864311725875,334.1819787871313,41032380,SBIN.NS
2021-03-24,326.1604919433594,334.4991622304421,325.0728260682871,334.00066483965446,42318999,SBIN.NS
2021-03-25,321.94586181640625,327.0668981107431,312.88207097315717,326.29647035696803,57495003,SBIN.NS
2021-03-26,323.7586364746094,328.1092452367547,321.3567096504187,326.2964869757782,40718848,SBIN.NS
2021-03-30,327.02154541015625,330.1938720389263,322.9428397445948,326.3870966806981,39405124,SBIN.NS
2021-03-31,330.1938781738281,333.4115404105168,324.43839331166174,326.56836195930134,38651025,SBIN.NS
2021-04-01,335.94940185546875,337.0823757101415,329.10625083744304,333.27560015473773,31883453,SBIN.NS
2021-04-05,320.4503173828125,334.6351723218312,316.3716114628251,333.09431679897136,51743981,SBIN.NS
2021-04-06,317.73114013671875,323.5772956175346,316.5981664125677,322.3990140086141,44147709,SBIN.NS
2021-04-07,324.9822082519531,329.1968931047109,315.0573739166869,318.3656520284423,48023602,SBIN.NS
2021-04-08,322.30841064453125,329.2875130565745,321.1301012286445,327.20285220919027,33370259,SBIN.NS
2021-04-09,319.9518127441406,330.3751720828308,318.3203414770651,321.2207379141432,46473100,SBIN.NS
2021-04-12,298.0627746582031,311.7944125874405,292.35256969184536,311.7944125874405,75501713,SBIN.NS
2021-04-13,309.07525634765625,310.2082301612474,299.5582763134909,300.9178448898002,49773360,SBIN.NS
2021-04-15,310.6161193847656,315.01203576046936,304.63401197080003,310.07228640886075,52992349,SBIN.NS
2021-04-16,308.0782470703125,313.1539755049519,306.9452732081383,310.88802778060347,37766793,SBIN.NS
2021-04-19,300.14739990234375,300.96313546911597,291.21956123260605,296.5218839073633,53304377,SBIN.NS
2021-04-20,298.65191650390625,308.07825370819756,296.1140660621531,303.7276450479078,41296147,SBIN.NS
2021-04-22,305.1324462890625,306.0388251746147,293.03228263484243,295.47951669002885,49105833,SBIN.NS
2021-04-23,304.95123291015625,308.07822393867434,300.6005970097721,300.6005970097721,44223940,SBIN.NS
2021-04-26,312.0662841796875,314.9214002088024,307.4890812125699,307.4890812125699,49234985,SBIN.NS
2021-04-27,319.99713134765625,321.71927377227814,310.34419942985795,311.79441152719977,46003023,SBIN.NS
2021-04-28,329.3781433105469,330.1938789285813,322.7162517190275,323.5773228861433,56696255,SBIN.NS
2021-04-29,325.75262451171875,335.314940070069,322.2177517545272,330.8283527156187,63692926,SBIN.NS
2021-04-30,320.4049987792969,328.56241034652083,317.6405537012685,320.35969089034313,53832840,SBIN.NS
2021-05-03,317.7765197753906,319.49863454295576,309.4378209443977,316.87014067030424,43691860,SBIN.NS
2021-05-04,318.5922546386719,328.9249708786379,317.41397286921335,321.7645814985164,57749307,SBIN.NS
2021-05-05,322.12713623046875,323.98523003727064,315.4199362222106,323.1241588023508,40872501,SBIN.NS
2021-05-06,322.2630615234375,325.7073185242703,317.7311662543103,324.48370126950726,36294427,SBIN.NS
2021-05-07,324.7102966308594,328.1092180889633,319.9518065895139,324.0305123392386,38357618,SBIN.NS
2021-05-10,327.83734130859375,332.6411396176199,325.208819711829,326.7496752919672,41739324,SBIN.NS
2021-05-11,330.5111083984375,332.0972717040139,321.5379615161324,323.4413630149227,41892770,SBIN.NS
2021-05-12,333.27557373046875,338.5325609351442,328.018558865301,328.8342944438896,53436590,SBIN.NS
2021-05-14,326.704345703125,337.6262023942307,325.8885824145827,335.36025472715534,51722170,SBIN.NS
2021-05-17,347.2338562011719,349.13725793897476,329.6047707555756,330.28455511475545,106555796,SBIN.NS
2021-05-18,346.46337890625,355.79907170793757,344.46933400662135,353.48781628106605,70917710,SBIN.NS
2021-05-19,348.4120788574219,353.0346172469254,345.511682680443,346.23677480956485,48189573,SBIN.NS
2021-05-20,348.5480651855469,351.4937972043004,346.2368095888765,350.76870500234344,42898608,SBIN.NS
2021-05-21,363.6392822265625,366.53967856077395,342.61127741618657,353.4878259055893,192810772,SBIN.NS
2021-05-24,373.4734802246094,379.95411262533776,367.355421575903,377.9600676311915,142964052,SBIN.NS
2021-05-25,373.74542236328125,376.60051095757547,370.25585734336846,376.2379648545769,56048127,SBIN.NS
2021-05-26,374.83306884765625,379.5462512709201,372.3405263019965,375.05966362453444,52357719,SBIN.NS
2021-05-27,385.39239501953125,388.92726789153824,373.4281801260522,374.9690356228089,73392997,SBIN.NS
2021-05-28,382.53729248046875,393.05129569321736,380.7245342596671,390.19620702755384,65137568,SBIN.NS
2021-05-31,384.6219482421875,386.11746811475876,378.8664358496929,381.5855729490926,38291043,SBIN.NS
2021-06-01,392.05426025390625,394.5921382759125,385.7549422399594,386.1627962299375,59299647,SBIN.NS
2021-06-02,396.31427001953125,396.94874646740857,388.9725936191458,390.4681136342902,38657806,SBIN.NS
2021-06-03,402.1686096191406,404.2725449742927,396.54291980030337,399.74453506974066,38909199,SBIN.NS
2021-06-04,396.6343994140625,404.22679015914537,394.94211147713594,400.20190798204277,36898769,SBIN.NS
2021-06-07,395.39947509765625,400.1104175694343,394.07308049836104,398.00651018696846,20201197,SBIN.NS
2021-06-08,390.7799987792969,395.62814757163096,387.8527966945006,395.3994607811271,31113823,SBIN.NS
2021-06-09,385.52020263671875,395.44518701289496,382.5472743598681,391.0544118011243,27784834,SBIN.NS
2021-06-10,395.39947509765625,396.35994848620174,386.38920964239014,388.6760776302308,27397712,SBIN.NS
2021-06-11,392.97540283203125,398.3724057306271,388.99624692755265,397.77782563360597,26831924,SBIN.NS
2021-06-14,393.6614990234375,395.5824739018937,381.1752041872797,390.5970900406469,30106015,SBIN.NS
2021-06-15,392.8839111328125,395.9025656398954,391.5117903721624,392.6094981470298,16413658,SBIN.NS
2021-06-16,389.6366271972656,395.85689772832296,388.76760608789664,391.51184801322296,19701175,SBIN.NS
2021-06-17,384.4225158691406,389.636586144243,381.0836941282875,385.1085762781873,23048331,SBIN.NS
2021-06-18,377.6991271972656,387.76134676758494,368.3229680521954,387.76134676758494,45748727,SBIN.NS
2021-06-21,383.96514892578125,385.1085829607002,366.35626478802953,371.70754165462415,33128978,SBIN.NS
2021-06-22,382.95892333984375,389.17922127096506,381.72400899267575,386.93807938477613,28442965,SBIN.NS
2021-06-23,383.1418762207031,388.53887920088465,379.6200938631363,385.2000574524912,27564829,SBIN.NS
2021-06-24,381.632568359375,386.7094044902972,380.80927349198566,384.51401664762466,19214547,SBIN.NS
2021-06-25,392.24359130859375,394.256046330923,383.3248060377666,385.1085742582798,29886797,SBIN.NS
2021-06-28,390.3683776855469,396.22275433362654,388.3559226272055,393.9816403852467,29370660,SBIN.NS
2021-06-29,385.5659484863281,392.38082635783167,384.6969274716719,391.0544317388026,22275961,SBIN.NS
2021-06-30,383.4620666503906,388.6761093385087,382.6387717749082,386.938095109136,18337773,SBIN.NS
2021-07-01,384.5597229003906,387.5784054538985,381.58679445707094,384.4682425958838,16161469,SBIN.NS
2021-07-02,388.2187194824219,389.1334667139619,383.2790900152796,384.46825024993365,16423811,SBIN.NS
2021-07-05,395.765380859375,397.457668806859,388.08150976135767,390.1396910152482,16483761,SBIN.NS
2021-07-06,393.1126403808594,399.28718447061107,391.69479327474636,394.8964087286917,20195278,SBIN.NS
2021-07-07,395.9483337402344,397.00028744406666,391.1001567984235,392.7467185189113,14473774,SBIN.NS
2021-07-08,388.26446533203125,398.2809305547424,386.1148038004786,395.90258222017076,21433043,SBIN.NS
2021-07-09,387.6241455078125,391.054447680448,385.1543167771667,388.76757956535766,16844494,SBIN.NS
2021-07-12,391.00872802734375,393.57000919275526,388.4016927493425,390.13970696271963,12886781,SBIN.NS
2021-07-13,392.5180358886719,394.98783662184604,391.78622136649943,393.34130279972993,12831125,SBIN.NS
2021-07-14,394.3017883300781,395.4452223849918,390.04821922897344,392.4265676463679,12767351,SBIN.NS
2021-07-15,394.8963928222656,396.0398268669029,393.02114423953844,395.8111400579754,11030732,SBIN.NS
2021-07-16,393.34130859375,395.62817666696947,391.0087143254142,395.1708030523256,8713863,SBIN.NS
2021-07-19,391.42034912109375,392.8382241314054,383.14189753896443,387.3039864284805,14426686,SBIN.NS
2021-07-20,385.01708984375,390.59705333166187,383.18759544875394,390.59705333166187,14623321,SBIN.NS
2021-07-22,386.0690612792969,390.3226582758298,385.0171075370059,389.2706766176685,11799761,SBIN.NS
2021-07-23,392.3351135253906,393.2956149451495,383.7364944416952,386.84662969547367,17704661,SBIN.NS
2021-07-26,387.2124938964844,391.3288564591651,386.29774666033313,391.3288564591651,14037519,SBIN.NS
2021-07-27,393.29559326171875,396.31424803539767,387.8528359307758,387.9900424357847,24119619,SBIN.NS
2021-07-28,389.2249450683594,393.7986812031227,385.15430874207203,393.34130758964636,17636515,SBIN.NS
2021-07-29,403.9065856933594,405.78183406684616,389.2249053647492,389.6822789315703,35263606,SBIN.NS
2021-07-30,394.98785400390625,406.5136750135399,393.9816543549279,403.8609135541163,35196813,SBIN.NS
2021-08-02,397.8235778808594,399.4701396987546,394.98785579104344,397.6863713750025,16926025,SBIN.NS
2021-08-03,408.43463134765625,409.7152718650125,396.63439786165935,397.8693121846302,40922962,SBIN.NS
2021-08-04,417.9937438964844,427.5985894893642,403.86088850061356,410.4013253925912,129761158,SBIN.NS
2021-08-05,404.18109130859375,423.07061706010296,401.0252020257968,421.698496139908,58595639,SBIN.NS
2021-08-06,398.5096435546875,408.8920306774342,397.00031613871687,405.87337584549294,38236066,SBIN.NS
2021-08-09,396.4514465332031,404.1353177330876,394.256058749789,400.5678090955559,22196404,SBIN.NS
2021-08-10,390.0939636230469,399.19568172390404,385.74891432261467,397.3661872816168,27794251,SBIN.NS
2021-08-11,391.5575256347656,395.9940551134782,387.0752699626527,393.15833322593943,23827946,SBIN.NS
2021-08-12,390.7342834472656,393.75296613100426,388.7675824369353,393.34131870089925,16847144,SBIN.NS
2021-08-13,394.4389953613281,395.39946873441653,388.76755167640727,391.1458999286601,20908992,SBIN.NS
2021-08-16,388.63037109375,397.00030276942437,387.8528303553823,393.34131380380757,17608693,SBIN.NS
2021-08-17,385.5659484863281,389.545104427546,379.8487784316673,388.63035721880027,22957877,SBIN.NS
2021-08-18,383.91943359375,388.1730027408294,382.36435209591116,386.1605476160816,17668574,SBIN.NS
2021-08-20,372.0277099609375,381.7697623865227,370.60983500356787,379.6201008108056,25541790,SBIN.NS
2021-08-23,374.5889892578125,377.7906045506143,367.0423246390654,376.0525904034102,26559937,SBIN.NS
2021-08-24,381.9984436035156,383.0503973204456,373.3998253423619,374.5889855587402,19012313,SBIN.NS
2021-08-25,380.7635192871094,385.38298144784864,378.97975109347084,383.2790740691864,16410980,SBIN.NS
2021-08-26,375.7324523925781,380.3519150779214,375.04639191955454,379.162754757696,15897679,SBIN.NS
2021-08-27,377.2875061035156,379.02552025699,372.7594961495837,375.36653133773024,15090541,SBIN.NS
2021-08-30,386.6636962890625,387.2125223383699,378.2480099319661,379.07127692179955,20308691,SBIN.NS
2021-08-31,389.7280578613281,390.5970789222341,383.00468785192083,387.7156306445066,26262421,SBIN.NS
2021-09-01,393.24981689453125,395.67389139874035,388.9047676812977,391.0544291910187,18776721,SBIN.NS
2021-09-02,393.1126403808594,396.5429426529436,391.28314583574775,394.6219677974022,14372717,SBIN.NS
2021-09-03,394.6219482421875,397.27470961796934,391.6947738645858,394.48474174127756,14233624,SBIN.NS
2021-09-06,394.3017883300781,396.863097362607,393.3870410861472,395.1708093781607,10694099,SBIN.NS
2021-09-07,392.5180358886719,394.89638423296043,388.85904702541853,394.3017762099861,14928735,SBIN.NS
2021-09-08,394.5762634277344,398.2809789201785,390.9172741350991,392.42660163513654,22817464,SBIN.NS
2021-09-09,395.4451904296875,396.817311184705,393.341283105008,393.56996989751093,9662128,SBIN.NS
2021-09-13,395.9483337402344,396.81732683650046,392.24359080603887,393.4327789234805,9567921,SBIN.NS
2021-09-14,396.0855712890625,399.5158735808269,395.39951083070963,397.91506584467015,9981562,SBIN.NS
2021-09-15,406.0105895996094,407.06254339825074,394.6677288049449,396.085575935826,22181568,SBIN.NS
2021-09-16,424.1682434082031,426.36363087523574,405.004280407768,406.9252549098714,42637448,SBIN.NS
2021-09-17,415.38671875,431.66920812179234,411.9564166703356,428.10169954211534,41529478,SBIN.NS
2021-09-20,400.1562194824219,414.83790255192383,398.5096575849526,411.0874330206504,18376916,SBIN.NS
2021-09-21,401.39105224609375,403.7236743094292,395.7653626606565,402.62596652481625,17279588,SBIN.NS
2021-09-22,401.43682861328125,405.05006343256156,398.9212737236087,401.4825548085636,14321143,SBIN.NS
2021-09-23,411.4532775878906,412.6881918856447,404.3639868190037,404.68415392077236,20516770,SBIN.NS
2021-09-24,403.1748352050781,413.37426107405764,402.4887747934983,412.64247446805365,10731274,SBIN.NS
2021-09-27,408.526123046875,412.1393578960577,404.5469669689246,406.97104157222344,11746892,SBIN.NS
2021-09-28,406.9710388183594,416.9417780856612,402.1228896445678,410.9044686740325,19241170,SBIN.NS
2021-09-29,420.7837219238281,422.88762936709935,401.6655105761151,404.18106543544235,38635938,SBIN.NS
2021-09-30,414.3804931640625,425.26597956466856,412.91689202004414,420.73799754782823,26530369,SBIN.NS
2021-10-01,413.14556884765625,416.71307735787383,405.96479771752786,410.26412074001394,14777309,SBIN.NS
2021-10-04,423.6651611328125,424.8085951356085,413.0998421133248,415.11226920872434,16246765,SBIN.NS
2021-10-05,425.08306884765625,429.0164709544509,419.5945852107123,422.6132400446829,16487568,SBIN.NS
2021-10-06,418.22247314453125,430.8459746100699,414.97510350781965,425.35749085707533,19056690,SBIN.NS
2021-10-07,418.86273193359375,424.4426953653202,418.1309453493114,422.70468129074806,9984651,SBIN.NS
2021-10-08,418.9542236328125,424.442706911845,415.52392158341723,422.5217321810097,16521128,SBIN.NS
2021-10-11,429.2451477050781,434.45921820423183,419.5488212573886,420.7837356299114,20686981,SBIN.NS
2021-10-12,441.8229064941406,443.1035470167468,428.19317852294046,429.93119265475383,33763609,SBIN.NS
2021-10-13,440.6337585449219,444.70436703068015,437.24918257620556,444.70436703068015,17638983,SBIN.NS
2021-10-14,448.7749938964844,451.7936485708089,440.908162183073,440.908162183073,23431826,SBIN.NS
2021-10-18,455.4984130859375,458.2883810858803,449.78124266320947,451.8851502124249,20084248,SBIN.NS
2021-10-19,446.57958984375,461.2155449007726,442.0515800816361,457.69376263200274,20645100,SBIN.NS
2021-10-20,457.2821350097656,464.2342195457429,441.91439270149596,447.12843516657637,34080545,SBIN.NS
2021-10-21,460.0721130371094,463.31945441403883,449.82693328352144,461.8558533184021,20808243,SBIN.NS
2021-10-22,460.0721130371094,465.33190941002294,457.3735976446583,461.5814403261629,24080485,SBIN.NS
2021-10-25,463.3194885253906,471.5064876923358,455.40693028675906,463.3194885253906,35619415,SBIN.NS
2021-10-26,468.8536376953125,474.02198139386024,464.32565608005837,464.32565608005837,21107457,SBIN.NS
2021-10-27,474.89105224609375,481.9345613326672,469.03664757410104,469.9056686189385,29463032,SBIN.NS
2021-10-28,458.6084899902344,476.1716185496109,455.1781881720904,475.302597589334,28140401,SBIN.NS
2021-10-29,459.3403015136719,468.94517504243936,446.7625274967812,458.7457214160472,31355893,SBIN.NS
2021-11-01,471.73516845703125,472.87860252065997,458.2883727024087,465.14897708418124,20679604,SBIN.NS
2021-11-02,477.2236633300781,480.24231816361515,468.39632981589745,470.91188481580207,26797820,SBIN.NS
2021-11-03,482.6663818359375,496.0673948008811,471.27776804319853,479.3275322272319,80775924,SBIN.NS
2021-11-04,485.2276916503906,490.2130753469266,483.03227590990497,486.18816509995,9796046,SBIN.NS
2021-11-08,478.6414794921875,488.8866594503413,472.42120960636737,488.8866594503413,36802110,SBIN.NS
2021-11-09,484.03851318359375,486.64552042460116,477.68100884628535,481.3857239162526,25451967,SBIN.NS
2021-11-10,479.6934509277344,483.4438920909196,477.04066173209947,480.7453767019264,15805538,SBIN.NS
2021-11-11,466.1551818847656,478.27555445162017,463.86831386915736,478.27555445162017,23086898,SBIN.NS
2021-11-12,467.7559814453125,469.2653087264636,459.8434238306619,468.35056153596366,19836221,SBIN.NS
2021-11-15,463.36517333984375,471.9180929806941,462.40469996620203,468.71647784739696,13328183,SBIN.NS
2021-11-16,452.8913879394531,464.14276841718083,451.4277866952607,464.14276841718083,19553216,SBIN.NS
2021-11-17,455.68133544921875,462.3132529890859,449.1408982172135,451.7479334539905,20488483,SBIN.NS
2021-11-18,460.8496398925781,463.04505556100526,450.33004682553235,456.5503446929596,22471070,SBIN.NS
2021-11-22,444.93304443359375,462.86209561777235,436.79179971835237,462.86209561777235,28800269,SBIN.NS
2021-11-23,451.0161437988281,453.1658055308073,439.0787027345806,443.88112604574,20000371,SBIN.NS
2021-11-24,451.10760498046875,457.3736292848453,447.3571356371588,453.5316796325042,13963769,SBIN.NS
2021-11-25,448.729248046875,453.2115318618765,444.8415722714062,448.22614823051543,12894211,SBIN.NS
2021-11-26,430.3885803222656,446.3051768594048,427.27844526124056,444.7958494828941,26305817,SBIN.NS
2021-11-29,425.4489440917969,437.0204910180489,415.56965721565007,429.93119995496176,22407465,SBIN.NS
2021-11-30,421.2867736816406,436.5630617060079,418.9541796990081,428.1016508714755,23026652,SBIN.NS
2021-12-01,434.77935791015625,436.56312621872877,424.4427251241281,424.85437255406663,17156956,SBIN.NS
2021-12-02,436.33441162109375,437.3863653112203,430.8002022626874,434.04754363565826,12962679,SBIN.NS
2021-12-03,432.8126525878906,440.45079765268446,429.9769305504625,435.1910010036649,16653993,SBIN.NS
2021-12-06,425.6318664550781,436.33441999875384,424.259745637472,432.81263765039085,14353300,SBIN.NS
2021-12-07,436.05999755859375,438.8042391343788,429.19939361913106,429.19939361913106,13644942,SBIN.NS
2021-12-08,449.64398193359375,450.4215226487684,439.30734958040273,439.9019296864058,20397660,SBIN.NS
2021-12-09,446.9912414550781,451.4277712337614,444.65864711657116,450.33006335924586,12560970,SBIN.NS
2021-12-10,452.5254821777344,453.66891625649777,443.1035686192017,446.85403798071974,13261408,SBIN.NS
2021-12-13,446.2136535644531,457.7852274732947,444.8872869317278,455.31539897448926,14047645,SBIN.NS
2021-12-14,446.8997497558594,448.54631152566594,440.72520592979265,444.5671554768045,11642447,SBIN.NS
2021-12-15,443.4694519042969,449.14089597295117,442.2802916556454,448.22614873064373,8639835,SBIN.NS
2021-12-16,440.130615234375,448.7292334393856,437.47785390417283,446.71680632358755,11107781,SBIN.NS
2021-12-17,427.9187316894531,440.359299271,426.7295714883093,439.1243849600465,12648603,SBIN.NS
2021-12-20,410.90447998046875,424.4427282496702,405.23303580733597,419.86899195387633,22336114,SBIN.NS
2021-12-21,407.97723388671875,419.1828866111858,406.60511314494727,418.08517885142146,16617447,SBIN.NS
2021-12-22,416.9875183105469,418.31388500613815,410.72149438321924,411.6362415867453,13102553,SBIN.NS
2021-12-23,422.4302673339844,425.3574696895943,418.72555215142324,421.69848070301714,14471377,SBIN.NS
2021-12-24,417.9937438964844,424.07680718880107,413.6486946997054,423.1620599894792,13221159,SBIN.NS
2021-12-27,418.99993896484375,421.2410807453631,412.13933504390945,415.0208110233969,8856482,SBIN.NS
2021-12-28,421.8814392089844,423.4364927709809,419.91471030583773,421.8814392089844,8832210,SBIN.NS
2021-12-29,415.6611633300781,422.7504548333301,412.9169214578515,421.69850103215094,11757303,SBIN.NS
2021-12-30,413.1913146972656,416.11848894021495,410.26411253844765,414.15178807532254,28879190,SBIN.NS
2021-12-31,421.1954040527344,422.0643972353255,414.47200583688556,415.523959645218,10005842,SBIN.NS
2022-01-03,430.6629943847656,431.76070225175397,420.8752155535809,422.6132297464202,13124509,SBIN.NS
2022-01-04,442.2802734375,443.37798124940093,430.8916595735372,432.2180541865951,23296671,SBIN.NS
2022-01-05,450.4215087890625,452.79985705576144,438.30110857494367,440.8166633363645,24694169,SBIN.NS
2022-01-06,449.7812194824219,452.2510202282293,444.01829524379843,446.1222306004526,18190843,SBIN.NS
2022-01-07,449.36956787109375,459.1573742053209,447.72303405592913,451.3820229037345,22746330,SBIN.NS
2022-01-10,460.7124328613281,461.90162099966733,450.513006917338,451.2905476393541,15832274,SBIN.NS
2022-01-11,462.8163757324219,464.50863578819735,456.6875580780953,460.11786021688926,16107950,SBIN.NS
2022-01-12,466.7497863769531,469.72271495260253,465.14897868237273,466.42961925486287,14489616,SBIN.NS
2022-01-13,467.7559814453125,469.12807431519354,463.776825583464,466.5210671549638,10450974,SBIN.NS
2022-01-14,465.01177978515625,466.8412743231792,462.08457735797106,465.60635992683945,8724574,SBIN.NS
2022-01-17,470.1800842285156,474.6623680645578,464.2799533281715,464.691600755031,17422211,SBIN.NS
2022-01-18,463.5938720703125,473.3359521308501,461.9473382685742,470.1800631090042,12592506,SBIN.NS
2022-01-19,471.82659912109375,473.51891495637545,457.6480173850423,461.94734043264435,16079457,SBIN.NS
2022-01-20,467.8017272949219,474.8910462350493,464.691592299712,472.0095701312035,17724642,SBIN.NS
2022-01-21,459.8434753417969,464.2342511816986,455.5441518984944,462.22179597081833,16947941,SBIN.NS
2022-01-24,452.0223693847656,463.5939170614201,446.3966791143473,459.56903455421923,20233933,SBIN.NS
2022-01-25,470.7746887207031,473.38169601825234,447.31139971579785,448.2261469544805,21791739,SBIN.NS
2022-01-27,483.85552978515625,485.59351592006016,460.30079000930914,460.6209291881308,35409230,SBIN.NS
2022-01-28,478.8244323730469,490.67041976372684,476.94921178187474,488.47500415393523,24715250,SBIN.NS
2022-01-31,492.4084167480469,494.78679301613647,482.1175105358289,483.9012787789612,28674232,SBIN.NS
2022-02-01,486.919921875,497.5767490544578,475.6685425164396,497.5767490544578,32245356,SBIN.NS
2022-02-02,493.7804870605469,497.8511229343958,486.0508626855724,490.89906711495075,21661864,SBIN.NS
2022-02-03,494.0550231933594,498.2628945176623,491.3565631664748,491.3565631664748,22717677,SBIN.NS
2022-02-04,485.0904235839844,499.81788683878847,482.3461820145878,495.9302112821434,25332894,SBIN.NS
2022-02-07,487.7889709472656,502.19624013136206,480.4709929489944,486.5540844927539,52289545,SBIN.NS
2022-02-08,486.0509033203125,491.8138553567655,474.75379771132225,489.8471265402949,26567546,SBIN.NS
2022-02-09,489.6184387207031,490.76187272051794,482.7578347218143,489.34402572709524,14856155,SBIN.NS
2022-02-10,494.4665222167969,497.57668461701803,488.84086118192306,491.31063362898766,18659370,SBIN.NS
2022-02-11,484.4501037597656,491.85958971603907,482.1632357174107,490.5331950851254,14607095,SBIN.NS
2022-02-14,458.6542663574219,471.6436605802897,457.0992127792638,471.0948345620402,26153332,SBIN.NS
2022-02-15,480.059326171875,481.93454679200465,454.7208451236285,459.20310088374214,23842951,SBIN.NS
2022-02-16,472.64990234375,482.9865348203373,470.18007366979805,481.6144139827795,19773807,SBIN.NS
2022-02-17,469.2195739746094,475.6685303836558,467.57301231222186,475.6685303836558,16408356,SBIN.NS
2022-02-18,471.3692321777344,476.49185011832066,466.61256337439534,466.61256337439534,15111223,SBIN.NS
2022-02-21,468.21337890625,473.3816952128393,461.6271876325928,467.9389379855899,16866932,SBIN.NS
2022-02-22,455.90997314453125,462.22172288483523,453.2572119975476,458.1968410153564,27108772,SBIN.NS
2022-02-23,456.1844787597656,462.2675425760223,454.8580840401576,460.11788088928967,13899433,SBIN.NS
2022-02-24,432.3552551269531,446.3509039273894,428.1016862632802,439.0786525777233,32356037,SBIN.NS
2022-02-25,441.7772216796875,449.9641933018266,438.43837168703794,439.07870596625435,21792287,SBIN.NS
2022-02-28,442.005859375,443.92680616738363,432.7669070473986,436.2429352502415,18069367,SBIN.NS
2022-03-02,433.8188781738281,438.8957141848437,427.18696068988453,437.24918032069553,22003848,SBIN.NS
2022-03-03,427.5528564453125,442.1888123555731,424.99157532736507,439.0786773078168,20358590,SBIN.NS
2022-03-04,422.5675048828125,430.7544760513815,418.63407494359245,421.0581495819761,20684268,SBIN.NS
2022-03-07,402.76318359375,415.2495052870526,396.49718756599424,409.34937464261577,33720472,SBIN.NS
2022-03-08,402.76318359375,404.4097453139011,388.7675625097468,400.65927618651557,42510207,SBIN.NS
2022-03-09,413.1913146972656,415.569635045953,401.1623668798871,404.3182558349919,32331325,SBIN.NS
2022-03-10,428.7420349121094,436.0142585909613,422.293050235539,429.83971483102124,34553299,SBIN.NS
2022-03-11,430.2513732910156,434.32198179141335,422.6132281939466,426.63811049833384,22091309,SBIN.NS
2022-03-14,443.78961181640625,444.56715254291663,430.4342967123957,430.8459441310982,27750689,SBIN.NS
2022-03-15,444.429931640625,448.6835005272817,439.67323504564973,447.3113797305622,27204899,SBIN.NS
2022-03-16,450.74169921875,452.15954626404897,447.6772904039518,450.97038602708017,16211288,SBIN.NS
2022-03-17,459.11163330078125,460.5752344651753,455.8185376598621,456.458871892994,22947673,SBIN.NS
2022-03-21,448.7749938964844,459.20310667199715,447.31139275419645,459.20310667199715,19064060,SBIN.NS
2022-03-22,451.6107177734375,453.53166462015184,436.56311470170846,448.7749957825625,26157969,SBIN.NS
2022-03-23,448.82073974609375,459.5690201040249,447.4943729620845,456.0015113556305,15800195,SBIN.NS
2022-03-24,445.5733642578125,452.6169009096352,442.28026877271157,443.65238956518124,18174877,SBIN.NS
2022-03-25,448.8664855957031,451.2448061069364,445.11601629710134,449.82695903940345,11541196,SBIN.NS
2022-03-28,455.0867614746094,456.09298904295355,440.86245275969105,449.0951780929001,16738684,SBIN.NS
2022-03-29,452.7998962402344,458.6542731539036,449.7812414316479,457.37363256589333,14301429,SBIN.NS
2022-03-30,452.1595458984375,457.7395096003556,450.3300514332755,456.7332820613425,16461225,SBIN.NS
2022-03-31,451.4734802246094,455.1324691123894,450.2385938076794,452.15954064106813,10240982,SBIN.NS
2022-04-01,464.8745422363281,466.2923892422718,449.14087909358597,449.14087909358597,18527226,SBIN.NS
2022-04-04,468.7165222167969,471.0033903856303,462.8621173718863,465.880772188398,16257176,SBIN.NS
2022-04-05,465.9721984863281,472.37545653271536,464.4171450612942,470.54596220970984,13602384,SBIN.NS
2022-04-06,470.13433837890625,471.27777238808164,462.8620869142029,463.77683412154323,13738275,SBIN.NS
2022-04-07,471.049072265625,475.5770819802615,466.56678874371477,466.56678874371477,19620958,SBIN.NS
2022-04-08,472.1010437011719,475.21120675178236,468.67074143876727,475.21120675178236,13572638,SBIN.NS
2022-04-11,471.00335693359375,477.49803973911236,469.44827552288496,469.7226885173069,12370288,SBIN.NS
2022-04-12,469.1280822753906,472.6498925176163,461.3527589400779,469.03662988748397,14460680,SBIN.NS
2022-04-13,473.5646667480469,476.4918691407067,469.9514039117203,470.4545037373942,15440525,SBIN.NS
2022-04-18,466.063720703125,471.09483054388494,461.03261086236506,468.35058881256134,14492183,SBIN.NS
2022-04-19,468.1676025390625,476.5375616935719,462.03881309118987,469.4939971361894,20362934,SBIN.NS
2022-04-20,465.8807373046875,469.90564731315845,463.7768299132433,468.35056590844295,11881305,SBIN.NS
2022-04-21,472.2839660644531,473.83904746379,468.53352489405654,469.6312326954554,10035638,SBIN.NS
2022-04-22,457.9224548339844,469.7226881547967,456.45885372783556,469.1738621663764,16760456,SBIN.NS
2022-04-25,452.5711669921875,456.64180310672134,448.2718440828117,452.7998537870294,14057444,SBIN.NS
2022-04-26,462.4047546386719,464.600142549331,455.9557974168849,456.4588972595396,12137213,SBIN.NS
2022-04-27,454.8580322265625,459.9348678754136,449.9184030706242,457.373586954814,12367342,SBIN.NS
2022-04-28,464.2342529296875,466.52112117072045,454.17203266914254,456.59610742146305,12154792,SBIN.NS
2022-04-29,453.98907470703125,468.80799216221504,451.8851670792863,464.7831096175578,12894773,SBIN.NS
2022-05-02,449.1408996582031,452.7998886574553,440.2678401686684,450.65022703722053,18590895,SBIN.NS
2022-05-04,438.75848388671875,454.12625342075836,436.79178301235004,450.0556172608926,14645323,SBIN.NS
2022-05-05,439.07867431640625,451.88513565063477,437.8437599617173,443.65241050720215,14130385,SBIN.NS
2022-05-06,442.6919250488281,444.6586259742756,430.8459374700862,430.8459374700862,16710020,SBIN.NS
2022-05-09,435.32818603515625,442.4632309305549,433.4072113357847,436.42589383933114,13544947,SBIN.NS
2022-05-10,434.6878967285156,441.41126656518384,433.13281526449146,436.3344305832364,10884328,SBIN.NS
2022-05-11,435.92279052734375,438.1639324546815,424.12255659347113,434.7336302694935,14771351,SBIN.NS
2022-05-12,423.20782470703125,432.6754646650108,417.4449279930637,432.6754646650108,18947096,SBIN.NS
2022-05-13,406.7423400878906,436.3344178232267,402.26008435589927,429.4280875753913,61403008,SBIN.NS
2022-05-16,416.2099914550781,422.15584847586496,401.43682920968183,407.0625191154061,27940958,SBIN.NS
2022-05-17,427.4613952636719,429.61105696734813,417.2619686155286,419.2286696957922,16880698,SBIN.NS
2022-05-18,418.9542236328125,428.6505496756105,418.1309567241316,428.0102154600422,15644497,SBIN.NS
2022-05-19,409.3493957519531,411.6362638846456,406.5594277964166,410.76724282787416,14201420,SBIN.NS
2022-05-20,422.9790954589844,424.44269654749434,415.43243113459465,416.0727653345268,13596860,SBIN.NS
2022-05-23,421.60699462890625,431.2118405873068,420.32635408429354,423.61944971034774,13499415,SBIN.NS
2022-05-24,422.6589660644531,427.0040156085421,420.9667059431366,422.9791331929813,17175179,SBIN.NS
2022-05-25,421.8692932128906,431.48468563956214,419.9647793082008,428.27954538016223,12728644,SBIN.NS
2022-05-26,435.6188049316406,436.7336436826211,420.3828359935606,424.4240910264561,17055257,SBIN.NS
2022-05-27,435.6653137207031,441.2858910982905,434.3182191335806,437.9414028849238,10977001,SBIN.NS
2022-05-30,440.9142761230469,443.05101746267394,437.66269595746616,439.42783380561843,9365470,SBIN.NS
2022-05-31,434.8755798339844,442.5864577596815,431.9956034738535,440.3568087023797,15441579,SBIN.NS
2022-06-01,435.0613708496094,438.4987665893312,431.71691141277614,434.78267534704867,9424008,SBIN.NS
2022-06-02,436.5013732910156,438.82393031783647,433.0639775507103,433.76074465875655,9370989,SBIN.NS
2022-06-03,431.5311279296875,441.7503796137059,430.6021050493222,439.66007813288394,11306291,SBIN.NS
2022-06-06,430.78790283203125,432.55304056011636,424.09892703436145,431.25241425266034,10661432,SBIN.NS
2022-06-07,430.5091857910156,432.8782110846822,427.8150251789779,429.069211704857,7672515,SBIN.NS
2022-06-08,437.84844970703125,441.79679674597133,430.3233874434492,433.4820594042959,17168871,SBIN.NS
2022-06-09,433.8072814941406,437.4769051666068,429.6266781839556,435.6653274097784,12635601,SBIN.NS
2022-06-10,429.0692443847656,431.2059857756537,426.0499198728635,429.20859215347053,8621104,SBIN.NS
2022-06-13,414.20489501953125,421.82286632904254,410.7210588973835,421.7764265213596,13426836,SBIN.NS
2022-06-14,416.2951354980469,417.36350608148376,411.88227705867666,413.41515905678415,11351101,SBIN.NS
2022-06-15,419.3144836425781,423.1234831307332,416.7596707159718,417.0848343951183,9920926,SBIN.NS
2022-06-16,410.2565002441406,425.2602137481273,408.9094057578501,422.84474864418956,10780703,SBIN.NS
2022-06-17,409.6990966796875,415.78418530109855,406.2152608235677,408.77007378472223,14326050,SBIN.NS
2022-06-20,403.8462829589844,411.97523367594033,400.13019120266165,410.16362760412096,12368534,SBIN.NS
2022-06-21,418.7570495605469,422.6589568704408,406.54040475559736,408.30554249996754,13801891,SBIN.NS
2022-06-22,415.8771057128906,419.17515409968314,413.0900369445457,416.8990365982563,11066447,SBIN.NS
2022-06-23,419.3609313964844,424.05251405247765,414.3442134067089,417.13128210675404,12229833,SBIN.NS
2022-06-24,422.0086669921875,427.67571254945517,421.0332042538962,423.44864119662316,10833364,SBIN.NS
2022-06-27,428.4653625488281,431.85629038223016,425.5389178027619,427.30408395166796,9509175,SBIN.NS
2022-06-28,431.2988586425781,432.69239291929085,425.49246582294194,426.32858071866406,13261290,SBIN.NS
2022-06-29,426.5144348144531,429.8589230482941,425.4925039164003,427.35054978503086,11800876,SBIN.NS
2022-06-30,432.8317565917969,435.9904287315172,426.0499008697052,426.4215043535202,16926328,SBIN.NS
2022-07-01,433.71435546875,435.52593315014667,427.86149406727816,430.4627752517755,9405495,SBIN.NS
2022-07-04,439.8459167480469,440.4962157869446,433.71435975090793,433.71435975090793,9186358,SBIN.NS
2022-07-05,438.63818359375,445.9310194784432,437.5698128632224,441.4252524654903,12003244,SBIN.NS
2022-07-06,445.8845520019531,446.8600147059179,440.26394644847693,441.4252250729725,12059857,SBIN.NS
2022-07-07,452.201904296875,453.59543867067123,447.4174419504805,449.6470912782486,11497832,SBIN.NS
2022-07-08,453.8741455078125,455.12833214576847,450.7154731855187,454.29221717097454,9057231,SBIN.NS
2022-07-11,453.5489807128906,456.4289289555805,450.5760961604987,450.5760961604987,7704792,SBIN.NS
2022-07-12,450.5296630859375,456.475403927994,448.810965064402,450.57610288995386,7364457,SBIN.NS
2022-07-13,451.96966552734375,457.4973634247652,450.1580594328193,453.130944215749,8208853,SBIN.NS
2022-07-14,445.3271179199219,454.1992749781504,442.95809259308453,452.0625337200882,9385630,SBIN.NS
2022-07-15,445.0948486328125,450.0186583477251,441.0071538041928,448.29996042218977,6945602,SBIN.NS
2022-07-18,455.49993896484375,456.61477784036623,447.8819678205412,450.1580570267316,9934786,SBIN.NS
2022-07-19,462.6069641113281,463.1643551697625,453.3631749213971,453.3631749213971,11724183,SBIN.NS
2022-07-20,472.50103759765625,474.3590833386211,464.8830387190893,465.4404581116844,19280117,SBIN.NS
2022-07-21,475.7061462402344,476.9603611286514,470.78233640092463,473.61584479592835,13814893,SBIN.NS
2022-07-22,477.2390441894531,483.27769264870454,474.916487089741,477.0067884794819,14699129,SBIN.NS
2022-07-25,481.04803466796875,482.16287346167064,473.0119924472466,476.9603680284706,10229778,SBIN.NS
2022-07-26,477.7035827636719,483.8351111742268,476.6816235598744,480.95516288809955,8862656,SBIN.NS
2022-07-27,490.7098693847656,492.33565933474154,475.8919439286603,478.7254522151504,15101546,SBIN.NS
2022-07-28,494.65826416015625,499.34981855668167,491.9640750160222,495.35503134884004,12160734,SBIN.NS
2022-07-29,490.84918212890625,498.88525216814304,489.36276830459843,497.07364633641913,11921058,SBIN.NS
2022-08-01,495.865966796875,497.0272454076405,489.03767124679666,491.49954787978527,8295631,SBIN.NS
2022-08-02,503.623291015625,506.2246004960406,493.4040391236026,494.14730280546866,16845027,SBIN.NS
2022-08-03,502.4620361328125,507.61815882985996,496.7021392476007,503.4375555855905,24262125,SBIN.NS
2022-08-04,495.4014587402344,505.38845486111114,486.9938128814101,505.0633195290963,18072293,SBIN.NS
2022-08-05,493.3575744628906,504.36652928647766,491.45308895594076,497.53817729899976,21110734,SBIN.NS
2022-08-08,483.4635009765625,486.807960466485,477.3783561082888,486.807960466485,32566317,SBIN.NS
2022-08-10,478.1680603027344,486.3434498381033,476.96034196848444,484.5318439852017,16904151,SBIN.NS
2022-08-11,487.5047607421875,488.6660393528168,480.49064927459784,483.0919020217961,13862195,SBIN.NS
2022-08-12,493.0324401855469,494.05434264419563,487.8763746840825,488.3873259134069,12154012,SBIN.NS
2022-08-16,488.6195983886719,495.9588451685862,487.73701530607804,495.44789392173413,10721167,SBIN.NS
2022-08-17,490.6634216308594,492.89304236142607,487.1330895771201,491.31369223786675,12054183,SBIN.NS
2022-08-18,494.5653381347656,496.8414556724269,488.8518810905393,489.45571197812444,9013662,SBIN.NS
2022-08-19,483.4170227050781,495.7730721102587,481.6983530946415,494.24016170944896,11087222,SBIN.NS
2022-08-22,475.0094299316406,482.99906144016137,473.8017114196148,482.1629180917256,9676954,SBIN.NS
2022-08-23,484.8570556640625,486.8079809982914,472.1758708824076,472.1758708824076,8597965,SBIN.NS
2022-08-24,482.4415588378906,485.8789547532378,475.93839883163315,482.16286332109064,11930650,SBIN.NS
2022-08-25,483.4635009765625,490.8027472747405,481.6983349272375,484.9034750151943,15473450,SBIN.NS
2022-08-26,486.6221618652344,491.91760349846345,485.13574797309,486.6221618652344,12855886,SBIN.NS
2022-08-29,478.30743408203125,480.3048560679867,472.6404168754124,475.0094140125052,9421339,SBIN.NS
2022-08-30,493.5434265136719,494.70470516429225,481.1874330116826,481.4196887418067,14835308,SBIN.NS
2022-09-01,495.4479064941406,502.50851463100315,485.18221468066645,485.18221468066645,16670228,SBIN.NS
2022-09-02,498.6065673828125,499.6749096222966,493.54338158639774,498.88526289297994,10017930,SBIN.NS
2022-09-05,500.65045166015625,502.4155611066096,498.23495815540304,498.88528551064644,7819994,SBIN.NS
2022-09-06,499.62847900390625,504.18071366483844,496.1910831071876,499.81429491511767,8657868,SBIN.NS
2022-09-07,495.0298156738281,499.30335491557975,493.8220972783756,496.46984649081065,8445359,SBIN.NS
2022-09-08,505.9923095703125,507.5251632256435,497.4917279520944,497.95623936941655,12240707,SBIN.NS
2022-09-09,514.0748291015625,517.4657855661197,509.1045789770801,510.6374895329618,18587927,SBIN.NS
2022-09-12,515.5147705078125,518.9521094794106,512.1238146322019,515.5147705078125,9677415,SBIN.NS
2022-09-13,518.394775390625,520.2528211805555,514.4464280870226,520.2528211805555,16707275,SBIN.NS
2022-09-14,531.1687622070312,534.0487100773495,510.26575013941743,510.9625172083379,21632641,SBIN.NS
2022-09-15,531.5404663085938,537.4397389468393,527.5921190475323,531.9120414407419,12749947,SBIN.NS
2022-09-16,521.9249877929688,533.2590770784519,520.5314536194188,528.7068427636351,14739280,SBIN.NS
2022-09-19,531.6333618164062,533.6307837600242,519.8347594839756,520.903158514852,11194003,SBIN.NS
2022-09-20,533.3055419921875,536.9287536952673,532.1907032602358,536.9287536952673,8484017,SBIN.NS
2022-09-21,529.2642822265625,536.3248325815604,525.2694956651019,534.1880915559465,9392526,SBIN.NS
2022-09-22,527.0346069335938,533.2590708432804,522.1107975852327,526.5236557498765,11869435,SBIN.NS
2022-09-23,511.51995849609375,527.6849787662827,510.49805604238094,524.7120943058618,12563239,SBIN.NS
2022-09-26,504.7381591796875,510.0336013540301,495.16923410145364,507.0607165629026,16158750,SBIN.NS
2022-09-27,498.4207763671875,511.7987285538855,495.3550121961274,505.89939922928977,11066799,SBIN.NS
2022-09-28,487.59765625,501.48656022664454,483.4170531154082,495.0763361087725,12233485,SBIN.NS
2022-09-29,484.7176818847656,497.67756224749945,482.67382023242186,491.45309768479353,17310168,SBIN.NS
2022-09-30,492.9394836425781,498.79237274765114,479.51514930962094,486.80795573628114,17466950,SBIN.NS
2022-10-03,482.8596496582031,493.91504478951293,481.6983710394965,490.1524567024575,9351162,SBIN.NS
2022-10-04,494.8905029296875,497.7704511963268,490.3382681050698,495.16919845499825,8745887,SBIN.NS
2022-10-06,499.16400146484375,503.3446045871675,496.6556282508377,496.6556282508377,9507322,SBIN.NS
2022-10-07,492.5679016113281,497.58459072692034,489.1769456983304,497.49171112781846,11065307,SBIN.NS
2022-10-10,493.07891845703125,496.0053633580189,485.13578377256994,488.3873640167519,9649292,SBIN.NS
2022-10-11,489.9666748046875,495.81950743142164,488.20150870474237,493.07887867753,10825440,SBIN.NS
2022-10-12,495.91241455078125,497.02725337559986,488.66604724404766,492.38213885807085,8522604,SBIN.NS
2022-10-13,484.4389953613281,495.912405324953,483.27771675355,495.16919835658643,12972765,SBIN.NS
2022-10-14,489.7809143066406,496.8879059063708,488.66607541754723,492.56798317784336,8545479,SBIN.NS
2022-10-17,505.0633239746094,506.0387866822973,486.99381716787735,489.03767889540234,13485349,SBIN.NS
2022-10-18,522.5289306640625,523.5043933483238,507.94326009440294,508.26839542147115,20440781,SBIN.NS
2022-10-19,514.1212768554688,523.4579453205156,512.4025505311012,523.039873690099,9540583,SBIN.NS
2022-10-20,515.9793090820312,517.2799070388827,506.596144356835,512.8206087382911,11225588,SBIN.NS
2022-10-21,521.04248046875,525.6411552498403,517.6980206478074,517.6980206478074,11767639,SBIN.NS
2022-10-24,530.007568359375,531.8656141730801,525.7340856690766,526.7559881853911,3692065,SBIN.NS
2022-10-25,537.4862060546875,544.5932541668578,527.6850254611185,531.8656286557928,19899324,SBIN.NS
2022-10-27,538.5081176757812,543.478367241986,536.6035754708655,542.5029045901114,13613533,SBIN.NS
2022-10-28,530.2398071289062,541.2952020481209,526.7559713396231,538.7868289392258,10043644,SBIN.NS
2022-10-31,533.0733032226562,536.4642593269455,528.0566138240613,534.1417021878584,9894639,SBIN.NS
2022-11-01,535.9533081054688,544.1751376967455,533.8165101750305,535.4423001724173,12069579,SBIN.NS
2022-11-02,533.1197509765625,537.8578016328036,529.4501560045153,535.0242932214652,10241440,SBIN.NS
2022-11-03,543.3855590820312,546.2190678064255,527.6850481717524,528.6140711438858,17557998,SBIN.NS
2022-11-04,551.7931518554688,554.5802205002109,539.2049031506616,544.4074086062908,25759031,SBIN.NS
2022-11-07,570.5594482421875,578.5025828570365,564.5672390755263,569.4910492043815,44265903,SBIN.NS
2022-11-09,571.8600463867188,576.9232326353217,567.2149317922315,576.9232326353217,18939854,SBIN.NS
2022-11-10,562.755615234375,571.4419565687384,559.4575953177317,569.5839107900034,11618405,SBIN.NS
2022-11-11,558.6215209960938,575.57619082005,556.0202679253599,573.4394492513424,15525267,SBIN.NS
2022-11-14,550.4924926757812,561.0833761211366,549.656406110973,561.0833761211366,12957268,SBIN.NS
2022-11-15,558.203369140625,559.3646477289204,550.5854269638519,552.1182806785682,10286417,SBIN.NS
2022-11-16,557.1814575195312,560.6652932272399,553.6976218118226,557.36727343122,11555749,SBIN.NS
2022-11-17,556.5311889648438,559.9685852334757,553.8370564214758,556.5776287719075,8167131,SBIN.NS
2022-11-18,559.9221801757812,562.755689019252,554.7661138043729,558.3428297161709,12933675,SBIN.NS
2022-11-21,555.6485595703125,559.3646510750879,553.0937466607794,559.3646510750879,7412419,SBIN.NS
2022-11-22,556.5775756835938,558.0640462892758,553.8370035945674,555.6950493243781,8048595,SBIN.NS
2022-11-23,564.5206909179688,566.3322398994152,558.3426670127318,558.8536181793718,12435924,SBIN.NS
2022-11-24,566.10009765625,567.911703703776,562.8020776073517,566.4717295081228,8960032,SBIN.NS
2022-11-25,564.2885131835938,570.1413459163525,563.2201142032641,567.2149011984452,9994513,SBIN.NS
2022-11-28,565.4033203125,567.5401183678248,559.5969271253315,562.6162515826591,7934274,SBIN.NS
2022-11-29,565.3568725585938,568.3761969734692,564.0097780174993,564.0097780174993,6942919,SBIN.NS
2022-11-30,559.6898803710938,568.0046470072868,555.9273488125881,565.3104578057068,15606230,SBIN.NS
2022-12-01,564.9387817382812,566.518131949988,558.8536933108481,564.7065260219437,14209313,SBIN.NS
2022-12-02,564.4277954101562,566.3322808251035,561.3620314857226,564.3813556103872,7533838,SBIN.NS
2022-12-05,573.4857788085938,574.1361061270183,564.4278062604734,565.3103892852598,11585602,SBIN.NS
2022-12-06,565.728515625,575.8083915750034,564.6601165911579,571.1168371932469,12996244,SBIN.NS
2022-12-07,563.9633178710938,569.39813564367,561.594320910099,567.4935934113071,7613892,SBIN.NS
2022-12-08,568.2368774414062,570.2342426474543,564.0562744063031,566.471711256473,10020015,SBIN.NS
2022-12-09,572.7426147460938,574.1361490885416,565.8678226421276,570.7916893478897,11202267,SBIN.NS
2022-12-12,569.5374755859375,574.7864776344798,567.6329899879643,571.1632656554611,9285187,SBIN.NS
2022-12-13,572.974853515625,573.5787410607065,569.0265063288533,569.955529196329,7455415,SBIN.NS
2022-12-14,581.1038208007812,582.2650994194879,573.6716376410591,574.6006605360243,14010673,SBIN.NS
2022-12-15,572.2316284179688,584.8663163337957,570.6987180540169,581.1502249817225,10622271,SBIN.NS
2022-12-16,560.52587890625,571.9064081089458,559.364600416179,568.5619487387619,9435071,SBIN.NS
2022-12-19,561.5479125976562,566.239466980178,560.2008180296101,561.1298409450822,8322012,SBIN.NS
2022-12-20,561.5479125976562,563.4523982337621,556.99567763062,560.2008180296101,6753785,SBIN.NS
2022-12-21,551.2821655273438,565.9142749810452,547.7518334395638,562.8949508080592,9217253,SBIN.NS
2022-12-22,551.2821655273438,556.484670651883,545.8473479941371,554.6266250069685,8740149,SBIN.NS
2022-12-23,533.2591552734375,548.7738493545831,530.9365979769505,548.1235219709549,13047046,SBIN.NS
2022-12-26,554.7195434570312,558.993082761458,530.1933732483348,533.2591374365397,13201587,SBIN.NS
2022-12-27,559.178955078125,560.2937372931399,551.189323417787,557.7854206062935,9638618,SBIN.NS
2022-12-28,558.3892211914062,563.9169189700275,556.0666638645115,558.2499017736284,7988631,SBIN.NS
2022-12-29,568.376220703125,574.1361742448994,554.7660687173757,557.413761402815,20130392,SBIN.NS
2022-12-30,570.141357421875,576.5051415202785,567.9581196143295,571.5813315569454,13052895,SBIN.NS
2023-01-02,568.7478637695312,575.2510244474183,567.8188408155474,571.3026768929869,6726084,SBIN.NS
2023-01-03,568.93359375,572.835444204816,566.70391631606,570.884518977408,6818062,SBIN.NS
2023-01-04,562.24462890625,571.302601512438,561.1297901679545,568.4225967132537,7011191,SBIN.NS
2023-01-05,562.1517944335938,568.1904439316046,559.2254060063962,563.9169608142379,8241475,SBIN.NS
2023-01-06,558.0176391601562,564.3349836708002,554.6266828234792,564.2885438654469,7972036,SBIN.NS
2023-01-09,564.5672607421875,565.7749792423224,557.506652266752,562.0588874246389,8878905,SBIN.NS
2023-01-10,552.9080200195312,565.7749649315789,548.6809203213877,565.2640136601837,10622660,SBIN.NS
2023-01-11,554.3479614257812,556.9492141378572,550.2137982871492,554.1157057067913,7419630,SBIN.NS
2023-01-12,552.67578125,555.4628501283095,548.2164256822556,555.4628501283095,8183715,SBIN.NS
2023-01-13,557.506591796875,560.1079011495518,551.5144397532472,555.462786881279,7877610,SBIN.NS
2023-01-16,560.2008056640625,563.0807539572319,557.9711280349228,560.2008056640625,5483191,SBIN.NS
2023-01-17,550.8640747070312,562.9878107767116,544.4537947743928,560.2007424065299,13461999,SBIN.NS
2023-01-18,549.4706420898438,554.766084312645,545.8938696651248,553.6048056104106,11538075,SBIN.NS
2023-01-19,547.984130859375,549.7492970376347,545.8473895456789,549.0525298677518,7475688,SBIN.NS
2023-01-20,550.1673583984375,554.2550250301911,548.8667036910736,551.6537723185195,6750607,SBIN.NS
2023-01-23,557.831787109375,559.0395054856419,550.8641156658481,556.0201811934469,6604469,SBIN.NS
2023-01-24,552.1646728515625,561.687156454172,550.9569545645247,560.6652540658442,7609623,SBIN.NS
2023-01-25,528.3353271484375,553.5582645072653,527.1276087360154,553.5582645072653,25686294,SBIN.NS
2023-01-27,501.6258850097656,528.195915087018,494.472397926489,527.6849638745811,40163464,SBIN.NS
2023-01-30,500.0000915527344,515.0037760285352,487.92279492925314,497.9562300143039,40797825,SBIN.NS
2023-01-31,514.2141723632812,517.4657524956598,499.67494137585163,506.3174777560764,21911943,SBIN.NS
2023-02-01,489.92022705078125,524.8979635888558,463.90761295897005,521.5535036702219,38218810,SBIN.NS
2023-02-02,490.6169738769531,494.84407346083447,466.8340101694445,483.2777269428903,39287056,SBIN.NS
2023-02-03,505.57427978515625,507.2000698803014,482.30226719240557,497.95628057015045,32317232,SBIN.NS
2023-02-06,506.6890869140625,519.1379591275065,498.46720063982644,519.1379591275065,25338586,SBIN.NS
2023-02-07,508.26837158203125,512.2632151446792,502.64779475723776,509.1045148167841,16195947,SBIN.NS
2023-02-08,510.7303161621094,515.1431747374072,506.7819690157902,510.9625718765987,15502847,SBIN.NS
2023-02-09,511.705810546875,512.8206493861524,504.27362722243805,512.8206493861524,15061047,SBIN.NS
2023-02-10,513.7960815429688,517.6979888967993,507.710993148678,507.710993148678,13824475,SBIN.NS
2023-02-13,499.34979248046875,517.3728588344746,495.44788508698696,514.678669831032,18488732,SBIN.NS
2023-02-14,502.4620361328125,505.94587216970376,493.0789270880096,501.6259495057949,18559909,SBIN.NS
2023-02-15,503.76263427734375,505.9923117714112,498.69944846589567,501.6723328903008,12796579,SBIN.NS
2023-02-16,501.7652893066406,508.03619442776284,500.27887521841456,508.03619442776284,12767016,SBIN.NS
2023-02-17,493.3111267089844,501.3471969345237,490.2918024871309,500.2787979901847,14192008,SBIN.NS
2023-02-20,487.8763732910156,496.0517630460272,485.0893047356897,494.2401571444544,12570032,SBIN.NS
2023-02-21,486.2970275878906,491.4066533197849,485.3215649251401,489.68792700631445,10223218,SBIN.NS
2023-02-22,479.700927734375,484.8570499338609,476.12421242954093,483.7886509710897,14763050,SBIN.NS
2023-02-23,484.02093505859375,486.8080037825396,475.0558696668738,480.25840362187853,15535085,SBIN.NS
2023-02-24,484.0673828125,490.05959200799634,480.86224238671736,486.9938277019231,12253035,SBIN.NS
2023-02-27,490.24542236328125,492.19634787828124,482.16291135259667,484.11383686759666,11048799,SBIN.NS
2023-02-28,485.69317626953125,490.94217850316005,484.06738614268016,489.8273396469931,15768010,SBIN.NS
2023-03-01,498.6065673828125,499.2568947085724,485.97182279236836,486.11119889897907,13510198,SBIN.NS
2023-03-02,495.865966796875,501.5794802430642,494.70468818610954,497.90982849243375,10376913,SBIN.NS
2023-03-03,521.36767578125,524.2476241616192,503.29816858644995,503.53042431722355,27656538,SBIN.NS
2023-03-06,521.8321533203125,527.5921064096759,519.3237802504061,524.80503782157,16162268,SBIN.NS
2023-03-08,524.7120971679688,525.3624245070854,516.954779009873,520.2527988045408,12637578,SBIN.NS
2023-03-09,519.2308959960938,525.5946798673979,518.3947527459267,524.6656570130145,8993423,SBIN.NS
2023-03-10,508.5006408691406,515.5612486426553,506.31745982451406,513.8425223260048,11522371,SBIN.NS
2023-03-13,492.3821105957031,513.8890122586054,490.9421365185342,508.17549904877285,14373729,SBIN.NS
2023-03-14,488.1086120605469,494.9833469032127,483.09186615388154,490.19891340448197,14750800,SBIN.NS
2023-03-15,480.8157653808594,494.24015692362525,478.957719678139,492.1962953100218,11282329,SBIN.NS
2023-03-16,487.27252197265625,491.77826045743336,477.79647683963054,481.60550483684807,20040008,SBIN.NS
2023-03-17,492.1962890625,493.8685188331115,483.18475617807985,491.12794681882934,18787379,SBIN.NS
2023-03-20,482.34869384765625,489.2234291835881,478.4467863850695,489.2234291835881,14275315,SBIN.NS
2023-03-21,484.8105773925781,486.29704805352003,479.7938877574261,484.94995350871756,29485180,SBIN.NS
2023-03-22,484.5318603515625,489.5950462693423,483.1847658665671,485.1357478906121,11619538,SBIN.NS
2023-03-23,476.3564758300781,484.020914495311,475.19519724443677,482.53450058691243,22097792,SBIN.NS
2023-03-24,469.481689453125,478.40031422764537,467.7165517590544,477.9822426165247,14416984,SBIN.NS
2023-03-27,473.9410095214844,477.65712933781117,465.9514072018612,471.0145931632608,15674218,SBIN.NS
2023-03-28,472.03656005859375,475.42748810904595,468.08821257551915,475.1487925684998,15833599,SBIN.NS
2023-03-29,479.8403015136719,481.2338357871869,470.36425711315877,472.87263014609675,24203789,SBIN.NS
2023-03-31,486.5757751464844,487.6441742313719,482.4880514425495,483.6958266526176,17356345,SBIN.NS
2023-04-03,489.36279296875,490.98858297861295,485.04281397560624,487.50474724319236,14210949,SBIN.NS
2023-04-05,485.8789367675781,490.15241907513473,482.20928527356034,489.5950280621676,13574801,SBIN.NS
2023-04-06,490.1989440917969,495.8195211611808,484.62480682568594,486.80798790702346,25125879,SBIN.NS
2023-04-10,488.9447326660156,492.75376051347615,487.17962320768146,491.6853615153094,17335453,SBIN.NS
2023-04-11,494.3330993652344,497.67761607710594,489.7344810288869,493.1718206534169,26414406,SBIN.NS
2023-04-12,490.7098693847656,496.09819044978934,488.6660078213281,495.35498352755394,21292441,SBIN.NS
2023-04-13,495.12274169921875,496.3304600695866,489.7344204831548,491.73178559870985,28597560,SBIN.NS
2023-04-17,505.388427734375,506.31745057947495,490.52406221277573,490.52406221277573,32476990,SBIN.NS
2023-04-18,507.10711669921875,509.56905001405534,502.1368669691831,506.6426052589142,22283456,SBIN.NS
2023-04-19,501.9510803222656,508.6400567933102,500.0465946465739,505.3884765215721,21156372,SBIN.NS
2023-04-20,506.1316833496094,506.73557093822814,498.56018045565,502.7872234668011,25588577,SBIN.NS
2023-04-21,504.5988464355469,507.61817107367915,501.39370586368636,506.31751624064356,22599418,SBIN.NS
2023-04-24,515.236083984375,516.1186670908221,504.9239523489952,505.2026478818052,23335611,SBIN.NS
2023-04-25,521.9249877929688,527.5920607872357,515.6076442134857,515.6076442134857,38142390,SBIN.NS
2023-04-26,526.152099609375,526.7559871788986,516.9548068709435,522.1108726535115,23143882,SBIN.NS
2023-04-27,524.6657104492188,527.1276439453,521.2747540041349,524.8979661864694,17845169,SBIN.NS
2023-04-28,537.25390625,539.251328071495,525.3624250345678,527.4991662626207,16183423,SBIN.NS
2023-05-02,534.4668579101562,539.6229236151588,532.4694927161221,538.8332768389454,13667511,SBIN.NS
2023-05-03,530.007568359375,534.1881714402115,528.6140339990961,530.1469444766262,9699527,SBIN.NS
2023-05-04,538.833251953125,539.57645889107,528.149489198882,529.7288393814246,12533761,SBIN.NS
2023-05-05,535.5816650390625,546.4976833637962,534.2345705860378,539.0190608734192,18163461,SBIN.NS
2023-05-08,542.1776733398438,545.8937644708997,536.3712809475688,536.6500331448386,12990869,SBIN.NS
2023-05-09,532.7946166992188,544.8254742233607,531.4939619981551,543.4783797193426,18959065,SBIN.NS
2023-05-10,531.5869140625,534.188166838668,523.2721477771822,534.188166838668,18561315,SBIN.NS
2023-05-11,532.7481689453125,538.8332573209989,531.4010744613989,531.5868903735,16016715,SBIN.NS
2023-05-12,537.1145629882812,539.5299996252273,530.9829783895638,533.9094229370257,11319335,SBIN.NS
2023-05-15,540.5985107421875,542.5494363766999,533.8630939378535,537.6720655873545,11410243,SBIN.NS
2023-05-16,544.6860961914062,548.495123972205,540.6913091994442,542.5493549355248,22178229,SBIN.NS
2023-05-17,544.6860961914062,548.5880035777866,538.3687520293435,544.4074006716053,23739774,SBIN.NS
2023-05-18,533.4448852539062,551.7466451422207,530.843632841543,548.4021291522823,45656620,SBIN.NS
2023-05-19,534.3275146484375,544.6396455981572,529.450144687857,537.9042299383079,42293962,SBIN.NS
2023-05-22,536.1856079101562,539.1119961242575,532.7482117209831,536.5107432551475,21484049,SBIN.NS
2023-05-23,540.3197021484375,542.2706842826218,535.8604035179653,537.8113856521496,16120548,SBIN.NS
2023-05-24,541.3416748046875,543.7106719449978,537.2075114091327,538.647485615748,17616658,SBIN.NS
2023-05-25,539.9945068359375,541.5274171494668,536.046159904234,540.6912739415322,16479436,SBIN.NS
2023-05-26,544.4074096679688,546.0331997139054,539.3442236128685,539.9945509718547,9788076,SBIN.NS
2023-05-29,552.7686157226562,554.0692704408735,546.3118953412509,548.1235013048188,18432231,SBIN.NS
2023-05-30,550.7247314453125,553.2331044686529,549.5170130868315,552.7685930459252,15031640,SBIN.NS
2023-05-31,549.162109375,553.8501481082919,546.936503435379,552.9030719118671,28797643,SBIN.NS
2023-06-01,551.9086303710938,555.3654814653645,550.251247096706,551.0088964611522,17820226,SBIN.NS
2023-06-02,556.1231079101562,557.7331488713374,552.1453766545729,553.7554176157541,11323908,SBIN.NS
2023-06-05,556.1231079101562,558.5854826943589,554.9866050078555,557.3542953022576,12920507,SBIN.NS
2023-06-06,554.3710327148438,557.7331994819402,552.1454267581223,556.8808077766311,11199940,SBIN.NS
2023-06-07,558.0172729492188,559.3431448615423,554.9866177418588,556.8807700208413,11113781,SBIN.NS
2023-06-08,557.3543090820312,562.5158856124281,555.3180722565269,558.7275810477244,15971917,SBIN.NS
2023-06-09,548.072998046875,557.9225556560352,546.2261879311128,556.8807949778836,18870272,SBIN.NS
2023-06-12,548.0256958007812,550.7248399943379,547.12596180128,549.3042256177404,8786066,SBIN.NS
2023-06-13,545.8947143554688,550.6300950913596,543.8584775170594,548.783285043374,12612098,SBIN.NS
2023-06-14,546.0367431640625,547.9308954655977,544.8055557290528,546.462938992896,8948696,SBIN.NS
2023-06-15,536.5186157226562,546.1788035949786,535.3347705864633,545.5158387577229,17934877,SBIN.NS
2023-06-16,541.0172119140625,544.284635958382,537.039480808149,538.6495217087493,12660226,SBIN.NS
2023-06-19,538.7442626953125,542.4378829249408,535.950434203992,541.0172686527673,17903691,SBIN.NS
2023-06-20,537.3710327148438,539.3125272688809,532.7776786865753,538.7442468937137,14549152,SBIN.NS
2023-06-21,536.3765869140625,539.3599000892115,535.7136798128688,537.3710631757417,14946871,SBIN.NS
2023-06-22,533.1565551757812,538.8863545906687,531.3570872845204,536.3765795536382,14979063,SBIN.NS
2023-06-23,525.2484130859375,532.3514842571589,524.4907637219954,532.256799763519,12215712,SBIN.NS
2023-06-26,527.5687866210938,528.9420586746129,525.1537538676326,526.5743681702502,8360264,SBIN.NS
2023-06-27,536.1397705078125,537.8918960196315,526.2428712590395,528.7052460586985,10694768,SBIN.NS
2023-06-28,539.6439819335938,543.6217133483505,538.4601367390198,541.9643300759469,18028934,SBIN.NS
2023-06-30,542.5325317382812,543.6216923972897,540.0228147054731,543.6216923972897,8718232,SBIN.NS
2023-07-03,554.4657592773438,555.3180931535118,543.5270409961187,544.0952635802307,15421985,SBIN.NS
2023-07-04,558.0646362304688,564.4100581652275,551.4351030041416,557.0702178075081,24799250,SBIN.NS
2023-07-05,559.3431396484375,562.279110336461,557.0701916178066,558.5854903048938,13598114,SBIN.NS
2023-07-06,561.1426391601562,562.0897153443927,557.9225570117748,559.1538022952366,11323509,SBIN.NS
2023-07-07,562.184326171875,563.9837938080983,554.5130332067869,558.774875477377,11707209,SBIN.NS
2023-07-10,561.2373046875,568.0562645445196,559.0116988517439,563.1788570435173,11417363,SBIN.NS
2023-07-11,557.4016723632812,564.4100591944411,556.2651693899928,563.5103252653819,13221177,SBIN.NS
2023-07-12,558.0646362304688,563.0367861502142,557.0702178075081,557.8278671866714,16029716,SBIN.NS
2023-07-13,554.6551513671875,566.3515182969978,552.4768300528634,563.4156054545575,20024503,SBIN.NS
2023-07-14,553.4712524414062,560.0060423345998,549.9670595859606,555.6968579794273,12190152,SBIN.NS
2023-07-17,569.2874755859375,570.9448589210546,553.2819226326304,555.933724407829,19378986,SBIN.NS
2023-07-18,561.0005493164062,572.0813521283934,557.5910982073067,571.1342759530944,25757209,SBIN.NS
2023-07-19,569.6190185546875,570.5187525475399,560.6691364872713,563.1789116560258,17556585,SBIN.NS
2023-07-20,577.7637939453125,578.4741010580569,567.0618450076182,569.5716199279582,34038351,SBIN.NS
2023-07-21,582.5465087890625,586.7136669141413,576.7693674749186,577.7164436119874,21040281,SBIN.NS
2023-07-24,584.9616088867188,588.9866825360349,581.7888690919402,582.4991762065254,11756364,SBIN.NS
2023-07-25,577.3375854492188,588.8919257906668,572.2234090326344,588.8919257906668,18503305,SBIN.NS
2023-07-26,582.5939331054688,583.7303782733334,576.9114760463759,579.610620027468,9999125,SBIN.NS
2023-07-27,583.9197998046875,588.3710693551636,580.6523754641814,583.7777730624562,17444742,SBIN.NS
2023-07-28,583.4462280273438,587.0925057464485,581.1258799888113,583.7777393499562,11930586,SBIN.NS
2023-07-31,587.3766479492188,588.1342973187537,581.9783022582515,584.0145391310097,8605483,SBIN.NS
2023-08-01,579.4685668945312,587.9922529452766,578.2847216097055,587.3766880801346,13493453,SBIN.NS
2023-08-02,566.7777099609375,578.189965532909,562.6578941967817,577.5743429390312,14977497,SBIN.NS
2023-08-03,559.2484130859375,569.0506271789328,554.0394947591421,567.0144483341467,27774877,SBIN.NS
2023-08-04,542.958740234375,567.0144973448427,541.1593302489086,563.3208772718776,52725616,SBIN.NS
2023-08-07,537.8445434570312,546.4629128954522,536.6606983251087,546.4629128954522,32736325,SBIN.NS
2023-08-08,542.7693481445312,543.8585088986088,538.3654784890065,540.7805112426742,25038671,SBIN.NS
2023-08-09,543.3849487304688,544.5687939346745,538.270714326323,544.5687939346745,15769111,SBIN.NS
2023-08-10,543.2902221679688,547.0311264796395,539.9280558044107,543.3849066549969,27325801,SBIN.NS
2023-08-11,543.7637939453125,548.3570901449302,541.7275571034544,544.9949813777413,18221179,SBIN.NS
2023-08-14,531.1203002929688,542.6746410348028,529.0367211747788,542.6272987876729,28084093,SBIN.NS
2023-08-16,535.4295043945312,536.4239806444865,524.6802126897423,529.2261668704698,15725767,SBIN.NS
2023-08-17,541.86962890625,542.8167050327628,534.1509353531953,535.8083185745926,27910162,SBIN.NS
2023-08-18,542.6273193359375,544.805583030874,537.3710579967587,539.8334329901751,18253227,SBIN.NS
2023-08-21,541.4434204101562,545.0896402898765,540.543686550049,542.6272655405768,9380810,SBIN.NS
2023-08-22,538.4127197265625,544.0478336312132,537.4656437024172,542.2010238231434,14073413,SBIN.NS
2023-08-23,546.3682250976562,547.3626434414606,536.0450724878411,540.7804529868503,18579297,SBIN.NS
2023-08-24,546.4155883789062,551.198311306055,545.0896586661597,547.5520913034119,24131644,SBIN.NS
2023-08-25,539.7860717773438,544.8529061378787,537.1816123237163,543.4322918904455,12271885,SBIN.NS
2023-08-28,542.5325317382812,544.3793417316292,539.0757385863141,542.485189493311,9711932,SBIN.NS
2023-08-29,544.4266357421875,545.7999075542886,541.5854076364338,543.290190743833,13144855,SBIN.NS
2023-08-30,537.3710327148438,547.1259055366658,536.1397874711188,546.1788293829949,15281416,SBIN.NS
2023-08-31,531.64111328125,540.1174554217484,529.7943612425105,539.1703793793449,27898476,SBIN.NS
2023-09-01,539.4072265625,540.9699253809107,532.3514974630689,532.9197778538285,18121168,SBIN.NS
2023-09-04,545.0897216796875,545.8473711152972,538.3655034568502,541.7276125682689,12108655,SBIN.NS
2023-09-05,542.6746215820312,547.6467712562122,541.11192284817,545.1369963939355,14444729,SBIN.NS
2023-09-06,540.3069458007812,543.8584813779117,537.9392554160275,543.8584813779117,20609936,SBIN.NS
2023-09-07,548.4044799804688,550.2512901918436,537.9392991892722,537.9392991892722,12390597,SBIN.NS
2023-09-08,552.5715942382812,557.3543172604112,549.0200586567578,550.2512460973644,14032068,SBIN.NS
2023-09-11,560.385009765625,560.9532323744613,554.3710410982075,555.9337399799246,10946134,SBIN.NS
2023-09-12,557.2122802734375,562.8000531872625,553.7081444445414,562.2318305676972,16093060,SBIN.NS
2023-09-13,564.883544921875,566.3515012990373,552.5715557632003,557.2595939653754,19377172,SBIN.NS
2023-09-14,565.6885375976562,571.7498477020777,563.6997009285159,566.7776982242895,13178911,SBIN.NS
2023-09-15,567.1091918945312,568.9086597168509,563.6997408474365,567.6300722204844,11756389,SBIN.NS
2023-09-18,571.9866333007812,576.2011335888857,565.4517849614788,567.1091681687718,19305055,SBIN.NS
2023-09-20,569.2874755859375,574.6858214384503,567.6774923043499,569.0507065380637,21314600,SBIN.NS
2023-09-21,557.0228881835938,574.4963977678915,553.7081214953073,568.2457179919575,23453425,SBIN.NS
2023-09-22,566.49365234375,570.1398725930069,560.1008879915859,562.0897248902817,18784139,SBIN.NS
2023-09-25,562.6105346679688,569.6662630363052,559.2010838964593,569.6662630363052,9712784,SBIN.NS
2023-09-26,562.9420166015625,563.5102390988484,559.9587039784775,562.5631630667496,8327427,SBIN.NS
2023-09-27,558.5381469726562,562.8473317978076,557.0701905339704,562.0423402102848,9865347,SBIN.NS
2023-09-28,558.7276000976562,563.6997500083563,557.6857816238776,559.9587875621745,21960816,SBIN.NS
2023-09-29,566.8724365234375,568.2457085467473,560.006134211831,561.4740907312548,12189735,SBIN.NS
2023-10-03,571.03955078125,572.8863607525196,558.3960500586644,565.0255828135226,15322196,SBIN.NS
2023-10-04,555.223388671875,568.6718814595422,553.5186631759601,568.2456856343284,24914612,SBIN.NS
2023-10-05,560.8111572265625,562.8946784824502,556.0283764943421,558.7749204115613,13248028,SBIN.NS
2023-10-06,562.7999877929688,567.2512571455039,560.8584932959413,561.9949962079626,8216780,SBIN.NS
2023-10-09,554.13427734375,557.8278977513484,550.7721682985978,556.8808215242663,9189597,SBIN.NS
2023-10-10,560.337646484375,563.5103285736951,554.7498738857847,555.9337191138808,10373508,SBIN.NS
2023-10-11,557.2122802734375,565.4045128360046,556.5019730965079,565.3098283343924,14220119,SBIN.NS
2023-10-12,555.033935546875,561.6161259874797,554.0395172051866,559.5325470113615,11983797,SBIN.NS
2023-10-13,545.657958984375,550.5353665815301,544.3793714706986,547.1732577358337,19064577,SBIN.NS
2023-10-16,545.1843872070312,548.1203000333988,541.2539982187257,545.5158407243849,11290293,SBIN.NS
2023-10-17,545.9420166015625,549.2567828738186,544.8528559901324,547.1258616987968,10765224,SBIN.NS
2023-10-18,542.3432006835938,548.593880385168,539.2178030278637,547.173266107088,11777454,SBIN.NS
2023-10-19,540.9699096679688,543.6217113329951,536.9921782679586,539.6439799329851,11441499,SBIN.NS
2023-10-20,533.298583984375,539.8334328727063,532.3515077863527,539.7387483748817,11110988,SBIN.NS
2023-10-23,523.685791015625,536.0451237387181,521.8389808834517,533.2985796647226,11875035,SBIN.NS
2023-10-25,526.7637939453125,531.1203213428745,524.3013611426065,529.0367421421059,12134624,SBIN.NS
2023-10-26,518.0506591796875,523.6384316419934,514.4517813350399,522.2651596499072,19424825,SBIN.NS
2023-10-27,531.4517822265625,532.7303118530344,520.8918604785226,520.8918604785226,10415296,SBIN.NS
2023-10-30,535.2874755859375,536.7080898747511,527.0479011498302,533.2038964013556,8593704,SBIN.NS
2023-10-31,535.6189575195312,539.3599202393359,533.3460092199277,536.9922296324908,13039696,SBIN.NS
2023-11-01,536.4240112304688,539.5020090435913,534.0089205485228,536.2819266709613,13575575,SBIN.NS
2023-11-02,541.822265625,544.9950055470891,537.5604227664763,540.875189434217,11148516,SBIN.NS
2023-11-03,547.5520629882812,548.830592584147,543.1007938170342,545.5158262786344,11371371,SBIN.NS
2023-11-06,543.9531860351562,551.6718800975543,542.911425349224,551.1983420030499,16499138,SBIN.NS
2023-11-07,549.0673828125,550.4406547530965,542.2957654048678,544.3793444383654,17923281,SBIN.NS
2023-11-08,549.5882568359375,551.766520334941,548.3570694499737,551.1036132997641,15434808,SBIN.NS
2023-11-09,547.7415161132812,551.0562829280533,545.9894482045944,550.2512912521584,12434363,SBIN.NS
2023-11-10,548.8306274414062,550.2512416625661,544.9476383588791,547.2205864297704,6773038,SBIN.NS
2023-11-13,550.5826416015625,551.6718021870819,544.7581585446942,550.2511881041967,11282362,SBIN.NS
2023-11-15,553.7554321289062,556.8807718384401,551.7665375465191,556.1704647315032,11397676,SBIN.NS
2023-11-16,553.7080688476562,556.8807506828024,552.0506856611003,553.7554110919988,8622660,SBIN.NS
2023-11-17,533.251220703125,544.0952543037619,532.3514867895021,544.0952543037619,37173221,SBIN.NS
2023-11-20,533.9141845703125,536.8027552939175,530.9308715478544,534.1509536100332,12714585,SBIN.NS
2023-11-21,531.7832641601562,536.6607295090693,531.3097260798711,536.045106882722,14280013,SBIN.NS
2023-11-22,529.3682250976562,534.6244861641455,525.7693472920832,533.1565296940364,14909071,SBIN.NS
2023-11-23,530.3153076171875,533.6774164258742,528.7526088304325,532.0200331450485,6376210,SBIN.NS
2023-11-24,530.694091796875,532.6829863733514,529.6523311651066,532.2094483034675,6529851,SBIN.NS
2023-11-28,534.5770874023438,535.2873944390716,531.404347955332,533.7720380777581,8153314,SBIN.NS
2023-11-29,538.5075073242188,538.8863609283957,535.1927406049756,537.9392847228976,10299034,SBIN.NS
2023-11-30,534.8612670898438,540.0228437781268,533.8195064246602,539.5966479405728,19758998,SBIN.NS
2023-12-01,541.49072265625,543.8110705014656,536.565915716492,536.9921114929493,10614230,SBIN.NS
2023-12-04,563.2262573242188,564.457444887985,553.6134102666476,556.8808348894886,26077882,SBIN.NS
2023-12-05,576.05908203125,578.9476527969288,563.5576649909151,563.5576649909151,36430152,SBIN.NS
2023-12-06,576.2484741210938,581.5047350018984,572.554854148129,581.5047350018984,21439069,SBIN.NS
2023-12-07,579.3265380859375,580.131529754782,572.9811158208171,577.7164969433031,10725706,SBIN.NS
2023-12-08,581.6468505859375,584.1565677433689,573.3125340795355,577.7164613742833,17722136,SBIN.NS
2023-12-11,581.7415771484375,587.0925809963234,580.6524163565841,582.4518843244429,11706255,SBIN.NS
2023-12-12,579.9894409179688,585.2457018402724,578.4740844380203,584.3459679623248,14494836,SBIN.NS
2023-12-13,587.045166015625,587.6607886744899,579.2791873326978,581.9309891613761,13977914,SBIN.NS
2023-12-14,590.64404296875,594.5270319230541,589.4601978235428,592.8696487197641,15813797,SBIN.NS
2023-12-15,613.9420776367188,615.5994608004121,587.0450934582335,594.763786742552,29813572,SBIN.NS
2023-12-18,614.1788940429688,620.9505117561671,608.4017525486585,612.4268262567273,16221796,SBIN.NS
2023-12-19,620.7136840820312,624.6913573620863,606.3654583913279,614.1788360277644,19964008,SBIN.NS
2023-12-20,602.7666015625,625.4490859501609,600.398911288317,623.8390450027288,22542056,SBIN.NS
2023-12-21,609.6802978515625,614.6051056049055,594.2903097504551,598.6942371598262,19915516,SBIN.NS
2023-12-22,603.0507202148438,615.0312562708087,601.5354215427969,610.6273291849556,14998068,SBIN.NS
2023-12-26,604.2819213867188,607.3599188509928,602.0089733268344,605.0395707400135,10153089,SBIN.NS
2023-12-27,614.2262573242188,615.0786490253292,605.1816911844077,606.8390745327218,14417646,SBIN.NS
2023-12-28,616.9254150390625,618.7248250055344,612.2847188738049,615.8362543661124,16982092,SBIN.NS
2023-12-29,608.0702514648438,615.2206650823382,605.7025610083924,611.3376758557351,13221898,SBIN.NS
2024-01-01,607.4072875976562,612.6636066637731,604.2346055026524,608.2123370371694,8295548,SBIN.NS
2024-01-02,605.6077880859375,613.7052767036797,600.3041275549203,607.4071978871389,15164482,SBIN.NS
2024-01-03,609.3961181640625,613.7053027877732,602.1509629952877,605.5130715344494,14571772,SBIN.NS
2024-01-04,608.733154296875,612.1900051328654,604.8501654661197,608.4963852753671,13883388,SBIN.NS
2024-01-05,607.9755249023438,617.2568592884629,603.9977936497388,610.8640954983638,15984585,SBIN.NS
2024-01-08,593.8167114257812,610.8640811317845,591.9699014799768,606.1287006578947,14739531,SBIN.NS
2024-01-09,592.3014526367188,600.777738011181,591.4490609721083,598.5521321607245,13400235,SBIN.NS
2024-01-10,588.8446044921875,592.2067133106882,585.4824956736869,591.73317522907,12742464,SBIN.NS
2024-01-11,587.3766479492188,593.9588388441286,585.7666069108683,592.8696781345247,15533860,SBIN.NS
2024-01-12,600.0673828125,602.8139265740106,588.2289317800174,590.786048764021,16620797,SBIN.NS
2024-01-15,606.223388671875,611.337622735401,602.4350842707261,605.0869435954805,16844018,SBIN.NS
2024-01-16,603.1928100585938,610.7694190953231,599.9253858505162,606.1287229383505,15025543,SBIN.NS
2024-01-17,592.86962890625,603.0980390580222,590.0284006527056,590.9754767372204,30016308,SBIN.NS
2024-01-18,595.0479125976562,599.9253777209321,586.2874585176507,592.6802223057629,14695436,SBIN.NS
2024-01-19,594.527099609375,601.8669403452932,591.6385286871963,599.4992497853196,11675202,SBIN.NS
2024-01-23,573.0758056640625,601.2987236611575,568.8613626697149,593.8167982958976,30954343,SBIN.NS
2024-01-24,585.5771484375,589.4127951297775,571.1815799753688,577.6690860249656,19221835,SBIN.NS
2024-01-25,580.3208618164062,590.7860408275468,574.1648673622134,585.7665492181922,22684904,SBIN.NS
2024-01-29,589.9810791015625,596.1844161117133,583.0200349532757,586.240116875537,19572140,SBIN.NS
2024-01-30,593.5799560546875,599.9727198414752,591.1649235184444,592.3487686641458,16966577,SBIN.NS
2024-01-31,606.602294921875,609.1594121757427,589.0813855447404,593.248543869928,23270745,SBIN.NS
2024-02-01,613.3739013671875,618.3933934805597,599.7359814695897,608.7332050368398,26587707,SBIN.NS
2024-02-02,615.2680053710938,625.5911000755175,612.4741193428779,617.4936110619957,27471811,SBIN.NS
2024-02-05,608.922607421875,620.1454364049642,604.9448761274464,612.8529386660016,28339525,SBIN.NS
2024-02-06,615.8362426757812,620.3348542139742,603.9504490148065,610.343212779607,14079390,SBIN.NS
2024-02-07,639.51318359375,642.0703008129436,620.3348911572103,620.3822334047071,41696232,SBIN.NS
2024-02-08,662.5271606445312,680.853120253775,642.5912176991574,644.3906856459379,74222434,SBIN.NS
2024-02-09,686.8670043945312,689.8029174512828,657.4603003588977,666.4101818840758,43235061,SBIN.NS
2024-02-12,670.4352416992188,687.5772971988666,667.215159609644,687.5772971988666,22873137,SBIN.NS
2024-02-13,675.6915283203125,680.0007134812453,664.9895787916939,671.0508318054963,23351472,SBIN.NS
2024-02-14,704.0564575195312,708.8865229305478,668.2095893122887,668.2095893122887,36782182,SBIN.NS
2024-02-15,721.387939453125,723.5662031109259,702.3990735633622,708.1288729039719,33941282,SBIN.NS
2024-02-16,714.7583618164062,733.6051419871368,713.4797743669861,723.0452778952919,27365121,SBIN.NS
2024-02-19,719.0675659179688,724.5132537731262,710.3071115422806,718.5466855971592,13979584,SBIN.NS
2024-02-20,719.87255859375,723.092640626177,714.095417199918,718.878140197099,12528399,SBIN.NS
2024-02-21,730.6692504882812,736.3517073942173,719.3990211695317,720.3934973720231,21465311,SBIN.NS
2024-02-22,725.3656005859375,732.0898177041953,716.9366002614177,732.0898177041953,18799244,SBIN.NS
2024-02-23,718.8781127929688,729.7221458595922,715.0424660921377,725.3656188570327,14143636,SBIN.NS
2024-02-26,718.7361450195312,725.7918164039028,712.8642610698683,715.0425247498395,11355186,SBIN.NS
2024-02-27,710.1650390625,722.0034911226533,702.9199410846512,718.7361245980043,13969393,SBIN.NS
2024-02-28,703.2040405273438,716.6998756485756,701.7834263040562,710.1650270994766,11263318,SBIN.NS
2024-02-29,708.5076904296875,714.0007786982383,698.1372521616919,704.5300165868673,19217113,SBIN.NS
2024-03-01,728.443603515625,731.1427472715305,712.1538830776034,712.2012253214909,17348526,SBIN.NS
2024-03-04,731.1901245117188,735.8781629797205,728.3015538370722,733.415788130336,9789141,SBIN.NS
2024-03-05,742.4603881835938,745.3016167439201,728.3962721270127,728.7751257237001,18088847,SBIN.NS
2024-03-06,742.4130249023438,748.4742776430227,731.9951871429561,742.1762558623576,26710525,SBIN.NS
2024-03-07,746.3433837890625,751.410276114466,741.5606605660682,748.190193930005,15497868,SBIN.NS
2024-03-11,732.7528076171875,750.8419384368862,729.7694947090195,748.1901368545919,16778340,SBIN.NS
2024-03-12,719.4937744140625,736.5884876385131,717.2681107424115,729.2486473566764,21529705,SBIN.NS
2024-03-13,707.70263671875,723.2820505868954,703.6775631743476,718.4993277010051,27950252,SBIN.NS
2024-03-14,701.8307495117188,711.0647417125944,695.2012166495516,710.2124078847078,19730882,SBIN.NS
2024-03-15,693.1651000976562,707.0397318687048,684.7360987203383,700.1260871078978,29792241,SBIN.NS
2024-03-18,692.2653198242188,698.8475105936745,683.8836612570906,688.6190419826069,18145126,SBIN.NS
2024-03-19,685.4937133789062,695.4853553107556,682.983996236656,691.3655971347375,15205043,SBIN.NS
2024-03-20,697.2848510742188,699.8419683708956,681.7054360495005,686.7723283939229,25405455,SBIN.NS
2024-03-21,704.90869140625,710.8752589513945,701.3571562240289,702.7304280554747,15161161,SBIN.NS
2024-03-22,707.1817626953125,709.170599460014,702.1622707327812,704.4825610232863,15535921,SBIN.NS
2024-03-26,700.8836669921875,708.2708491244837,699.4157105756636,703.7248953357582,14678342,SBIN.NS
2024-03-27,694.4909057617188,706.3766994815164,691.5549929179226,703.6775556672179,30088789,SBIN.NS
2024-03-28,712.53271484375,719.3516746513696,697.9004346418056,698.7054262433901,21705116,SBIN.NS
2024-04-01,718.1678466796875,721.1985019784711,712.2959628767208,718.8781538057333,9949971,SBIN.NS
2024-04-02,725.8391723632812,728.064778156646,713.4797825681824,718.0731365019557,15713063,SBIN.NS
2024-04-03,730.2430419921875,731.7109984397689,719.9199468084377,724.4185584476019,19136981,SBIN.NS
2024-04-04,719.1149291992188,734.2681480220336,717.9784262265191,733.9840367300943,15889530,SBIN.NS
2024-04-05,724.2764892578125,727.0703754749767,712.7694908570097,717.8363829672766,9939620,SBIN.NS
2024-04-08,727.6386108398438,729.2486518920224,721.4826157264696,725.507689454445,9797174,SBIN.NS
2024-04-09,723.7556762695312,731.569055272208,720.8197052340425,727.7807503012132,7465892,SBIN.NS
2024-04-10,737.8196411132812,739.3823398361972,723.2347035208019,725.933847345905,14530669,SBIN.NS
2024-04-12,725.744384765625,738.2458005175444,724.3237706530191,736.1148793486354,14408722,SBIN.NS
2024-04-15,717.41015625,722.9031861494083,709.1232402537129,719.5884197508934,11356572,SBIN.NS
2024-04-16,711.9171752929688,714.9478306266623,705.003530747474,711.4909794514435,13338991,SBIN.NS
2024-04-18,705.38232421875,719.7305514049899,702.7305224873335,712.2486264937273,14589648,SBIN.NS
2024-04-19,710.7332763671875,712.2012327726861,693.3070528688593,695.6274008930026,10886554,SBIN.NS
2024-04-22,725.5549926757812,728.3015365467629,710.7332860753157,714.2374792815871,17452186,SBIN.NS
2024-04-23,732.08984375,736.5411130931677,725.0341150661952,729.580068899774,12292429,SBIN.NS
2024-04-24,732.1845092773438,737.2987433357519,729.438023272222,737.2987433357519,7842615,SBIN.NS
2024-04-25,769.6887817382812,771.2988227188599,728.9171659384565,729.8642420676275,36732974,SBIN.NS
2024-04-26,758.89208984375,773.6665121242601,756.6191418193988,772.7194359962122,14964358,SBIN.NS
2024-04-29,782.7584228515625,787.2570344771462,756.4297179512396,764.2904382833768,27302732,SBIN.NS
2024-04-30,782.5216674804688,790.666499233327,776.5077570611428,782.7584365175279,27449073,SBIN.NS
2024-05-02,786.1205444335938,789.7668222833302,781.3378214511536,783.1372892528356,19943724,SBIN.NS
2024-05-03,787.4464721679688,791.9450838558431,776.6024387488413,790.619154131125,22667634,SBIN.NS
2024-05-06,765.048095703125,791.755654460013,760.5021417839598,790.8085783183144,35283557,SBIN.NS
2024-05-07,759.4603881835938,771.5356091020818,751.2208141135195,769.0258341813609,16725013,SBIN.NS
2024-05-08,767.8893432617188,778.4966078740321,757.1873941548523,760.1233071452959,27908322,SBIN.NS
2024-05-09,776.4130249023438,795.2125213733023,761.0230372925254,768.9311579165353,49290254,SBIN.NS
2024-05-10,774.0926513671875,788.0146820325868,772.4352681404719,783.2319591393382,20543142,SBIN.NS
2024-05-13,765.9951782226562,776.4603581145727,756.33498993591,776.4603581145727,15398505,SBIN.NS
2024-05-14,774.897705078125,778.875436405395,765.1428324503737,769.9728976160259,10912462,SBIN.NS
2024-05-15,776.8865966796875,781.6219776881031,774.7556752259004,777.5495615818545,9755062,SBIN.NS
2024-05-16,768.978515625,782.4270089369695,755.1511687191949,781.6219595013043,20536990,SBIN.NS
2024-05-17,774.5662231445312,778.9228082130512,768.2682012918576,771.3935410944193,12492509,SBIN.NS
2024-05-21,786.6888427734375,792.0397884444491,776.2236048637419,777.5495346221023,14037801,SBIN.NS
2024-05-22,788.422119140625,796.0295133266376,783.414724155801,795.9331822307055,19239277,SBIN.NS
2024-05-23,801.277587890625,804.5516696610887,791.5517324493296,794.1517316465437,17497488,SBIN.NS
2024-05-24,797.9072265625,810.0886726083256,796.3665167870256,799.2553916967729,12252075,SBIN.NS
2024-05-27,802.818359375,808.3072335281287,792.5146936444445,801.7590699633794,12295193,SBIN.NS
2024-05-28,800.3628540039062,809.5590944673188,792.8035957117308,804.7443027300019,13818893,SBIN.NS
2024-05-29,792.1776733398438,803.5405695871641,788.9517277526038,797.7146835951445,14518232,SBIN.NS
2024-05-30,795.2590942382812,805.0331445629747,788.9517290829909,790.9739767920537,17818705,SBIN.NS
2024-05-31,799.5924072265625,804.0701868667423,786.8332096505334,799.9294778988177,22267336,SBIN.NS
2024-06-03,872.1032104492188,878.2179721623354,825.0145259321062,831.5626306363492,64269020,SBIN.NS
2024-06-04,746.4852905273438,863.7736004371982,704.8373437950039,863.7736004371982,122381193,SBIN.NS
2024-06-05,760.4962768554688,765.5518076607758,716.4890731382206,761.4592351040986,74256082,SBIN.NS
2024-06-06,786.6887817382812,802.4812623286783,766.5147939369629,770.3666270723245,40555649,SBIN.NS
2024-06-07,799.207275390625,800.699849042878,780.4777241722821,789.5295559574165,25061284,SBIN.NS
2024-06-10,800.9887084960938,814.1331129043821,798.4850404060916,803.2516957835098,16725508,SBIN.NS
2024-06-11,804.5997924804688,808.4997618244676,798.3405635563713,805.0331354685376,14754408,SBIN.NS
2024-06-12,808.018310546875,814.2294035252687,802.144288248299,805.9961215652175,15071442,SBIN.NS
2024-06-13,812.6405639648438,814.5664806385139,805.1294419180801,813.6997946256373,12523972,SBIN.NS
2024-06-14,808.1145629882812,818.4182278630158,804.1663989581385,813.6997089993326,12903496,SBIN.NS
2024-06-18,813.6034545898438,819.958955574296,809.1256751864971,810.3775091653368,14929083,SBIN.NS
2024-06-19,821.0182495117188,828.7219161598205,809.8479563816961,815.4331029467074,32925140,SBIN.NS
2024-06-20,812.4960327148438,821.4996689454273,811.1478676397271,821.4033966290509,13985352,SBIN.NS
2024-06-21,805.322021484375,816.6367816070117,797.9072307555297,813.6034982004232,18990090,SBIN.NS
2024-06-24,801.8554077148438,805.0331584274583,790.6369197366024,800.699845971808,12715254,SBIN.NS
2024-06-25,811.0516357421875,814.5182621448073,803.3961054308986,805.996104620019,20917530,SBIN.NS
2024-06-26,814.0367431640625,817.3589609223837,805.0331069252793,808.7404727237647,16281760,SBIN.NS
2024-06-27,812.7367553710938,816.0108369000839,807.199745485568,812.6404830567203,20378887,SBIN.NS
2024-06-28,817.5034790039062,831.9959899913704,812.736823556385,815.5294261991826,23636388,SBIN.NS
2024-07-01,810.7627563476562,818.9960380974777,808.8368397383734,817.888612537416,10967797,SBIN.NS
2024-07-02,795.5480346679688,814.9516094316318,792.6591597257975,812.7368170641629,21142840,SBIN.NS
2024-07-03,808.8368530273438,812.5923552125606,794.440614381567,798.292447663417,23598009,SBIN.NS
2024-07-04,808.2108764648438,813.6034781228886,803.3960850421123,811.7738338725269,13372587,SBIN.NS
2024-07-05,827.9033813476562,829.3478187678616,805.996080474543,806.9590387546798,24873722,SBIN.NS
2024-07-08,824.5330810546875,832.9589665545163,821.8849456118841,827.903435254619,10359800,SBIN.NS
2024-07-09,829.39599609375,837.7256091400944,824.2923287105681,828.0478896992312,13585081,SBIN.NS
2024-07-10,817.5515747070312,828.3848552906051,812.2553041995063,828.2403880397673,17343236,SBIN.NS
2024-07-11,824.9664306640625,826.5071405152041,818.273858372934,822.7516382126789,8501366,SBIN.NS
2024-07-12,827.8552856445312,831.0330363694129,823.6182454951478,824.9664106629458,11446064,SBIN.NS
2024-07-15,848.7033081054688,854.4810581363205,827.8552953420664,827.8552953420664,25392820,SBIN.NS
2024-07-16,848.0773315429688,855.2031872360685,841.9143753130872,849.6180412132858,11893692,SBIN.NS
2024-07-18,860.4513549804688,861.7513839164689,844.9958864196212,848.0292284959793,19435183,SBIN.NS
2024-07-19,856.406982421875,865.6995539804449,850.5810961772029,861.8477205923227,14562742,SBIN.NS
2024-07-22,844.3218383789062,861.8476914572568,835.8478169663675,848.7996180509505,14614111,SBIN.NS
2024-07-23,831.899658203125,851.7365747034543,817.6478290405348,850.2921373240815,18279212,SBIN.NS
2024-07-24,820.4404296875,835.8477617004108,815.8182418384882,832.188532102206,19624845,SBIN.NS
2024-07-25,817.0701293945312,819.2367856009398,810.04054545749,816.1071710805719,9522375,SBIN.NS
2024-07-26,830.5033569335938,832.2366700338795,812.7367654134732,813.362711787555,12081506,SBIN.NS
2024-07-29,839.3143920898438,856.1661615632173,831.2255780072089,833.9699855260068,26582781,SBIN.NS
2024-07-30,840.469970703125,847.9328973347123,836.8107410128214,842.2996149354311,13528447,SBIN.NS
2024-07-31,840.0848388671875,842.5403707610664,835.8477988655185,841.4810813734941,11636874,SBIN.NS
2024-08-01,830.696044921875,848.7515140014297,827.6145664441017,845.2848286735671,11787203,SBIN.NS
2024-08-02,816.4441528320312,826.5070785961769,814.8071707781978,824.9663688604599,12609331,SBIN.NS
2024-08-05,781.5851440429688,800.555375930074,770.3666561037335,799.2554057076235,27676951,SBIN.NS
2024-08-06,768.15185546875,795.9331791962649,766.1778026885571,792.1776770526977,17900930,SBIN.NS
2024-08-07,778.6962280273438,780.6702807246692,770.8962307809461,779.0332399118962,17692355,SBIN.NS
2024-08-08,778.1184692382812,787.507312985182,773.06293798995,781.9221664085547,14769069,SBIN.NS
2024-08-09,793.7665405273438,799.2072786074854,779.5629051443975,785.7739981345145,15320885,SBIN.NS
2024-08-12,782.4998779296875,792.5146675912324,781.1517715969126,790.2035442003192,16120449,SBIN.NS
2024-08-13,768.0073852539062,789.6258109801142,765.5999894887229,783.3665819906377,17585172,SBIN.NS
2024-08-14,773.2554931640625,779.1777100523152,770.7518251641638,771.2814404594144,11788665,SBIN.NS
2024-08-16,782.0183715820312,784.7147017023967,773.255475013765,773.255475013765,11427335,SBIN.NS
2024-08-19,783.5591430664062,794.8257663935242,782.4998537223788,784.8109770417955,10151482,SBIN.NS
2024-08-20,789.9146728515625,792.5146719871843,783.2221009869668,787.6517443817361,10347493,SBIN.NS
2024-08-21,785.3406372070312,790.588771746324,781.1517920723019,789.9146891751129,14607257,SBIN.NS
2024-08-22,789.9146728515625,793.3813579571615,786.8331945713555,788.662838830503,7832917,SBIN.NS
2024-08-23,785.1480102539062,791.5517063269808,784.3295192254573,791.0702271868793,5537747,SBIN.NS
2024-08-26,784.859130859375,792.9480038850295,783.6554330147424,787.6998695275697,8523795,SBIN.NS
2024-08-27,785.677734375,789.0962247326166,781.0073511539267,787.5073199593448,12833290,SBIN.NS
2024-08-28,779.41845703125,786.9295198766698,776.625854503473,784.5702603306938,10371300,SBIN.NS
2024-08-29,784.3295288085938,785.7739662465469,777.0592054590912,779.5628735084862,18247268,SBIN.NS
2024-08-30,785.3887939453125,790.2999167148297,784.1850960274376,786.8814263829273,8911426,SBIN.NS
2024-09-02,791.6961669921875,794.8257813768107,782.9332114506573,787.0257841074723,11813750,SBIN.NS
2024-09-03,794.248046875,795.3554725033293,786.1592318819613,791.69624247498,10548350,SBIN.NS
2024-09-04,786.2554321289062,788.325815931437,783.5110245528155,785.2443376942574,10789570,SBIN.NS
2024-09-05,788.422119140625,791.6962009160937,784.2332739868236,788.0369123055189,8395074,SBIN.NS
2024-09-06,753.514892578125,782.7888492947188,748.2186217676717,781.4406841241514,40220096,SBIN.NS
2024-09-09,755.2000122070312,759.0037090727857,742.4408153160613,755.9222308989729,21322103,SBIN.NS
2024-09-10,753.6593017578125,759.5814597612606,748.7000432350214,758.8111049121503,12824701,SBIN.NS
2024-09-11,740.1297607421875,758.811176152104,737.0483410564517,751.1556455515445,20060665,SBIN.NS
2024-09-12,758.5703735351562,760.6407573153975,744.1259995547978,746.2926556518515,17578964,SBIN.NS
2024-09-13,761.5555419921875,765.5518424151477,756.0185318111974,761.7000092457633,12950936,SBIN.NS
2024-09-16,756.451904296875,765.5518722692779,755.344537482079,761.5555716904744,9553736,SBIN.NS
2024-09-17,753.9000854492188,758.3296701716079,751.637098153009,756.5000258703583,10665630,SBIN.NS
2024-09-18,763.3851928710938,765.3111094724715,753.0333911386886,754.7667043250664,18324412,SBIN.NS
2024-09-19,760.6889038085938,771.6665929182252,755.0074264560737,765.5999675189145,10645478,SBIN.NS
2024-09-20,752.7445068359375,765.4073730812867,750.625986843672,765.4073730812867,21372244,SBIN.NS
2024-09-23,772.1480712890625,775.1814133728537,755.4407686844768,756.8852061006995,17309545,SBIN.NS
2024-09-24,768.6814575195312,774.4592072785255,766.9962805064912,769.6444158126969,15180653,SBIN.NS
2024-09-25,763.72216796875,768.4406869245006,759.4851869144526,768.3444146087945,18465571,SBIN.NS
2024-09-26,772.1480712890625,773.2554968178902,762.277748944874,766.5147888755175,23198842,SBIN.NS
2024-09-27,772.9185180664062,778.0703215620741,768.8740813727312,772.1481043919451,15193681,SBIN.NS
2024-09-30,758.71484375,772.8702832866289,757.3185425049131,772.1962595176911,15484573,SBIN.NS
2024-10-01,767.4296264648438,770.7036494096986,758.811137952777,758.811137952777,13280535,SBIN.NS
2024-10-03,764.6851806640625,774.2184915699847,755.2482008550121,760.6408027275493,15944135,SBIN.NS
2024-10-04,767.1407470703125,779.8517495092212,756.1629990283715,762.6629675013947,20097454,SBIN.NS
2024-10-07,742.1038208007812,774.2184558775194,737.0482898388944,770.3666227637009,24267990,SBIN.NS
2024-10-08,752.5037841796875,755.3445229531092,743.6445559601656,743.6445559601656,8560960,SBIN.NS
2024-10-09,767.8629760742188,774.5554892758929,753.0815308248506,757.5593104537433,18758697,SBIN.NS
2024-10-10,767.5740356445312,774.6518143977434,765.5518467289336,769.4036799200226,10241015,SBIN.NS
2024-10-11,770.1258544921875,772.9665930626187,763.6258863548668,767.6703227285054,14322720,SBIN.NS
2024-10-14,775.325927734375,779.2740334022208,771.1370237082186,772.2925854662725,8967564,SBIN.NS
2024-10-15,774.8444213867188,777.5888290383062,771.9073515455158,775.6629124338771,6252104,SBIN.NS
2024-10-16,775.61474609375,779.0332361787332,772.3406644838936,773.0628831824524,6494240,SBIN.NS
2024-10-17,781.00732421875,789.1443336790275,776.1443965165297,779.5147505956958,18580553,SBIN.NS
2024-10-18,790.0110473632812,792.1295086964368,773.1592763766439,781.0554877623608,11704698,SBIN.NS
2024-10-21,783.7999267578125,795.8369056109815,779.0332713770955,794.1517285715379,10359618,SBIN.NS
2024-10-22,761.1222534179688,786.5924530851014,758.329650876446,783.8480454773676,16645356,SBIN.NS
2024-10-23,756.88525390625,763.2407554293255,750.9149004539081,760.7370872594624,13866198,SBIN.NS
2024-10-24,765.1184692382812,767.4777287162982,755.5852177848088,756.9333240763132,5607500,SBIN.NS
2024-10-25,752.0223388671875,771.0889025356221,743.4038498376525,768.4407670601641,9717125,SBIN.NS
2024-10-28,762.7111206054688,774.1703480481368,754.5259749390806,754.7667145175037,13757251,SBIN.NS
2024-10-29,801.8554077148438,803.925732845734,761.2185547092174,766.5148254883454,28274791,SBIN.NS
2024-10-30,791.9850463867188,802.1442444505282,790.6368812896834,797.3294530672716,15977682,SBIN.NS
2024-10-31,789.8184204101562,797.3294834998579,783.4147241162844,789.625816992613,13402324,SBIN.NS
2024-11-01,790.7813720703125,795.0183533490626,788.566579722976,791.9369337915391,1637141,SBIN.NS
2024-11-04,799.1109008789062,806.4775551912725,777.2036001259493,792.2257844782764,14498161,SBIN.NS
2024-11-05,817.7442016601562,819.8627216790217,795.6442968785319,799.1109232553587,26254561,SBIN.NS
2024-11-06,823.13671875,829.492278606691,814.8553011245552,817.7441759391488,15002433,SBIN.NS
2024-11-07,827.7589111328125,830.4552413269911,815.3367846280997,829.1070762299017,15283847,SBIN.NS
2024-11-08,811.9183349609375,831.5145133583849,803.2998462002181,827.7589523824207,26139105,SBIN.NS
2024-11-11,816.2515869140625,822.366348312754,810.8108492732305,814.662682286405,12621337,SBIN.NS
2024-11-12,796.07763671875,821.7886350304474,793.7665132938048,820.9219490525154,11350729,SBIN.NS
2024-11-13,778.6962280273438,800.9405405398265,774.8443949499054,792.8516675674828,13756706,SBIN.NS
2024-11-14,774.459228515625,787.6999054097373,771.3777501381329,778.6962686314655,9461484,SBIN.NS
2024-11-18,784.136962890625,786.4480864115857,769.6444516583641,780.9592121300385,9322451,SBIN.NS
2024-11-19,773.2554931640625,789.9146595309171,770.4628906628374,788.6628255309678,13677029,SBIN.NS
2024-11-21,751.8297119140625,768.9222221753172,733.3409003273077,768.9222221753172,29486577,SBIN.NS
2024-11-22,785.8221435546875,789.5777045997442,755.0074765981217,756.88525712065,20665405,SBIN.NS
2024-11-25,813.1701049804688,818.1293046973657,795.0665016573014,796.3664717835007,23434605,SBIN.NS
2024-11-26,808.3072509765625,815.3368350764866,804.5998261173272,812.7368358136894,8893744,SBIN.NS
2024-11-27,803.2034912109375,811.292364407334,801.2775746188726,807.4405312232043,8375108,SBIN.NS
2024-11-28,807.7775268554688,814.4700986330259,799.7368487551913,803.2034750413964,13505677,SBIN.NS
2024-11-29,807.8738403320312,812.7849039261208,800.7479257305017,809.9441653170932,10822949,SBIN.NS
2024-12-02,805.4183349609375,810.8108778597823,801.8553775432713,807.8738668385488,6651119,SBIN.NS
2024-12-03,822.3182373046875,824.8700414893754,805.8998103387524,806.9590409400479,12186182,SBIN.NS
2024-12-04,827.8552856445312,831.995994696608,818.8034538591721,822.3182752631592,10749716,SBIN.NS
2024-12-05,833.3922729492188,839.1700227524034,823.9070984244045,828.1441384564639,14716036,SBIN.NS
2024-12-06,831.658935546875,843.0218314074111,825.2552395250841,833.1996452731378,14520568,SBIN.NS
2024-12-09,826.266357421875,834.7403787055949,825.2071268017763,827.1811795615839,9630346,SBIN.NS
2024-12-10,835.3662719726562,836.7625731734661,826.2663048631648,829.8773982578593,7379849,SBIN.NS
2024-12-11,829.684814453125,837.6292201091063,829.0589268478445,835.3662917047014,7006973,SBIN.NS
2024-12-12,822.0775146484375,832.2848491458258,819.6219827317773,829.588577653526,8845103,SBIN.NS
2024-12-13,829.6366577148438,830.9366865999768,804.0701282655722,821.0181697348605,9379370,SBIN.NS
2024-12-16,829.0589599609375,834.3070944496669,826.025617806868,827.9515344064523,6432713,SBIN.NS
2024-12-17,819.044189453125,830.6478254844673,815.6738353243519,826.7478560331779,8791216,SBIN.NS
2024-12-18,807.103515625,820.4404644541135,805.9960900799213,819.4775061625006,8295338,SBIN.NS
2024-12-19,801.9515991210938,806.9589936527981,789.8183489792347,794.0553299104415,9453398,SBIN.NS
2024-12-20,781.9221801757812,805.0331805750654,779.9962634758409,803.9739498998235,10244198,SBIN.NS
2024-12-23,790.7332763671875,793.4776841679945,782.114787338898,787.025851437494,4933200,SBIN.NS
2024-12-24,781.9702758789062,795.5961593356999,779.2258682332135,793.7183788955526,10602771,SBIN.NS
2024-12-26,782.3555297851562,792.3702614447049,778.0703533367926,782.885145127243,8318714,SBIN.NS
2024-12-27,770.0296630859375,787.9888009322062,767.6704033888981,786.0628842447148,10649800,SBIN.NS
2024-12-30,759.1000366210938,778.0221912364731,755.9222859001974,772.292577441985,21515438,SBIN.NS
2024-12-31,765.503662109375,769.5962346158304,756.8851741350371,757.7999962148708,9086044,SBIN.NS
2025-01-01,763.8185424804688,769.0666770195652,760.2555849821816,766.0814709969738,7273098,SBIN.NS
2025-01-02,771.522216796875,772.6777785343264,757.848196914708,765.5518634653022,11398319,SBIN.NS
2025-01-03,764.0111083984375,779.5147129032193,762.8074105712243,771.5221710853858,13336514,SBIN.NS
2025-01-06,747.640869140625,768.0555386685415,744.5112545755807,767.8629940224499,11419367,SBIN.NS
2025-01-07,749.9037475585938,754.8148111917903,746.1481868219319,750.9629781385199,9669152,SBIN.NS
2025-01-08,742.5853271484375,754.911181809416,731.9445907621887,751.9741707073787,15641490,SBIN.NS
2025-01-09,732.2816772460938,742.7778878278531,699.3484904504,742.5853431803976,15351029,SBIN.NS
2025-01-10,715.71875,735.1223830791824,714.5631882955921,732.1853132713054,11779296,SBIN.NS
2025-01-13,702.4780883789062,716.3928477377098,695.7373801970662,714.0335881192036,10414733,SBIN.NS
2025-01-14,720.4373168945312,728.9594748276388,705.8003381418084,705.8003381418084,11960975,SBIN.NS
2025-01-15,725.7816772460938,730.7890721249498,722.2187198068513,725.252061939764,7792299,SBIN.NS
2025-01-16,737.9149169921875,747.929706597395,732.2334984141427,732.2334984141427,11816079,SBIN.NS
2025-01-17,735.7964477539062,739.5038726459838,731.2705905527847,737.9149678673344,5766573,SBIN.NS
2025-01-20,750.38525390625,755.9222641211501,739.4075057965499,740.5149313492541,9198929,SBIN.NS
2025-01-21,730.9334716796875,755.8259785163474,728.044596835733,755.7296474236301,13751780,SBIN.NS
2025-01-22,725.5408935546875,734.7371329395015,710.6631770764773,733.7741747049805,9908339,SBIN.NS
2025-01-23,718.2705688476562,727.6594116108213,715.5742387782767,722.2186740896237,10986405,SBIN.NS
2025-01-24,716.58544921875,725.7816893156935,711.6261904172143,722.1224594960153,10579213,SBIN.NS
2025-01-27,721.4483642578125,727.3705224901476,708.6410307266503,712.5891362148737,11433353,SBIN.NS
2025-01-28,724.5298461914062,731.6075661648166,717.7891381122306,728.9594308479976,14140860,SBIN.NS
2025-01-29,730.355712890625,732.6186413192878,722.0261003310969,725.1075785552505,9251973,SBIN.NS
2025-01-30,734.3519897460938,736.6631132188579,726.7927904600431,730.4520203133268,11085824,SBIN.NS
2025-01-31,744.2705078125,748.7482287285419,731.3668428360176,736.5668412651819,10083763,SBIN.NS
2025-02-01,737.6260375976562,749.9037555863902,724.2890890176571,746.1000586507049,9363077,SBIN.NS
2025-02-03,732.7631225585938,734.5445718854385,725.2520596511663,734.5445718854385,7862190,SBIN.NS
2025-02-04,750.3370971679688,752.3111498703669,737.2890243394788,738.5889944967314,12020807,SBIN.NS
2025-02-05,737.6741943359375,753.0333909836241,736.6630998752845,751.107474382643,13419162,SBIN.NS
2025-02-06,724.3853759765625,742.2963767183029,722.2668559769037,740.5149273858113,32745391,SBIN.NS
2025-02-07,709.8928833007812,731.75204885935,704.6447487163948,731.6557177630287,37240692,SBIN.NS
2025-02-10,709.5076293945312,716.3446682586824,706.2336065973515,712.5891075604651,12667049,SBIN.NS
2025-02-11,704.018798828125,712.7336185765542,699.6373502606822,710.1336193776868,13017060,SBIN.NS
2025-02-12,705.9928588867188,711.3372653768854,690.5855270091603,705.9928588867188,12697743,SBIN.NS
2025-02-13,700.6965942382812,710.1817094926294,699.2521568630419,707.1965624268578,12370571,SBIN.NS
2025-02-14,695.4003295898438,705.7521308643177,689.6707161993432,703.8743505061794,10417539,SBIN.NS
2025-02-17,700.7447509765625,701.7558454140641,685.1929512700127,692.4151383583221,9093600,SBIN.NS
2025-02-18,698.9151000976562,701.2743596122846,690.7780909672726,700.7447443190354,8562003,SBIN.NS
2025-02-19,700.3595581054688,707.6298814976512,695.3040270429543,695.3040270429543,6766606,SBIN.NS
2025-02-20,702.670654296875,704.4039674105562,696.5558340793757,698.0484664022894,7423268,SBIN.NS
2025-02-21,695.255859375,704.5965661934869,693.3299428670359,700.359526366243,6571602,SBIN.NS
2025-02-24,689.8633422851562,693.089229046088,684.1818648659195,684.1818648659195,6912148,SBIN.NS
2025-02-25,684.5670776367188,692.318880181649,683.7003916586949,692.318880181649,8599635,SBIN.NS
2025-02-27,677.8263549804688,691.1151674539011,675.1300247842662,689.4781266274379,12033139,SBIN.NS
2025-02-28,663.2857055664062,675.370821210472,657.3153519889653,674.9375369686069,15780609,SBIN.NS
2025-03-03,669.5448608398438,671.5671084335651,654.811611339565,664.5856611067829,10598479,SBIN.NS
2025-03-04,689.5262451171875,691.8373684334783,666.4633832092842,667.3300691464701,14386214,SBIN.NS
2025-03-05,703.2965698242188,704.2113919626877,690.4411000485206,690.970715357852,10409805,SBIN.NS
2025-03-06,704.93359375,709.4595093992308,700.0706662141035,708.7372906926826,10928847,SBIN.NS
2025-03-07,705.607666015625,707.6298548547695,701.0336142741386,704.9335834778076,7246729,SBIN.NS
2025-03-10,701.9003295898438,711.1447057760574,699.6854784765769,705.6076955415114,7400109,SBIN.NS
2025-03-11,702.8151245117188,706.8595613151393,695.930007610309,698.0485277239401,5538789,SBIN.NS
2025-03-12,696.2670288085938,709.7003096539208,692.4151953776362,703.5373526546633,5547762,SBIN.NS
2025-03-13,700.8892211914062,704.3559065637423,697.6633341842002,699.0114994024942,5908337,SBIN.NS
2025-03-17,696.36328125,704.1632195569075,695.5447314737941,701.9002911815586,5149563,SBIN.NS
2025-03-18,696.36328125,696.36328125,696.36328125,696.36328125,0,SBIN.NS
2025-03-19,717.5001831054688,721.5446195922909,711.7224334883822,712.2039126231394,7604850,SBIN.NS
2025-03-20,721.7853393554688,724.8186813309343,716.6335362646441,720.292765833536,6963197,SBIN.NS
2025-03-21,725.3001708984375,727.611235450561,719.3298179504133,722.1705565633118,9577327,SBIN.NS
2025-03-24,751.8778076171875,753.9481914133478,727.1297682523594,729.9223707530908,12095064,SBIN.NS
2025-03-25,744.2222900390625,756.8852150473521,740.7075275492936,754.8630261504609,15190143,SBIN.NS
2025-03-26,735.7001342773438,747.3037699282959,733.2446023903115,743.4038006048552,7711852,SBIN.NS
2025-03-27,743.6926879882812,747.063042059369,732.3297917320479,735.5075423870684,15648616,SBIN.NS
2025-03-28,742.9223022460938,749.7592824252198,738.5889900489357,743.5000536959915,7628185,SBIN.NS
2025-04-01,743.1149291992188,753.7556066211873,734.92978367858,738.3964100364205,7011125,SBIN.NS
2025-04-02,747.20751953125,748.2186140115384,735.9890316029483,743.6926981564776,5458436,SBIN.NS
2025-04-03,750.3370971679688,755.6333676630561,741.4297331535035,741.4778693122336,7956680,SBIN.NS
2025-04-04,739.0223388671875,753.9000559499343,736.6630793418844,750.2407674906192,8231194,SBIN.NS
2025-04-07,719.2335815429688,725.7816862623683,702.9595626780941,702.9595626780941,14923235,SBIN.NS
2025-04-08,740.1297607421875,745.3297593169144,730.0668930525142,731.8483424817248,12911288,SBIN.NS
2025-04-09,714.7077026367188,739.5038802710596,713.552140856178,738.5890580792018,11319387,SBIN.NS
2025-04-11,725.9260864257812,731.5594277102952,718.3668873275676,730.8853451496299,9360327,SBIN.NS
2025-04-15,735.2186279296875,742.1519391227857,729.0556715859763,741.4778565892068,7859090,SBIN.NS
2025-04-16,743.1630859375,746.0519609071307,732.3298048013849,735.2186797710156,12536694,SBIN.NS
2025-04-17,767.9110717773438,771.3295618258302,738.7334484219398,743.4037724463682,27034818,SBIN.NS
2025-04-21,786.4480590820312,793.8146548472636,771.7148087772562,773.2555185548143,16398507,SBIN.NS
2025-04-22,791.9369506835938,804.5516812424216,783.8480772367818,790.7332527762891,25117557,SBIN.NS
2025-04-23,783.3184204101562,800.2183263784495,780.0924749249118,795.4035350043313,12104382,SBIN.NS
2025-04-24,783.270263671875,788.6628063594819,781.1036076104479,782.644317299962,12713521,SBIN.NS
2025-04-25,769.066650390625,788.6628277912206,757.8481629690972,784.8109946884551,13131038,SBIN.NS
2025-04-28,787.0739135742188,792.322047867904,767.8629432267787,769.0666410567842,11317611,SBIN.NS
2025-04-29,782.4517211914062,798.2923962986351,779.0332311285836,789.6257719721119,11283059,SBIN.NS
2025-04-30,759.4370727539062,781.4406459920804,755.4407723731201,781.4406459920804,25635764,SBIN.NS
2025-05-02,767.1889038085938,773.6407362949234,759.7741130041347,761.0740832238849,14720184,SBIN.NS
2025-05-05,760.737060546875,769.4036852872824,753.0333941109573,753.0333941109573,23986447,SBIN.NS
2025-05-06,745.426025390625,769.5481787593242,742.5371503787388,764.5407836505257,18869468,SBIN.NS
2025-05-07,747.3519287109375,753.418613146944,736.229771868778,736.9519906088443,15586266,SBIN.NS
2025-05-08,740.514892578125,757.3666619150783,735.7001013389954,750.1444750563841,14491673,SBIN.NS
2025-05-09,750.38525390625,752.7445134918086,727.5149943229668,728.4779526212103,13578216,SBIN.NS
2025-05-12,771.95556640625,774.12222264216,763.6259533673605,769.4037033297868,15096824,SBIN.NS
2025-05-13,772.0518188476562,777.7332963407931,767.6703703271746,769.018476685771,13909596,SBIN.NS
2025-05-14,771.0407104492188,777.5888150314639,766.8036704860727,775.9036380329437,9281719,SBIN.NS
2025-05-15,777.8295288085938,779.4665695934455,765.0703319571993,774.6517783287684,17058854,SBIN.NS
2025-05-16,778.0751342773438,789.7644580739088,776.9946347468432,789.7644580739088,14733924,SBIN.NS
2025-05-19,780.9237670898438,787.2104729702169,778.0750903727592,778.0750903727592,10666184,SBIN.NS
2025-05-20,771.7393798828125,785.2459236919375,769.9220998339915,784.0180560729261,11324667,SBIN.NS
2025-05-21,773.1636352539062,776.9946060925355,765.3052827270537,773.0654298291093,8206040,SBIN.NS
2025-05-22,771.346435546875,774.2442151084329,766.4840678018166,774.0477442991881,7355826,SBIN.NS
2025-05-23,776.5034790039062,780.874699700136,772.2796264031289,773.9495383488706,5534158,SBIN.NS
2025-05-26,780.33447265625,783.4286631605596,775.2265312430146,777.9769427872259,4965466,SBIN.NS
2025-05-27,779.6468505859375,787.1613645883718,776.0614530866071,780.3344684569088,11995043,SBIN.NS
2025-05-28,782.4463500976562,784.7547771957036,778.6154390963333,780.4326591919574,6873519,SBIN.NS
2025-05-29,783.232177734375,786.2282227070898,777.3384131262393,784.8529869834019,14034127,SBIN.NS
2025-05-30,797.91748046875,800.0785394661832,778.5662748283969,783.8706869171444,22037314,SBIN.NS
2025-06-02,799.2435913085938,807.9859725290632,794.8723707211232,798.4577080916993,26891575,SBIN.NS
2025-06-03,795.4617309570312,803.9094959854718,790.8940994751483,801.7484370268255,14247597,SBIN.NS
2025-06-04,792.2201538085938,802.5342413659282,790.9922862422444,802.5342413659282,9607927,SBIN.NS
2025-06-05,791.72900390625,797.3280919793597,788.6347536685006,794.3812098308251,13595507,SBIN.NS
2025-06-06,798.6541748046875,801.9939985959651,788.88033690073,792.3675287830383,17163935,SBIN.NS
2025-06-09,805.5302734375,809.9014942207324,801.2573180380161,802.9272300169949,12793040,SBIN.NS
2025-06-10,802.5833740234375,807.4948444720902,800.1767415127031,806.4634476687678,6560513,SBIN.NS
2025-06-11,800.6187744140625,806.0704945433416,798.6541862626485,802.5342598525855,7197825,SBIN.NS
2025-06-12,791.679931640625,802.0431222706184,787.0140347260071,801.5519752269744,13448521,SBIN.NS
2025-06-13,778.3206787109375,782.2007522600275,772.3287088939938,772.3287088939938,11377117,SBIN.NS
2025-06-16,778.4680786132812,781.3167555010375,772.2305350251097,778.4680786132812,8085001,SBIN.NS
2025-06-17,778.2716064453125,784.7056208342702,776.5525917636725,779.9415184126576,7753156,SBIN.NS
2025-06-18,777.8787231445312,781.4149579289822,774.3915311197982,778.4680756237817,5710169,SBIN.NS
2025-06-19,771.1990356445312,779.2047561439027,767.8592718430074,778.320667516001,11824333,SBIN.NS
2025-06-20,782.053466796875,785.2950253156704,772.181363190149,773.5565989033221,11367669,SBIN.NS
2025-06-23,776.2088012695312,780.874698193188,774.5388893270122,776.0123304607985,5549253,SBIN.NS
2025-06-24,781.3167114257812,792.3675194893278,779.5976968381185,784.8529460243278,11402190,SBIN.NS
2025-06-25,785.8843383789062,789.567941046098,782.0042649119035,785.3440886452789,6528324,SBIN.NS
2025-06-26,782.9375,789.1259408358321,777.3875743106198,787.7998677833231,24704402,SBIN.NS
2025-06-27,791.1396484375,795.1179273319369,788.4383398116579,790.7467068374075,19375990,SBIN.NS
2025-06-30,805.824951171875,806.4634663267615,792.7604514670988,794.6759369772839,19652607,SBIN.NS
2025-07-01,805.7758178710938,810.2944065895595,798.8506566320394,805.4811416394373,11456405,SBIN.NS
2025-07-02,798.5068969726562,809.4594402026391,794.6759260051804,806.4634551919074,6661200,SBIN.NS
2025-07-03,792.8095092773438,800.0785092795976,791.5325389943724,799.0962152227779,7020403,SBIN.NS
2025-07-04,797.4754028320312,799.4399909377498,789.8626239223718,794.4303152499558,4319538,SBIN.NS
2025-07-07,792.56396484375,798.2613185459272,790.8941128494637,796.8369801203829,4461783,SBIN.NS
2025-07-08,798.2612915039062,799.1453201848503,791.0904969053553,793.5953947208753,5935770,SBIN.NS
2025-07-09,796.5913696289062,798.0648106998194,794.675884245825,795.6581782931005,4099112,SBIN.NS
2025-07-10,793.693603515625,801.0608089938022,792.613104027281,796.9351619351286,12178137,SBIN.NS
2025-07-11,794.3321533203125,798.1630643635436,790.3047115103832,793.2515938303184,6202372,SBIN.NS
2025-07-14,794.528564453125,801.0608442463658,793.6936384439774,795.4617558456557,6938635,SBIN.NS
2025-07-15,801.9940185546875,806.4634446553665,796.1493567517351,796.6405037947652,9297645,SBIN.NS
2025-07-16,816.9739990234375,819.4297342255312,800.8643521159136,801.5519699633943,16458920,SBIN.NS
2025-07-17,814.32177734375,827.5827471798666,811.7186740978348,823.5553655077234,23073718,SBIN.NS
2025-07-18,808.7717895507812,817.9071722636787,805.7267019494631,817.2686571434967,15387801,SBIN.NS
2025-07-21,809.6068115234375,812.7010019745913,803.4674733809013,808.4280466091758,8852594,SBIN.NS
2025-07-22,800.5697021484375,813.3886283330482,799.5874080353719,812.848378561757,7851163,SBIN.NS
2025-07-23,806.1196899414062,810.5891161764496,797.1316748019602,798.113968917551,15470390,SBIN.NS
2025-07-24,801.25732421875,807.3966624575928,796.29675091266,805.4811769361788,10118309,SBIN.NS
2025-07-25,792.269287109375,804.6953313423805,791.2378903047143,800.569684169264,6734439,SBIN.NS
2025-07-28,783.0357666015625,794.6268250025805,781.906104403612,792.269295178368,7734158,SBIN.NS
2025-07-29,785.0494384765625,785.8352617474154,779.057408633055,782.1025562450097,7833759,SBIN.NS
2025-07-30,787.4560546875,789.1750692870572,782.1025400865564,784.8038487430033,8743723,SBIN.NS
2025-07-31,782.4463500976562,789.5679822929258,778.5171737140591,781.0220116677076,11359112,SBIN.NS
2025-08-01,779.9415283203125,786.8175871342196,777.9769400877676,781.6114403088707,15468391,SBIN.NS
2025-08-04,781.6113891601562,783.0848302381428,772.62337460265,780.4326243068729,8820724,SBIN.NS
2025-08-05,786.4246215820312,789.8135481709712,782.2007690014489,783.8706809392065,7381537,SBIN.NS
2025-08-06,790.8941040039062,795.8546771264834,784.8529714185823,786.7684568691343,7409396,SBIN.NS
2025-08-07,790.8941040039062,792.3675451267196,779.3521485418682,786.915765008732,7091392,SBIN.NS
2025-08-08,790.0591430664062,793.4971724617818,776.0123492419096,790.7467609363763,15708181,SBIN.NS
2025-08-11,808.8700561523438,810.392599955305,793.6936009259229,793.6936009259229,15236297,SBIN.NS
2025-08-12,806.0704956054688,810.8837605645641,805.481143141057,810.3435108131079,7986728,SBIN.NS
2025-08-13,807.29833984375,810.3434873670307,806.1196349490305,808.0842230461906,4447508,SBIN.NS
2025-08-14,811.9151611328125,813.3394995419872,804.5970582342032,807.4457350525524,7087573,SBIN.NS
2025-08-18,812.9957275390625,823.1624473883827,810.5399923141568,821.1978592084581,6138124,SBIN.NS
2025-08-19,815.697021484375,816.2863739458684,811.1784327798614,812.8483446933888,5076681,SBIN.NS
2025-08-20,814.272705078125,817.1704846600775,812.7501612160911,814.0271315534591,4493888,SBIN.NS
2025-08-21,811.0802612304688,818.4965697939625,809.4594519619582,814.272717098252,4402511,SBIN.NS
2025-08-22,801.7975463867188,811.3749137095616,801.2572966311966,809.4103255407733,5097647,SBIN.NS
2025-08-25,801.9940185546875,805.9722976123364,799.7838568610522,802.9763126407477,5672898,SBIN.NS
2025-08-26,793.5462646484375,801.404617447895,792.4657651203016,800.4223233479629,6997817,SBIN.NS
2025-08-28,787.750732421875,796.6404816628535,786.4737621363677,792.9568789424643,7898436,SBIN.NS
2025-08-29,788.291015625,792.4166628378574,784.3618392231308,786.5228982350536,6861440,SBIN.NS
2025-09-01,791.7781372070312,793.9882989038185,788.4383732823478,788.8803576581267,5619805,SBIN.NS
2025-09-02,789.666259765625,796.1493769160325,788.4383921269514,792.0237296591938,5075460,SBIN.NS
2025-09-03,797.7701416015625,798.8997437933355,788.7821270069304,790.0590972888992,4261589,SBIN.NS
2025-09-04,795.06884765625,802.2886851199853,793.6936119705517,800.2258915459101,4471950,SBIN.NS
2025-09-05,792.318359375,798.1139182710025,789.4206398814698,797.1316242177459,5194842,SBIN.NS
2025-09-08,794.4794311523438,799.4400042107487,792.5148430140074,793.6936078879036,4614227,SBIN.NS
2025-09-09,794.528564453125,797.966593827573,791.3361086054234,797.6228148719179,4567272,SBIN.NS
2025-09-10,803.7130126953125,809.9996587129843,796.0511310104619,797.622777526262,7285853,SBIN.NS
2025-09-11,809.0665283203125,811.0802191569468,804.4988369492515,804.5970423736838,7425055,SBIN.NS
2025-09-12,808.96826171875,811.1784233553801,805.2846589910332,809.5085114612542,5078018,SBIN.NS
2025-09-15,810.1470336914062,813.1430186120108,806.561636356512,808.9682688172991,3852494,SBIN.NS
2025-09-16,816.82666015625,818.2509986153229,807.1019843806856,810.4908511172532,9467531,SBIN.NS
2025-09-17,841.973388671875,842.9556827448961,816.2863746805828,819.5279331306582,17243938,SBIN.NS
2025-09-18,839.222900390625,845.5587090248177,836.0304447176452,843.4468127830675,10400847,SBIN.NS
2025-09-19,847.081298828125,849.1441524246292,834.262372728141,836.9145788068039,15206426,SBIN.NS
2025-09-22,840.1069946289062,852.8277146939828,838.8791270541783,846.7374795324375,6594034,SBIN.NS
2025-09-23,855.1851806640625,858.7705779481222,836.1287119616596,839.4684757773939,14357863,SBIN.NS
2025-09-24,850.8631591796875,864.9099527819579,849.1441445091953,860.4896293435494,12840160,SBIN.NS
2025-09-25,845.902587890625,854.7432347874252,844.7238229801568,851.2069400560208,8678821,SBIN.NS
2025-09-26,841.7769165039062,849.0458566598143,837.8968429308584,846.7374895737396,6959545,SBIN.NS
2025-09-29,855.3325805664062,858.0338893192718,840.8437427101278,842.8574336077328,22641712,SBIN.NS
2025-09-30,857.0025024414062,862.0612811008727,852.2383400675699,854.5467671830805,12831593,SBIN.NS
2025-10-01,848.80029296875,860.9316608640574,847.5233226519999,856.8551164386336,10832384,SBIN.NS
2025-10-03,851.9436645507812,857.5427529354124,848.5056351862063,849.8317681995126,8019442,SBIN.NS
2025-10-06,858.5741577148438,859.8020253564342,847.5233489405293,852.6312903204407,7820352,SBIN.NS
2025-10-07,849.3897094726562,861.4719147583033,847.7197975329713,858.67240059065,9242580,SBIN.NS
2025-10-08,843.0538940429688,852.434790514772,842.0715999631051,851.4524964349083,7156112,SBIN.NS
2025-10-09,846.835693359375,850.4701934075276,842.906517081258,846.3445463246103,7020501,SBIN.NS
2025-10-10,865.0573120117188,868.1023997007326,846.0498854486992,846.8357087276893,13713015,SBIN.NS
2025-10-13,867.3165893554688,872.3753680081057,860.4896333556451,863.4365156616575,11923143,SBIN.NS
2025-10-14,861.4227905273438,868.4953197717444,856.6586283491738,867.3656576175208,7681973,SBIN.NS
2025-10-15,870.4107666015625,871.7860023052981,861.5210171041608,862.552413904726,8269225,SBIN.NS
2025-10-16,871.2457275390625,876.0589324550273,866.8254042739779,872.5718005367993,8493686,SBIN.NS
2025-10-17,873.4067993164062,878.9076221454748,867.3656667834078,871.7859901135612,8511854,SBIN.NS
2025-10-20,891.431884765625,897.4730173879747,875.273135028841,878.7602670499772,13546463,SBIN.NS
2025-10-21,891.775634765625,893.8875909678319,890.3513563479894,891.9230028558147,1783576,SBIN.NS
2025-10-23,895.41015625,901.7459650541837,888.7796712128369,895.8522005767054,13382769,SBIN.NS
2025-10-24,888.4849853515625,897.9149844315482,884.9978533977383,894.8207940870866,5313227,SBIN.NS
2025-10-27,906.411865234375,911.5689091709564,889.9584393414725,890.8916307113675,9150761,SBIN.NS
2025-10-28,913.779052734375,919.2798755091706,901.4512742261386,910.6848024520077,22066289,SBIN.NS
2025-10-29,923.11083984375,925.3701041834124,913.7790463044942,917.3644435934705,12314222,SBIN.NS
2025-10-30,917.8064575195312,928.1697081157838,916.5294871954993,922.8161933430813,13044473,SBIN.NS
2025-10-31,920.4095458984375,929.9378103922294,913.7790609093079,918.3467523280527,12078252,SBIN.NS
2025-11-03,932.8847045898438,936.5192046955284,920.9007047609928,922.1285723673408,11744735,SBIN.NS
2025-11-04,940.644775390625,942.314687296863,924.8298648800413,934.1616585246089,19154518,SBIN.NS
2025-11-06,943.739013671875,954.2004693430785,938.3854990793552,952.4814547462262,23088096,SBIN.NS
2025-11-07,938.92578125,947.7664280534589,927.2856202739019,941.7744580906816,13371323,SBIN.NS
2025-11-10,934.3090209960938,946.1456524515773,932.2952702055394,939.0731232147145,7343249,SBIN.NS
2025-11-11,936.4209594726562,938.041768729716,928.3170330963064,936.7156357136287,8648917,SBIN.NS
2025-11-12,940.2028198242188,944.5248778824666,934.5546287610688,940.7430695871906,7043323,SBIN.NS
2025-11-13,937.1085815429688,946.8824199346525,935.586037662384,937.3541550706268,8894441,SBIN.NS
2025-11-14,950.7133178710938,951.8920827784771,935.1439804142634,936.0771717973782,11032927,SBIN.NS
2025-11-17,956.1159057617188,958.7190090200476,951.3518035204058,953.8075386869531,7415026,SBIN.NS
2025-11-18,955.2318725585938,959.4066223219879,951.6955779628004,958.3260628811324,6594686,SBIN.NS
2025-11-19,965.3494873046875,967.0193991973044,951.6464731790688,955.2318704792619,8291226,SBIN.NS
2025-11-20,964.1707153320312,969.131288306733,962.0096564254319,968.5419358569656,6440857,SBIN.NS
2025-11-21,955.3792114257812,963.2375641743527,953.8566675716402,962.3535354628224,5377241,SBIN.NS
2025-11-24,953.4146118164062,960.3889357698928,950.9097738987026,958.2769795122267,9901946,SBIN.NS
2025-11-25,966.1844482421875,971.4397576251993,954.1513455736803,958.276992765206,9140201,SBIN.NS
2025-11-26,966.4791870117188,981.3118039098479,964.760172340205,969.1313331127609,13943490,SBIN.NS
2025-11-27,955.624755859375,971.0467846498851,951.7447422714566,969.2295646138847,11909168,SBIN.NS
2025-11-28,961.6658935546875,965.5950698307025,955.8212318532206,959.5048346119848,8117842,SBIN.NS
2025-12-01,955.870361328125,973.6499204475664,952.6779055144807,968.0017293926574,8808306,SBIN.NS
2025-12-02,950.1730346679688,963.0902255716678,947.8155648906452,958.7190050026365,13444314,SBIN.NS
2025-12-03,934.2107543945312,955.3300766986022,930.7727251822406,953.2672831530164,14051968,SBIN.NS
2025-12-04,931.31298828125,935.6842089047472,927.7276508811245,934.2107677926339,13622724,SBIN.NS
2025-12-05,954.2987060546875,956.0668234213827,929.9378246743456,932.049720989894,17347847,SBIN.NS
2025-12-08,939.466064453125,955.2809748623741,934.8492703729215,953.6601656790195,15386438,SBIN.NS
2025-12-09,942.3638305664062,946.9315221602762,933.6214489589805,937.8944043562335,9580294,SBIN.NS
2025-12-10,942.7567749023438,946.8824221676225,938.3364513940754,943.1005538600858,6989178,SBIN.NS
2025-12-11,946.1947631835938,949.3872189119578,941.479763637212,945.0651010209991,5979035,SBIN.NS
2025-12-12,946.0965576171875,949.8783658053579,941.0377191742843,948.8960717352387,5681930,SBIN.NS
2025-12-15,950.1239624023438,951.6956089709226,940.3010214625418,940.3010214625418,4416952,SBIN.NS
2025-12-16,944.1319580078125,951.8429423827886,941.0868104547513,948.9451629202439,4764786,SBIN.NS
2025-12-17,958.5716552734375,961.1747585707222,947.2261706250966,948.4540382267455,8013382,SBIN.NS
2025-12-18,960.2415771484375,964.072548087051,956.2632980687841,960.5854160531443,4926879,SBIN.NS
2025-12-19,962.94287109375,964.6127830145067,959.7504153454842,962.5990921488027,5376584,SBIN.NS
2025-12-22,957.0491333007812,965.595103994373,955.3301186192043,963.7287212154426,5959037,SBIN.NS
2025-12-23,954.691650390625,960.2415760284049,953.5128854913131,959.0137084154704,5123287,SBIN.NS
2025-12-24,951.7938842773438,959.9960160658125,950.3695458353262,955.9686342202896,4105643,SBIN.NS
2025-12-26,949.1907348632812,953.8075289200087,947.6681910665071,951.7938380949545,3286321,SBIN.NS
2025-12-29,947.962890625,951.7447588085237,944.4266559161334,949.7801706470483,5267233,SBIN.NS
2025-12-30,956.2141723632812,958.915481049936,942.5111581255383,945.9491873630989,15030644,SBIN.NS
2025-12-31,964.8092651367188,968.1981917309051,956.2632945810017,957.9823092348453,5807630,SBIN.NS
2026-01-01,967.3140869140625,970.1627637032144,962.9919690176538,965.7915430941249,4328348,SBIN.NS
2026-01-02,981.2626953125,991.6258859934536,966.528283930725,967.0685336904954,7357435,SBIN.NS
2026-01-05,987.7457885742188,997.5196265465391,982.2940684850213,982.2940684850213,11259060,SBIN.NS
2026-01-06,1000.8594360351562,1005.869111730934,987.1564219850369,990.1033041483112,9575742,SBIN.NS
2026-01-07,989.3175048828125,1004.5921658085748,986.2232545545625,1004.5921658085748,7896720,SBIN.NS
2026-01-08,980.3294677734375,993.6886429516878,978.2175115714958,988.7771726722618,6854268,SBIN.NS
2026-01-09,982.7852172851562,990.1524228120314,976.400305828531,978.3648939690311,7809460,SBIN.NS
2026-01-12,997.1758422851562,999.2386358361825,978.364886992222,990.1524157511643,7617922,SBIN.NS
2026-01-13,1010.2402954101562,1011.2717521544648,998.0107821164995,1004.6903698484319,11016895,SBIN.NS
2026-01-14,1010.14208984375,1012.1558406646648,1002.4311053230539,1011.762899052176,7370514,SBIN.NS
2026-01-15,1010.14208984375,1010.14208984375,1010.14208984375,1010.14208984375,0,SBIN.NS
2026-01-16,1023.8451538085938,1028.9038723255544,1010.1912422980266,1013.7274769567848,11051580,SBIN.NS
2026-01-19,1020.0142211914062,1025.1221025667041,1015.6921031536436,1016.6743972572739,5460164,SBIN.NS
2026-01-20,1018.0496215820312,1033.3733854452475,1014.758960353515,1021.3402828105476,8905718,SBIN.NS
2026-01-21,1010.4368286132812,1022.1751948968682,1003.9045490044088,1013.7274897970154,7408949,SBIN.NS
2026-01-22,1029.7879638671875,1036.8113904465058,1015.7412306174947,1016.6743620200224,12001641,SBIN.NS
2026-01-23,1011.271728515625,1034.3556387828587,1007.4407577235297,1033.27513930533,10917698,SBIN.NS
2026-01-27,1034.5030517578125,1036.3202718546306,1012.0084929651499,1015.7903012550574,14420630,SBIN.NS
2026-01-28,1044.6697998046875,1046.7325934811859,1025.6624325065334,1040.6424178822,12171257,SBIN.NS
2026-01-29,1047.3218994140625,1055.9661352757114,1041.5264602731938,1044.1786063237967,14800724,SBIN.NS
2026-01-30,1058.078125,1063.3333745088544,1041.6246986507867,1045.1609334664397,9480769,SBIN.NS
2026-02-02,1010.4859008789062,1013.0399614867208,972.4711668650343,1001.841784674364,14434549,SBIN.NS
2026-02-03,1045.3572998046875,1070.5041238871402,1021.8805674931078,1067.7536525315768,16129381,SBIN.NS
2026-02-04,1049.2864990234375,1054.8856472820669,1037.5972952790487,1045.3573226632539,7312276,SBIN.NS
2026-02-05,1054.49267578125,1061.8598812478167,1048.5989114079966,1049.2864692879657,9551567,SBIN.NS
2026-02-06,1047.5184326171875,1054.590902041245,1032.3910797785106,1051.0546673292163,7041557,SBIN.NS
2026-02-09,1125.708984375,1129.638160585733,1081.0146049779123,1100.1693390052355,40852966,SBIN.NS
2026-02-10,1123.8426513671875,1133.5673869003754,1117.9488867905825,1130.6205046120729,17280036,SBIN.NS
2026-02-11,1161.9556884765625,1166.474217252129,1122.5657199431428,1124.43198276359,29491859,SBIN.NS
2026-02-12,1171.2874755859375,1182.3873266556052,1153.9991238982925,1162.0538873261555,33214985,SBIN.NS
2026-02-13,1177.377685546875,1179.735215371205,1163.5273627037404,1167.9476861585035,18141390,SBIN.NS
2026-02-16,1186.70947265625,1190.8351798022472,1164.3132392267757,1172.859149893071,14972739,SBIN.NS
2026-02-17,1191.9156494140625,1203.8013836881914,1182.7802665926308,1184.7448547341048,20107196,SBIN.NS
2026-02-18,1197.3182373046875,1202.4261183830988,1192.5049724948722,1197.220031881822,10417264,SBIN.NS
2026-02-19,1184.3519287109375,1203.212047062667,1177.9670171671169,1201.2474588953376,9630899,SBIN.NS
2026-02-20,1194.5677490234375,1196.4341316671034,1180.5210163030872,1184.8430141192323,9958162,SBIN.NS
2026-02-23,1206.0606689453125,1209.302167328373,1195.5500507835413,1200.3633155560203,9733835,SBIN.NS
2026-02-24,1201.640380859375,1212.8384373028666,1198.1040262888578,1210.1862912839226,15788449,SBIN.NS
2026-02-25,1178.85107421875,1206.3553078239622,1176.2971336514831,1206.3553078239622,19581100,SBIN.NS
2026-02-26,1188.084716796875,1193.880275982552,1167.849482270177,1179.7352169268681,16196052,SBIN.NS
2026-02-27,1180.4227294921875,1190.3439954720204,1177.3776418736493,1185.6289359982593,10700355,SBIN.NS
2026-03-02,1168.831787109375,1176.1007875153553,1158.5176989399156,1164.0185219818375,16270835,SBIN.NS
2026-03-04,1153.704345703125,1161.7591088376892,1137.1035525068773,1151.3468160340765,13855065,SBIN.NS
2026-03-05,1148.79296875,1162.250350176651,1130.227585974388,1160.0893510848653,22100665,SBIN.NS
2026-03-06,1122.7620849609375,1148.5964661130286,1117.8506147730068,1147.8105829193835,20333328,SBIN.NS
2026-03-09,1079.050048828125,1095.2579011773867,1045.4556391950514,1095.2579011773867,24631198,SBIN.NS
2026-03-10,1092.5074462890625,1100.0711827783487,1084.9438297087236,1091.426946764578,17491459,SBIN.NS
2026-03-11,1071.781005859375,1096.1419460785291,1068.735918309216,1093.68621097212,8364878,SBIN.NS
2026-03-12,1065.9854736328125,1078.5588856550278,1051.545798810298,1056.0643275370824,14614140,SBIN.NS
2026-03-13,1028.4619140625,1062.1546493731119,1023.8451797948526,1058.4218838608822,15978675,SBIN.NS
2026-03-16,1047.8131103515625,1054.0016113922836,1017.754933672958,1030.1318158454478,15322269,SBIN.NS
2026-03-17,1045.8485107421875,1054.8856886705516,1028.4619526297915,1054.8856886705516,16427877,SBIN.NS
2026-03-18,1050.8582763671875,1056.3590993465684,1042.5087765154108,1048.5989519731277,10749915,SBIN.NS
2026-03-19,1030.3282470703125,1040.936950803617,1022.5681001383867,1030.917599515117,13431191,SBIN.NS
2026-03-20,1039.26708984375,1065.7890288095168,1035.3379137006734,1039.6600314398456,17748625,SBIN.NS
2026-03-23,1013.6292724609375,1027.086653225109,996.2426554714183,1020.6035363599531,16039603,SBIN.NS
2026-03-24,1012.5487670898438,1040.2494116751225,1001.9399432564919,1036.5166462758839,30416734,SBIN.NS
2026-03-25,1041.821044921875,1046.6343097462316,1024.5326936323975,1024.5326936323975,16205333,SBIN.NS
2026-03-27,1001.4487915039062,1036.6149667218629,995.0638801309044,1032.6857904923231,20445349,SBIN.NS
2026-03-30,962.058837890625,991.5276600442548,958.522543259506,987.2055421466002,21438137,SBIN.NS
2026-04-01,999.7789306640625,1012.745224874495,980.7715636649391,990.1524604010582,17424479,SBIN.NS
2026-04-02,1000.3683471679688,1007.833758433837,960.5854356508436,982.2941115339542,20777629,SBIN.NS
2026-04-06,1014.4642333984375,1017.3619530344956,987.2546747939996,1001.939983603395,23576634,SBIN.NS
2026-04-07,1012.1558227539062,1015.3973212044529,994.0815880797585,1006.8514108515341,15021291,SBIN.NS
2026-04-08,1042.656005859375,1058.7166100346876,1040.6914176944629,1054.9838445577764,28533742,SBIN.NS
2026-04-09,1022.5189819335938,1045.504687551959,1019.9159985301128,1041.329937682068,24772948,SBIN.NS
2026-04-10,1047.8131103515625,1050.5144192344412,1027.6270377357864,1030.4265520507975,17861336,SBIN.NS
2026-04-13,1044.7188720703125,1048.353312047308,1011.7628591320939,1023.5503875880017,17763348,SBIN.NS
2026-04-15,1052.528076171875,1068.7359280214653,1049.2864578383803,1056.9483994035816,16195810,SBIN.NS
2026-04-16,1048.255126953125,1064.9541259228224,1043.1962885775752,1058.9129934902317,20313165,SBIN.NS
2026-04-17,1061.1231689453125,1062.9895516597985,1041.2317140310404,1048.1077725199245,16823879,SBIN.NS
2026-04-20,1088.2344970703125,1101.102525826513,1056.8010858019393,1061.1723665018162,31179584,SBIN.NS
2026-04-21,1092.1636962890625,1095.012373226544,1086.3681369836245,1093.6863001427537,16963734,SBIN.NS
2026-04-22,1083.76513671875,1098.057444036852,1080.6217236295247,1090.3464592751195,12412659,SBIN.NS
2026-04-23,1074.875244140625,1082.3898174645885,1063.038553095583,1075.6119646643676,13669001,SBIN.NS
2026-04-24,1081.60400390625,1086.4172689530212,1070.749726103037,1072.0266364810311,13774745,SBIN.NS
2026-04-27,1092.1636962890625,1095.0615358962568,1083.8633589162316,1091.2796075968854,11624385,SBIN.NS
2026-04-28,1071.9775390625,1090.8375367592364,1069.8655828843748,1082.7827735553876,10727835,SBIN.NS
2026-04-29,1067.655517578125,1085.4350174109393,1065.0524141428152,1074.6297819435,10611104,SBIN.NS
2026-04-30,1049.5321044921875,1058.6183251016832,1044.1786495020647,1055.9661789414106,14269539,SBIN.NS
2026-05-01,1049.5321044921875,1049.5321044921875,1049.5321044921875,1049.5321044921875,0,SBIN.NS
2026-05-04,1049.4830322265625,1069.816471974203,1044.7679726198023,1044.7679726198023,11693211,SBIN.NS
2026-05-05,1041.133544921875,1049.581250235382,1030.8194568287804,1041.8211028311687,12194631,SBIN.NS
2026-05-06,1076.5943603515625,1081.6040364042549,1042.4104768585712,1053.019301365762,14384779,SBIN.NS
2026-05-07,1072.6651611328125,1088.381866790436,1066.8696019397742,1086.4172785832332,16105163,SBIN.NS
2026-05-08,1001.2523193359375,1075.6119913694504,993.0010852378409,1070.7005210892246,48065909,SBIN.NS
2026-05-11,956.3615112304688,989.1701581334676,953.9057759818752,989.1701581334676,46927396,SBIN.NS
2026-05-12,957.3438110351562,964.0234589147167,945.3598709141811,959.6031354409057,25787092,SBIN.NS
2026-05-13,952.9234619140625,963.8269621620207,944.1810805849492,960.6836091187947,17584580,SBIN.NS
2026-05-14,962.5499877929688,969.5242517416415,946.5385464115705,956.2632817330172,16487142,SBIN.NS
2026-05-15,963.2000122070312,972.5,957.0,971.2000122070312,26972493,SBIN.NS
2026-05-18,939.4000244140625,954.9000244140625,933.9000244140625,952.0,16554877,SBIN.NS
2026-05-19,948.7999877929688,956.5999755859375,939.5,942.0,17280869,SBIN.NS
2026-05-20,950.9000244140625,955.0,935.0,941.0999755859375,11928460,SBIN.NS
2026-05-21,950.9000244140625,960.9000244140625,946.5,957.0,11756520,SBIN.NS
2026-05-22,949.2000122070312,958.5999755859375,947.7000122070312,950.9000244140625,7807192,SBIN.NS
2026-05-25,969.5999755859375,972.5,957.5,959.9000244140625,10934747,SBIN.NS
2026-05-26,968.5,978.7999877929688,962.0999755859375,969.9000244140625,16269800,SBIN.NS
2026-05-27,967.7999877929688,975.9000244140625,966.5999755859375,969.7999877929688,8111259,SBIN.NS
2026-05-28,967.7999877929688,967.7999877929688,967.7999877929688,967.7999877929688,0,SBIN.NS
2026-05-29,964.4000244140625,973.7000122070312,960.2999877929688,967.7999877929688,22292535,SBIN.NS
2026-06-01,954.0999755859375,970.25,950.0999755859375,966.25,11118975,SBIN.NS
2026-06-02,956.6500244140625,961.2999877929688,939.9000244140625,950.9500122070312,15911760,SBIN.NS
2026-06-03,970.4500122070312,974.0,937.2000122070312,953.75,27947005,SBIN.NS
2026-06-04,979.25,985.7999877929688,961.0999755859375,969.9000244140625,18875883,SBIN.NS
2026-06-05,977.7000122070312,992.5999755859375,970.5999755859375,980.0,20955539,SBIN.NS
2026-06-08,981.9500122070312,988.6500244140625,965.1500244140625,966.0,12895416,SBIN.NS
2026-06-09,1002.7000122070312,1009.0,983.0,985.0,22142480,SBIN.NS
2026-06-10,1003.25,1012.4000244140625,999.5,1002.7000122070312,19122317,SBIN.NS
2026-06-11,1000.7000122070312,1009.4000244140625,993.0,998.0999755859375,13773978,SBIN.NS
2026-06-12,1017.1500244140625,1018.7000122070312,1004.3499755859375,1018.0,11081119,SBIN.NS
2026-06-15,1020.8499755859375,1034.0,1018.5,1034.0,12463437,SBIN.NS
2026-06-16,1015.2999877929688,1026.550048828125,1007.4000244140625,1023.7999877929688,9693677,SBIN.NS
2026-06-17,1026.5,1028.0999755859375,1013.4500122070312,1017.0,8190062,SBIN.NS
2026-06-18,1042.699951171875,1045.699951171875,1024.449951171875,1027.9000244140625,11048009,SBIN.NS
2026-06-19,1035.0999755859375,1042.0,1029.300048828125,1042.0,9099878,SBIN.NS
2026-06-22,1040.75,1043.0,1033.5999755859375,1038.0,6209440,SBIN.NS
2026-06-23,1024.199951171875,1045.5,1022.3499755859375,1041.0,10411004,SBIN.NS
2026-06-24,1034.5999755859375,1044.5,1020.5,1024.0,11724076,SBIN.NS
2026-06-25,1045.4000244140625,1055.4000244140625,1038.550048828125,1040.0,16002360,SBIN.NS
2026-06-26,1045.4000244140625,1045.4000244140625,1045.4000244140625,1045.4000244140625,0,SBIN.NS
2026-06-29,1036.0999755859375,1046.4000244140625,1030.8499755859375,1044.449951171875,16818246,SBIN.NS
2026-06-30,1026.9000244140625,1044.0,1025.050048828125,1040.0,11161643,SBIN.NS
2026-07-01,1047.4000244140625,1049.9000244140625,1025.5,1031.0,6295315,SBIN.NS
2026-07-02,1051.5999755859375,1059.800048828125,1045.0,1050.9000244140625,14682790,SBIN.NS
2026-07-03,1040.0,1057.0,1034.5,1055.0,10441493,SBIN.NS
2026-07-06,1037.699951171875,1048.4000244140625,1036.5,1041.9000244140625,8761017,SBIN.NS
2026-07-07,1038.0999755859375,1049.5999755859375,1035.5,1039.300048828125,11053574,SBIN.NS
2026-07-08,1016.9000244140625,1038.300048828125,1011.7000122070312,1029.5999755859375,14141694,SBIN.NS
2026-07-09,1022.0999755859375,1031.699951171875,1019.2999877929688,1019.7999877929688,7661699,SBIN.NS
2026-07-10,1036.0,1047.800048828125,1023.5,1029.5,8792150,SBIN.NS
2026-07-13,1037.0,1042.9000244140625,1022.0999755859375,1023.5,8381510,SBIN.NS
2026-07-14,1015.4000244140625,1033.699951171875,1011.4000244140625,1033.300048828125,11562326,SBIN.NS
2026-07-15,1030.0999755859375,1036.0,1013.7000122070312,1015.5,14275394,SBIN.NS
2026-07-16,1031.199951171875,1036.0,1027.300048828125,1030.0999755859375,7708316,SBIN.NS
2026-07-17,1044.300048828125,1048.0,1028.300048828125,1030.5999755859375,8452780,SBIN.NS
2026-07-20,1060.0,1065.0,1038.300048828125,1041.5999755859375,16540411,SBIN.NS
2026-07-21,1044.4000244140625,1067.0,1042.800048828125,1056.199951171875,10514887,SBIN.NS
2026-07-22,1025.0,1044.4000244140625,1019.2000122070312,1044.4000244140625,11227214,SBIN.NS
2026-07-23,1012.5999755859375,1023.0999755859375,1006.5,1022.0,8910230,SBIN.NS
2026-07-24,1015.0,1017.7999877929688,1000.7999877929688,1006.0,13797053,SBIN.NS
2026-07-27,1020.5999755859375,1023.7000122070312,1015.9000244140625,1020.2999877929688,6093002,SBIN.NS
2026-07-28,1013.2000122070312,1022.0,1008.2999877929688,1018.0,9873370,SBIN.NS
2026-07-29,1013.7000122070312,1020.2000122070312,1012.0,1020.0,4792964,SBIN.NS
2026-07-30,1025.300048828125,1028.300048828125,1007.5999755859375,1013.5,6847458,SBIN.NS
2026-07-31,1027.4000244140625,1034.300048828125,1023.5,1028.0999755859375,10921417,SBIN.NS
2026-08-03,1045.0,1051.5,1031.5999755859375,1035.0,10507450,SBIN.NS
