Date,Close,High,Low,Open,Volume,Ticker
2020-01-01,1831.10986328125,1844.879346483023,1819.6209945610121,1831.4476862619658,1354908,TCS.NS
2020-01-02,1822.7044677734375,1841.5427411126095,1815.5662551576124,1841.5427411126095,2380752,TCS.NS
2020-01-03,1859.029296875,1877.9098495184417,1828.0687873854736,1828.0687873854736,4655761,TCS.NS
2020-01-06,1858.85986328125,1880.4013332376232,1848.2580397603845,1862.7035785805083,3023209,TCS.NS
2020-01-07,1863.422607421875,1870.8563650525534,1844.7955214178255,1858.9030378758014,2429317,TCS.NS
2020-01-08,1905.1531982421875,1909.1658255303596,1860.2118138628832,1862.7038253515234,5197454,TCS.NS
2020-01-09,1870.6026611328125,1902.3656538587488,1866.927856385098,1899.6624511520313,3734173,TCS.NS
2020-01-10,1869.9268798828125,1887.2022576899801,1865.2383997222364,1882.1336750820392,1915807,TCS.NS
2020-01-13,1850.328125,1874.4882414067179,1845.5550866799636,1873.5591251455692,2843893,TCS.NS
2020-01-14,1864.3089599609375,1883.654172777295,1854.2563542498435,1854.2563542498435,2948452,TCS.NS
2020-01-15,1881.2041015625,1884.6677150458122,1853.5803712813672,1869.4619692498352,2620681,TCS.NS
2020-01-16,1891.2569580078125,1899.8735062499147,1871.1515412821525,1881.246425956419,3117214,TCS.NS
2020-01-17,1874.6151123046875,1903.71717901775,1869.4619715044962,1892.904162968233,3281059,TCS.NS
2020-01-20,1833.4327392578125,1894.1288794283232,1821.4792107198302,1854.1715203904298,5817599,TCS.NS
2020-01-21,1834.024169921875,1847.1180065421472,1823.0422424339051,1833.0948474072118,1902980,TCS.NS
2020-01-22,1864.3089599609375,1866.9278099736466,1836.262845873815,1842.4296622409606,1773686,TCS.NS
2020-01-23,1855.0379638671875,1877.729083754739,1848.8995191113665,1870.9980029161143,2069866,TCS.NS
2020-01-24,1848.6455078125,1855.0379986406326,1837.3000510107895,1855.0379986406326,1319430,TCS.NS
2020-01-27,1836.6649169921875,1857.1545799219127,1833.0665185147336,1853.9795224418065,1549101,TCS.NS
2020-01-28,1848.9417724609375,1852.370875819301,1822.0596196157699,1840.6866231620277,1743024,TCS.NS
2020-01-29,1824.2606201171875,1851.6506512878486,1820.3658013004062,1849.9996631820409,2306761,TCS.NS
2020-01-30,1810.0787353515625,1833.0660631128355,1799.1987917389263,1828.8326541910967,2098567,TCS.NS
2020-01-31,1760.2938232421875,1815.582185672112,1753.9860852256354,1811.3909454288346,3287223,TCS.NS
2020-02-03,1780.14892578125,1858.212965750666,1772.2747417474332,1822.0596852705114,4728073,TCS.NS
2020-02-04,1784.5938720703125,1809.105273070461,1766.6866315922948,1802.5858634267324,3509339,TCS.NS
2020-02-05,1817.4451904296875,1826.0389295824505,1781.672877858837,1790.732333428379,2439322,TCS.NS
2020-02-06,1802.035400390625,1840.8556392361354,1791.1554559207095,1816.1325705270253,2640065,TCS.NS
2020-02-07,1808.97802734375,1821.2125379186132,1794.1187205251238,1811.0523563960546,2083442,TCS.NS
2020-02-10,1830.48388671875,1834.759671642455,1794.1189405677721,1812.6611914368173,2383032,TCS.NS
2020-02-11,1823.2447509765625,1841.3638679623577,1818.3341612427819,1831.3729800349784,1335820,TCS.NS
2020-02-12,1837.934814453125,1850.0000320534737,1820.3661642631434,1821.2975970774796,1620407,TCS.NS
2020-02-13,1855.8843994140625,1860.1601844662648,1838.1464544725814,1839.7974428802167,1645948,TCS.NS
2020-02-14,1849.322509765625,1872.860307229109,1838.1463503591299,1852.539942232048,1500115,TCS.NS
2020-02-17,1865.451904296875,1877.0937804725618,1854.4026641118787,1860.1177669617614,1774724,TCS.NS
2020-02-18,1876.03564453125,1880.4807250384322,1850.8892304325136,1862.6580275677402,2486223,TCS.NS
2020-02-19,1859.60986328125,1888.1006263720994,1854.6566915103515,1876.035409365013,1760463,TCS.NS
2020-02-20,1826.1234130859375,1874.8921624896452,1821.4242875854927,1866.5100950527453,2317278,TCS.NS
2020-02-24,1791.0286865234375,1844.877532741083,1783.7047638719052,1825.4462239715879,3092877,TCS.NS
2020-02-25,1825.573486328125,1842.9304689892313,1787.3458730534364,1791.1559424180696,2674567,TCS.NS
2020-02-26,1798.013671875,1832.1347853002576,1788.9963860839925,1823.7527176106134,2686842,TCS.NS
2020-02-27,1782.6884765625,1794.9229868645623,1766.3474769695329,1794.9229868645623,2349001,TCS.NS
2020-02-28,1693.490966796875,1752.2083408782385,1684.8971241109905,1750.938317920366,4298076,TCS.NS
2020-03-02,1694.4647216796875,1739.0424461311534,1681.2563998447122,1722.9978636323435,2667076,TCS.NS
2020-03-03,1724.0137939453125,1744.1648662664002,1703.524131518445,1710.297587309771,2757585,TCS.NS
2020-03-04,1763.8076171875,1773.3327881545006,1714.530774060105,1740.7779118358399,3237002,TCS.NS
2020-03-05,1799.24169921875,1818.4613400649457,1764.5277357953241,1765.924678468816,3937056,TCS.NS
2020-03-06,1791.9599609375,1798.0560295988737,1753.9863997344999,1776.3387203960235,2595027,TCS.NS
2020-03-09,1669.953369140625,1761.0139642496044,1638.3298143257514,1756.8653047679247,4940975,TCS.NS
2020-03-11,1654.1622314453125,1682.6108232991971,1625.6290954350313,1636.6359591020394,6796449,TCS.NS
2020-03-12,1498.5,1615.807823280451,1488.7631577604227,1612.0824021004496,8728786,TCS.NS
2020-03-13,1529.3614501953125,1540.960950070993,1275.1452275256336,1429.1142995856846,8029720,TCS.NS
2020-03-16,1436.3114013671875,1559.7999534824614,1418.9120444904488,1485.92694713623,7844271,TCS.NS
2020-03-17,1403.798583984375,1465.6063624107076,1374.291740570968,1464.7596805144565,5713248,TCS.NS
2020-03-18,1400.7509765625,1450.8322466537759,1378.1868764823919,1419.716677487302,7258778,TCS.NS
2020-03-19,1395.5909423828125,1437.4667527053657,1319.1739678779056,1330.218570089787,5135111,TCS.NS
2020-03-20,1532.9879150390625,1594.0106768146877,1387.616570988495,1390.175175606175,8547498,TCS.NS
2020-03-23,1424.0340576171875,1492.5194188818368,1379.727594226338,1381.6465477649003,7003490,TCS.NS
2020-03-24,1452.5625,1509.5767185186858,1392.605823716574,1409.833823874076,6350865,TCS.NS
2020-03-25,1492.775146484375,1543.691332777904,1432.818474622585,1449.875837415711,2765520,TCS.NS
2020-03-26,1527.444091796875,1562.49705421843,1469.1079966725633,1562.1132011050556,4556067,TCS.NS
2020-03-27,1556.05810546875,1577.806245610955,1492.8605896422032,1552.2201983848315,4331250,TCS.NS
2020-03-30,1516.8258056640625,1624.713612476828,1504.0754701392282,1506.1649551884927,8513547,TCS.NS
2020-03-31,1557.42236328125,1582.070271349587,1518.105166038957,1567.0598141253336,3927593,TCS.NS
2020-04-01,1457.338134765625,1564.799498324056,1451.5812760035662,1557.2516376579952,4941878,TCS.NS
2020-04-03,1410.814453125,1483.990582092841,1407.2324485363147,1483.990582092841,5735369,TCS.NS
2020-04-07,1514.01171875,1523.0947866924141,1454.1404075437695,1458.4047489148656,5427577,TCS.NS
2020-04-08,1454.52392578125,1540.2798587879533,1450.7287042072585,1501.0479244002204,6285615,TCS.NS
2020-04-09,1506.29296875,1517.0817707011477,1476.4851671169138,1492.9028775308734,5307397,TCS.NS
2020-04-13,1500.4083251953125,1524.0754168674284,1489.1078219644824,1501.9008444899505,2990438,TCS.NS
2020-04-15,1479.8543701171875,1545.3972745427877,1473.5858092791832,1522.3698317101966,4761399,TCS.NS
2020-04-16,1463.564453125,1505.2270420759608,1428.5968584332818,1458.3618740414963,6245533,TCS.NS
2020-04-17,1540.4500732421875,1579.468782552364,1495.0775392511282,1535.1623335151346,9895823,TCS.NS
2020-04-20,1551.0687255859375,1560.7487585396025,1537.2948837528052,1560.7487585396025,3244282,TCS.NS
2020-04-21,1481.9862060546875,1530.557000453097,1473.5001063873347,1505.3121266858914,5122541,TCS.NS
2020-04-22,1509.1500244140625,1526.6338195542085,1466.208138635727,1481.9861976646391,3829836,TCS.NS
2020-04-23,1601.899658203125,1620.449541107913,1501.7729131042697,1518.1053595642554,5934366,TCS.NS
2020-04-24,1550.9832763671875,1579.4689867279417,1541.8149445790734,1569.8742209031711,2987102,TCS.NS
2020-04-27,1566.3778076171875,1599.1279692493938,1556.4845567360767,1562.7105366069786,3374741,TCS.NS
2020-04-28,1585.5245361328125,1593.1576642399032,1562.9661116652012,1590.599059854079,2678505,TCS.NS
2020-04-29,1625.26806640625,1631.1528769401505,1577.848622303141,1598.274771036094,4241510,TCS.NS
2020-04-30,1718.0601806640625,1733.0280581448462,1656.4404576320915,1688.678914924604,5915544,TCS.NS
2020-05-04,1646.41943359375,1676.7389408258857,1632.0913097901657,1676.7389408258857,3729348,TCS.NS
2020-05-05,1648.381103515625,1686.1205234253737,1643.477111097974,1667.442688003994,2905528,TCS.NS
2020-05-06,1623.5198974609375,1666.2485737948612,1614.9912153938913,1654.3937890095779,3517431,TCS.NS
2020-05-07,1613.328125,1649.830820897835,1606.2492774116702,1628.9782353923947,3166754,TCS.NS
2020-05-08,1614.8204345703125,1654.137632019067,1608.7224070100362,1653.7964639669779,2686530,TCS.NS
2020-05-11,1650.5557861328125,1664.286942640589,1628.1253119564062,1628.1253119564062,2449841,TCS.NS
2020-05-12,1662.6666259765625,1668.636703628184,1629.1915477156854,1648.9354681998118,3256595,TCS.NS
2020-05-13,1662.7943115234375,1700.618990925918,1642.3254771291436,1700.618990925918,2656665,TCS.NS
2020-05-14,1622.4537353515625,1640.1507498024264,1612.8589684806122,1628.9781976457855,2263146,TCS.NS
2020-05-15,1614.3941650390625,1635.2894350128163,1590.7696544803578,1634.095398763768,3173682,TCS.NS
2020-05-18,1659.3404541015625,1665.6090149462614,1596.654637434786,1626.4197603203093,3727694,TCS.NS
2020-05-19,1661.941650390625,1677.1226419910054,1623.008195965995,1623.008195965995,3198693,TCS.NS
2020-05-20,1666.1632080078125,1674.0949234990817,1647.4853745776397,1663.0929034695375,2778505,TCS.NS
2020-05-21,1698.2308349609375,1704.0303793976302,1655.5448511361433,1659.6812403942886,3400908,TCS.NS
2020-05-22,1723.0919189453125,1733.0278524053383,1672.687438745064,1686.205376319067,3663418,TCS.NS
2020-05-26,1657.1229248046875,1726.2052495134778,1641.771297091623,1718.5294356569457,4575317,TCS.NS
2020-05-27,1710.2568359375,1714.2652752855013,1655.6305799243678,1670.7689921812423,3482160,TCS.NS
2020-05-28,1709.40380859375,1717.6765886528392,1681.259157439061,1695.9284491242158,3475681,TCS.NS
2020-05-29,1682.1546630859375,1707.996612566947,1673.6686656876946,1690.3848624764823,7237735,TCS.NS
2020-06-01,1744.32861328125,1756.908418706454,1689.6170997116913,1697.2076471970115,3747773,TCS.NS
2020-06-02,1745.94921875,1774.818787528131,1739.893875135914,1757.0790866911973,2443886,TCS.NS
2020-06-03,1750.2261962890625,1765.280780731558,1727.858111243003,1755.1018981634154,3699799,TCS.NS
2020-06-04,1789.0599365234375,1796.287814773662,1750.7390880419011,1750.7390880419011,4048593,TCS.NS
2020-06-05,1752.0218505859375,1794.576757001976,1745.2216610757625,1789.1024405133314,3573289,TCS.NS
2020-06-08,1772.123779296875,1792.0112550389542,1763.8694911775306,1777.6837187516498,2957841,TCS.NS
2020-06-09,1772.380126953125,1792.438632517968,1762.2866583847024,1764.724561102675,2909439,TCS.NS
2020-06-10,1803.772216796875,1823.6596875926202,1773.6202449452617,1776.6568682739844,5168397,TCS.NS
2020-06-11,1768.6165771484375,1800.564926720615,1763.6127571642628,1796.2880504101147,2269513,TCS.NS
2020-06-12,1744.5374755859375,1752.834572095224,1720.1592858069725,1720.330319056604,2842642,TCS.NS
2020-06-15,1736.326171875,1761.217569777895,1711.5629967217715,1744.1955820959836,2399022,TCS.NS
2020-06-16,1749.9266357421875,1774.0053642245175,1737.2670409448092,1766.3497979079425,2146528,TCS.NS
2020-06-17,1751.637451171875,1761.089389302113,1733.460727395204,1750.0977339797175,2703527,TCS.NS
2020-06-18,1743.3397216796875,1761.388112831285,1732.3053635809356,1749.2418299107308,1944389,TCS.NS
2020-06-19,1748.900146484375,1787.7342021902564,1738.122439641436,1746.6761918050258,5681758,TCS.NS
2020-06-22,1734.6580810546875,1755.4437400130719,1727.1308420050711,1753.5191458286258,3196138,TCS.NS
2020-06-23,1740.945068359375,1748.3867903287544,1719.3040354994112,1733.8454129140828,4205944,TCS.NS
2020-06-24,1746.8470458984375,1765.7081092508404,1737.7800904182627,1739.8330116101292,2560937,TCS.NS
2020-06-25,1724.5218505859375,1762.072841241202,1718.6625515844103,1740.6884620999253,3043931,TCS.NS
2020-06-26,1812.412109375,1823.6602114806062,1727.8153635714548,1732.13505077309,6300722,TCS.NS
2020-06-29,1797.698974609375,1819.89612526333,1788.8459677257608,1803.1306899643346,3076341,TCS.NS
2020-06-30,1781.019287109375,1806.4666978514458,1774.9462488364122,1796.287817087347,3071725,TCS.NS
2020-07-01,1789.488037109375,1808.2206736827477,1778.7530347342413,1778.9240680373293,2503466,TCS.NS
2020-07-02,1845.17236328125,1851.8871415303802,1794.577008282096,1797.9985087745308,3758699,TCS.NS
2020-07-03,1881.525634765625,1886.101974790466,1847.8239415152402,1850.7321331363928,4185208,TCS.NS
2020-07-06,1935.8853759765625,1941.616348835003,1886.1025742856011,1886.1025742856011,5190366,TCS.NS
2020-07-07,1941.6162109375,1969.6725611133259,1909.3257950089342,1945.9787082778078,5630055,TCS.NS
2020-07-08,1897.9920654296875,1945.4653919732066,1888.3264921358555,1941.701824392586,2793358,TCS.NS
2020-07-09,1885.5458984375,1919.8891199463774,1874.1693695714396,1906.6308079128871,3443998,TCS.NS
2020-07-10,1900.9432373046875,1924.4660562705249,1861.2965116240748,1886.3162372513746,9610320,TCS.NS
2020-07-13,1898.9327392578125,1920.2743064304059,1890.3789881800747,1898.9327392578125,2963503,TCS.NS
2020-07-14,1857.8319091796875,1915.1848514782594,1851.8870939930466,1890.3789735448652,2976738,TCS.NS
2020-07-15,1910.8223876953125,1933.1477617509142,1865.6587486455223,1868.9946280644901,5569321,TCS.NS
2020-07-16,1915.83740234375,2000.066521833748,1903.2781313510932,1923.767370336447,8582118,TCS.NS
2020-07-17,1886.6895751953125,1923.6817237458743,1877.516572204934,1917.7664794783207,4509135,TCS.NS
2020-07-20,1892.8193359375,1909.1079219121796,1878.159734140464,1886.9040910668125,2952646,TCS.NS
2020-07-21,1907.521728515625,1919.1807993303903,1887.0322798591048,1911.7652912257834,2665286,TCS.NS
2020-07-22,1878.2882080078125,1912.6228738470609,1872.5014736292972,1912.6228738470609,2861534,TCS.NS
2020-07-23,1861.3564453125,1878.2879995781861,1854.3266773002174,1878.2879995781861,2265766,TCS.NS
2020-07-24,1849.52587890625,1854.3268087331146,1821.8354518378844,1847.0398101782225,3665100,TCS.NS
2020-07-27,1891.8760986328125,1898.9058663003746,1854.7552332915848,1856.041174058831,4248480,TCS.NS
2020-07-28,1980.1341552734375,1988.9214158391057,1898.905575898112,1898.905575898112,8092319,TCS.NS
2020-07-29,1951.244140625,2007.7826406746285,1925.5253194378784,1964.9179386960923,6090431,TCS.NS
2020-07-30,1954.2010498046875,2021.4986073434757,1947.985670286774,1959.687645934893,7098496,TCS.NS
2020-07-31,1955.829833984375,2001.6094447952548,1935.2976909890588,1974.4759726317284,4723290,TCS.NS
2020-08-03,1932.4691162109375,1975.0767939040652,1912.3656145009645,1963.5889291410197,4012337,TCS.NS
2020-08-04,1928.6544189453125,1945.757393706608,1907.5222039327818,1937.4416831242054,2927928,TCS.NS
2020-08-05,1937.0556640625,1971.776068751383,1931.48325343342,1937.4843110339677,3800641,TCS.NS
2020-08-06,1978.719970703125,1988.4930366349488,1942.0706595084089,1950.3434612392796,4748047,TCS.NS
2020-08-07,1967.789794921875,1995.7803592818957,1960.6313065625839,1978.6344799066217,3165491,TCS.NS
2020-08-10,1957.0306396484375,1993.2084019002928,1951.2439055784046,1987.2073443461843,2929353,TCS.NS
2020-08-11,1954.5438232421875,1982.0630347369538,1950.8576277717366,1957.2015174327273,2774423,TCS.NS
2020-08-12,1935.2125244140625,1968.6896847294406,1925.9537081683363,1961.788636076637,3415751,TCS.NS
2020-08-13,1932.7261962890625,1971.7759754010813,1929.3399272348406,1948.6290400376772,2695682,TCS.NS
2020-08-14,1922.181640625,1955.744825995158,1914.423297436897,1952.05841996915,2270405,TCS.NS
2020-08-17,1931.826171875,1946.0573356709467,1918.8382517909677,1940.0562778076444,2625630,TCS.NS
2020-08-18,1945.843505859375,1962.3464191704415,1927.4545871728265,1939.8853530435,3493374,TCS.NS
2020-08-19,1934.5697021484375,1958.573933875812,1931.0547130682417,1951.501258456139,2843005,TCS.NS
2020-08-20,1931.354736328125,1951.6725608447966,1920.3813320367567,1934.9124224587908,2895164,TCS.NS
2020-08-21,1927.711669921875,1946.9149747683728,1921.2390573618975,1937.4847393115465,1975294,TCS.NS
2020-08-24,1927.282470703125,1937.4412776819038,1911.7653676313919,1929.4257054202005,2167966,TCS.NS
2020-08-25,1922.6102294921875,1928.911423863589,1914.8089799802879,1924.624954032781,1663419,TCS.NS
2020-08-26,1931.91162109375,1937.398217815186,1900.1488432401243,1922.0527421753661,2618149,TCS.NS
2020-08-27,1927.5396728515625,1960.9314403266897,1921.8387516876694,1942.6281304000263,3579393,TCS.NS
2020-08-28,1919.095458984375,1954.5873456330023,1916.137836647037,1944.6855584164484,2941136,TCS.NS
2020-08-31,1935.12646484375,1951.3721407858,1910.0506207428841,1920.3381465278549,6018154,TCS.NS
2020-09-01,1925.7828369140625,1952.9161135957308,1921.4534595080527,1945.2004660881096,3610908,TCS.NS
2020-09-02,1941.8992919921875,1944.9856339082528,1921.752884324157,1926.339490641033,2084137,TCS.NS
2020-09-03,1971.3472900390625,1992.3509902373478,1944.342532641267,1944.342532641267,4654146,TCS.NS
2020-09-04,1962.1744384765625,1992.5654672037376,1940.0133061053941,1950.343740083254,5231303,TCS.NS
2020-09-07,1994.966064453125,2009.0685090336908,1957.5023581396092,1962.345985567791,4620401,TCS.NS
2020-09-08,2013.09716796875,2049.3178293754727,1994.9654886414546,2002.595319395203,7453998,TCS.NS
2020-09-09,1995.4796142578125,2022.3558557041947,1988.921401116461,1993.2078696533501,3866535,TCS.NS
2020-09-10,1998.4803466796875,2013.3544777444156,1992.6080097635381,2001.7810115108412,2308813,TCS.NS
2020-09-11,2035.3016357421875,2042.93146812207,1997.6233994710933,1998.309276486205,4145424,TCS.NS
2020-09-14,2135.8623046875,2148.1645579804117,2041.945909291565,2043.8748208970546,7512131,TCS.NS
2020-09-15,2135.8623046875,2175.8122909924314,2112.8869916712433,2135.8623046875,7318770,TCS.NS
2020-09-16,2145.806884765625,2149.7505208908246,2123.774470797287,2133.761862190042,3074003,TCS.NS
2020-09-17,2109.757568359375,2139.5914405839812,2100.884701288022,2126.089060462095,4828176,TCS.NS
2020-09-18,2100.284423828125,2143.5777695284337,2088.710955175567,2130.3755260448897,4183256,TCS.NS
2020-09-21,2113.487548828125,2147.436275426526,2102.214003900722,2113.230318693974,4598809,TCS.NS
2020-09-22,2162.909423828125,2190.385732905245,2107.228231499449,2130.3751648804437,7499613,TCS.NS
2020-09-23,2115.330078125,2160.25241014795,2065.2212847449828,2151.8079803694095,7502280,TCS.NS
2020-09-24,1999.423583984375,2100.3699349391013,1974.0049050224598,2100.3699349391013,8424708,TCS.NS
2020-09-25,2076.623291015625,2091.7973529040923,2016.4412942798363,2030.0721851134797,8228267,TCS.NS
2020-09-28,2080.052490234375,2095.226552292309,2028.3576197723414,2091.797376265644,4347166,TCS.NS
2020-09-29,2133.290771484375,2152.70861040262,2080.052928045048,2087.382835204906,6995811,TCS.NS
2020-09-30,2136.633056640625,2147.5206443948796,2108.9424292261097,2133.803945668206,3917166,TCS.NS
2020-10-01,2163.33837890625,2177.526635656113,2136.6337560512884,2151.8078171247416,2610337,TCS.NS
2020-10-05,2319.66650390625,2338.7842049072824,2231.579531855379,2246.1106255307136,17412105,TCS.NS
2020-10-06,2326.953125,2345.5563627715733,2271.9148925581817,2345.5563627715733,9846367,TCS.NS
2020-10-07,2345.513671875,2374.7045768548846,2317.2658740934125,2350.700342865016,9656101,TCS.NS
2020-10-08,2422.45556640625,2473.2931414687678,2400.423152898631,2400.423152898631,19839329,TCS.NS
2020-10-09,2411.525146484375,2426.013540851065,2383.2773506807894,2408.9961710118773,7739245,TCS.NS
2020-10-12,2426.14208984375,2446.7171464360645,2401.0662396218668,2413.7113264858936,4623203,TCS.NS
2020-10-13,2423.1845703125,2447.488731365004,2410.8823168153367,2439.0016038800613,4209878,TCS.NS
2020-10-14,2418.92236328125,2446.817026444454,2399.9383960375526,2446.817026444454,4395936,TCS.NS
2020-10-15,2359.517333984375,2434.548968629276,2347.8083414205767,2420.1280703092193,6629355,TCS.NS
2020-10-16,2379.060546875,2386.2493453117218,2351.510177333232,2367.6960614775485,5273773,TCS.NS
2020-10-19,2334.5068359375,2388.2730712233697,2330.245179453124,2388.2730712233697,3331194,TCS.NS
2020-10-20,2358.139404296875,2376.1331550317245,2340.0163850913345,2346.0861178200016,3406273,TCS.NS
2020-10-21,2303.383544921875,2366.7494939516014,2292.7509477743733,2358.1400014308606,4570143,TCS.NS
2020-10-22,2299.724609375,2313.0693233553106,2271.270403525979,2290.986058168198,5262294,TCS.NS
2020-10-23,2313.197998046875,2326.284381842546,2298.8201906491454,2314.0589471149146,3499091,TCS.NS
2020-10-26,2314.403076171875,2333.12871705465,2299.1643208023493,2315.909736932558,2672752,TCS.NS
2020-10-27,2264.4248046875,2340.1883125525574,2259.21623167587,2324.3469358941825,3537502,TCS.NS
2020-10-28,2257.580078125,2286.6371024006153,2243.6327485112233,2281.5144986779515,3569445,TCS.NS
2020-10-29,2266.57763671875,2285.8199337978403,2238.6829690613313,2245.355324800289,3105968,TCS.NS
2020-10-30,2294.300048828125,2302.4790644069135,2257.0640042194286,2269.5477648396854,3427003,TCS.NS
2020-11-02,2242.42822265625,2294.300408538687,2238.5108620158076,2290.1247211167292,2571196,TCS.NS
2020-11-03,2267.395263671875,2294.428976921407,2239.371333003411,2241.911090395251,2879269,TCS.NS
2020-11-04,2284.227294921875,2343.3746733495504,2247.077420872264,2247.077420872264,4893928,TCS.NS
2020-11-05,2312.250732421875,2333.171835569009,2296.151027845958,2311.6481101486306,2816502,TCS.NS
2020-11-06,2330.97607421875,2335.9696199135865,2308.4623443970577,2323.7010979993624,3884421,TCS.NS
2020-11-09,2347.46435546875,2362.444788637406,2320.3444535583717,2351.3386271702325,3646592,TCS.NS
2020-11-10,2281.17041015625,2335.8835474906605,2271.484734519025,2322.1514538479623,4760020,TCS.NS
2020-11-11,2314.058837890625,2318.3635830276367,2275.832574958379,2296.968915619634,3242441,TCS.NS
2020-11-12,2299.637939453125,2335.754709079128,2291.6310714675155,2312.5090853617908,2437505,TCS.NS
2020-11-13,2287.412841796875,2294.343314326126,2269.4619678752724,2286.4657136512724,2548093,TCS.NS
2020-11-14,2299.035400390625,2315.092016240263,2290.1675830574613,2305.5784871138007,298819,TCS.NS
2020-11-17,2295.33349609375,2320.257931651249,2281.5583098576017,2320.257931651249,2827273,TCS.NS
2020-11-18,2261.412109375,2293.7407935486212,2244.5376313401994,2290.985798174845,2893762,TCS.NS
2020-11-19,2270.236328125,2304.0285762872095,2265.027754842633,2270.322507101827,4167501,TCS.NS
2020-11-20,2290.34033203125,2303.9002832499295,2262.1873324919593,2285.82034829169,2711471,TCS.NS
2020-11-23,2345.43994140625,2350.3903973714096,2294.428721243519,2315.9524428311693,3706418,TCS.NS
2020-11-24,2343.546875,2361.5837191871183,2328.8676487062176,2354.179471790684,3120516,TCS.NS
2020-11-25,2325.681640625,2352.9305931581944,2314.403124333279,2349.5298865518403,3302249,TCS.NS
2020-11-26,2342.2978515625,2351.2085472853,2307.3432393078774,2312.508933127224,2341099,TCS.NS
2020-11-27,2307.0419921875,2339.80114493148,2297.916058553336,2328.867134250973,6086808,TCS.NS
2020-12-01,2347.635986328125,2355.4704968169954,2259.5177641778523,2306.4825783892575,3605017,TCS.NS
2020-12-02,2367.222412109375,2371.6562154705816,2326.671629325139,2340.9203775972933,2509032,TCS.NS
2020-12-03,2332.697998046875,2388.1861136357334,2325.2508740017015,2388.1861136357334,2852548,TCS.NS
2020-12-04,2348.281982421875,2358.010750212946,2323.7018412475063,2333.861083629398,2686527,TCS.NS
2020-12-07,2357.020263671875,2362.444284936023,2329.8572780510817,2337.4767615165097,1996400,TCS.NS
2020-12-08,2408.333251953125,2415.4360828907415,2352.5006119603636,2359.000820493324,4277818,TCS.NS
2020-12-09,2419.95556640625,2445.095235948603,2404.7596899686655,2423.571510280042,3659996,TCS.NS
2020-12-10,2397.140380859375,2434.1611884481035,2393.653495315399,2426.1543205822477,2127801,TCS.NS
2020-12-11,2396.5380859375,2417.286833886007,2380.1369629478827,2404.372596916649,1795408,TCS.NS
2020-12-14,2408.67724609375,2414.101267442154,2372.9909480696992,2412.3793692485433,2483658,TCS.NS
2020-12-15,2377.553466796875,2406.0938386343532,2371.91420948716,2398.603625274493,2365509,TCS.NS
2020-12-16,2422.8828125,2427.70421133273,2376.6068003361715,2392.577447502868,2565149,TCS.NS
2020-12-17,2443.54541015625,2456.890119658406,2414.9619453901573,2420.127639390992,2863460,TCS.NS
2020-12-18,2463.175537109375,2495.030655904568,2450.433447552765,2469.202181205763,6076692,TCS.NS
2020-12-21,2428.005859375,2485.129924214814,2397.743578360733,2463.1757190987637,2705195,TCS.NS
2020-12-22,2473.076416015625,2482.6759148936776,2426.714220536492,2439.929873973292,2881737,TCS.NS
2020-12-23,2504.285888671875,2513.110617630667,2467.006747714737,2476.132892958945,2790988,TCS.NS
2020-12-24,2504.802490234375,2515.1338800203707,2482.288543876794,2504.501073955218,1807144,TCS.NS
2020-12-28,2522.064208984375,2539.541517749589,2498.474287725912,2505.3618805246047,2108994,TCS.NS
2020-12-29,2523.010986328125,2541.521389401339,2513.971022036555,2513.971022036555,1994151,TCS.NS
2020-12-30,2504.759033203125,2537.819391590143,2498.4740633003353,2526.3687275523416,2637968,TCS.NS
2020-12-31,2464.681884765625,2501.056982008258,2449.4000391784834,2496.7522367724437,4040956,TCS.NS
2021-01-01,2521.074462890625,2531.1906158621828,2478.672715328988,2479.533664518057,2681440,TCS.NS
2021-01-04,2616.81103515625,2626.53979955319,2532.00757035055,2539.7991997646186,5113293,TCS.NS
2021-01-05,2662.915771484375,2681.210941269064,2616.9411700789765,2616.9411700789765,5801309,TCS.NS
2021-01-06,2627.18603515625,2680.564876440762,2614.8744216601654,2668.942064225586,3726716,TCS.NS
2021-01-07,2611.08642578125,2652.4550713343,2583.062491039336,2647.418435112393,3717827,TCS.NS
2021-01-08,2686.9365234375,2693.049347401583,2634.504796371114,2660.333274766909,5879039,TCS.NS
2021-01-11,2734.76171875,2780.865584960239,2709.019424811484,2780.865584960239,9508039,TCS.NS
2021-01-12,2733.384033203125,2763.646306658487,2711.989366347113,2734.761425495851,3611458,TCS.NS
2021-01-13,2719.69482421875,2735.2349958370237,2691.5418337222204,2733.513097822647,3572801,TCS.NS
2021-01-14,2804.013671875,2817.6425990586313,2691.6184573525616,2721.464074706867,6931542,TCS.NS
2021-01-15,2789.04736328125,2824.1114607421646,2768.905861020876,2790.4705484120045,4131692,TCS.NS
2021-01-18,2779.041259765625,2809.231822066175,2749.411295099311,2803.4093564796403,4160906,TCS.NS
2021-01-19,2812.638916015625,2828.4243088054377,2787.882697791758,2788.745285260134,2975735,TCS.NS
2021-01-20,2854.1298828125,2870.648351056477,2818.160022139407,2820.6614419334096,3453446,TCS.NS
2021-01-21,2823.981689453125,2854.4308545355875,2813.8462880568213,2850.8512012581946,2778546,TCS.NS
2021-01-22,2849.21240234375,2868.1029813523014,2796.421887265517,2796.421887265517,3052459,TCS.NS
2021-01-25,2839.033447265625,2880.868928731804,2828.1215922389956,2854.258027933291,2272887,TCS.NS
2021-01-27,2812.94091796875,2852.1023049644546,2783.5697724256493,2846.5386578880207,2786662,TCS.NS
2021-01-28,2757.303955078125,2824.973898403804,2746.3059650919727,2786.1574631585613,3083938,TCS.NS
2021-01-29,2683.81103515625,2774.813993782562,2674.0205852281333,2768.9483581222516,5445659,TCS.NS
2021-02-01,2707.9638671875,2730.089149995435,2625.8024164648887,2674.020968399952,3985846,TCS.NS
2021-02-02,2763.2548828125,2780.9810916285855,2717.149639773587,2737.8517322671,2881837,TCS.NS
2021-02-03,2760.322998046875,2791.332974604813,2728.062101218418,2771.4934633514413,2505866,TCS.NS
2021-02-04,2750.316650390625,2792.928592710051,2739.5774797814165,2774.124145975899,2057261,TCS.NS
2021-02-05,2724.008056640625,2765.3261227769435,2699.0361915221556,2759.3741428830053,2366135,TCS.NS
2021-02-08,2772.4423828125,2782.707089139848,2721.5926846096877,2751.2226474927297,2526592,TCS.NS
2021-02-09,2740.354248046875,2799.7866553978947,2729.2269531135325,2755.9671666238105,2658751,TCS.NS
2021-02-10,2771.752685546875,2777.014343377286,2723.4477815441405,2747.3414151555307,2127983,TCS.NS
2021-02-11,2765.455810546875,2776.928267599993,2747.3846426744685,2773.2190988484726,1165882,TCS.NS
2021-02-12,2752.343994140625,2799.52748410672,2744.7531826922145,2746.650832906159,2777404,TCS.NS
2021-02-15,2708.3955078125,2768.043350559288,2701.2359892808677,2768.043350559288,2630853,TCS.NS
2021-02-16,2681.61181640625,2732.3749597743044,2674.021004983255,2717.150376031372,3435770,TCS.NS
2021-02-17,2650.817626953125,2702.357228065124,2627.0533001377667,2678.4204258750324,3678426,TCS.NS
2021-02-18,2637.23193359375,2672.2096876641276,2614.5026691089115,2643.830643622175,4189909,TCS.NS
2021-02-19,2649.739501953125,2662.9369222580963,2601.6932096230908,2637.792580814729,3725028,TCS.NS
2021-02-22,2551.92138671875,2670.570313400663,2538.723758749121,2670.570313400663,5366696,TCS.NS
2021-02-23,2570.68310546875,2611.9148281639755,2560.1595805781635,2561.8847554976905,3832829,TCS.NS
2021-02-24,2542.994140625,2590.6520971446007,2519.7472404187038,2563.6098964027583,3774549,TCS.NS
2021-02-25,2583.70849609375,2613.5538985691696,2560.547936448802,2565.335339405835,4224073,TCS.NS
2021-02-26,2496.5869140625,2563.9119070690585,2484.25187133284,2553.2588677587523,5553153,TCS.NS
2021-03-01,2522.37841796875,2557.572031379109,2503.0565414965754,2523.9311176442743,3265871,TCS.NS
2021-03-02,2593.239990234375,2609.3271627195363,2542.907925850312,2553.258975752009,3306469,TCS.NS
2021-03-03,2638.740966796875,2642.9675604469694,2585.0878667758557,2617.952528053705,3509857,TCS.NS
2021-03-04,2630.633056640625,2658.02020976572,2601.6070715025844,2607.602012509075,3916760,TCS.NS
2021-03-05,2594.705810546875,2642.27741665036,2584.829227925613,2601.6496805392176,3203686,TCS.NS
2021-03-08,2593.757080078125,2616.227523444832,2584.311790385993,2601.563537985365,2003125,TCS.NS
2021-03-09,2631.71142578125,2645.469654992304,2580.9482751621667,2593.7575738375635,1942397,TCS.NS
2021-03-10,2648.962646484375,2668.155215500938,2639.5173568846353,2652.4561674575993,3053778,TCS.NS
2021-03-12,2637.75,2688.6858455120223,2623.4311706175704,2652.4571623193674,2938317,TCS.NS
2021-03-15,2644.82275390625,2673.1588393934207,2623.128761082734,2623.128761082734,3097083,TCS.NS
2021-03-16,2682.68994140625,2709.3869788790357,2639.517400627141,2639.517400627141,4894756,TCS.NS
2021-03-17,2685.191650390625,2721.46349599781,2661.3411908354997,2678.334122051727,3838390,TCS.NS
2021-03-18,2619.24658203125,2714.0880224400876,2576.5916781654355,2696.404981132121,3656306,TCS.NS
2021-03-19,2631.064208984375,2673.158518840698,2592.075298198224,2613.6399845393075,5776626,TCS.NS
2021-03-22,2699.5966796875,2708.0500786626917,2603.849474474257,2629.770268995108,2821646,TCS.NS
2021-03-23,2710.767333984375,2733.5395578340426,2693.7312322907105,2708.5245224357504,3305973,TCS.NS
2021-03-24,2692.22119140625,2719.133871899528,2683.638279663349,2683.6814511450275,2207104,TCS.NS
2021-03-25,2643.701171875,2700.631942315349,2630.8916642888676,2684.5445603732155,3179786,TCS.NS
2021-03-26,2645.38330078125,2689.5477372213268,2624.8968483248655,2665.9558856292324,3697370,TCS.NS
2021-03-30,2724.52587890625,2750.317161758501,2640.294080434551,2659.3573490419767,4694008,TCS.NS
2021-03-31,2741.17333984375,2764.592502547157,2701.623624954039,2721.463134332693,3530069,TCS.NS
2021-04-01,2730.088623046875,2773.217985180317,2712.8368781934983,2752.6022343175673,4285076,TCS.NS
2021-04-05,2793.83447265625,2814.6229149226165,2718.0131182718865,2735.264867673802,5317862,TCS.NS
2021-04-06,2816.08935546875,2824.9740487941745,2786.157611482499,2824.9740487941745,2291562,TCS.NS
2021-04-07,2821.86865234375,2827.1736918038127,2790.298076321503,2811.1726516221984,2491268,TCS.NS
2021-04-08,2861.504638671875,2876.72922333794,2817.2538591748644,2820.6610375757314,2578118,TCS.NS
2021-04-09,2865.730712890625,2893.4198499935837,2853.4388436277186,2893.1178601956976,2911129,TCS.NS
2021-04-12,2800.433349609375,2879.4032733871372,2771.665973691975,2865.731177961672,3791828,TCS.NS
2021-04-13,2677.514404296875,2772.355844796707,2650.7741954640505,2772.355844796707,8654596,TCS.NS
2021-04-15,2776.625244140625,2792.410633263149,2663.1950184014627,2726.0345851107286,6062760,TCS.NS
2021-04-16,2756.095947265625,2800.821186576273,2745.2706442609606,2785.2946139374144,3224657,TCS.NS
2021-04-19,2727.32861328125,2750.790946118648,2704.2975741011296,2733.539199827531,2679106,TCS.NS
2021-04-20,2712.449462890625,2782.1465723791703,2696.750413101551,2781.8445825285053,3141893,TCS.NS
2021-04-22,2690.238037109375,2715.4255509270147,2678.549933931421,2715.4255509270147,1988980,TCS.NS
2021-04-23,2682.215576171875,2690.410156642572,2666.3008804288893,2678.3339327910185,1615309,TCS.NS
2021-04-26,2674.71142578125,2719.7384522344405,2663.713434894479,2675.789660181914,2490260,TCS.NS
2021-04-27,2701.62353515625,2705.160227469329,2676.6085024233216,2679.1962644301766,1471417,TCS.NS
2021-04-28,2694.8095703125,2718.013088769156,2684.372177800576,2717.1073298168585,1639037,TCS.NS
2021-04-29,2687.176025390625,2723.4910476483824,2678.7657962765707,2713.3556433314448,1621395,TCS.NS
2021-04-30,2618.51318359375,2701.666729816196,2605.013775912573,2673.158176010948,3072305,TCS.NS
2021-05-03,2619.677734375,2635.2043063930273,2591.212352341949,2609.2403433925037,1545831,TCS.NS
2021-05-04,2630.676025390625,2665.3951695899764,2617.952860746142,2641.9328335166438,1990777,TCS.NS
2021-05-05,2670.3115234375,2673.503054401822,2632.961450376518,2648.1430714400576,1939289,TCS.NS
2021-05-06,2683.8974609375,2703.3488484717996,2651.5936056803803,2678.7651081458753,1791671,TCS.NS
2021-05-07,2702.39990234375,2725.6468005693077,2684.1994350905716,2702.4862453182805,1912540,TCS.NS
2021-05-10,2713.26904296875,2729.3993874671364,2695.5859988165134,2713.657165234048,2137153,TCS.NS
2021-05-11,2693.515625,2698.25985592109,2666.387081531657,2695.585750619421,2415625,TCS.NS
2021-05-12,2663.3251953125,2691.272945509579,2648.661208109403,2691.272945509579,1978558,TCS.NS
2021-05-14,2632.185302734375,2672.726908249209,2622.265548193511,2672.726908249209,2043935,TCS.NS
2021-05-17,2647.927490234375,2652.628549124657,2618.8151674734304,2635.2043269536657,2890462,TCS.NS
2021-05-18,2664.35986328125,2694.722896047772,2655.043877732088,2674.020799535241,2098538,TCS.NS
2021-05-19,2658.494873046875,2689.5480253602063,2645.6424025764795,2660.2200481753935,1986041,TCS.NS
2021-05-20,2639.517333984375,2664.3598921874577,2632.7029780454495,2645.6417885061574,2329027,TCS.NS
2021-05-21,2657.20068359375,2663.8425649498754,2635.291046239091,2640.3802280410546,1685566,TCS.NS
2021-05-24,2658.063232421875,2678.3340375368884,2649.8686516306993,2658.063232421875,1652260,TCS.NS
2021-05-25,2699.236328125,2711.5883248095797,2671.585276336339,2680.1665788575788,1841613,TCS.NS
2021-05-26,2737.80908203125,2743.44332582837,2690.394795786189,2704.43702261754,1923753,TCS.NS
2021-05-27,2756.4453125,2789.167265502162,2740.669472847345,2740.7994092035597,5959785,TCS.NS
2021-05-28,2724.89404296875,2772.0482500019803,2718.0027593529935,2764.680391926616,1763701,TCS.NS
2021-05-31,2738.37255859375,2748.08096384286,2711.8917807222774,2730.441361193668,1652799,TCS.NS
2021-06-01,2733.0419921875,2747.734325938931,2714.839048376546,2746.5642636676007,1377441,TCS.NS
2021-06-02,2712.628173828125,2738.632374721119,2700.102859389212,2731.177964105431,2240078,TCS.NS
2021-06-03,2722.857666015625,2734.386242190728,2706.7349701168714,2734.386242190728,1281706,TCS.NS
2021-06-04,2725.023681640625,2736.3789345535747,2708.7710553087722,2711.371475521869,1836060,TCS.NS
2021-06-07,2759.219482421875,2765.5038319928763,2716.2259902615097,2726.107503558531,2559821,TCS.NS
2021-06-08,2773.912109375,2800.653187785545,2762.687001968259,2772.0485591266397,2574057,TCS.NS
2021-06-09,2773.9990234375,2791.118461204203,2761.8203431067545,2775.515935644676,1710925,TCS.NS
2021-06-10,2788.343994140625,2794.5849604125315,2767.713951177796,2782.449665919425,1874324,TCS.NS
2021-06-11,2837.75244140625,2868.2640016376467,2783.316926339826,2783.7937124543178,3452954,TCS.NS
2021-06-14,2839.962646484375,2868.003720504315,2834.761805496382,2842.2595999383007,1847360,TCS.NS
2021-06-15,2828.174072265625,2858.7290139704332,2818.4658777931895,2858.7290139704332,1304985,TCS.NS
2021-06-16,2838.228759765625,2855.8681501125543,2819.722351048015,2827.6103771033627,1635552,TCS.NS
2021-06-17,2875.8486328125,2891.711241629549,2825.79053363537,2830.5579716522398,2273413,TCS.NS
2021-06-18,2858.12158203125,2910.7367028584363,2838.7917515965987,2904.582291053217,3380431,TCS.NS
2021-06-21,2837.14599609375,2848.327721428327,2818.596199844793,2830.1247749432405,1130569,TCS.NS
2021-06-22,2861.502685546875,2883.9097269133786,2847.460457123967,2863.929787012964,1708688,TCS.NS
2021-06-23,2827.00390625,2885.600136660066,2822.669871800225,2885.600136660066,1467104,TCS.NS
2021-06-24,2924.259521484375,2932.4074208008446,2841.8261096942265,2846.593547120891,4155204,TCS.NS
2021-06-25,2930.501220703125,2946.8404060852245,2903.803522115531,2925.6903994090885,2722861,TCS.NS
2021-06-28,2892.317138671875,2939.774803568042,2889.066613678987,2939.774803568042,1355238,TCS.NS
2021-06-29,2895.871826171875,2917.9320187641097,2883.4330628958146,2896.8685694266683,1497322,TCS.NS
2021-06-30,2900.119140625,2931.5408902618997,2893.83479069762,2900.335842346634,1693146,TCS.NS
2021-07-01,2896.435302734375,2914.2048444689417,2888.5041041214736,2910.7376168134165,990310,TCS.NS
2021-07-02,2882.5224609375,2894.874457109893,2856.3015567820694,2887.3332807186644,1682274,TCS.NS
2021-07-05,2878.664794921875,2924.6055459398995,2862.195469085225,2896.8677340044883,1972858,TCS.NS
2021-07-06,2827.78369140625,2884.7328523262436,2822.4095319025464,2871.7307511288595,2159420,TCS.NS
2021-07-07,2838.74853515625,2845.4662870228362,2809.840658936255,2838.7919178154184,2640710,TCS.NS
2021-07-08,2824.489990234375,2858.7288592275495,2801.4328444405023,2858.7288592275495,2485811,TCS.NS
2021-07-09,2780.845947265625,2844.859709410131,2774.648363748272,2817.121893840014,6365067,TCS.NS
2021-07-12,2767.801025390625,2804.9869544453836,2763.6836928709663,2804.1201475991397,1892226,TCS.NS
2021-07-13,2762.989990234375,2785.9169872102957,2752.111522835311,2785.9169872102957,1809339,TCS.NS
2021-07-14,2786.394287109375,2792.851956478102,2760.7800997463546,2762.5137136237463,2044279,TCS.NS
2021-07-15,2782.397705078125,2807.503217958564,2774.6228962360215,2803.81124948361,2232968,TCS.NS
2021-07-16,2775.318603515625,2797.079548009529,2772.8862047787156,2791.1288771785757,1256526,TCS.NS
2021-07-19,2766.457275390625,2779.66144992292,2758.9863835986816,2762.461177532685,1597058,TCS.NS
2021-07-20,2784.8740234375,2792.8660081668077,2741.743010555163,2766.4576554739774,1811945,TCS.NS
2021-07-22,2794.038330078125,2801.5090094588377,2771.148041204873,2771.148041204873,2859334,TCS.NS
2021-07-23,2790.998046875,2815.9296512858455,2785.6119465337315,2805.896141243119,1776193,TCS.NS
2021-07-26,2777.70751953125,2800.9017319778745,2771.887280765189,2779.835788890191,1259611,TCS.NS
2021-07-27,2765.024169921875,2788.522509498278,2746.0864980011934,2779.8355234873798,1121367,TCS.NS
2021-07-28,2777.924072265625,2783.7008323872246,2721.111063799001,2769.4107846512215,1660654,TCS.NS
2021-07-29,2776.1865234375,2801.943347409682,2771.4086820063676,2780.052189087591,1731997,TCS.NS
2021-07-30,2751.559326171875,2800.2499249067837,2747.1290905819374,2796.3407812238056,2999943,TCS.NS
2021-08-02,2796.68798828125,2801.465830240041,2751.1682697258793,2762.4613507193862,2608669,TCS.NS
2021-08-03,2853.587646484375,2858.018093712723,2796.297022250731,2805.0274846803595,3804735,TCS.NS
2021-08-04,2844.075439453125,2871.22226784343,2832.9995334698806,2866.7050780162026,2929598,TCS.NS
2021-08-05,2852.7626953125,2879.735828978224,2834.129152953682,2844.9878853404775,2534521,TCS.NS
2021-08-06,2875.21875,2887.5542280518885,2836.301009202592,2842.859726234978,2292362,TCS.NS
2021-08-09,2886.42431640625,2898.846746739973,2875.391888435514,2887.466712136198,1510489,TCS.NS
2021-08-10,2896.154541015625,2910.053720359214,2880.2575243091114,2880.2575243091114,2040777,TCS.NS
2021-08-11,2905.1015625,2918.8270416006376,2890.2469449854716,2910.1400563577786,1929707,TCS.NS
2021-08-12,2911.660400390625,2925.776751999888,2889.2914124559466,2889.2914124559466,1310205,TCS.NS
2021-08-13,3008.650146484375,3023.0706256820945,2916.6550648642624,2919.4783348451433,4363584,TCS.NS
2021-08-16,3016.9462890625,3035.536563448586,2985.28227245685,3005.6966863671473,2083489,TCS.NS
2021-08-17,3086.529296875,3093.2617103569523,3008.302953290365,3024.89517973779,4336019,TCS.NS
2021-08-18,3093.044189453125,3122.9708074862524,3072.2389047937404,3104.597920810114,2631309,TCS.NS
2021-08-20,3092.1318359375,3105.596660619908,3040.4442831243855,3045.6564733240275,2836148,TCS.NS
2021-08-23,3159.803955078125,3190.729707647399,3094.2172159201127,3109.9407441812386,3744176,TCS.NS
2021-08-24,3138.781494140625,3185.821646910204,3122.449919318279,3176.830532268057,2511141,TCS.NS
2021-08-25,3178.568115234375,3212.2301853260205,3133.4392662639175,3136.0018846668745,2123263,TCS.NS
2021-08-26,3189.730712890625,3203.4127144407685,3168.9252138816178,3179.436550700011,1902533,TCS.NS
2021-08-27,3231.68896484375,3239.811381469187,3171.7054970558997,3184.649021173358,3944728,TCS.NS
2021-08-30,3215.313720703125,3249.2364387035072,3203.412593965281,3227.214847440969,2033114,TCS.NS
2021-08-31,3289.283447265625,3304.616103294764,3217.181470574093,3222.3501843175904,3207480,TCS.NS
2021-09-01,3227.171142578125,3315.561206528715,3220.2650325782615,3297.5791917094903,2643336,TCS.NS
2021-09-02,3332.97900390625,3352.437765671095,3233.295850013439,3243.720232119877,3403717,TCS.NS
2021-09-03,3337.582763671875,3350.4828077907487,3305.00657334456,3322.7714133861414,1746812,TCS.NS
2021-09-06,3346.226318359375,3368.4650827752403,3313.2157783547914,3344.2282695737613,1723693,TCS.NS
2021-09-07,3314.866455078125,3361.8196504818197,3308.220996519753,3356.6509369270207,1585039,TCS.NS
2021-09-08,3278.59814453125,3314.0845607693886,3262.831352621186,3309.741068553439,4147175,TCS.NS
2021-09-09,3293.583251953125,3308.6117777077047,3270.649697473994,3292.1065069900405,1441148,TCS.NS
2021-09-13,3340.4501953125,3346.5743506812473,3272.3875762084303,3272.3875762084303,1691473,TCS.NS
2021-09-14,3375.675537109375,3384.883826372717,3322.771881400139,3344.4458673337895,1991188,TCS.NS
2021-09-15,3435.31103515625,3457.419365314023,3358.387755352767,3372.3738833477837,2461369,TCS.NS
2021-09-16,3390.790771484375,3458.9401238604128,3381.0613910627826,3413.984978155691,2946666,TCS.NS
2021-09-17,3325.247314453125,3427.015248990457,3305.3974708260303,3405.297788603952,6477148,TCS.NS
2021-09-20,3321.46875,3362.7319291879166,3307.873703164557,3308.87262161632,2002008,TCS.NS
2021-09-21,3355.738525390625,3363.2094166504107,3319.861238160691,3351.4385106205073,1568129,TCS.NS
2021-09-22,3355.043701171875,3385.1877076595533,3346.6173684546684,3355.3478304693117,1744067,TCS.NS
2021-09-23,3361.2109375,3369.6807460263617,3331.4580203689347,3361.862461232797,2003869,TCS.NS
2021-09-24,3362.99267578125,3426.494411341155,3348.832847265645,3379.237295943802,2320754,TCS.NS
2021-09-27,3333.15234375,3391.3986149404177,3303.573120278085,3387.923821277569,1673362,TCS.NS
2021-09-28,3282.941650390625,3344.4890201802423,3258.705048558736,3344.4890201802423,2253075,TCS.NS
2021-09-29,3294.017822265625,3306.2665561909757,3233.4261006959136,3266.13272711656,2489161,TCS.NS
2021-09-30,3279.81494140625,3305.3980719774313,3257.706605128869,3305.3980719774313,2252412,TCS.NS
2021-10-01,3240.419189453125,3309.7413740348698,3235.9019995485273,3285.200640749703,1578374,TCS.NS
2021-10-04,3277.860107421875,3286.8510096871387,3220.6562261020495,3235.728229979652,1356860,TCS.NS
2021-10-05,3329.982177734375,3335.8024155737935,3250.3225635085573,3261.0943406416723,1877966,TCS.NS
2021-10-06,3310.523193359375,3350.9611529611852,3296.710971356703,3332.32761162696,1678154,TCS.NS
2021-10-07,3381.756591796875,3387.0557379288393,3318.472027970927,3327.1155363599523,1647233,TCS.NS
2021-10-08,3418.893310546875,3466.0202061548184,3387.924292552639,3409.641755966438,2934339,TCS.NS
2021-10-11,3201.67529296875,3264.1346306074806,3179.436526420061,3261.9628843462647,11845402,TCS.NS
2021-10-12,3173.224609375,3220.2645365876415,3153.896072569207,3219.395838304235,5752877,TCS.NS
2021-10-13,3175.26611328125,3192.8572545738984,3166.405432676679,3170.748924353876,3545655,TCS.NS
2021-10-14,3143.28076171875,3194.2406932053873,3140.4520744563747,3155.0742541878826,6442299,TCS.NS
2021-10-18,3174.353515625,3179.184086750724,3134.5778539300672,3136.318584966971,3590107,TCS.NS
2021-10-19,3163.0380859375,3211.7351962506837,3155.2483587152783,3193.3704027509225,3135441,TCS.NS
2021-10-20,3141.01806640625,3159.426208492171,3114.4283625664993,3143.759632251714,2933693,TCS.NS
2021-10-21,3074.565185546875,3139.799017261379,3056.0699243457793,3136.8834212257602,4871211,TCS.NS
2021-10-22,3045.2783203125,3099.89375374522,3033.223673514387,3098.5010839917413,2691670,TCS.NS
2021-10-25,3040.142578125,3058.94255450439,3002.7604291932066,3048.8897923083487,2595594,TCS.NS
2021-10-26,3031.134521484375,3071.5193896414444,3024.519659678101,3041.491784387086,3878763,TCS.NS
2021-10-27,3037.357177734375,3056.0700308961455,3031.482212206842,3031.482212206842,2510813,TCS.NS
2021-10-28,2978.0849609375,3061.9447318095554,2972.297117433096,3061.9447318095554,2424942,TCS.NS
2021-10-29,2957.2841796875,3012.334793877842,2947.013824976602,2959.286062701825,3960501,TCS.NS
2021-11-01,3025.73779296875,3034.9637499899923,2970.5131581120604,2992.272290245628,2020718,TCS.NS
2021-11-02,3032.527099609375,3058.1159699944874,3019.9503620137025,3041.056723071079,3087414,TCS.NS
2021-11-03,3039.533447265625,3063.5989646219014,3016.729917190848,3049.9342708836666,1537639,TCS.NS
2021-11-04,3053.807373046875,3057.811138748893,3050.630624440296,3057.549986639362,328991,TCS.NS
2021-11-08,3048.672119140625,3088.056149799711,3029.9157040300906,3088.056149799711,2526082,TCS.NS
2021-11-09,3051.239501953125,3076.7412470079594,3042.7970012842507,3053.2413845838532,1782692,TCS.NS
2021-11-10,3032.6142578125,3063.4251085051474,3029.045674614578,3044.538221499019,1516489,TCS.NS
2021-11-11,3036.00830078125,3055.0258682331873,2990.5752730659246,3028.8713475755,1284514,TCS.NS
2021-11-12,3068.95166015625,3076.0014917098492,3033.832334714238,3051.500793099573,1747259,TCS.NS
2021-11-15,3092.669189453125,3106.8561869215628,3070.64890396437,3070.64890396437,1809157,TCS.NS
2021-11-16,3095.36767578125,3112.0353020442994,3082.834497996638,3106.334365711463,2013204,TCS.NS
2021-11-17,3065.33984375,3100.9814771812103,3051.8491799334315,3090.319500939084,1632914,TCS.NS
2021-11-18,3025.128662109375,3064.425783307155,3004.152985656586,3059.4645310524397,2136598,TCS.NS
2021-11-22,3010.071533203125,3060.1611031208754,2994.3180473828165,3027.4788407337737,3167936,TCS.NS
2021-11-23,3015.162841796875,3029.6978990916023,2966.030765533705,2998.4083105983213,2153461,TCS.NS
2021-11-24,2996.928955078125,3040.229629838049,2980.130861868933,3022.082427881749,2161746,TCS.NS
2021-11-25,2999.19189453125,3014.075227111931,2988.8781925600256,2997.4511638196636,1849619,TCS.NS
2021-11-26,3000.01904296875,3037.5752247190135,2969.599602458624,2981.0014741153645,1941251,TCS.NS
2021-11-29,3048.018798828125,3071.82337101717,2964.855365059687,3000.279184672269,2981745,TCS.NS
2021-11-30,3071.650146484375,3101.764876086428,3038.4457895244395,3038.4457895244395,5588446,TCS.NS
2021-12-01,3113.9931640625,3124.611578739854,3076.7414849151487,3076.7414849151487,2102118,TCS.NS
2021-12-02,3170.653564453125,3175.092512337047,3110.7726037312136,3123.914991843836,3152938,TCS.NS
2021-12-03,3168.521728515625,3190.7160465699467,3160.166348037167,3173.743920998995,2486263,TCS.NS
2021-12-06,3077.9599609375,3183.7964732572673,3065.426784803744,3168.5215187563167,1849642,TCS.NS
2021-12-07,3119.82421875,3131.5741495501466,3067.4282735320944,3100.6761833719834,1484458,TCS.NS
2021-12-08,3156.7275390625,3173.7432216529896,3134.185164806538,3134.185164806538,1428660,TCS.NS
2021-12-09,3134.838623046875,3163.560681646319,3103.7230595641445,3142.019137696736,1567957,TCS.NS
2021-12-10,3165.343994140625,3169.869850385326,3111.6425073229498,3120.25903724091,1510718,TCS.NS
2021-12-13,3141.71435546875,3187.278068783452,3134.7949930935406,3176.833684068705,1883864,TCS.NS
2021-12-14,3154.030029296875,3163.7780788158257,3113.035735906248,3137.6671180553103,1747007,TCS.NS
2021-12-15,3107.509033203125,3153.333684191236,3096.890405868701,3150.72258812373,1603233,TCS.NS
2021-12-16,3117.300537109375,3140.6697186213864,3107.2042143295057,3117.648598243218,2072320,TCS.NS
2021-12-17,3119.694091796875,3178.0085695838147,3110.4245734298493,3135.4911377231397,4333992,TCS.NS
2021-12-20,3095.802490234375,3138.5375147693103,3055.112909309398,3123.741303523864,2312310,TCS.NS
2021-12-21,3140.539306640625,3169.1742414013142,3104.0708713088916,3118.2143081191102,2340989,TCS.NS
2021-12-22,3160.079345703125,3165.3450991541345,3138.7553922583197,3154.2043789377194,1224328,TCS.NS
2021-12-23,3187.886962890625,3194.67585477382,3159.4260598907417,3175.092635394332,1792861,TCS.NS
2021-12-24,3195.0244140625,3224.7039606129447,3172.308003535306,3207.296651783725,2209923,TCS.NS
2021-12-27,3216.95654296875,3220.3508818746745,3179.530843530747,3195.1102938816025,1534135,TCS.NS
2021-12-28,3226.052734375,3242.110932603277,3214.9991369151708,3229.0554523377605,1456218,TCS.NS
2021-12-29,3215.7392578125,3237.7159859183944,3207.2967552562723,3213.60690491044,1456923,TCS.NS
2021-12-30,3249.726806640625,3255.1665903812354,3202.944666471376,3204.1197447559684,1966475,TCS.NS
2021-12-31,3253.72998046875,3272.5733029211456,3247.5938630274704,3257.6030632890643,1207141,TCS.NS
2022-01-03,3322.8369140625,3333.4988883136334,3259.5178424894407,3263.869668714393,2346158,TCS.NS
2022-01-04,3381.151611328125,3384.981133665279,3317.571383436288,3334.456597811897,2488606,TCS.NS
2022-01-05,3360.43701171875,3368.3138605317376,3318.180732029534,3363.9620338385444,1733031,TCS.NS
2022-01-06,3313.872802734375,3337.8514127479953,3283.0183908436607,3317.833007925778,1810293,TCS.NS
2022-01-07,3353.952880859375,3363.874960866469,3304.2549343090877,3324.7956415940866,2460591,TCS.NS
2022-01-10,3376.88720703125,3462.3134841433975,3360.480734609768,3462.3134841433975,3937092,TCS.NS
2022-01-11,3408.263671875,3416.1840817490493,3356.1288711399575,3356.1288711399575,1906106,TCS.NS
2022-01-12,3359.52294921875,3419.665276673529,3339.200046881566,3416.1838154603215,3203744,TCS.NS
2022-01-13,3392.5966796875,3414.442932824278,3356.9988253640686,3410.0911065015353,6684507,TCS.NS
2022-01-14,3453.739990234375,3461.4428081583696,3359.653628525893,3375.146173409217,3348123,TCS.NS
2022-01-17,3498.12890625,3518.8872054066355,3448.6487622565855,3475.1077846169696,3442604,TCS.NS
2022-01-18,3473.2802734375,3517.755818179657,3464.0543151392512,3511.010486284599,2389041,TCS.NS
2022-01-19,3413.162841796875,3498.041884432763,3409.544563577846,3498.041884432763,3102539,TCS.NS
2022-01-20,3336.3486328125,3417.827148146218,3322.790627955417,3409.108201339722,6176776,TCS.NS
2022-01-21,3342.40869140625,3358.1464350043802,3288.002541429297,3319.303479374878,3112358,TCS.NS
2022-01-24,3288.22021484375,3356.4894006591326,3260.9735050308036,3348.075701814863,3258414,TCS.NS
2022-01-25,3286.9560546875,3321.3958985887766,3245.366716144262,3286.6073819205503,3330501,TCS.NS
2022-01-27,3181.761474609375,3255.1313224875653,3160.7053044667646,3253.038860524102,5718297,TCS.NS
2022-01-28,3217.335205078125,3251.9930207471753,3178.928199480695,3178.928199480695,3143862,TCS.NS
2022-01-31,3257.616943359375,3276.5806552410922,3244.669220445881,3268.7336020486573,2739393,TCS.NS
2022-02-01,3313.7666015625,3320.1751129374843,3257.74736547893,3287.0431133861125,2105169,TCS.NS
2022-02-02,3362.20068359375,3369.0015056035154,3313.766884903713,3337.5260181924546,1984212,TCS.NS
2022-02-03,3334.648193359375,3385.1308058721415,3327.1934519093306,3357.6661257987425,1960538,TCS.NS
2022-02-04,3326.19091796875,3334.735528375889,3286.171037442491,3326.539803558479,2307366,TCS.NS
2022-02-07,3294.89013671875,3340.9262203657618,3274.9672572822224,3305.352873326484,1919149,TCS.NS
2022-02-08,3263.894287109375,3312.938365711903,3244.3202929778845,3305.832508802573,2946443,TCS.NS
2022-02-09,3278.8037109375,3293.974593822682,3266.204874886914,3269.605179127238,1638721,TCS.NS
2022-02-10,3287.348388671875,3304.3066986400545,3276.580403583315,3304.3066986400545,2112459,TCS.NS
2022-02-11,3221.607421875,3271.7850066553174,3217.2915854918374,3271.7850066553174,3851488,TCS.NS
2022-02-14,3255.43701171875,3307.3147491669633,3234.7295114768162,3246.9360379352192,5951745,TCS.NS
2022-02-15,3328.719482421875,3343.7160280319836,3267.861192454726,3300.993189603413,3931683,TCS.NS
2022-02-16,3324.621826171875,3360.3695095219214,3318.431288543338,3351.5632877458197,3256906,TCS.NS
2022-02-17,3299.424560546875,3343.7168630000237,3294.8907497463074,3334.9979142047173,3134372,TCS.NS
2022-02-18,3307.881103515625,3327.1064235629706,3276.231497285131,3286.1710113776135,3688883,TCS.NS
2022-02-21,3242.92578125,3337.4393154101585,3230.8501646958202,3321.919543735201,7465922,TCS.NS
2022-02-22,3126.96337890625,3198.022804045737,3112.664389545629,3182.4159725046347,5408531,TCS.NS
2022-02-23,3107.25830078125,3158.787148610905,3100.152231425736,3148.411687072803,2426203,TCS.NS
2022-02-24,2965.880615234375,3037.5505321408286,2956.68229614939,3028.9622839273047,5039136,TCS.NS
2022-02-25,3069.7236328125,3077.7886597537813,3018.499813050309,3023.731181877086,2549723,TCS.NS
2022-02-28,3098.888427734375,3107.215065572524,3013.181127091719,3042.912824650469,3288942,TCS.NS
2022-03-02,3091.869140625,3114.3640652601866,3056.8626554299713,3097.405756821156,2761341,TCS.NS
2022-03-03,3090.34375,3120.1627215451904,3077.8758250310893,3106.4303788627763,1928039,TCS.NS
2022-03-04,3072.8623046875,3104.9914980604067,3040.3405883905943,3052.939424780361,2370257,TCS.NS
2022-03-07,3038.4658203125,3093.4824622131614,2991.950364784815,3008.0367797732265,3054130,TCS.NS
2022-03-08,3138.77734375,3146.6680335114793,3016.755720684322,3016.755720684322,3300992,TCS.NS
2022-03-09,3167.2451171875,3185.903580652901,3136.2492146549575,3143.180735701617,2719654,TCS.NS
2022-03-10,3157.086669921875,3212.059666339231,3151.898939689555,3212.059666339231,2005441,TCS.NS
2022-03-11,3138.080078125,3173.566366707418,3132.5873111877163,3141.654931943972,1623423,TCS.NS
2022-03-14,3176.3125,3180.9772219494284,3121.383132034038,3121.383132034038,1765688,TCS.NS
2022-03-15,3133.50244140625,3190.262874496947,3126.091336067845,3190.262874496947,3651133,TCS.NS
2022-03-16,3187.560302734375,3198.1103155844385,3152.9897570153285,3174.133207166071,3090475,TCS.NS
2022-03-17,3202.25146484375,3234.7295445021614,3191.3964177054013,3223.046239918665,3600452,TCS.NS
2022-03-21,3162.1005859375,3238.173401399915,3151.89946013329,3222.52293351387,2413831,TCS.NS
2022-03-22,3226.838623046875,3235.6012072887484,3160.618263654463,3173.696684055792,2907611,TCS.NS
2022-03-23,3236.822265625,3251.9933633104097,3217.2919066762506,3232.986013538086,1596195,TCS.NS
2022-03-24,3269.474365234375,3276.7545581252484,3221.6508566813804,3226.010330100435,1879046,TCS.NS
2022-03-25,3232.505859375,3295.325913070277,3201.597235823272,3278.2366923518357,1690133,TCS.NS
2022-03-28,3232.7236328125,3237.344716861204,3192.1805330726547,3221.650613736102,1760990,TCS.NS
2022-03-29,3230.6748046875,3245.191764916571,3218.163031785885,3221.432636600081,2689063,TCS.NS
2022-03-30,3253.51904296875,3259.1427217856817,3231.416424918209,3259.1427217856817,1583455,TCS.NS
2022-03-31,3260.843017578125,3273.6598289695526,3243.623094734776,3260.8866548924902,2168110,TCS.NS
2022-04-01,3277.234130859375,3280.9396832520993,3250.4670067366783,3267.861263042484,1387014,TCS.NS
2022-04-04,3287.348388671875,3295.7620876915726,3258.3578888264396,3280.067982512089,1472994,TCS.NS
2022-04-05,3326.103515625,3344.23896562156,3288.7863846996506,3288.7863846996506,2314947,TCS.NS
2022-04-06,3274.27001953125,3321.308698504881,3253.1699963861447,3321.308698504881,2051729,TCS.NS
2022-04-07,3212.191162109375,3265.6819935656586,3207.7009890076247,3265.6819935656586,2494829,TCS.NS
2022-04-08,3213.498779296875,3230.370027745647,3175.8766062249715,3217.291606580685,2296773,TCS.NS
2022-04-11,3222.8720703125,3236.7789635996933,3187.7348778014734,3217.2920283632184,2291660,TCS.NS
2022-04-12,3218.2509765625,3260.0146522734094,3180.9774739188283,3211.1885435471963,4483476,TCS.NS
2022-04-13,3192.834716796875,3234.5986001579863,3187.2546759280217,3232.113615146046,1621672,TCS.NS
2022-04-18,3076.087890625,3147.539612949871,3071.248832857596,3147.539612949871,3820792,TCS.NS
2022-04-19,3027.131591796875,3107.040881125284,2998.577035957168,3095.2266635407514,3170014,TCS.NS
2022-04-20,3101.155029296875,3111.922800837386,3034.193475539571,3051.631369077155,2640370,TCS.NS
2022-04-21,3163.800537109375,3177.184205558116,3110.3969880999252,3121.3829461849764,2280996,TCS.NS
2022-04-22,3149.763427734375,3153.64331680634,3113.9721056051544,3122.342380367201,1581465,TCS.NS
2022-04-25,3093.656494140625,3124.8703645740266,3080.4910129016785,3102.2011041167375,1960694,TCS.NS
2022-04-26,3092.000244140625,3128.270936257901,3067.4562804026878,3117.1542787359804,1943469,TCS.NS
2022-04-27,3104.99169921875,3111.312936478098,3057.1247601525597,3091.738940916967,1727648,TCS.NS
2022-04-28,3125.1328125,3142.6577715972885,3084.8076749252646,3128.358780932987,1703660,TCS.NS
2022-04-29,3092.348876953125,3159.092458531303,3083.7608419130784,3136.2052227522518,2051115,TCS.NS
2022-05-02,3088.599609375,3093.4386673907866,3045.3101239380358,3068.9819792014673,1324161,TCS.NS
2022-05-04,3033.97607421875,3091.2595227230418,3021.3772363341036,3085.1998961485874,2305825,TCS.NS
2022-05-05,3063.315185546875,3080.4044092212253,3038.858706057158,3062.1818925690936,1612262,TCS.NS
2022-05-06,2992.866455078125,3029.3987654632706,2985.8040213927097,3015.884394801397,2010812,TCS.NS
2022-05-09,3003.764404296875,3013.2679710271254,2918.1007532108174,2962.6980803096562,2481830,TCS.NS
2022-05-10,2998.227783203125,3020.9406818291613,2983.623547545211,2994.0862835389403,1622685,TCS.NS
2022-05-11,2974.905029296875,3006.685551881528,2948.8788846185103,2994.958609506086,1841769,TCS.NS
2022-05-12,2971.984375,3007.775702125232,2920.9351004555815,2945.2608822768934,2807195,TCS.NS
2022-05-13,2977.432373046875,2999.22973503546,2948.877828841828,2994.957537231643,2187823,TCS.NS
2022-05-16,2944.214111328125,2990.5988675166236,2935.32082782278,2977.520446813198,1195813,TCS.NS
2022-05-17,3009.432373046875,3022.8594686963716,2921.1964432417662,2938.2856675819935,1754076,TCS.NS
2022-05-18,3006.99072265625,3047.2722184211916,3001.9773277332397,3021.1153753446147,1866781,TCS.NS
2022-05-19,2844.076904296875,2968.8014850294667,2816.2199109090097,2961.826327355389,4642963,TCS.NS
2022-05-20,2871.14990234375,2889.3724205864623,2851.139956985134,2885.9721156264236,3065125,TCS.NS
2022-05-23,2896.216552734375,2911.169463412706,2848.480312420623,2881.4379784431057,2293690,TCS.NS
2022-05-24,2866.790283203125,2898.9196937554434,2855.978872147246,2890.4621433700886,1711510,TCS.NS
2022-05-25,2780.4609375,2890.3576316315725,2768.5234246366185,2890.3576316315725,3548046,TCS.NS
2022-05-26,2832.512939453125,2845.2845046149496,2791.78459666296,2800.9572278964383,2813186,TCS.NS
2022-05-27,2862.66455078125,2878.113137542295,2834.488114923966,2855.554544933507,3103153,TCS.NS
2022-05-30,2962.685791015625,2972.648541346063,2884.6523186812783,2894.0004601077003,2094624,TCS.NS
2022-05-31,2953.1181640625,2969.83946910257,2918.5779156420817,2944.1647611228614,4840965,TCS.NS
2022-06-01,2945.0869140625,2973.8777450085313,2931.7888156507142,2973.8777450085313,1493835,TCS.NS
2022-06-02,3004.599609375,3012.4995207055213,2937.274852340207,2944.911390433282,2657939,TCS.NS
2022-06-03,3019.65283203125,3052.2620346027693,3011.796853027463,3036.5498622964137,1913622,TCS.NS
2022-06-06,3011.5771484375,3030.931969731244,2964.3532017342663,3000.2100992010983,1084210,TCS.NS
2022-06-07,2951.669677734375,3000.9564672739875,2945.788676454605,2985.3321578943005,2308256,TCS.NS
2022-06-08,2988.05322265625,2996.655390105723,2937.4499938250347,2966.986795089598,2185707,TCS.NS
2022-06-09,3008.1982421875,3016.888058060886,2943.243422200155,2971.244130502211,1279197,TCS.NS
2022-06-10,2949.21240234375,2978.266606743859,2942.2781213691173,2968.6111594481968,1527582,TCS.NS
2022-06-13,2826.061279296875,2890.4893497484964,2802.229755076651,2887.8560463627555,3030921,TCS.NS
2022-06-14,2818.117919921875,2843.0025125943066,2786.649853360226,2800.07974578441,2611493,TCS.NS
2022-06-15,2814.387451171875,2838.7015807882503,2809.7352381271457,2825.0961774171255,1404536,TCS.NS
2022-06-16,2757.946533203125,2848.225040609445,2750.090553952072,2843.967780896921,2032028,TCS.NS
2022-06-17,2711.3369140625,2737.5383690213844,2654.2382892194128,2714.0580800045273,5240434,TCS.NS
2022-06-20,2731.964599609375,2755.0938684218168,2693.869560234665,2715.813756717515,1502769,TCS.NS
2022-06-21,2819.34619140625,2841.992643096797,2743.3753468292443,2747.413164355795,2964461,TCS.NS
2022-06-22,2829.001708984375,2853.2281861623023,2793.934927975882,2808.7691181856167,3336315,TCS.NS
2022-06-23,2904.3583984375,2912.433820057707,2829.0019403695915,2829.0019403695915,3692578,TCS.NS
2022-06-24,2890.577392578125,2936.1334582739805,2876.8841283984966,2930.8668511739374,2132118,TCS.NS
2022-06-27,2909.536865234375,2951.8452300646477,2902.3392121800593,2940.5221112364125,2037686,TCS.NS
2022-06-28,2912.5654296875,2922.9670648721058,2872.5832738577947,2902.778403463079,1400046,TCS.NS
2022-06-29,2888.29541015625,2925.60054765257,2871.1789353049976,2871.1789353049976,2133994,TCS.NS
2022-06-30,2867.755615234375,2906.2016781293732,2857.1345378380965,2872.0565922599853,2719603,TCS.NS
2022-07-01,2909.888427734375,2925.600387299179,2854.5451192222854,2861.5233311117086,1502879,TCS.NS
2022-07-04,2839.62353515625,2912.390419811633,2830.8458547732685,2907.1677428435264,2622535,TCS.NS
2022-07-05,2823.16455078125,2872.0561732174024,2814.957336327149,2857.134120972691,2170627,TCS.NS
2022-07-06,2862.181396484375,2868.9840970357063,2810.8319794194863,2825.095706381955,2182144,TCS.NS
2022-07-07,2885.96923828125,2913.66264372781,2865.956087561214,2871.1787636386753,1989921,TCS.NS
2022-07-08,2866.306640625,2901.0223978064614,2852.745171821785,2896.6335590805816,2136916,TCS.NS
2022-07-11,2733.193603515625,2830.801346623151,2726.3469713524055,2814.255336753604,6974600,TCS.NS
2022-07-12,2707.650390625,2752.8554340083,2703.7443666293075,2734.158936312343,3734815,TCS.NS
2022-07-13,2667.31689453125,2729.8578501002676,2664.0252652907757,2724.591243315508,3863530,TCS.NS
2022-07-14,2639.154296875,2690.419236530846,2611.21160444456,2689.539151729887,4764908,TCS.NS
2022-07-15,2635.502197265625,2665.688935952516,2598.8905812888142,2656.580186606266,4574806,TCS.NS
2022-07-18,2696.139404296875,2707.976500213428,2652.8392812206635,2660.495974927192,3202795,TCS.NS
2022-07-19,2705.600830078125,2709.7371858696033,2666.701122969062,2666.701122969062,1865074,TCS.NS
2022-07-20,2785.29248046875,2791.5850009840688,2726.54681875147,2735.1276457438817,3402251,TCS.NS
2022-07-21,2796.2939453125,2802.190471485001,2767.031120822275,2787.2290273847357,2420640,TCS.NS
2022-07-22,2790.748779296875,2813.630983100634,2766.5464483505916,2803.0699659604375,2075886,TCS.NS
2022-07-25,2787.00830078125,2804.3459268777215,2771.474891342548,2785.4681525136675,1797504,TCS.NS
2022-07-26,2742.256591796875,2788.9010938413444,2725.1830298245063,2785.204780048454,2639367,TCS.NS
2022-07-27,2806.458740234375,2811.079185829187,2737.063961878892,2741.464386254903,1389808,TCS.NS
2022-07-28,2869.516357421875,2872.5966540791287,2817.7232833962703,2830.3525856367887,2106333,TCS.NS
2022-07-29,2905.95166015625,2919.5050938055115,2882.2774670596104,2895.4787379011045,2430257,TCS.NS
2022-08-01,2903.223876953125,2928.0422261586746,2878.7574757334005,2928.0422261586746,1306913,TCS.NS
2022-08-02,2897.063232421875,2915.632893070421,2879.329394508913,2895.4790367844817,1269114,TCS.NS
2022-08-03,2939.04345703125,2947.4042633920217,2884.082199243072,2886.6784066664172,2895824,TCS.NS
2022-08-04,2952.64013671875,2981.638884762374,2910.748233698535,2948.283760403875,2150567,TCS.NS
2022-08-05,2961.530029296875,2972.047001921536,2952.685132202177,2958.1416161501875,1106933,TCS.NS
2022-08-08,2969.80224609375,2973.718580659818,2935.96302696034,2961.4854873266017,1068836,TCS.NS
2022-08-10,2952.025146484375,2979.087760557385,2935.083510032165,2979.087760557385,1878359,TCS.NS
2022-08-11,3012.090576171875,3017.547059589707,2970.330590557669,2992.2886658829434,1449248,TCS.NS
2022-08-12,2993.65283203125,3009.010270550342,2975.787065603493,3009.010270550342,1472354,TCS.NS
2022-08-16,2985.86376953125,3005.3577774981677,2981.2873713731783,3001.969364945804,839942,TCS.NS
2022-08-17,2993.2568359375,3008.086137566978,2966.8542889674754,2979.175477553487,1622326,TCS.NS
2022-08-18,2975.786865234375,2985.247777264325,2958.8452320644637,2983.4876075843345,1430659,TCS.NS
2022-08-19,2979.74755859375,3011.2105949135394,2966.98632707943,2980.8476647587777,1398410,TCS.NS
2022-08-22,2952.288818359375,2978.2953698990436,2945.996082460912,2961.4856625107705,1536532,TCS.NS
2022-08-23,2890.7265625,2941.155248644901,2877.877238729922,2921.8374306422184,1849256,TCS.NS
2022-08-24,2864.984130859375,2911.3205094918117,2860.4515652345717,2897.239152734898,1691923,TCS.NS
2022-08-25,2832.2890625,2885.0501070521514,2829.252812696223,2883.158010542912,1946930,TCS.NS
2022-08-26,2835.8095703125,2866.436568329258,2831.0571977170034,2846.4586837304396,1457962,TCS.NS
2022-08-29,2756.909423828125,2765.8421977619005,2711.5410136837368,2750.2647412404017,2539173,TCS.NS
2022-08-30,2826.084228515625,2839.5936161841482,2765.314544774919,2776.6675527850575,3431525,TCS.NS
2022-09-01,2756.1611328125,2807.4701123209047,2746.744269766001,2807.4701123209047,3546935,TCS.NS
2022-09-02,2755.017578125,2783.708430697643,2746.1288498985514,2783.708430697643,2052900,TCS.NS
2022-09-05,2757.657470703125,2770.4627467931514,2739.043764179659,2749.076644387517,2147912,TCS.NS
2022-09-06,2752.0693359375,2764.214549676102,2733.8516227618284,2759.506009846509,1936453,TCS.NS
2022-09-07,2771.91552734375,2782.7403998797736,2730.0233995480266,2730.0233995480266,1291534,TCS.NS
2022-09-08,2789.560546875,2801.7498066300514,2781.1559093890387,2789.868662483827,1346113,TCS.NS
2022-09-09,2831.8046875,2845.7541171155735,2788.5486067978027,2811.8708533119707,1561185,TCS.NS
2022-09-12,2854.071044921875,2877.7014084575,2838.2735652602178,2851.386743228349,1785928,TCS.NS
2022-09-13,2842.10205078125,2872.1128147669933,2838.273595799271,2872.1128147669933,1972678,TCS.NS
2022-09-14,2746.216552734375,2764.698333727928,2740.408121912217,2759.065876894723,5090269,TCS.NS
2022-09-15,2732.091552734375,2761.4863014530865,2728.2630976032406,2754.6656437090783,2138023,TCS.NS
2022-09-16,2647.9111328125,2723.2905259336594,2640.2544379154365,2707.140883675961,5322221,TCS.NS
2022-09-19,2665.60107421875,2677.2181514295744,2629.517594860232,2671.9376422551572,2072220,TCS.NS
2022-09-20,2675.721435546875,2710.6167063802277,2666.6565205733623,2684.258213778467,1544295,TCS.NS
2022-09-21,2641.310791015625,2676.690161452811,2638.626489065098,2664.8971095952425,2253818,TCS.NS
2022-09-22,2646.76708984375,2666.6130461683933,2622.036834497055,2631.453699411689,2017983,TCS.NS
2022-09-23,2624.45703125,2660.056419935131,2621.772729524154,2643.7748504500028,2652374,TCS.NS
2022-09-26,2635.325927734375,2663.0047675160854,2575.216305765953,2604.9191687641182,2925489,TCS.NS
2022-09-27,2655.611572265625,2662.256254816649,2619.132103912181,2648.5268473584333,2227447,TCS.NS
2022-09-28,2671.62939453125,2684.214650414333,2622.652760305555,2622.652760305555,2739767,TCS.NS
2022-09-29,2637.87841796875,2689.407429965768,2631.453755459116,2687.779187014094,2493902,TCS.NS
2022-09-30,2644.2587890625,2657.5919876362846,2596.338215395767,2632.2016704566418,2817353,TCS.NS
2022-10-03,2627.009521484375,2658.472558362496,2617.3726342806176,2635.854418181052,1763331,TCS.NS
2022-10-04,2720.474365234375,2726.5030327729664,2660.4966649685857,2666.6132120788957,2145875,TCS.NS
2022-10-06,2729.97900390625,2749.3849167299395,2721.6181983015977,2737.943814323573,1790816,TCS.NS
2022-10-07,2697.37158203125,2732.663065375268,2691.3871778053895,2725.9743355335677,1939879,TCS.NS
2022-10-10,2744.588623046875,2752.0252969781927,2644.6549464085288,2649.055370612203,3064063,TCS.NS
2022-10-11,2701.464599609375,2767.8669611577366,2687.2072674564333,2728.263141363747,4730645,TCS.NS
2022-10-12,2728.923095703125,2736.97578612618,2694.8638550176415,2714.9736648998382,1665247,TCS.NS
2022-10-13,2731.1669921875,2737.063516919874,2686.326718058436,2728.9227331476845,2054781,TCS.NS
2022-10-14,2727.514892578125,2772.267293403134,2702.7405898542934,2767.866869127891,2245977,TCS.NS
2022-10-17,2745.69140625,2760.3826551550005,2710.132155751458,2711.190947627584,1517005,TCS.NS
2022-10-18,2774.765625,2784.1629159418735,2760.5155551789203,2779.442189863882,1793722,TCS.NS
2022-10-19,2754.603271484375,2787.3829499859935,2745.911915275851,2787.3829499859935,1194289,TCS.NS
2022-10-20,2785.883056640625,2788.265392214425,2739.7354565904398,2739.7354565904398,1587601,TCS.NS
2022-10-21,2768.32421875,2788.6185576972553,2759.1477342638077,2786.324544285981,1021913,TCS.NS
2022-10-24,2789.765380859375,2804.147932217598,2783.853595389088,2797.17735486645,260949,TCS.NS
2022-10-25,2790.117919921875,2809.662158733171,2780.455880383438,2806.353300102332,2069643,TCS.NS
2022-10-27,2785.9716796875,2800.618985502652,2765.6333934178274,2788.8835194484113,2438421,TCS.NS
2022-10-28,2791.133544921875,2804.5895748151993,2775.0304271806835,2779.442240260462,1355739,TCS.NS
2022-10-31,2817.51611328125,2822.678020775369,2803.971976319488,2822.678020775369,1919414,TCS.NS
2022-11-01,2876.23681640625,2878.7957967468583,2826.603928917729,2836.354077010689,2991060,TCS.NS
2022-11-02,2860.3544921875,2885.325394187665,2843.0161551154115,2885.325394187665,1405955,TCS.NS
2022-11-03,2829.51611328125,2848.310478720669,2819.148353296513,2848.310478720669,1422652,TCS.NS
2022-11-04,2838.912841796875,2841.251231526313,2793.6917665316887,2838.559982987403,1464013,TCS.NS
2022-11-07,2853.295654296875,2861.325239443402,2819.2365900807545,2849.148593513063,1474498,TCS.NS
2022-11-09,2837.721923828125,2867.50165781084,2825.015774743182,2867.50165781084,1162267,TCS.NS
2022-11-10,2828.544921875,2845.618720365395,2797.0887887002486,2797.0887887002486,1573092,TCS.NS
2022-11-11,2925.8701171875,2948.502846331555,2872.1343229110385,2884.972741372326,3265394,TCS.NS
2022-11-14,2943.1201171875,2955.032010931176,2919.737510949914,2932.972948442887,1342074,TCS.NS
2022-11-15,2940.5615234375,2947.0467589345967,2904.737517701037,2930.326031678355,1400708,TCS.NS
2022-11-16,2960.635009765625,2971.7084864646695,2930.72279268046,2946.1199747492524,1748235,TCS.NS
2022-11-17,2955.031982421875,2964.7379698230816,2927.4581545775386,2947.090720002706,1417986,TCS.NS
2022-11-18,2950.135009765625,2967.164649978448,2930.3260137026023,2955.9145275229503,1164540,TCS.NS
2022-11-21,2897.23681640625,2941.531363906464,2887.9720116027584,2931.6489485335055,1304194,TCS.NS
2022-11-22,2924.987548828125,2928.5169988553193,2872.3105502563512,2894.1490222996185,1149739,TCS.NS
2022-11-23,2919.119873046875,2938.267096023946,2903.8549588633055,2938.267096023946,1150011,TCS.NS
2022-11-24,2982.517578125,2993.8118614360064,2919.1199604786734,2926.1346994104915,1296591,TCS.NS
2022-11-25,2990.89990234375,3002.9884406892334,2954.1495911194506,2985.0322780039132,1588981,TCS.NS
2022-11-28,2995.84130859375,3015.0326931639333,2969.6351851613313,2970.0322052062625,2195437,TCS.NS
2022-11-29,2997.6943359375,3025.6210229911208,2985.0323478503824,2985.0323478503824,1576028,TCS.NS
2022-11-30,2991.914794921875,3013.179601826006,2977.9734243991,2985.0323243680464,3410702,TCS.NS
2022-12-01,3066.783203125,3070.6215662510285,3017.679815108769,3022.0916277039573,2180856,TCS.NS
2022-12-02,3034.5771484375,3060.827434912216,3011.503453385087,3051.298091486406,2411749,TCS.NS
2022-12-05,3022.8857421875,3034.577045852439,3006.2091763355406,3029.150602395043,1475065,TCS.NS
2022-12-06,2987.10595703125,3007.047220155349,2971.7968815829117,3000.07664261676,1166999,TCS.NS
2022-12-07,2982.91455078125,2994.4733694927418,2959.4436237094437,2972.061449685332,1167505,TCS.NS
2022-12-08,2956.3994140625,2982.914447550536,2946.6051051494155,2964.7376957476886,1285619,TCS.NS
2022-12-09,2905.399169921875,2977.1794466521255,2890.928510850785,2977.1794466521255,1797896,TCS.NS
2022-12-12,2899.84033203125,2908.2669373884346,2855.413507309817,2872.5312544502576,1527610,TCS.NS
2022-12-13,2940.120361328125,2943.958509197416,2883.3844058485947,2891.6785277132994,1378016,TCS.NS
2022-12-14,2969.458984375,2979.73842222779,2947.88504703309,2954.8558406430157,1213311,TCS.NS
2022-12-15,2916.29638671875,2968.929223708033,2910.86972808808,2963.679209913898,1415694,TCS.NS
2022-12-16,2859.0751953125,2904.737456359463,2845.7955961171497,2889.7372933102192,2703680,TCS.NS
2022-12-19,2825.36865234375,2863.7072567112273,2818.70677293607,2847.3835518123956,2120965,TCS.NS
2022-12-20,2862.33984375,2866.7958175446647,2791.4860905554474,2822.5893692776544,1529971,TCS.NS
2022-12-21,2884.0458984375,2896.8401542703996,2858.854406799651,2866.7956690407614,1432566,TCS.NS
2022-12-22,2876.23681640625,2906.5018913277986,2863.3544539726518,2906.5018913277986,1384101,TCS.NS
2022-12-23,2848.5751953125,2882.54615313989,2838.56029430426,2838.56029430426,1360281,TCS.NS
2022-12-26,2870.23681640625,2887.090025891861,2845.6631506643457,2848.574989923709,870157,TCS.NS
2022-12-27,2876.060546875,2888.6783736131365,2851.354397062912,2884.6194199757956,835883,TCS.NS
2022-12-28,2873.942626953125,2881.883888463998,2846.5010704529063,2867.5013384213157,910795,TCS.NS
2022-12-29,2884.22314453125,2886.6496420142207,2848.2668636472276,2851.002274250811,1037927,TCS.NS
2022-12-30,2873.589599609375,2910.9135724032853,2864.324794362259,2899.487022349278,1163131,TCS.NS
2023-01-02,2877.781494140625,2882.5463814916634,2854.619475605265,2877.3844740498453,709547,TCS.NS
2023-01-03,2921.8115234375,2929.4438738683607,2863.5314297904347,2869.443216210816,1245178,TCS.NS
2023-01-04,2924.72314453125,2935.929322035629,2899.6199713139727,2917.708404852759,1231668,TCS.NS
2023-01-05,2921.5908203125,2944.708676788832,2895.8698218927307,2938.4438163122472,1826057,TCS.NS
2023-01-06,2833.75146484375,2913.1640936237372,2823.560134399543,2911.7963885995287,2488376,TCS.NS
2023-01-09,2929.39892578125,2935.6196236133137,2842.221479988104,2849.148110804746,2885060,TCS.NS
2023-01-10,2899.795654296875,2910.031144125433,2850.11882438517,2898.5604331267577,3864655,TCS.NS
2023-01-11,2937.120361328125,2955.473546603415,2886.340350306403,2903.061294014139,2720512,TCS.NS
2023-01-12,2942.10546875,2955.9143556162335,2925.5170107746744,2937.384743237744,2250391,TCS.NS
2023-01-13,2977.576904296875,2981.5033749797517,2916.2085393039592,2949.649997353469,1742837,TCS.NS
2023-01-16,3008.70947265625,3025.810265014551,2976.2223955490254,2993.323187907327,1843607,TCS.NS
2023-01-17,3048.73193359375,3051.800290054043,2996.9331766913624,3005.0549468178974,1688475,TCS.NS
2023-01-18,3059.2001953125,3076.3009900989787,3043.182259186601,3050.1760059457965,2421189,TCS.NS
2023-01-19,3043.949462890625,3056.4929982286035,3033.030105416692,3050.1760655484736,1585044,TCS.NS
2023-01-20,3034.925048828125,3063.3961884764685,3028.1569071715403,3036.639556587615,1529349,TCS.NS
2023-01-23,3081.670654296875,3085.3706604429835,3028.1573821258276,3057.395670541336,1067916,TCS.NS
2023-01-24,3100.982666015625,3115.1054362054274,3083.8367038420397,3090.78528655422,1387863,TCS.NS
2023-01-25,3095.0712890625,3099.8089883897333,3072.7364208055433,3091.055568934269,874110,TCS.NS
2023-01-27,3078.196533203125,3109.736034820771,3052.2519856113963,3091.687653887394,1785879,TCS.NS
2023-01-30,3098.591064453125,3120.971100823279,3055.1848405969054,3086.27313262084,1953798,TCS.NS
2023-01-31,3030.954833984375,3112.4433186610536,3024.0062513288462,3112.4433186610536,2820375,TCS.NS
2023-02-01,3075.759765625,3085.3704394695874,3027.615625744506,3034.834977460141,2205161,TCS.NS
2023-02-02,3122.730712890625,3130.49160464965,3086.3634023563964,3092.5900055158118,1813847,TCS.NS
2023-02-03,3142.4931640625,3162.07560878637,3115.9619180313957,3162.07560878637,1804469,TCS.NS
2023-02-06,3122.324462890625,3134.2363491995434,3101.4787169293004,3134.2363491995434,1138714,TCS.NS
2023-02-07,3133.695068359375,3152.149492409252,3123.632964557196,3130.4011068970385,1455647,TCS.NS
2023-02-08,3176.60498046875,3194.4726991238244,3138.658220197554,3138.658220197554,1986946,TCS.NS
2023-02-09,3195.330322265625,3201.421650359285,3163.249283575588,3172.0027035874955,1655427,TCS.NS
2023-02-10,3192.3525390625,3196.6841945451315,3165.821286929602,3176.5150407476153,1187821,TCS.NS
2023-02-13,3142.58349609375,3202.684683091803,3134.4617259760194,3202.684683091803,1087939,TCS.NS
2023-02-14,3158.55615234375,3180.8910178016995,3153.9537283043665,3162.977916368184,1579818,TCS.NS
2023-02-15,3177.101318359375,3181.929348066534,3122.504969647513,3146.7350075745903,1429449,TCS.NS
2023-02-16,3210.851806640625,3226.147763863208,3182.831654026723,3183.012093754283,1618931,TCS.NS
2023-02-17,3159.50341796875,3193.5697268544327,3149.441536716104,3182.0638874294673,1061369,TCS.NS
2023-02-20,3147.005615234375,3178.319508405955,3135.9509832133717,3160.271129596154,1296082,TCS.NS
2023-02-21,3114.247802734375,3166.497771917962,3108.6076842854936,3153.0518176626792,1139541,TCS.NS
2023-02-22,3069.623291015625,3110.6381891326687,3063.712402699568,3081.715617084995,1218430,TCS.NS
2023-02-23,3080.677978515625,3115.5112191854573,3075.443904333321,3087.175351151494,1441570,TCS.NS
2023-02-24,3068.630126953125,3098.8611583545735,3052.2513129923154,3088.528506610633,977592,TCS.NS
2023-02-27,3006.724609375,3059.200182190444,2992.421181163278,3059.200182190444,1128022,TCS.NS
2023-02-28,2989.57861328125,3061.004982816527,2977.8921119899733,3003.701381280899,4116217,TCS.NS
2023-03-01,3055.31982421875,3058.297850845702,2991.5188479060203,2998.738199575175,1669307,TCS.NS
2023-03-02,2997.33935546875,3041.0615092127086,2994.22605417747,3033.0300687433623,1556538,TCS.NS
2023-03-03,3016.01953125,3030.3229603301693,3006.047977690829,3026.713284379806,1043190,TCS.NS
2023-03-06,3042.821533203125,3072.6914693231265,3031.22536115521,3033.8422880766893,1334132,TCS.NS
2023-03-08,3059.5615234375,3064.6151583508063,3005.8226441318043,3035.7377481425538,1844590,TCS.NS
2023-03-09,3011.237060546875,3054.6884491786423,3005.82254630904,3054.6884491786423,1648500,TCS.NS
2023-03-10,3005.9580078125,3011.598127160692,2968.9588248883592,2989.6241340532706,1024404,TCS.NS
2023-03-13,2961.694091796875,3040.97169171865,2952.7150665107374,3007.762627347276,1901233,TCS.NS
2023-03-14,2901.23193359375,2981.9532694589166,2896.2234640568317,2959.9343338825,2670334,TCS.NS
2023-03-15,2886.748291015625,2942.2021194305016,2880.5216875247183,2932.8619938769843,1780522,TCS.NS
2023-03-16,2874.204345703125,2905.608569116776,2862.4728993941326,2894.959981480573,1901060,TCS.NS
2023-03-17,2869.060546875,2907.0522516200167,2837.205114597425,2843.0708376396906,6739966,TCS.NS
2023-03-20,2836.573486328125,2860.3520931076205,2793.031772654829,2860.3520931076205,2289468,TCS.NS
2023-03-21,2803.003662109375,2848.7110949967246,2795.197605797223,2836.5736038648693,1815297,TCS.NS
2023-03-22,2825.293212890625,2836.753889168361,2803.003509518878,2824.616398697249,1123939,TCS.NS
2023-03-23,2819.7431640625,2839.3258306983194,2798.4010449295647,2810.9445796742175,1372218,TCS.NS
2023-03-24,2815.99853515625,2860.668276380488,2802.9134594440998,2841.6271470449155,1329577,TCS.NS
2023-03-27,2817.622802734375,2845.1014163917093,2802.9133294148437,2829.083479625092,1524217,TCS.NS
2023-03-28,2811.847412109375,2842.2139451414596,2806.6585026044622,2821.8643516283278,1303530,TCS.NS
2023-03-29,2832.6025390625,2842.619476774167,2801.1985382394446,2823.6686802623394,1740616,TCS.NS
2023-03-31,2893.064697265625,2899.47195965751,2844.4244061128143,2878.6711597054764,2382581,TCS.NS
2023-04-03,2887.74072265625,2910.256032039784,2864.0522245407105,2910.256032039784,1521830,TCS.NS
2023-04-05,2923.656982421875,2945.8114118907883,2874.6555889687143,2874.6555889687143,2655065,TCS.NS
2023-04-06,2906.4208984375,2939.494687765259,2901.277154078457,2910.3013442933197,1703464,TCS.NS
2023-04-10,2944.9541015625,2952.7149931554736,2901.2771097172517,2905.7892047556925,2203187,TCS.NS
2023-04-11,2900.19482421875,2953.572830947246,2880.65731665027,2945.496223295458,2348779,TCS.NS
2023-04-12,2925.326171875,2942.742900903807,2886.8380934850798,2912.9630768697316,2417727,TCS.NS
2023-04-13,2877.678466796875,2914.8129147197915,2869.6919717674728,2896.764537538864,4174070,TCS.NS
2023-04-17,2833.14453125,2854.7122578378658,2770.6520137188445,2828.2715566379666,5505048,TCS.NS
2023-04-18,2825.248291015625,2848.801515098883,2807.064636248936,2847.086786804494,2617302,TCS.NS
2023-04-19,2788.113525390625,2833.595349886156,2771.7796551513784,2825.2479750497077,3298034,TCS.NS
2023-04-20,2801.830810546875,2809.2306029576653,2777.6459350798887,2788.474964066555,2419999,TCS.NS
2023-04-21,2852.4111328125,2855.6597089636048,2798.2208287767953,2806.523039363576,1929184,TCS.NS
2023-04-24,2865.0,2870.5497889454005,2821.097181701511,2843.612712906917,1640676,TCS.NS
2023-04-25,2866.0830078125,2879.7997338116465,2840.3640639451646,2872.3999413939505,2024090,TCS.NS
2023-04-26,2886.0712890625,2895.3210839802464,2870.5948910586885,2870.5948910586885,2000029,TCS.NS
2023-04-27,2876.866455078125,2887.018668292053,2861.254563139059,2874.20436323212,2434446,TCS.NS
2023-04-28,2905.1123046875,2912.331656535757,2884.3566681237626,2888.101618768192,2931312,TCS.NS
2023-05-02,2905.247802734375,2919.325628047492,2896.765151787465,2919.325628047492,2321159,TCS.NS
2023-05-03,2869.60205078125,2902.1794643631756,2863.510722614443,2902.1794643631756,2468285,TCS.NS
2023-05-04,2906.4208984375,2909.8049697680735,2867.8876502834637,2869.827763052802,1953253,TCS.NS
2023-05-05,2915.44482421875,2927.447040179334,2896.809961242115,2905.788985628069,1710027,TCS.NS
2023-05-08,2933.403076171875,2937.238356642924,2915.9863466752167,2928.349442012585,928235,TCS.NS
2023-05-09,2962.8671875,2976.177867775832,2929.2520796847634,2935.208133223178,1107375,TCS.NS
2023-05-10,2966.07080078125,2983.8484109430083,2947.3456066100516,2968.9584975056696,1559987,TCS.NS
2023-05-11,2961.874267578125,2986.7359537053417,2952.714803365684,2986.1043045039883,1719623,TCS.NS
2023-05-12,2954.790771484375,2968.95870665941,2941.886134866163,2959.1673717339913,1027479,TCS.NS
2023-05-15,2937.418701171875,2970.7630356526083,2931.372538570999,2963.5436844116543,1150390,TCS.NS
2023-05-16,2940.21630859375,2964.446346309158,2933.2677265181874,2938.456635647952,986306,TCS.NS
2023-05-17,2895.591796875,2959.93431554151,2886.161562402632,2938.2310945607733,1588815,TCS.NS
2023-05-18,2887.605712890625,2913.865975306526,2883.228892329398,2911.1587181306295,1369364,TCS.NS
2023-05-19,2908.361083984375,2918.8741769245094,2890.4931442019483,2896.764912019686,1152449,TCS.NS
2023-05-22,2976.8095703125,2985.6081557371112,2903.1271456270997,2914.8134278455905,1333243,TCS.NS
2023-05-23,2975.320068359375,3003.20472227489,2969.048301510356,2983.3966728810387,1687418,TCS.NS
2023-05-24,2981.005859375,2993.5042301988665,2956.324611866416,2956.324611866416,1016555,TCS.NS
2023-05-25,2972.116943359375,2983.3971807335947,2948.293170151878,2972.5681528543437,1374917,TCS.NS
2023-05-26,3004.062744140625,3012.8613300442594,2969.8611496266935,2972.117197294292,1791115,TCS.NS
2023-05-29,2996.346923828125,3042.9567756365113,2988.8116372799896,3032.84972720672,1210372,TCS.NS
2023-05-30,2992.601318359375,3002.30232090628,2979.200530752283,2991.518459812908,1344224,TCS.NS
2023-05-31,2968.50732421875,3002.9796862307608,2946.5333332663195,2986.1044948593535,5815424,TCS.NS
2023-06-01,2999.640625,3014.0793283694343,2975.7265225443743,2990.6164353941035,1177314,TCS.NS
2023-06-02,2983.0361328125,3010.379250409834,2975.681286269555,3001.670995775546,2030661,TCS.NS
2023-06-05,2967.965576171875,3002.347826057909,2964.491395428479,2991.518798732182,1861468,TCS.NS
2023-06-06,2916.888916015625,2967.920753448757,2906.330658002561,2959.9342573409676,2022849,TCS.NS
2023-06-07,2955.331787109375,2958.8965182829807,2924.739872252775,2935.568899857537,1567196,TCS.NS
2023-06-08,2920.63330078125,2950.9094957876887,2917.5199999637916,2942.787726533227,1759366,TCS.NS
2023-06-09,2896.13330078125,2932.8617095107734,2892.5687898438873,2928.3496145730646,1775689,TCS.NS
2023-06-12,2930.064208984375,2936.8323515906563,2897.6674545025,2901.2771305591828,2324605,TCS.NS
2023-06-13,2927.176513671875,2946.398082746791,2922.9351883665713,2941.885987673672,1371928,TCS.NS
2023-06-14,2933.809326171875,2938.140981423725,2911.068411496085,2927.176458412748,1658544,TCS.NS
2023-06-15,2924.0361328125,2952.3554558246337,2918.3085669348598,2950.4009142583286,2273810,TCS.NS
2023-06-16,2886.398193359375,2908.671889511213,2869.2157165388,2906.490065201059,4156189,TCS.NS
2023-06-19,2918.671875,2922.7629614182097,2886.488750625675,2900.1257053530403,1468186,TCS.NS
2023-06-20,2934.39990234375,2938.76377229002,2910.171667991738,2921.9448612962487,1528452,TCS.NS
2023-06-21,2962.12841796875,2965.0375906543964,2930.9907039438817,2954.673593600641,1645987,TCS.NS
2023-06-22,2944.21875,2970.7198119240816,2936.5821435529915,2963.7650532654006,1529603,TCS.NS
2023-06-23,2924.081298828125,2954.127877366656,2917.5353831715756,2943.1275340242505,1119505,TCS.NS
2023-06-26,2899.8076171875,2921.8540288219324,2884.670685198081,2913.762857251765,1978803,TCS.NS
2023-06-27,2906.80810546875,2917.9902315635795,2893.1256488765357,2911.035472947951,863542,TCS.NS
2023-06-28,2923.263427734375,2937.354949548723,2903.2170571492807,2916.490450350226,1575872,TCS.NS
2023-06-30,3002.175537109375,3009.221296943608,2922.035789841607,2927.39956983638,2672406,TCS.NS
2023-07-03,2974.947265625,3017.221826572155,2971.719808516399,3013.130740028882,1687264,TCS.NS
2023-07-04,3008.176025390625,3013.7670882199945,2979.4929186666623,2991.0388296361334,1656681,TCS.NS
2023-07-05,3018.267333984375,3026.495008241709,3004.6758793147633,3018.312834894104,1453008,TCS.NS
2023-07-06,3020.94873046875,3025.9944475996026,3001.947997582472,3006.08458448995,1848238,TCS.NS
2023-07-07,3026.721923828125,3051.8592867824045,3001.9481241962812,3001.9481241962812,1789326,TCS.NS
2023-07-10,2974.62890625,3022.6310315390187,2968.492276589758,3022.6310315390187,1407431,TCS.NS
2023-07-11,2975.037841796875,2995.5842749230624,2964.4920637140776,2995.5842749230624,1110172,TCS.NS
2023-07-12,2963.67431640625,2990.2663825284512,2954.7650154067746,2982.811557100714,1515240,TCS.NS
2023-07-13,3036.99560546875,3061.4511244735218,2975.3565198894707,2985.5842369007783,4585146,TCS.NS
2023-07-14,3195.27490234375,3204.548209497131,3047.4049393977743,3059.223633971811,6306101,TCS.NS
2023-07-17,3174.410888671875,3227.322238817573,3161.0922157709083,3191.0480210359347,2743228,TCS.NS
2023-07-18,3179.0927734375,3203.775575367843,3150.1368810015824,3160.1373155444444,2600090,TCS.NS
2023-07-19,3154.72802734375,3197.275374973218,3132.545112140107,3181.9564387643286,2405370,TCS.NS
2023-07-20,3156.778564453125,3170.997743413203,3131.9403423330245,3147.481366184457,1715404,TCS.NS
2023-07-21,3070.1865234375,3130.8919148107307,3061.7552005357065,3102.7724470849726,3770223,TCS.NS
2023-07-24,3094.2958984375,3111.3408007755556,3073.650637395516,3081.7628492870426,1680132,TCS.NS
2023-07-25,3098.306396484375,3105.279462829651,3081.0336204622276,3096.802519593953,1272980,TCS.NS
2023-07-26,3088.41650390625,3118.085690977951,3085.4085278953876,3099.4000558754824,1066803,TCS.NS
2023-07-27,3096.255615234375,3109.700159270894,3085.454538799316,3094.4782454445894,1701769,TCS.NS
2023-07-28,3058.428466796875,3093.3387496319633,3036.1880906607657,3085.408792220562,2599831,TCS.NS
2023-07-31,3118.6328125,3123.3725393934046,3063.441776018759,3066.6320067687398,2743678,TCS.NS
2023-08-01,3146.5244140625,3153.770750326194,3112.753500683223,3112.753500683223,1956167,TCS.NS
2023-08-02,3136.13330078125,3141.374393886134,3111.477553853232,3130.937826905583,1914899,TCS.NS
2023-08-03,3099.03515625,3129.387962469289,3069.912956410563,3117.310662388398,2026351,TCS.NS
2023-08-04,3138.777099609375,3163.7975804799803,3100.2208356691253,3100.2208356691253,2248493,TCS.NS
2023-08-07,3175.6923828125,3179.292741496562,3136.680374620139,3148.2563099923013,1853889,TCS.NS
2023-08-08,3163.432861328125,3181.070146163837,3150.6719384869994,3175.692417693925,1634225,TCS.NS
2023-08-09,3156.049560546875,3160.1512856075137,3121.9141376043485,3158.2370582327517,1794589,TCS.NS
2023-08-10,3137.455322265625,3158.237218937404,3126.4717689822373,3144.656039836463,1096701,TCS.NS
2023-08-11,3143.561767578125,3159.831808251447,3111.841719602854,3133.8088225124093,1679974,TCS.NS
2023-08-14,3144.518798828125,3149.2129056077365,3109.107155145583,3136.1784922009774,1190425,TCS.NS
2023-08-16,3152.31201171875,3159.2394578812937,3131.165387032337,3144.655548093036,1328445,TCS.NS
2023-08-17,3131.667236328125,3154.5002181176783,3111.112990794358,3149.213505497685,1843241,TCS.NS
2023-08-18,3069.09326171875,3108.1962872876197,3059.431330874163,3108.1962872876197,2526749,TCS.NS
2023-08-21,3100.5849609375,3107.968154886351,3073.559239908139,3076.2937232176655,1375579,TCS.NS
2023-08-22,3082.810791015625,3109.1074942796968,3067.224369814653,3099.081055570498,1222012,TCS.NS
2023-08-23,3097.486083984375,3100.9041882483175,3077.2053320183186,3088.143265662933,1330046,TCS.NS
2023-08-24,3087.915283203125,3110.9761369975763,3079.1194508870794,3106.3730455778173,1152881,TCS.NS
2023-08-25,3082.036376953125,3086.138102175971,3053.73442840892,3076.2939171345733,1158046,TCS.NS
2023-08-28,3076.794921875,3093.6119488049294,3062.7123781054756,3093.6119488049294,1037485,TCS.NS
2023-08-29,3077.342041015625,3089.556200731551,3067.178966440109,3081.8084975473785,944517,TCS.NS
2023-08-30,3090.83203125,3106.464294438142,3083.6313141767887,3097.2581115677926,1188200,TCS.NS
2023-08-31,3059.704345703125,3114.940771005091,3047.718061218018,3099.992352350308,3417652,TCS.NS
2023-09-01,3080.1220703125,3089.054760630272,3059.704683185733,3068.090387808054,1277950,TCS.NS
2023-09-04,3115.94384765625,3129.023882322115,3071.7819850635196,3079.0283215980144,1828332,TCS.NS
2023-09-05,3125.833740234375,3141.921529082659,3103.7753953952833,3117.311177679923,1501842,TCS.NS
2023-09-06,3126.3349609375,3139.0958842003674,3097.3496132666887,3130.0721774776193,1314818,TCS.NS
2023-09-07,3149.44140625,3153.771005173287,3119.4077066466084,3127.155409983017,1885092,TCS.NS
2023-09-08,3137.2724609375,3158.3280704200915,3131.0288578677555,3149.4410000920693,1518917,TCS.NS
2023-09-11,3172.59326171875,3177.1963534783295,3140.0985716091377,3155.593978203435,1783604,TCS.NS
2023-09-12,3263.879638671875,3272.174105327243,3174.7354296463814,3182.938880368982,4476016,TCS.NS
2023-09-13,3252.07568359375,3271.2170677568156,3231.247945622234,3255.0380406666054,1754929,TCS.NS
2023-09-14,3244.9658203125,3279.2834969091505,3231.794770182642,3254.0807646975677,2604721,TCS.NS
2023-09-15,3279.830322265625,3288.079391037457,3247.153159229306,3252.0753624763356,2952897,TCS.NS
2023-09-18,3286.9853515625,3298.9716361140518,3258.820264386671,3263.1954818934582,1395753,TCS.NS
2023-09-20,3286.894287109375,3304.1670607548986,3263.1498144834586,3263.1498144834586,1649396,TCS.NS
2023-09-21,3267.9814453125,3285.93784338978,3215.752763239707,3270.9438025915615,2004073,TCS.NS
2023-09-22,3284.706787109375,3312.1428582437647,3249.52323591542,3266.796010717758,1989083,TCS.NS
2023-09-25,3260.55224609375,3299.6098718496296,3243.689598958607,3283.658719154224,1238778,TCS.NS
2023-09-26,3268.345703125,3276.7770270409974,3223.0444721045315,3251.847786603666,1726062,TCS.NS
2023-09-27,3271.62744140625,3294.141312343756,3241.0011354327476,3272.2654430863545,1541134,TCS.NS
2023-09-28,3223.72802734375,3283.9322808574702,3215.160068443675,3281.38005186612,1755753,TCS.NS
2023-09-29,3216.299560546875,3252.6224826131343,3195.289567953573,3224.138279675587,2243791,TCS.NS
2023-10-03,3202.85498046875,3221.403759691803,3172.0920416447743,3221.403759691803,1948148,TCS.NS
2023-10-04,3224.6396484375,3233.982467007632,3169.5398507426544,3177.7433011944777,1788138,TCS.NS
2023-10-05,3271.67236328125,3303.255553776505,3236.898719999821,3239.450948709078,2990768,TCS.NS
2023-10-06,3300.885986328125,3313.2367809094894,3258.638351141779,3273.176643439127,2075691,TCS.NS
2023-10-09,3316.335693359375,3353.3878511934968,3309.6361205989633,3322.4426612483003,4233074,TCS.NS
2023-10-10,3307.722412109375,3325.1320466518578,3282.6109158249983,3317.8857096422857,1848148,TCS.NS
2023-10-11,3290.403564453125,3326.9545791162677,3285.9373308805875,3326.9545791162677,2426417,TCS.NS
2023-10-12,3229.014404296875,3271.0341609654283,3224.9582988828793,3258.5923519076296,4241281,TCS.NS
2023-10-13,3254.809814453125,3260.4154159090654,3213.017707877958,3217.575179804026,2890357,TCS.NS
2023-10-16,3212.152099609375,3258.2735858136334,3207.6402465342494,3250.3892477395666,1671104,TCS.NS
2023-10-17,3196.65625,3221.3576129428398,3193.283765469241,3217.575000468156,1672065,TCS.NS
2023-10-18,3178.609130859375,3210.9215657245095,3175.6467737942685,3200.2571247966926,1408245,TCS.NS
2023-10-19,3157.95556640625,3177.3294256477784,3154.5286181595566,3170.612517840815,1514545,TCS.NS
2023-10-20,3193.504638671875,3198.028165823499,3147.355068054905,3153.1578999999892,1481211,TCS.NS
2023-10-23,3116.375732421875,3179.2488637203114,3108.288267201467,3173.81148296811,1106272,TCS.NS
2023-10-25,3098.052734375,3129.946110609001,3086.2638983706042,3098.418186283159,1518537,TCS.NS
2023-10-26,3049.29833984375,3083.0651562866083,3043.129833424646,3077.9019771940552,1984471,TCS.NS
2023-10-27,3062.275390625,3072.3735099895516,3049.5271870419792,3061.407274974717,1108851,TCS.NS
2023-10-30,3087.497802734375,3091.427414880595,3046.5571476248833,3061.407257455826,910972,TCS.NS
2023-10-31,3078.542236328125,3106.1862890625,3061.4532301686027,3106.1862890625,999811,TCS.NS
2023-11-01,3043.72412109375,3081.14657643751,3025.767000563393,3065.9765288100825,1563475,TCS.NS
2023-11-02,3070.637451171875,3085.1218868690776,3055.193202126613,3055.193202126613,1245384,TCS.NS
2023-11-03,3062.22998046875,3096.042542043059,3056.198684431494,3090.6508984949387,1402598,TCS.NS
2023-11-06,3089.0517578125,3100.063731635219,3069.63238059084,3084.254029322443,1099852,TCS.NS
2023-11-07,3080.095703125,3110.8925036423684,3076.0291020236123,3086.99533768145,1191144,TCS.NS
2023-11-08,3090.23974609375,3108.8822585891467,3079.273509776776,3081.009741283504,992899,TCS.NS
2023-11-09,3059.077392578125,3099.332664644226,3054.142675279032,3098.053359598878,2112352,TCS.NS
2023-11-10,3046.282958984375,3059.076899811592,3036.139325479398,3050.441034374945,1338557,TCS.NS
2023-11-13,3044.546630859375,3066.890289328859,3040.388555601047,3066.890289328859,1030990,TCS.NS
2023-11-15,3111.02978515625,3118.9802615645867,3066.9363782941077,3091.6561463483945,2059802,TCS.NS
2023-11-16,3196.5205078125,3225.3068746335257,3120.0765776114918,3134.5612355569488,3951984,TCS.NS
2023-11-17,3200.724365234375,3220.8748683172735,3191.6773098626118,3196.5207753389523,2021292,TCS.NS
2023-11-20,3216.396728515625,3229.464646386725,3190.4889097792343,3190.4889097792343,1475621,TCS.NS
2023-11-21,3207.806640625,3234.171387970376,3199.39923794906,3216.396992381275,1807236,TCS.NS
2023-11-22,3226.0380859375,3228.322718442621,3181.213774673943,3198.4855071691995,1798051,TCS.NS
2023-11-23,3206.0244140625,3238.69465500962,3198.4851276900877,3225.9007144988595,2729804,TCS.NS
2023-11-24,3159.281494140625,3202.6437770947146,3155.534607361633,3193.2310459812875,1989733,TCS.NS
2023-11-28,3171.206787109375,3181.350644295862,3137.2572385975423,3159.28118436596,1689195,TCS.NS
2023-11-29,3211.05078125,3214.934656261117,3176.37010665481,3181.122097340804,1441634,TCS.NS
2023-11-30,3187.153564453125,3213.7008135539186,3181.1220458782195,3197.982587796699,3266235,TCS.NS
2023-12-01,3209.13134765625,3213.9748124979737,3189.3922594927312,3198.485050944408,1172141,TCS.NS
2023-12-04,3209.86279296875,3242.167584431117,3196.657662284584,3239.2888137345485,1625213,TCS.NS
2023-12-05,3227.363037109375,3233.2116065096975,3201.044028590681,3233.2116065096975,1377656,TCS.NS
2023-12-06,3293.617431640625,3301.613644771774,3221.468564387526,3228.276947197519,1896572,TCS.NS
2023-12-07,3303.4873046875,3317.789238800285,3282.285958526859,3294.440248726415,1967653,TCS.NS
2023-12-08,3314.27001953125,3330.993570970187,3291.7436364771834,3320.0273369916845,1641155,TCS.NS
2023-12-11,3329.07470703125,3338.304710750083,3303.5782998526,3310.797648664154,1102503,TCS.NS
2023-12-12,3355.759765625,3379.7939215758247,3318.2003172411905,3325.4654041320105,2236866,TCS.NS
2023-12-13,3283.976806640625,3335.5637687993644,3256.058550200585,3329.6694610077393,3850968,TCS.NS
2023-12-14,3351.3271484375,3361.15106740831,3315.0929691048923,3317.2861268874835,3290396,TCS.NS
2023-12-15,3528.386474609375,3560.3255927142964,3350.824789993706,3350.824789993706,8531230,TCS.NS
2023-12-18,3526.7412109375,3590.5281905815186,3500.1937384877283,3525.736106571666,2521612,TCS.NS
2023-12-19,3487.445556640625,3522.9945699903956,3463.5026541544753,3513.7645660221524,2004435,TCS.NS
2023-12-20,3454.40966796875,3562.9296988605265,3442.072653930527,3497.543479836221,2586083,TCS.NS
2023-12-21,3461.21826171875,3478.764194819794,3420.8717407298955,3432.6603552689257,1517562,TCS.NS
2023-12-22,3494.57373046875,3514.632758384625,3437.9148467634514,3472.6412593570217,2413058,TCS.NS
2023-12-26,3468.574462890625,3503.71206271633,3463.6395233033168,3490.78113326196,1285231,TCS.NS
2023-12-27,3482.876220703125,3489.2731911736523,3443.3978189924524,3471.727259647645,1293976,TCS.NS
2023-12-28,3472.5498046875,3507.3676920200533,3465.4219300223085,3494.5737504650037,1682889,TCS.NS
2023-12-29,3466.609619140625,3493.2943032121766,3441.0217370731516,3465.3303142807017,1574996,TCS.NS
2024-01-01,3482.784912109375,3501.884348671573,3447.9670270192705,3463.5025264784085,825907,TCS.NS
2024-01-02,3457.288330078125,3482.7849604684966,3442.7124205931514,3482.7849604684966,1344068,TCS.NS
2024-01-03,3373.716552734375,3446.9162616362587,3369.4214885871284,3442.483985684402,1803075,TCS.NS
2024-01-04,3350.915771484375,3398.6188470061647,3336.4768514169155,3382.8548848897744,3598144,TCS.NS
2024-01-05,3415.890625,3424.892165201283,3358.2723788278463,3358.4093675177683,1963127,TCS.NS
2024-01-08,3361.425048828125,3417.581262942363,3356.033183042012,3415.8905458931986,1067805,TCS.NS
2024-01-09,3372.0263671875,3429.0966701233606,3365.4924069544254,3390.349165935751,1370944,TCS.NS
2024-01-10,3393.181884765625,3407.986258562806,3370.289822773917,3372.11752875156,1292227,TCS.NS
2024-01-11,3413.74365234375,3447.9674029085904,3387.6531043154373,3403.188605468219,1777909,TCS.NS
2024-01-12,3548.308349609375,3568.824304124089,3492.3805925763054,3516.5062216937445,6813450,TCS.NS
2024-01-15,3567.4990234375,3623.4267767315314,3550.3185441619166,3618.85751219593,2801505,TCS.NS
2024-01-16,3528.660400390625,3563.1126115927123,3523.405745987789,3563.1126115927123,1432672,TCS.NS
2024-01-17,3549.952880859375,3573.11891681027,3484.1097382002936,3490.0040444785163,3458696,TCS.NS
2024-01-18,3566.402587890625,3572.0684315207345,3529.300069127091,3562.1987751054894,2239110,TCS.NS
2024-01-19,3628.471435546875,3647.3359347309056,3602.705290319906,3630.2658185854475,2941975,TCS.NS
2024-01-23,3550.4365234375,3620.05103164089,3536.1731226435436,3588.855683640575,2618854,TCS.NS
2024-01-24,3535.299072265625,3573.8101208438484,3501.98717363284,3570.451409769425,2657709,TCS.NS
2024-01-25,3506.312255859375,3552.9673375818998,3477.2332310375527,3533.550617096936,2205154,TCS.NS
2024-01-29,3497.75439453125,3515.2385654063073,3479.212061073679,3497.5703955598956,1646747,TCS.NS
2024-01-30,3497.34033203125,3540.8207042314343,3484.871312637016,3503.6897568365657,1411621,TCS.NS
2024-01-31,3511.51171875,3528.121726426989,3493.5674376687984,3507.140675922528,2459358,TCS.NS
2024-02-01,3546.663818359375,3593.3649569612444,3501.481176697016,3515.2384129880293,2363107,TCS.NS
2024-02-02,3649.866455078125,3666.522292350957,3563.089715877142,3565.896430136547,2826510,TCS.NS
2024-02-05,3656.307861328125,3701.1225020871434,3646.001448771063,3665.233944757109,1691523,TCS.NS
2024-02-06,3806.028076171875,3818.8190381100667,3671.6760212586514,3678.1175581380526,4474396,TCS.NS
2024-02-07,3757.6240234375,3823.511826118587,3748.927994541734,3821.671387213115,2124267,TCS.NS
2024-02-08,3804.279296875,3826.272451742055,3760.062707616723,3763.697529491343,2345173,TCS.NS
2024-02-09,3803.9111328125,3850.8881536905233,3772.8995591447865,3806.533398655103,2100596,TCS.NS
2024-02-12,3791.94873046875,3827.745179692485,3778.007045373113,3800.5065922172184,1013716,TCS.NS
2024-02-13,3818.4501953125,3837.314691999789,3755.875279471736,3796.3190996609246,1257415,TCS.NS
2024-02-14,3772.99169921875,3786.6107667795436,3726.428507128435,3779.341123293365,1391283,TCS.NS
2024-02-15,3775.844482421875,3815.505579737829,3757.255870513131,3798.6657441778602,1091582,TCS.NS
2024-02-16,3798.94140625,3817.0240761446466,3772.991489879223,3785.092284604716,1307556,TCS.NS
2024-02-19,3776.396240234375,3798.9416158104596,3731.4897126948135,3794.1104639012988,772291,TCS.NS
2024-02-20,3709.08251953125,3771.059390745061,3690.0800773274027,3756.427991026826,1193648,TCS.NS
2024-02-21,3673.056396484375,3739.1742621449825,3663.0260930834565,3692.841117146886,1885939,TCS.NS
2024-02-22,3761.02880859375,3768.25239610325,3654.1912461332404,3654.1912461332404,2982052,TCS.NS
2024-02-23,3728.8212890625,3800.5062936958448,3723.5758585151752,3800.5062936958448,2538072,TCS.NS
2024-02-26,3681.843994140625,3726.8886902919344,3665.0039336444943,3714.0056182761105,1379284,TCS.NS
2024-02-27,3776.94873046875,3794.985122078048,3679.957687485479,3679.957687485479,2960475,TCS.NS
2024-02-28,3790.33837890625,3823.4200011181556,3762.777624498999,3768.8511632078385,1939225,TCS.NS
2024-02-29,3768.390625,3807.96005993707,3740.277876873748,3771.979390861673,3772719,TCS.NS
2024-03-01,3767.70068359375,3809.708612609149,3760.752981650241,3779.5255936695676,2043265,TCS.NS
2024-03-04,3755.139892578125,3789.3720150862623,3750.722793782209,3777.50127269378,1749271,TCS.NS
2024-03-05,3692.0126953125,3739.7719968440197,3662.4735599013775,3737.931557869195,2070859,TCS.NS
2024-03-06,3740.0478515625,3747.1334961978687,3642.6425356235145,3675.4024369976914,1744204,TCS.NS
2024-03-07,3780.813720703125,3794.9850103625763,3715.570026925066,3740.692062833141,2688905,TCS.NS
2024-03-11,3793.466552734375,3821.671187622541,3762.777145723229,3762.777145723229,2304068,TCS.NS
2024-03-12,3857.790283203125,3892.482738841845,3792.270473640545,3793.4670286122573,4039801,TCS.NS
2024-03-13,3817.99072265625,3902.650917036673,3802.2548792703546,3869.5230148878118,2837260,TCS.NS
2024-03-14,3871.91552734375,3887.927256237985,3760.016750056428,3822.085732966261,2919608,TCS.NS
2024-03-15,3882.635986328125,3900.8103208022567,3843.7567138454883,3858.1122273965675,3373143,TCS.NS
2024-03-18,3821.2109375,3915.30336817053,3789.325426164842,3878.9547030215235,1526904,TCS.NS
2024-03-19,3659.98876953125,3734.2504323086932,3650.1424666014186,3728.0389511805306,8931209,TCS.NS
2024-03-20,3654.099365234375,3697.441791681991,3644.2530619412323,3667.994768950826,1817913,TCS.NS
2024-03-21,3655.986083984375,3688.6078209191865,3633.0266519750294,3671.7219275853204,3829582,TCS.NS
2024-03-22,3598.885986328125,3623.824022104687,3547.4458113797787,3586.095026445395,5852485,TCS.NS
2024-03-26,3568.15087890625,3631.8300192271254,3562.583506361182,3565.8503303060525,3440925,TCS.NS
2024-03-27,3534.470947265625,3584.2549115114957,3523.8884231366437,3578.2734848298974,1968575,TCS.NS
2024-03-28,3567.046875,3602.659324539871,3534.102972131641,3542.937169152786,4311783,TCS.NS
2024-04-01,3604.269775390625,3619.499453254275,3577.8595203158884,3586.7395487458493,1569676,TCS.NS
2024-04-02,3573.948486328125,3597.9202488822098,3564.0100709420926,3579.653802211397,2142666,TCS.NS
2024-04-03,3632.382080078125,3663.3934289044114,3543.7649069859053,3543.7649069859053,3973090,TCS.NS
2024-04-04,3683.91455078125,3707.241978924869,3621.2935725878497,3658.7004031789797,3394637,TCS.NS
2024-04-05,3661.783447265625,3682.718440901434,3644.5293316317166,3660.633172890031,1636819,TCS.NS
2024-04-08,3655.617919921875,3710.9229755652163,3644.0691205793664,3665.2341685019233,2302538,TCS.NS
2024-04-09,3631.6923828125,3695.4636403269888,3611.9076631803105,3666.1545588206272,1876992,TCS.NS
2024-04-10,3666.752197265625,3671.8594599447097,3605.419663202159,3640.7559988262524,2101965,TCS.NS
2024-04-12,3682.166015625,3693.162817777665,3630.725838259486,3654.1914342233986,4354821,TCS.NS
2024-04-15,3626.769287109375,3739.956293057097,3606.386513708371,3682.1664597219246,4200329,TCS.NS
2024-04-16,3563.825927734375,3615.2661050786087,3554.669789147579,3590.6962907179723,3051420,TCS.NS
2024-04-18,3553.8876953125,3621.983938050233,3542.84506135503,3567.5069887926393,3476284,TCS.NS
2024-04-19,3520.943359375,3545.1912299896135,3497.661764045418,3531.801993030296,2957749,TCS.NS
2024-04-22,3556.2802734375,3568.6111245390066,3507.876639180684,3530.8821260588365,1728883,TCS.NS
2024-04-23,3565.57470703125,3584.255209151465,3552.599745949953,3567.7373128762897,1807586,TCS.NS
2024-04-24,3525.40673828125,3587.015384991863,3519.3332000987416,3579.6536294557072,1317312,TCS.NS
2024-04-25,3544.869140625,3564.6078018941175,3506.95614613986,3507.1401450879403,2856271,TCS.NS
2024-04-26,3516.481201171875,3567.5073322299504,3499.181028040457,3547.584443415964,2039178,TCS.NS
2024-04-29,3561.433349609375,3568.42710744999,3514.502156616341,3531.8023275934233,1110693,TCS.NS
2024-04-30,3515.83642578125,3572.0619252249066,3506.036178297648,3563.089785398555,2203078,TCS.NS
2024-05-02,3555.083740234375,3562.261496663186,3476.63503445836,3476.63503445836,2491044,TCS.NS
2024-05-03,3536.771240234375,3582.966434995953,3494.6253703944135,3579.791498256479,2962234,TCS.NS
2024-05-06,3608.2265625,3625.6186204477826,3545.605583246127,3545.605583246127,2053831,TCS.NS
2024-05-07,3661.50732421875,3669.8353556027478,3601.2790030469796,3617.1988452844685,2062112,TCS.NS
2024-05-08,3659.666748046875,3666.4304509643703,3624.3764664424393,3644.9892925462136,1247685,TCS.NS
2024-05-09,3644.253173828125,3654.191589237616,3598.1042563399305,3645.9096138402,1726486,TCS.NS
2024-05-10,3583.242431640625,3656.584101641413,3575.0986242941894,3646.461687676862,1672489,TCS.NS
2024-05-13,3632.842529296875,3639.4680646589845,3561.2494084020914,3574.5925909400316,931326,TCS.NS
2024-05-14,3589.960205078125,3631.0020839186186,3582.322338430397,3621.983888045264,1058317,TCS.NS
2024-05-15,3570.81982421875,3613.656088871118,3566.3108383239633,3592.9972050666793,1115021,TCS.NS
2024-05-16,3615.821044921875,3623.746152107256,3562.5702354838822,3606.691138597264,2599399,TCS.NS
2024-05-17,3553.857666015625,3633.478964020062,3550.057253111438,3632.5520561210774,2765804,TCS.NS
2024-05-21,3540.97314453125,3563.728776359017,3531.5651208470945,3550.613121462056,1908117,TCS.NS
2024-05-22,3551.91064453125,3560.484541572459,3538.5168722503677,3554.6913678959663,1311168,TCS.NS
2024-05-23,3608.869140625,3619.574971009692,3545.8858006651926,3560.206480963538,2095742,TCS.NS
2024-05-24,3568.131591796875,3599.924574735908,3563.3117164748414,3594.7801911641072,1309452,TCS.NS
2024-05-27,3565.86083984375,3622.680335515065,3560.577510431646,3573.229711889253,1841538,TCS.NS
2024-05-28,3559.233154296875,3587.1331694666214,3550.056857637509,3576.0102759178876,1801993,TCS.NS
2024-05-29,3525.63232421875,3567.574896949378,3522.2492016880888,3567.574896949378,1568095,TCS.NS
2024-05-30,3463.020751953125,3517.059302364095,3443.8799677297247,3500.931195160499,2919230,TCS.NS
2024-05-31,3402.631591796875,3475.7183505024186,3386.688825479371,3466.634610275155,10956800,TCS.NS
2024-06-03,3432.20068359375,3477.3410487975398,3425.8512745605985,3459.961527315394,2156773,TCS.NS
2024-06-04,3443.46240234375,3471.269635740873,3328.989291525593,3429.5587856451884,3395997,TCS.NS
2024-06-05,3472.613525390625,3507.2336206771465,3429.5587052821297,3444.389229413079,2799670,TCS.NS
2024-06-06,3550.427490234375,3559.233114194575,3468.0254786409455,3504.6383361596722,4328036,TCS.NS
2024-06-07,3609.332275390625,3628.8437281793376,3556.823043507588,3556.823043507588,4552445,TCS.NS
2024-06-10,3576.6591796875,3620.409183775903,3561.0870829656333,3610.305978999996,1734661,TCS.NS
2024-06-11,3570.541259765625,3596.355503563825,3560.252493725204,3563.9601245439753,1419898,TCS.NS
2024-06-12,3551.586181640625,3608.9155195936296,3547.693214139478,3591.211490093849,2177001,TCS.NS
2024-06-13,3594.687255859375,3605.6712033854537,3570.448708339529,3574.897910867656,1932323,TCS.NS
2024-06-14,3551.95703125,3604.7443844726295,3548.2030094526167,3604.7443844726295,1860730,TCS.NS
2024-06-18,3536.246337890625,3561.1800693046816,3517.6617896669645,3546.395933901333,1774045,TCS.NS
2024-06-19,3523.82568359375,3553.625908063864,3515.7152395483326,3547.8788981035564,1509050,TCS.NS
2024-06-20,3510.431396484375,3531.4721572718627,3503.757705904956,3518.5418393437685,2846526,TCS.NS
2024-06-21,3532.2138671875,3594.363079879569,3520.4421834921905,3547.2761188024833,4642195,TCS.NS
2024-06-24,3537.82177734375,3575.083426076877,3514.185628169532,3530.3601242080126,1702154,TCS.NS
2024-06-25,3557.88916015625,3566.41666656242,3515.668465075754,3538.007033326123,1338808,TCS.NS
2024-06-26,3574.017333984375,3584.3058742192884,3560.252663395376,3563.496840516408,1639845,TCS.NS
2024-06-27,3646.59423828125,3653.8705550444147,3539.0267689087714,3550.9837890347926,4526556,TCS.NS
2024-06-28,3618.787109375,3670.555002133022,3612.94777109011,3631.4395370159273,2731571,TCS.NS
2024-07-01,3687.42431640625,3709.2066482395257,3600.109652784797,3600.109652784797,2658723,TCS.NS
2024-07-02,3723.759521484375,3729.320968607394,3691.456918555691,3701.699295599757,2307449,TCS.NS
2024-07-03,3675.42138671875,3731.8238204391223,3665.9205811670527,3726.1695919826934,1821198,TCS.NS
2024-07-04,3727.0498046875,3751.5203059355035,3691.039573096493,3707.4921862442698,2518001,TCS.NS
2024-07-05,3718.568359375,3732.425584242968,3696.5079108365194,3716.8998802543742,1668616,TCS.NS
2024-07-08,3701.328369140625,3736.597257975855,3687.2858057778326,3728.023360391662,1758882,TCS.NS
2024-07-09,3694.19091796875,3714.0730443794923,3684.551167677433,3693.7274640836704,1305801,TCS.NS
2024-07-10,3623.421875,3710.6903883157474,3616.7945741280314,3692.5229032169505,2669716,TCS.NS
2024-07-11,3636.907958984375,3689.092911509367,3610.8619865173036,3643.6744309405326,4872189,TCS.NS
2024-07-12,3878.13623046875,3892.966755879167,3681.0291429084155,3689.0931958411575,13509164,TCS.NS
2024-07-15,3864.464111328125,3930.089001351756,3853.201819687219,3926.1034789200803,4848030,TCS.NS
2024-07-16,3873.038330078125,3887.961184556231,3841.9402998086507,3867.0595933422346,2029521,TCS.NS
2024-07-18,4000.116943359375,4008.8764034741735,3855.936610046835,3855.936610046835,5613364,TCS.NS
2024-07-19,3997.1904296875,4049.543087779747,3981.2571303488753,4011.12633936727,3903354,TCS.NS
2024-07-22,3983.208251953125,4013.495719745839,3962.443655783337,3994.9145068230564,1896386,TCS.NS
2024-07-23,3997.144287109375,4052.2841289170647,3963.651377579033,3979.1668723137213,2365208,TCS.NS
2024-07-24,4000.76708984375,4031.2868203752514,3965.3235197357376,3983.347204111484,1809793,TCS.NS
2024-07-25,4015.864501953125,4034.9102445303465,3970.991055777116,3990.3153350812427,2810342,TCS.NS
2024-07-26,4076.578857421875,4108.724446589915,4029.3823042903405,4041.4138211460827,3552210,TCS.NS
2024-07-29,4070.3076171875,4116.66765190009,4060.924014095079,4101.8026818187545,1746803,TCS.NS
2024-07-30,4055.67529296875,4086.0090346598195,4020.324260489949,4079.5986064390754,1797906,TCS.NS
2024-07-31,4074.25634765625,4100.87384543508,4036.7686584538783,4041.4139618583135,2330091,TCS.NS
2024-08-01,4085.17236328125,4105.797235952523,4055.3956995339786,4087.309021156136,2202244,TCS.NS
2024-08-02,3979.213134765625,4086.0088406037335,3967.089074437913,4055.349838389108,2811282,TCS.NS
2024-08-05,3860.29345703125,3938.2882837877764,3818.90398455052,3938.2882837877764,2787771,TCS.NS
2024-08-06,3875.297607421875,3956.172148090316,3865.6350146384816,3875.0653422807904,2203067,TCS.NS
2024-08-07,3902.472412109375,3943.8156049253885,3883.7514798638163,3928.0678477776632,1237666,TCS.NS
2024-08-08,3876.551513671875,3931.7843462117903,3864.891984934085,3884.4022569734157,2441283,TCS.NS
2024-08-09,3928.76513671875,3951.898655663078,3907.210748658729,3917.8486743229014,1302536,TCS.NS
2024-08-12,3898.012939453125,3938.2878064043034,3889.372857499192,3929.9262611677764,936912,TCS.NS
2024-08-13,3899.221435546875,3933.6429525764734,3886.260857493479,3914.1326781305343,1495593,TCS.NS
2024-08-14,3990.5478515625,4000.7212473784566,3891.0453628588666,3910.4163685993976,3226545,TCS.NS
2024-08-16,4102.77880859375,4112.952205920565,4018.281000108995,4041.414523549685,3457058,TCS.NS
2024-08-19,4171.48193359375,4175.430440991918,4078.901139092339,4107.376754658791,2055210,TCS.NS
2024-08-20,4202.419921875,4241.161933038117,4180.772989851375,4185.418293173432,2212298,TCS.NS
2024-08-21,4228.619140625,4236.516155388334,4173.8508391327405,4197.495611851862,1896990,TCS.NS
2024-08-22,4182.63037109375,4237.398669027107,4178.171062150779,4236.5158800949575,1829872,TCS.NS
2024-08-23,4147.2333984375,4186.346939264392,4138.964850071652,4180.772575829952,1809253,TCS.NS
2024-08-26,4183.0498046875,4229.223852321949,4166.83751295139,4170.553755995271,1844164,TCS.NS
2024-08-27,4178.125,4190.06352004845,4168.509131570201,4185.4182168111465,930697,TCS.NS
2024-08-28,4186.3935546875,4238.83920976465,4141.101848062617,4179.611593409034,1848058,TCS.NS
2024-08-29,4191.7353515625,4232.8000107357375,4143.61019488178,4143.61019488178,2133641,TCS.NS
2024-08-30,4230.7099609375,4266.478796182319,4169.438229236293,4180.77295069311,3637222,TCS.NS
2024-09-02,4200.32958984375,4262.530383589784,4191.921772178967,4251.381655472286,1216500,TCS.NS
2024-09-03,4192.24658203125,4232.706988670382,4176.9633540945715,4200.329136859027,1717263,TCS.NS
2024-09-04,4161.4951171875,4168.695337572208,4121.963766080883,4159.358459046624,1265505,TCS.NS
2024-09-05,4158.42919921875,4179.843865751271,4138.1754048562225,4163.120774045665,1688793,TCS.NS
2024-09-06,4140.59033203125,4198.378075871805,4125.028568849218,4156.570353890225,1649179,TCS.NS
2024-09-09,4133.9013671875,4171.714314661398,4116.202944403391,4138.964928860649,1184938,TCS.NS
2024-09-10,4188.06591796875,4217.88885396822,4125.447324234446,4127.305445435125,1385591,TCS.NS
2024-09-11,4161.5869140625,4226.6211439470535,4154.061433875873,4200.700448764482,1325919,TCS.NS
2024-09-12,4197.2177734375,4211.060687361837,4116.9465647505085,4190.296089653868,2742216,TCS.NS
2024-09-13,4201.77001953125,4224.439009920338,4185.418460455492,4208.644977994091,1458786,TCS.NS
2024-09-16,4193.0830078125,4223.556015887551,4175.616848928026,4205.857591838961,1155120,TCS.NS
2024-09-17,4186.021484375,4214.032568613279,4149.184325105708,4193.082435128378,1699364,TCS.NS
2024-09-18,4037.83642578125,4178.031572295144,4014.4706436360752,4178.031572295144,2961779,TCS.NS
2024-09-19,3991.383544921875,4108.4919039466795,3978.0514347871863,4078.622243199174,2927551,TCS.NS
2024-09-20,3980.931396484375,4023.4826411815384,3927.603412493341,4010.6613336102855,5447908,TCS.NS
2024-09-23,3965.6953125,4003.6938016662916,3951.2948726865407,3994.9607224434812,1702319,TCS.NS
2024-09-24,3968.29638671875,3986.5990621222545,3939.216971195143,3950.0404365312907,3012026,TCS.NS
2024-09-25,3971.501708984375,3985.29834930729,3939.2168538730334,3950.69084274909,2713073,TCS.NS
2024-09-26,3987.9931640625,4010.569158234149,3957.7986904848576,3957.7986904848576,3964251,TCS.NS
2024-09-27,4003.043701171875,4067.4274211040574,3995.0069638417276,4027.4778141813813,3012477,TCS.NS
2024-09-30,3965.6953125,3993.799396652073,3957.844568692927,3982.789937420948,2503416,TCS.NS
2024-10-01,3983.718994140625,3991.01221083208,3941.9579909083504,3953.663791959934,1823365,TCS.NS
2024-10-03,3932.48095703125,3975.450006529258,3911.3448299808783,3960.2135045709642,3350119,TCS.NS
2024-10-04,3950.59765625,3993.1021756864016,3924.3979677304274,3925.280756694985,2965463,TCS.NS
2024-10-07,3969.7373046875,3992.406296192221,3929.3694337615807,3970.7126370149526,1472619,TCS.NS
2024-10-08,3951.527099609375,3975.8219442019727,3905.724592296589,3969.5045134149964,1541867,TCS.NS
2024-10-09,3951.24853515625,3990.315352669941,3945.4419062961365,3957.798231053306,1082504,TCS.NS
2024-10-10,3927.510498046875,3989.246753361262,3900.7537355297673,3951.526804113441,2378875,TCS.NS
2024-10-11,3854.858154296875,3941.028518940875,3820.7151796266107,3849.0977975212186,5759183,TCS.NS
2024-10-14,3843.198486328125,3869.908978898292,3829.773832682932,3846.3109301040067,2137590,TCS.NS
2024-10-15,3824.75634765625,3874.1362795372975,3804.5030088222256,3837.995460690613,2759474,TCS.NS
2024-10-16,3804.45654296875,3823.0842527968452,3778.67511210238,3795.2124356440127,2359151,TCS.NS
2024-10-17,3817.509521484375,3836.9735200442256,3802.598055380297,3821.039769859725,2522659,TCS.NS
2024-10-18,3839.908447265625,3861.4221966319437,3799.8149930258223,3809.128265067552,2361000,TCS.NS
2024-10-21,3799.675048828125,3855.647899798256,3790.501385728475,3848.8025545031073,1595450,TCS.NS
2024-10-22,3739.74365234375,3808.9412954700883,3731.2221010526023,3786.7756668981915,1928049,TCS.NS
2024-10-23,3787.00927734375,3831.0608725895195,3720.7918215935465,3724.9364095884875,1966476,TCS.NS
2024-10-24,3769.919189453125,3798.8835556125446,3729.034017325969,3729.034017325969,2676744,TCS.NS
2024-10-25,3778.90673828125,3810.990914951962,3755.763166335102,3778.441074679716,1759676,TCS.NS
2024-10-28,3809.919189453125,3850.1058589809745,3772.8057171581827,3789.522991511172,1532534,TCS.NS
2024-10-29,3795.390625,3821.700614609533,3781.2811109026725,3814.576053505887,1445885,TCS.NS
2024-10-30,3804.145263671875,3824.960515939356,3781.2347527404995,3795.158047833668,1935002,TCS.NS
2024-10-31,3695.925048828125,3798.23142349314,3688.055380171151,3790.501362953683,3740372,TCS.NS
2024-11-01,3710.593994140625,3724.331071115759,3703.003767982257,3715.856129542431,154895,TCS.NS
2024-11-04,3691.92041015625,3717.7647384247807,3644.51594943524,3693.9228999424704,2269192,TCS.NS
2024-11-05,3698.6259765625,3712.2698276535116,3670.45333173397,3670.45333173397,967590,TCS.NS
2024-11-06,3855.368408203125,3864.8212879793314,3702.258313204772,3728.661529286281,3792017,TCS.NS
2024-11-07,3865.845947265625,3916.975719116069,3804.518188145807,3883.3551713111415,3724349,TCS.NS
2024-11-08,3862.21337890625,3883.401069856363,3834.878838313008,3869.663995504092,1648039,TCS.NS
2024-11-11,3910.36328125,3943.5181622491855,3834.8789468568493,3844.7047206230945,1406487,TCS.NS
2024-11-12,3909.15283203125,3928.3382639573533,3878.3726489183473,3926.475609493647,1587640,TCS.NS
2024-11-13,3865.33349609375,3908.5469823117096,3847.358610327207,3891.1778229560005,1098813,TCS.NS
2024-11-14,3861.189208984375,3874.3210129831064,3833.761896778277,3851.0378338185446,1825432,TCS.NS
2024-11-18,3743.469482421875,3923.6812860911455,3716.181551430071,3923.6812860911455,3313944,TCS.NS
2024-11-19,3762.142333984375,3848.3830847662466,3738.4401053836123,3743.8416205226595,1776233,TCS.NS
2024-11-21,3793.156005859375,3811.4098822098795,3747.660582048356,3767.1252292109634,2384347,TCS.NS
2024-11-22,3953.111572265625,3962.750899853068,3775.6005148315166,3791.4330774245445,3096553,TCS.NS
2024-11-25,4018.77001953125,4030.8772729139196,3960.189630652715,3986.080344448122,4052167,TCS.NS
2024-11-26,4053.787353515625,4066.7327083086975,4014.0195073550117,4024.310489157352,2060669,TCS.NS
2024-11-27,4035.021484375,4076.7916003061514,4027.1052031633953,4059.6088862907295,1558993,TCS.NS
2024-11-28,3953.39013671875,4041.913046412665,3942.3074356808006,4022.4015626518726,2558544,TCS.NS
2024-11-29,3977.55859375,4003.496145463694,3907.5226111522825,3930.2005178866866,2017425,TCS.NS
2024-12-02,3982.960205078125,3993.7173066183545,3939.560268502564,3976.766970418375,1670944,TCS.NS
2024-12-03,4007.26806640625,4027.9900963818563,3972.529744122267,4018.0715527591838,2010905,TCS.NS
2024-12-04,4055.37060546875,4085.6855752155147,3994.508288951376,4017.3258027448396,3302642,TCS.NS
2024-12-05,4157.4912109375,4180.728007626903,4060.5867928833363,4098.584762623309,3746747,TCS.NS
2024-12-06,4140.21484375,4158.375723168091,4109.713879599103,4147.199797372343,1842087,TCS.NS
2024-12-09,4146.40771484375,4162.47310676674,4112.321053205062,4126.198190317889,2066639,TCS.NS
2024-12-10,4128.154296875,4185.198089234919,4109.108928030726,4122.193893602826,2087828,TCS.NS
2024-12-11,4123.404296875,4143.148158287083,4104.358476029229,4127.502045111503,1635256,TCS.NS
2024-12-12,4149.015625,4177.00182096417,4122.05352499162,4125.825217645854,1914642,TCS.NS
2024-12-13,4166.6650390625,4186.222911998922,4092.6245200888998,4130.390114251639,1967048,TCS.NS
2024-12-16,4111.99560546875,4167.6887843067,4095.045270300907,4152.787550664486,1646224,TCS.NS
2024-12-17,4031.249267578125,4128.526563027335,4021.470333233763,4107.152424631981,3225027,TCS.NS
2024-12-18,4049.2705078125,4062.44869495374,3995.0207057764947,4015.6031250525107,1575404,TCS.NS
2024-12-19,3978.536865234375,4064.3121975674294,3969.3168162310685,3987.9433615911394,3015763,TCS.NS
2024-12-20,3883.913330078125,4081.0754644719555,3867.3358891418975,4031.7151268140337,4116989,TCS.NS
2024-12-23,3872.7373046875,3927.4063874513017,3832.31779942793,3911.6202111793405,2195338,TCS.NS
2024-12-24,3892.481689453125,3928.337783494026,3872.737372652853,3872.737372652853,1181886,TCS.NS
2024-12-26,3882.7958984375,3911.527430384508,3858.62777832456,3892.48160931481,1208464,TCS.NS
2024-12-27,3878.838134765625,3893.832593461187,3862.446685286308,3877.1150885157394,858100,TCS.NS
2024-12-30,3873.203369140625,3910.922120659606,3829.6174381740902,3865.939198896072,1527169,TCS.NS
2024-12-31,3813.598388671875,3855.6479451405453,3755.1576110916253,3851.0376939335874,1555429,TCS.NS
2025-01-01,3830.036376953125,3850.1062943866386,3804.890317466962,3813.22564967337,763161,TCS.NS
2025-01-02,3888.9892578125,3895.741379495824,3815.6008619680624,3837.0677703855595,1720835,TCS.NS
2025-01-03,3818.34814453125,3892.9011567771527,3811.270194517517,3892.9011567771527,1791953,TCS.NS
2025-01-06,3813.78466796875,3864.681605615779,3787.148620607623,3823.563603014824,2085593,TCS.NS
2025-01-07,3751.6650390625,3856.020287112112,3736.065309985075,3832.364669490885,2669054,TCS.NS
2025-01-08,3826.2646484375,3842.6560984111843,3741.839927142883,3757.812097968954,2181277,TCS.NS
2025-01-09,3761.49072265625,3853.5988861539504,3748.8711943929684,3819.3726136468736,2392472,TCS.NS
2025-01-10,3972.71533203125,4001.9125274108405,3883.633986340052,3911.5737991914198,7894300,TCS.NS
2025-01-13,3996.418212890625,4026.0810749677194,3937.0924887364367,3953.4839382998034,4003771,TCS.NS
2025-01-14,3942.3544921875,4017.6523885968354,3929.3159111555674,4006.569685669616,3441709,TCS.NS
2025-01-15,3957.767822265625,3964.1475039910265,3918.512475086078,3928.3377943076216,1653474,TCS.NS
2025-01-16,3917.441162109375,3999.118734083526,3903.9837578032057,3967.4536113637214,2637705,TCS.NS
2025-01-17,3911.750244140625,3946.179768328342,3888.7499900580783,3945.5156582213353,1761466,TCS.NS
2025-01-20,3867.64697265625,3932.142300220547,3858.446917151911,3932.142300220547,1287799,TCS.NS
2025-01-21,3827.85888671875,3899.135870393051,3822.3102791739225,3884.245030505511,1971591,TCS.NS
2025-01-22,3942.385986328125,3948.598240960883,3835.7784821299006,3841.2796202434547,2409223,TCS.NS
2025-01-23,3931.810791015625,3975.3452017162494,3926.6887142484056,3953.1984717808796,1822998,TCS.NS
2025-01-24,3938.355224609375,3962.683237549143,3892.49689011529,3892.49689011529,1910099,TCS.NS
2025-01-27,3855.649169921875,3942.1492906555827,3832.7913215189947,3890.6001684958624,1551782,TCS.NS
2025-01-28,3832.079833984375,3890.6000269864126,3820.6982639395587,3861.007991181617,2468272,TCS.NS
2025-01-29,3888.512939453125,3896.148353343233,3845.0734688360117,3845.0734688360117,1217089,TCS.NS
2025-01-30,3888.75,3917.061745659292,3849.3415023779007,3888.6078230102007,1531251,TCS.NS
2025-01-31,3900.4638671875,3915.6869946237944,3874.713158208757,3898.187645857167,1492943,TCS.NS
2025-02-01,3863.236572265625,3922.7526963272944,3846.970505085766,3901.032960408717,437172,TCS.NS
2025-02-03,3858.968505859375,3866.8882740010763,3792.6234860032378,3823.1639848038094,1265713,TCS.NS
2025-02-04,3895.389404296875,3906.5815588564824,3856.5026066809596,3873.242905885086,2547132,TCS.NS
2025-02-05,3880.26171875,3936.126163727403,3865.939817675396,3936.126163727403,1693912,TCS.NS
2025-02-06,3872.342041015625,3926.167381981307,3842.7500055982014,3893.8246615705457,2284536,TCS.NS
2025-02-07,3821.741455078125,3879.218476720966,3801.4444143514993,3879.218476720966,1548940,TCS.NS
2025-02-10,3828.902099609375,3843.176530616503,3807.4669498989556,3831.7949614241543,1339511,TCS.NS
2025-02-11,3759.28515625,3831.795194749814,3751.1757413949294,3811.3082763326493,1810908,TCS.NS
2025-02-12,3746.57568359375,3814.4858114252734,3737.0910418049134,3766.446193388272,1678002,TCS.NS
2025-02-13,3708.636962890625,3779.1078947757164,3701.144188811121,3763.5057059907817,2277310,TCS.NS
2025-02-14,3732.064208984375,3744.536419785488,3699.010141125482,3722.721744594235,1681975,TCS.NS
2025-02-17,3703.278564453125,3731.258259075066,3657.4676960993706,3657.752281678442,1799806,TCS.NS
2025-02-18,3673.59130859375,3722.152626882654,3665.3397167799785,3697.4925589213967,2149879,TCS.NS
2025-02-19,3589.0830078125,3675.2508303067148,3573.9548205315027,3672.6425540939376,4366672,TCS.NS
2025-02-20,3584.625244140625,3592.782128290818,3557.9735409942346,3567.6478288188787,2888572,TCS.NS
2025-02-21,3590.885009765625,3620.2873962692524,3580.451904877241,3581.495307989525,1833931,TCS.NS
2025-02-24,3486.174560546875,3569.2598725285934,3480.863069234682,3550.2431219830423,2508516,TCS.NS
2025-02-25,3442.498046875,3469.4818051991183,3434.625748244206,3438.1824887498096,4101954,TCS.NS
2025-02-27,3426.3740234375,3450.512388419143,3415.1346312530945,3425.5677363307773,3823856,TCS.NS
2025-02-28,3303.73779296875,3414.4709839051175,3278.8406087111084,3400.196551952343,7085018,TCS.NS
2025-03-03,3313.03271484375,3341.6762855972443,3297.0035319217445,3305.397532195103,4990439,TCS.NS
2025-03-04,3350.022705078125,3367.996053645755,3285.7642616440216,3294.9643171966636,2797737,TCS.NS
2025-03-05,3364.249755859375,3414.8029405590255,3339.400041837824,3339.400041837824,2501894,TCS.NS
2025-03-06,3415.988525390625,3423.4338299242468,3353.8641244726305,3373.6869322947687,2786513,TCS.NS
2025-03-07,3425.09375,3438.1826018027277,3390.190222378938,3414.470997652364,2051315,TCS.NS
2025-03-10,3404.654296875,3435.4321442725973,3397.9678097594306,3420.636010676855,1004626,TCS.NS
2025-03-11,3391.043701171875,3403.8004968476407,3355.3338893126197,3374.6352261327497,1995450,TCS.NS
2025-03-12,3325.5048828125,3385.305592458114,3307.15224085139,3381.2746199098347,3174167,TCS.NS
2025-03-13,3330.10498046875,3342.672130004524,3304.5439188567675,3321.8059194545594,1693004,TCS.NS
2025-03-17,3317.44287109375,3348.505070694925,3298.141765391246,3309.1912796488264,2690906,TCS.NS
2025-03-18,3317.44287109375,3317.44287109375,3317.44287109375,3317.44287109375,0,TCS.NS
2025-03-19,3316.8740234375,3364.2022912119846,3284.294187734508,3364.2022912119846,3051244,TCS.NS
2025-03-20,3379.519775390625,3394.505554527131,3331.0059291540974,3331.0059291540974,2845192,TCS.NS
2025-03-21,3393.699462890625,3429.883275405574,3286.428081377204,3295.9127223046994,4161925,TCS.NS
2025-03-24,3441.9287109375,3461.6568103088644,3382.792113898217,3414.470721860925,1834751,TCS.NS
2025-03-25,3469.244384765625,3518.8016314620927,3450.512219746386,3457.1514681076355,3135390,TCS.NS
2025-03-26,3448.425537109375,3490.8218325762614,3438.9883664032623,3459.7596358592737,1734499,TCS.NS
2025-03-27,3463.0322265625,3474.2241497420814,3424.4297823215356,3428.5556939598323,2528474,TCS.NS
2025-03-28,3420.3037109375,3472.279589767322,3406.7880975546004,3462.8424183134416,2051919,TCS.NS
2025-04-01,3367.806396484375,3399.2953585160476,3343.3359762190476,3388.577667798288,2618493,TCS.NS
2025-04-02,3361.3095703125,3380.421262394588,3348.126010889205,3361.3570398330285,1764313,TCS.NS
2025-04-03,3227.765625,3321.52139726939,3221.1263760619972,3311.0882917953854,4537821,TCS.NS
2025-04-04,3129.3623046875,3224.445829064787,3125.663387385046,3189.305420015634,5317367,TCS.NS
2025-04-07,3105.31884765625,3121.7745604042666,2898.5536795332505,2940.2386292720134,6623955,TCS.NS
2025-04-08,3123.24462890625,3176.406084910182,3087.5350502556194,3131.8757443343147,5557558,TCS.NS
2025-04-09,3079.28369140625,3101.4776590955953,3046.5142098890965,3092.5147195117684,2990265,TCS.NS
2025-04-11,3064.9619140625,3128.9357749466626,3040.7760781322527,3120.0203045213184,7108961,TCS.NS
2025-04-15,3080.80078125,3143.5890530173965,3071.695665599668,3143.5890530173965,3512160,TCS.NS
2025-04-16,3105.08203125,3109.1604734732773,3062.590790324908,3080.8012559903377,2384391,TCS.NS
2025-04-17,3128.88818359375,3133.3461501914685,3052.1575291360596,3078.240292358944,2932346,TCS.NS
2025-04-21,3150.41845703125,3181.148601343861,3114.851053170071,3120.5418377878595,2432946,TCS.NS
2025-04-22,3143.589111328125,3162.0841600479707,3125.1890016354123,3151.3667016777117,2710498,TCS.NS
2025-04-23,3237.108154296875,3244.6009284823726,3165.3094642241085,3191.581874951358,3543923,TCS.NS
2025-04-24,3226.2958984375,3236.6340655398703,3213.112107191398,3225.821666339985,2252175,TCS.NS
2025-04-25,3270.304443359375,3298.568721809185,3229.5204842339535,3243.7474467195657,2742991,TCS.NS
2025-04-28,3266.0361328125,3279.5992157727555,3229.520264912607,3257.9741879514845,1593296,TCS.NS
2025-04-29,3293.541748046875,3314.8821913387555,3253.6113148639492,3276.9436254865236,1578332,TCS.NS
2025-04-30,3275.71044921875,3329.014085869881,3192.53019311335,3293.06738873724,2809332,TCS.NS
2025-05-02,3254.18017578125,3311.562251162995,3243.7470711663877,3293.067202073011,1721761,TCS.NS
2025-05-05,3276.27978515625,3323.892639545098,3268.786779377753,3272.2013429677813,1284443,TCS.NS
2025-05-06,3281.685791015625,3294.01582433447,3259.871116682284,3281.685791015625,1324763,TCS.NS
2025-05-07,3267.5537109375,3281.211501134211,3244.3163408615387,3244.3163408615387,1477128,TCS.NS
2025-05-08,3271.157958984375,3297.8098945868014,3251.999029204456,3270.3044338611708,2543591,TCS.NS
2025-05-09,3263.001220703125,3268.5970664946117,3222.976080385976,3223.8296054868374,2531757,TCS.NS
2025-05-12,3433.819580078125,3443.3991607952385,3321.7111617690016,3324.3669077502577,2228678,TCS.NS
2025-05-13,3333.851318359375,3436.2854413701325,3329.5832299005933,3433.819342081611,3062887,TCS.NS
2025-05-14,3365.814697265625,3377.4808526725133,3327.7814236222675,3339.5422865093847,2119499,TCS.NS
2025-05-15,3395.40673828125,3414.4709604337913,3332.997982084671,3380.3262508294533,3548330,TCS.NS
2025-05-16,3377.765380859375,3408.6851728219754,3363.3487722739774,3408.6851728219754,1666727,TCS.NS
2025-05-19,3337.45556640625,3367.0476004136544,3323.133665679634,3367.0476004136544,2537377,TCS.NS
2025-05-20,3318.011962890625,3374.635222590325,3313.93352100354,3349.785509814958,2038374,TCS.NS
2025-05-21,3344.0947265625,3354.7174780325026,3318.0119641520128,3327.212019490534,1440153,TCS.NS
2025-05-22,3297.809814453125,3317.5379148748953,3273.4343323692665,3314.8821689714327,2034383,TCS.NS
2025-05-23,3333.471923828125,3352.820498295267,3286.9971842477944,3297.809582057325,1274331,TCS.NS
2025-05-26,3355.002197265625,3362.3053247198645,3329.204019365113,3339.542185709067,967470,TCS.NS
2025-05-27,3318.391357421875,3357.5629717372003,3303.5954561426133,3349.9752588067204,2467680,TCS.NS
2025-05-28,3317.44287109375,3347.129844047208,3312.985136088664,3338.593667057572,1222933,TCS.NS
2025-05-29,3317.822509765625,3350.4495836467595,3306.820233088302,3324.0822341714443,3188072,TCS.NS
2025-05-30,3284.910400390625,3325.97894134562,3275.1414056184462,3310.139637529337,3404365,TCS.NS
2025-06-02,3272.011474609375,3281.6857620470387,3242.41944121709,3272.201121116267,1877585,TCS.NS
2025-06-03,3229.709716796875,3294.4898573234195,3225.2519821011338,3268.4070961095445,2848125,TCS.NS
2025-06-04,3235.164306640625,3248.465279476926,3224.7342507303856,3242.9152450223373,2544807,TCS.NS
2025-06-05,3225.786865234375,3262.0530702216233,3218.7057063727016,3262.0530702216233,3584683,TCS.NS
2025-06-06,3238.322021484375,3244.7331673196672,3213.9212139850256,3225.7868448606714,2070390,TCS.NS
2025-06-09,3274.39697265625,3285.975488762853,3244.7332451805223,3253.4410779830223,1718678,TCS.NS
2025-06-10,3313.62939453125,3335.54241560308,3275.640735062478,3291.7166070762078,2419874,TCS.NS
2025-06-11,3322.24169921875,3338.604687522634,3300.424692969312,3320.423693236899,2847013,TCS.NS
2025-06-12,3286.166748046875,3324.9209717927824,3275.640909498604,3322.2416207116808,4060134,TCS.NS
2025-06-13,3297.171142578125,3301.7642826377164,3246.934184213111,3246.934184213111,2178493,TCS.NS
2025-06-16,3345.58984375,3357.742355566309,3278.511454741814,3291.7166438153617,1934088,TCS.NS
2025-06-17,3363.77099609375,3368.2683531373627,3337.743514633776,3358.6994089523137,2111940,TCS.NS
2025-06-18,3302.625,3385.492142497093,3294.6829639474868,3367.4069330910083,2696327,TCS.NS
2025-06-19,3276.406494140625,3302.2426434811027,3265.88065552043,3301.2857490610854,2672768,TCS.NS
2025-06-20,3287.60205078125,3297.7452248908758,3263.871022884297,3277.3633274014865,2351248,TCS.NS
2025-06-23,3247.3173828125,3277.363777722111,3224.734578371829,3267.794832385696,3123421,TCS.NS
2025-06-24,3244.254638671875,3293.726265410323,3236.2168192617623,3286.549557502439,3403048,TCS.NS
2025-06-25,3296.309814453125,3301.2856185170967,3253.440899408153,3260.4262751214173,1757699,TCS.NS
2025-06-26,3293.439208984375,3302.625255099875,3268.081507258558,3296.3098921986184,2879106,TCS.NS
2025-06-27,3292.76953125,3316.978773543857,3283.1048040170426,3306.0702704397795,1778433,TCS.NS
2025-06-30,3312.768310546875,3315.5432107745055,3282.1476906920225,3291.6208515129015,1468351,TCS.NS
2025-07-01,3281.860595703125,3334.776901436363,3266.35895353028,3306.0700701470973,2375183,TCS.NS
2025-07-02,3275.736572265625,3339.4655976963195,3272.57877409358,3336.8820295980254,3090585,TCS.NS
2025-07-03,3254.206298828125,3287.219153361651,3251.144283681705,3282.147566666478,2531870,TCS.NS
2025-07-04,3272.3876953125,3279.27728864699,3243.967976797223,3261.096294049881,1109320,TCS.NS
2025-07-07,3264.63671875,3278.416138875185,3261.4789203702617,3270.952315509477,1639174,TCS.NS
2025-07-08,3259.373779296875,3277.3634414066432,3247.1254837997894,3258.225552697699,2325242,TCS.NS
2025-07-09,3237.939697265625,3266.8378648121275,3221.8638227365063,3263.010286763138,2034938,TCS.NS
2025-07-10,3236.216796875,3252.484001353674,3211.33754296644,3234.303008112803,3035012,TCS.NS
2025-07-11,3125.21728515625,3191.2430024482833,3120.528595780786,3157.655913683438,7635550,TCS.NS
2025-07-14,3083.78369140625,3130.9586344245786,3062.062234156067,3125.217267735536,3924009,TCS.NS
2025-07-15,3112.107666015625,3118.9014760029677,3067.8034091107847,3067.8034091107847,2590889,TCS.NS
2025-07-16,3104.234375,3115.5638600833036,3092.2326031663256,3098.3774165813243,2540733,TCS.NS
2025-07-17,3081.287109375,3112.779808234124,3076.390526695053,3095.5933632665156,2947640,TCS.NS
2025-07-18,3062.756103515625,3100.105758589483,3059.9717861781455,3096.4571730230687,3432645,TCS.NS
2025-07-21,3032.319580078125,3070.1493050764375,3026.3667482040605,3062.8521341278406,3844346,TCS.NS
2025-07-22,3033.664306640625,3053.3472147188545,3028.863597353252,3033.664306640625,3198036,TCS.NS
2025-07-23,3052.386962890625,3055.1712804131353,3031.7439136986445,3033.6641973444102,1922875,TCS.NS
2025-07-24,3022.5263671875,3047.2019644087272,3014.8452328363246,3038.944885626984,2934778,TCS.NS
2025-07-25,3010.812744140625,3031.0715957495104,3001.019344529776,3014.845292873372,2568917,TCS.NS
2025-07-28,2956.564697265625,2993.72213811463,2947.539223682625,2986.041003699968,3374473,TCS.NS
2025-07-29,2934.193359375,2951.4759118844077,2919.9832137631183,2938.0339265993125,4785312,TCS.NS
2025-07-30,2931.888916015625,2946.6750050729374,2925.7438682234083,2938.0337293982366,2880121,TCS.NS
2025-07-31,2915.7587890625,2937.8420514011964,2894.827650050853,2920.4633903186314,2968371,TCS.NS
2025-08-01,2883.3056640625,2915.758501968501,2880.4252388236764,2909.133383273443,2053847,TCS.NS
2025-08-04,2951.85986328125,2956.6605722928375,2872.360309577052,2889.1627911176092,2519252,TCS.NS
2025-08-05,2941.7783203125,2954.836342347973,2920.751308991888,2951.859809051624,1927996,TCS.NS
2025-08-06,2911.43798828125,2944.562879940478,2905.3890481398157,2940.9142942671037,1487081,TCS.NS
2025-08-07,2925.55224609375,2929.9689924116014,2890.8910311996096,2895.7878484472435,2543076,TCS.NS
2025-08-08,2915.374267578125,2937.8417248012156,2904.428745573524,2926.6081133944717,2762140,TCS.NS
2025-08-11,2919.599365234375,2928.3365153663553,2900.876599282036,2915.3746004762743,1884215,TCS.NS
2025-08-12,2914.414306640625,2972.9829560524563,2906.253101394714,2919.791194448837,3358232,TCS.NS
2025-08-13,2915.1826171875,2923.055733419127,2907.8856798255947,2915.086743648966,2148166,TCS.NS
2025-08-14,2901.83642578125,2934.0970475783347,2898.7640190971856,2913.0700372499637,3342174,TCS.NS
2025-08-18,2891.178955078125,2927.4723621732833,2883.6898021204543,2925.072007661826,2945609,TCS.NS
2025-08-19,2895.979736328125,2904.429031301108,2891.083153648401,2891.1790271854784,2650784,TCS.NS
2025-08-20,2975.09521484375,2979.7037075526887,2890.8905988262018,2890.8905988262018,4952358,TCS.NS
2025-08-21,2978.93603515625,3005.2438266480435,2960.2132701020532,3005.2438266480435,3230726,TCS.NS
2025-08-22,2932.273193359375,2972.3110613965996,2928.432625981039,2962.997732386061,1593791,TCS.NS
2025-08-25,3015.42138671875,3026.366909314735,2954.4523833109183,2964.245782645686,3448370,TCS.NS
2025-08-26,3031.35986328125,3035.9685911364395,2995.6426326203955,3004.283909445262,5522097,TCS.NS
2025-08-28,2970.390625,3021.086158669707,2963.4776509563167,3019.645945976872,3116051,TCS.NS
2025-08-29,2961.74951171875,2990.8418565958136,2954.548447858567,2969.7187359392783,2271789,TCS.NS
2025-09-01,2988.537353515625,3006.2999761800884,2966.8380558481663,2966.8380558481663,1246862,TCS.NS
2025-09-02,2987.481201171875,3029.247369338668,2979.416103841445,2996.698656186325,2185229,TCS.NS
2025-09-03,2974.0390625,3016.6692623196923,2964.917715899919,3005.1475613511693,1799774,TCS.NS
2025-09-04,2972.31103515625,2993.722244983374,2967.606433923174,2991.801961311159,1481391,TCS.NS
2025-09-05,2926.80029296875,2979.703965451406,2907.885546409113,2973.655259644998,2802055,TCS.NS
2025-09-08,2898.668212890625,2942.7386295513115,2895.7877873726816,2928.432609909376,2626187,TCS.NS
2025-09-09,2927.856201171875,2938.0337976334035,2909.997705008497,2911.2459361835313,2489301,TCS.NS
2025-09-10,2986.041259765625,2998.2350148126434,2931.6971353578033,2934.57756101031,2079428,TCS.NS
2025-09-11,2999.6748046875,3013.8849494515116,2986.1369466753263,3013.8849494515116,2263446,TCS.NS
2025-09-12,3008.50830078125,3023.198517586115,2996.6026359147436,3018.685897890405,1447167,TCS.NS
2025-09-15,2987.864990234375,3009.0842164755977,2972.598830315396,3009.0842164755977,1732539,TCS.NS
2025-09-16,3020.318115234375,3024.4467719955323,2985.1770648150605,3003.3236516831826,2573429,TCS.NS
2025-09-17,3046.337890625,3055.5551110798156,3017.1494398273812,3026.366894691811,2418271,TCS.NS
2025-09-18,3050.08251953125,3075.334296666793,3035.392302577828,3058.0517436415034,2633138,TCS.NS
2025-09-19,3042.88134765625,3053.730996885227,3018.685821162444,3043.6495079786732,4901694,TCS.NS
2025-09-22,2951.283935546875,2983.0644887376598,2942.8346407567424,2971.6388949892716,3634901,TCS.NS
2025-09-23,2940.338134765625,2957.9087764692863,2930.352753876681,2947.6353061603577,3177741,TCS.NS
2025-09-24,2914.414306640625,2935.153463147022,2912.1100600997443,2928.432470591566,1625714,TCS.NS
2025-09-25,2839.523193359375,2908.845617084501,2833.3783797594588,2901.548445826189,4974361,TCS.NS
2025-09-26,2783.54736328125,2837.027218062639,2776.0582098827367,2823.7772134975207,3934636,TCS.NS
2025-09-29,2780.666748046875,2812.5434087793974,2778.6503565122343,2799.773476015783,3110035,TCS.NS
2025-09-30,2773.2734375,2799.101392157332,2770.105157137798,2794.9727356006983,2253458,TCS.NS
2025-10-01,2798.045166015625,2808.222762784315,2752.342557318892,2775.7699233020426,1952902,TCS.NS
2025-10-03,2786.2353515625,2807.454578770542,2775.8660078142957,2807.454578770542,2899519,TCS.NS
2025-10-06,2869.28759765625,2874.2805224330996,2780.18662812204,2786.331441741774,2112774,TCS.NS
2025-10-07,2855.173583984375,2884.745997894136,2837.699050349848,2875.624650921264,3062943,TCS.NS
2025-10-08,2906.541015625,2921.711301932003,2849.70067174965,2856.421663900003,4121889,TCS.NS
2025-10-09,2939.666015625,2943.794672125363,2899.628150625765,2913.070135429991,3211304,TCS.NS
2025-10-10,2907.59716796875,2947.635030127983,2887.049994865423,2928.432196055488,8817365,TCS.NS
2025-10-13,2887.33837890625,2914.5104387736105,2878.6971026918,2906.349233459963,2866865,TCS.NS
2025-10-14,2842.3076171875,2906.541005318549,2837.6988899902512,2900.588173459837,3611416,TCS.NS
2025-10-15,2862.064208984375,2871.6049712258155,2843.946172081733,2863.2206293645645,4282226,TCS.NS
2025-10-16,2862.931396484375,2867.0754517571395,2836.332787245134,2862.160371154854,3251495,TCS.NS
2025-10-17,2854.73974609375,2880.374867719902,2848.1863837329993,2862.2568312933195,4374683,TCS.NS
2025-10-20,2905.81689453125,2913.333979311689,2870.4483153754104,2877.1943748710046,3133039,TCS.NS
2025-10-21,2897.625244140625,2921.814780103732,2887.313457420898,2921.140221212513,310644,TCS.NS
2025-10-23,2961.713134765625,2985.613509464342,2925.959156761946,2944.1734252464703,5564758,TCS.NS
2025-10-24,2952.07568359375,2977.9035021252716,2947.3535359078196,2968.2662739630537,2684318,TCS.NS
2025-10-27,2972.98828125,2981.9509500743798,2949.184375870237,2955.2558763824863,1946312,TCS.NS
2025-10-28,2946.968017578125,2978.096312781555,2929.9101701396817,2964.4114953280427,3470737,TCS.NS
2025-10-29,2946.67919921875,2964.4116062609737,2935.5963859963827,2946.9681278582934,2895420,TCS.NS
2025-10-30,2925.187744140625,2952.653842834952,2922.778437237614,2938.487165302022,2241536,TCS.NS
2025-10-31,2947.064208984375,2956.1231088421955,2915.357824198127,2924.898585437403,1868085,TCS.NS
2025-11-03,2907.35888671875,2947.0642176101555,2900.805524854993,2936.3668007969727,2194877,TCS.NS
2025-11-04,2881.723876953125,2919.4055326440953,2868.039060214524,2910.0574685167057,2670720,TCS.NS
2025-11-06,2901.6728515625,2914.2977142131544,2881.531139384038,2881.627605776501,2542721,TCS.NS
2025-11-07,2883.265869140625,2895.023240036059,2853.1012989769483,2892.1320716871546,1830520,TCS.NS
2025-11-10,2915.4541015625,2937.3305615709287,2883.4585523829414,2884.422275161144,1556656,TCS.NS
2025-11-11,2936.46337890625,2944.847720230334,2908.5154176367123,2934.5359333014544,2806868,TCS.NS
2025-11-12,3018.18701171875,3022.619995280987,2946.1969680097523,2948.991669923252,4460315,TCS.NS
2025-11-13,2993.033935546875,3018.2834265472866,2989.4682081451956,3018.1871954349617,1740435,TCS.NS
2025-11-14,2993.322998046875,3000.1655239975616,2965.6642009169345,2977.9034333434784,2210794,TCS.NS
2025-11-17,2989.660888671875,3010.188231818854,2974.626953832486,2993.323082448971,2232853,TCS.NS
2025-11-18,2975.10888671875,2992.3594315179676,2966.338914722159,2989.4682629851,2548350,TCS.NS
2025-11-19,3033.510009765625,3040.545232796858,2971.639057156612,2984.6493140956795,3151053,TCS.NS
2025-11-20,3030.715576171875,3049.7008686990343,3024.2586803244717,3033.79944214396,2700767,TCS.NS
2025-11-21,3036.30517578125,3055.0013041600305,3021.463703354114,3030.715536432949,4177037,TCS.NS
2025-11-24,3027.24609375,3063.578397230728,3017.4161679823073,3043.4366842823783,6703764,TCS.NS
2025-11-25,3006.044189453125,3035.534202019235,3001.996600643867,3031.1974493056246,2737920,TCS.NS
2025-11-26,3048.158935546875,3062.711244826224,3003.9241504478728,3005.658898650244,2508527,TCS.NS
2025-11-27,3022.81298828125,3064.6384631299097,3011.6337098367826,3064.6384631299097,2836233,TCS.NS
2025-11-28,3023.68017578125,3033.12470593688,3011.6336412163846,3026.089482694223,1616690,TCS.NS
2025-12-01,3019.72900390625,3039.581788202742,3008.935355329588,3024.0657566161144,1747647,TCS.NS
2025-12-02,3021.945556640625,3029.9445029896465,3007.200550647543,3017.4161065078188,2512003,TCS.NS
2025-12-03,3064.638427734375,3095.3810901757683,3025.125793917674,3026.089516693691,3952112,TCS.NS
2025-12-04,3112.053466796875,3132.0989471151875,3071.769808666434,3078.13047294951,5025905,TCS.NS
2025-12-05,3120.72705078125,3152.915532717371,3105.5001838412545,3112.824571063191,5244013,TCS.NS
2025-12-08,3119.088623046875,3141.639640868843,3092.200852929616,3125.3528208067405,2544725,TCS.NS
2025-12-09,3091.912109375,3116.3905759892023,3065.7951256660695,3112.8248484517812,2734893,TCS.NS
2025-12-10,3073.5048828125,3108.0062080861744,3062.807700289892,3108.0062080861744,1386849,TCS.NS
2025-12-11,3076.10693359375,3092.0083609433445,3038.714674477584,3088.73179730002,1914362,TCS.NS
2025-12-12,3103.669189453125,3106.078496384854,3070.131589906683,3081.696263178982,1146554,TCS.NS
2025-12-15,3113.017333984375,3120.727116365754,3081.31094805451,3094.610369719165,1562190,TCS.NS
2025-12-16,3088.828125,3103.187500999765,3075.3360054304358,3103.187500999765,1734623,TCS.NS
2025-12-17,3101.067138671875,3119.474102184826,3084.394687896739,3084.394687896739,1376350,TCS.NS
2025-12-18,3161.78173828125,3168.5277977297296,3104.1510690788923,3110.897128527372,2307422,TCS.NS
2025-12-19,3162.938232421875,3197.5357868591873,3159.854366515901,3179.3215200364916,3902511,TCS.NS
2025-12-22,3204.281982421875,3207.8479451634685,3171.6118722000997,3189.9226061933546,2632816,TCS.NS
2025-12-23,3189.92236328125,3199.4631245744913,3174.0209376032617,3199.4631245744913,2365420,TCS.NS
2025-12-24,3198.595947265625,3206.4021959958864,3176.5267894381177,3184.236571775606,1367708,TCS.NS
2025-12-26,3161.0107421875,3199.5596536775915,3153.108262388808,3192.910060559104,1176664,TCS.NS
2025-12-29,3133.544677734375,3168.7205598617948,3125.2565675579217,3161.010777477703,2079473,TCS.NS
2025-12-30,3129.01513671875,3148.9641510011397,3121.9799134409154,3132.099002526,2807593,TCS.NS
2025-12-31,3089.887939453125,3128.2441532690227,3082.4673210816295,3122.461816571668,3362634,TCS.NS
2026-01-01,3110.31884765625,3116.775978595714,3082.1781891606697,3098.368779137981,1255735,TCS.NS
2026-01-02,3132.773681640625,3136.243177859361,3102.7055771191704,3116.6795578205924,1184324,TCS.NS
2026-01-05,3099.428955078125,3129.207895137578,3075.2394189664337,3122.94369701057,2341703,TCS.NS
2026-01-06,3137.688720703125,3144.8201752673103,3088.7315556964636,3093.550169667909,2912325,TCS.NS
2026-01-07,3176.044921875,3180.8635358265738,3106.271250685878,3125.2565425983025,1989442,TCS.NS
2026-01-08,3087.671142578125,3167.6601287029757,3066.5657090274044,3167.6601287029757,4159336,TCS.NS
2026-01-09,3091.43017578125,3112.5356118812538,3075.239584998998,3075.239584998998,1938673,TCS.NS
2026-01-12,3122.076416015625,3134.026484388671,3059.145271347969,3086.804068110982,2228342,TCS.NS
2026-01-13,3149.446044921875,3161.0107182814413,3094.0319850739534,3127.2804209827063,5645341,TCS.NS
2026-01-14,3076.684814453125,3141.736098705462,3067.529448521315,3141.736098705462,3539511,TCS.NS
2026-01-15,3076.684814453125,3076.684814453125,3076.684814453125,3076.684814453125,0,TCS.NS
2026-01-16,3146.54931640625,3161.464149941515,3111.519017760894,3159.0110444402844,4293470,TCS.NS
2026-01-19,3104.258056640625,3159.600023336744,3092.973770842994,3128.2002715520307,3387562,TCS.NS
2026-01-20,3044.10791015625,3100.7255406282875,3033.118044759914,3092.4832014713097,4499273,TCS.NS
2026-01-21,3064.027099609375,3079.6287553253787,3024.188569033875,3041.8509292683366,2015150,TCS.NS
2026-01-22,3091.305419921875,3100.7254411371077,3063.7326570458863,3090.9130188550284,2269827,TCS.NS
2026-01-23,3103.178466796875,3134.578217290946,3092.875423666008,3130.457047950816,2068857,TCS.NS
2026-01-27,3098.762939453125,3115.4440572399217,3071.2881572160486,3115.4440572399217,4279874,TCS.NS
2026-01-28,3140.073486328125,3145.0776781720924,3111.1268393421374,3116.425451779539,2751234,TCS.NS
2026-01-29,3085.41796875,3140.07335254898,3066.9708064954257,3140.07335254898,2457641,TCS.NS
2026-01-30,3065.302734375,3082.082073579965,3034.001200735196,3082.082073579965,3022068,TCS.NS
2026-02-02,3110.1455078125,3138.0126916764966,3075.2131881532646,3138.0126916764966,2636272,TCS.NS
2026-02-03,3164.80078125,3287.1616459496977,3126.532332237451,3287.1616459496977,4366060,TCS.NS
2026-02-04,2942.84375,3061.475843095512,2929.9893806035893,3061.475843095512,10852595,TCS.NS
2026-02-05,2935.38623046875,2972.869637012123,2916.5464269268496,2933.9143670738968,3521545,TCS.NS
2026-02-06,2886.422119140625,2929.0079343210614,2861.302223276454,2920.765595757455,4687389,TCS.NS
2026-02-09,2892.8984375,2921.15826303242,2882.3991930324937,2903.5941220720847,2380318,TCS.NS
2026-02-10,2928.61572265625,2955.109263473934,2888.2865702537815,2894.468444356794,3547763,TCS.NS
2026-02-11,2855.21875,2941.76426862986,2849.723697569715,2924.1019081110685,3363513,TCS.NS
2026-02-12,2698.514404296875,2825.977676593803,2688.603761759382,2815.9690535680857,10612156,TCS.NS
2026-02-13,2641.700439453125,2662.110326952746,2536.5113141072056,2536.5113141072056,11168735,TCS.NS
2026-02-16,2655.830322265625,2668.7826718221954,2620.898002964758,2649.3540277067937,2918730,TCS.NS
2026-02-17,2666.427490234375,2708.228504276998,2644.6439610469733,2665.0538469624375,4209118,TCS.NS
2026-02-18,2644.349609375,2678.7913077273606,2607.4550449905755,2678.7913077273606,2950820,TCS.NS
2026-02-19,2627.66845703125,2697.140454434555,2616.5806115438327,2657.2039438116426,3238849,TCS.NS
2026-02-20,2635.81298828125,2651.905505554349,2597.838959616639,2616.973184248376,2293482,TCS.NS
2026-02-23,2626.0986328125,2653.2789947204583,2610.3005370564806,2635.616634548502,4699596,TCS.NS
2026-02-24,2525.423095703125,2597.8388206557183,2513.255787797201,2591.460746119642,7798833,TCS.NS
2026-02-25,2579.980224609375,2604.4130601353972,2546.3235684513456,2547.3048106742554,3621285,TCS.NS
2026-02-26,2598.03515625,2620.8981494569975,2585.573427113137,2600.292061423079,3464267,TCS.NS
2026-02-27,2587.92822265625,2638.168017666852,2576.8403768444346,2631.299321894741,5083717,TCS.NS
2026-03-02,2564.4765625,2574.5834053591284,2531.8993684474203,2543.37985460111,3374385,TCS.NS
2026-03-04,2539.2587890625,2585.5733762002424,2531.997452542583,2575.7609535201655,3446434,TCS.NS
2026-03-05,2530.427490234375,2560.551578540278,2498.6350985020495,2551.229777430436,2960636,TCS.NS
2026-03-06,2509.625244140625,2570.069622274581,2505.7002751879877,2523.7550365456814,3998643,TCS.NS
2026-03-09,2479.99169921875,2511.9802941008847,2458.0119674698108,2482.54302502939,3653428,TCS.NS
2026-03-10,2465.9599609375,2497.45769299971,2443.39138949283,2493.3365235176843,4323710,TCS.NS
2026-03-11,2418.6640625,2473.711851651557,2413.954291083466,2461.053921737681,2720664,TCS.NS
2026-03-12,2396.5859375,2426.513825649523,2390.3060830242093,2413.6596961153996,2752075,TCS.NS
2026-03-13,2365.284423828125,2400.0203033629555,2352.0376535639975,2391.287343235487,2466488,TCS.NS
2026-03-16,2364.0087890625,2379.5124645789865,2321.7173916761253,2364.793830777467,3807907,TCS.NS
2026-03-17,2346.837158203125,2374.6063631722786,2315.7318252423875,2374.6063631722786,2993367,TCS.NS
2026-03-18,2395.01611328125,2436.326267951688,2364.793804301608,2364.793804301608,3082388,TCS.NS
2026-03-19,2311.806640625,2378.5311107279285,2306.115387909886,2371.6624152761565,2757060,TCS.NS
2026-03-20,2345.7578125,2362.6351312433567,2319.8528734315287,2341.2440023374425,4206320,TCS.NS
2026-03-23,2339.085205078125,2361.6537756859007,2303.956686393805,2320.6378037995523,3860515,TCS.NS
2026-03-24,2353.803955078125,2389.7172776589064,2334.47353068287,2359.0045869106293,3420182,TCS.NS
2026-03-25,2332.80517578125,2376.1762738846405,2325.3478785890734,2355.864368126978,5843778,TCS.NS
2026-03-27,2344.97265625,2376.6668272056972,2340.262645780238,2358.8080275261386,4979411,TCS.NS
2026-03-30,2314.652099609375,2353.0187649541185,2302.1903717438945,2330.5484146912077,6804756,TCS.NS
2026-04-01,2363.02734375,2425.6306420517385,2352.9205014959025,2383.437228779803,4132661,TCS.NS
2026-04-02,2404.730224609375,2423.570027038862,2331.1370592120925,2341.24390183887,5378361,TCS.NS
2026-04-06,2427.4951171875,2435.4432752720936,2402.2772391631793,2427.593337237373,2572417,TCS.NS
2026-04-07,2492.1591796875,2496.182129281132,2402.0810908677395,2414.837240451596,4516550,TCS.NS
2026-04-08,2511.195068359375,2531.899375247164,2492.453485493659,2523.755016821873,4769337,TCS.NS
2026-04-09,2540.436279296875,2556.136155878084,2483.622446743067,2506.0927992754805,5628261,TCS.NS
2026-04-10,2476.94970703125,2517.671257898199,2454.1849361455575,2517.671257898199,10480239,TCS.NS
2026-04-13,2426.2197265625,2457.9136601554055,2423.6684008424363,2443.195026142192,3739587,TCS.NS
2026-04-15,2506.975830078125,2510.9990192902537,2446.629429262826,2454.9699887251027,5261384,TCS.NS
2026-04-16,2528.56298828125,2545.3423261167095,2510.0176060935014,2523.754997213638,3905403,TCS.NS
2026-04-17,2533.07666015625,2540.435976426315,2507.9567647966655,2521.7923752088177,2718206,TCS.NS
2026-04-20,2531.212646484375,2545.3424392975157,2513.15764504414,2538.571963483115,2288558,TCS.NS
2026-04-21,2561.532958984375,2564.9673069470045,2511.9802240950007,2511.9802240950007,2719959,TCS.NS
2026-04-22,2490.883544921875,2531.6050998221144,2456.6382849386455,2531.6050998221144,5232045,TCS.NS
2026-04-23,2474.496826171875,2511.4896121641627,2469.0999936393873,2481.5617226658205,2509050,TCS.NS
2026-04-24,2351.939453125,2458.0118361710306,2343.991534636913,2441.3307179215667,5107719,TCS.NS
2026-04-27,2401.6884765625,2412.874541687738,2351.9393059532576,2351.9393059532576,5853425,TCS.NS
2026-04-28,2398.8427734375,2440.349366669426,2381.867235359066,2398.155951805419,4508363,TCS.NS
2026-04-29,2428.280029296875,2441.2323784506298,2401.688509360205,2405.024637022461,2835961,TCS.NS
2026-04-30,2427.4951171875,2444.2744555611544,2392.26861608113,2432.4995485090735,3970446,TCS.NS
2026-05-01,2427.4951171875,2427.4951171875,2427.4951171875,2427.4951171875,0,TCS.NS
2026-05-04,2385.6943359375,2451.4375668418284,2379.512461835769,2447.2181772447047,2632358,TCS.NS
2026-05-05,2381.76953125,2414.248508305356,2366.9526763935437,2384.418837601779,3385720,TCS.NS
2026-05-06,2389.71728515625,2424.6496051586114,2361.3594798924314,2396.0953597954776,3147628,TCS.NS
2026-05-07,2356.35498046875,2393.9366055534624,2353.018852732181,2392.4647422177254,5829594,TCS.NS
2026-05-08,2349.486083984375,2361.8498307717123,2330.5483023329007,2353.018651512491,3792199,TCS.NS
2026-05-11,2348.014404296875,2369.699953108347,2326.5252955775945,2326.5252955775945,1975188,TCS.NS
2026-05-12,2257.151611328125,2330.450360002076,2240.176072372522,2330.450360002076,6347884,TCS.NS
2026-05-13,2230.167236328125,2265.8843552424923,2226.4384681959255,2262.7444282326155,3171843,TCS.NS
2026-05-14,2203.8701171875,2222.513720137884,2165.012827845418,2222.513720137884,5633313,TCS.NS
2026-05-15,2221.532470703125,2261.665183205434,2209.7575636145925,2209.7575636145925,3410637,TCS.NS
2026-05-18,2240.3720703125,2249.8900714309348,2209.953563101145,2221.5322685970373,3773336,TCS.NS
2026-05-19,2283.448974609375,2333.0017090765828,2254.0117066090534,2256.857213357978,10394707,TCS.NS
2026-05-20,2283.7431640625,2298.0693970332622,2274.3233820043192,2280.308816116464,2537422,TCS.NS
2026-05-21,2283.546875,2292.0836345084317,2270.594525446405,2287.275643394801,3299087,TCS.NS
2026-05-22,2273.83251953125,2296.1066687906364,2264.805139514887,2287.373709336333,2617262,TCS.NS
2026-05-25,2295.61328125,2313.415817804508,2280.496215777924,2312.3217190072714,3298364,TCS.NS
2026-05-26,2263.78759765625,2315.205623652634,2260.008270887014,2295.613098349941,3587597,TCS.NS
2026-05-27,2271.744140625,2283.0821217701528,2248.571147658945,2262.5943570616037,2653950,TCS.NS
2026-05-28,2271.744140625,2271.744140625,2271.744140625,2271.744140625,0,TCS.NS
2026-05-29,2246.58203125,2321.2726050840133,2222.81245602518,2278.507085795833,16331582,TCS.NS
2026-06-01,2284.8720703125,2322.267132829976,2267.5670504720965,2271.5452382799426,7505095,TCS.NS
2026-06-02,2433.556884765625,2443.9996279549005,2303.569644295269,2307.34897134468,11306127,TCS.NS
2026-06-03,2229.475830078125,2379.9508308808004,2212.6680838914085,2379.9508308808004,15660062,TCS.NS
2026-06-04,2228.77978515625,2240.8139007540485,2204.5129359355733,2229.4759194813155,4867263,TCS.NS
2026-06-05,2186.9091796875,2259.4117976453776,2180.0469028924485,2250.560184151513,5019717,TCS.NS
2026-06-08,2139.668212890625,2165.128711955583,2131.6125282744956,2158.1668832997775,6536734,TCS.NS
2026-06-09,2139.2705078125,2162.145087858845,2121.169801728995,2162.145087858845,4148655,TCS.NS
2026-06-10,2142.154541015625,2168.907999188303,2133.1043096144995,2139.568864676436,2848650,TCS.NS
2026-06-11,2123.95458984375,2142.8509821277357,2098.494090484758,2115.4013888441136,3079815,TCS.NS
2026-06-12,2149.61376953125,2156.177876796519,2126.3414670622496,2138.276030955957,2124656,TCS.NS
2026-06-15,2150.21044921875,2180.046856932239,2147.525221086398,2180.046856932239,3337083,TCS.NS
2026-06-16,2187.0087890625,2196.954258771743,2148.818282502735,2155.183285992923,3079898,TCS.NS
2026-06-17,2210.8779296875,2218.8343055028395,2188.6994835403766,2196.9542720106556,2865010,TCS.NS
2026-06-18,2191.285400390625,2201.927004470057,2170.101501243751,2196.9542695909468,3735188,TCS.NS
2026-06-19,2113.412353515625,2126.341464384191,2048.6672473500757,2093.521413717831,13286502,TCS.NS
2026-06-22,2116.197021484375,2145.237743488044,2109.434053749718,2120.5729308842238,4566101,TCS.NS
2026-06-23,2048.368896484375,2102.4721508294924,2043.7938836114508,2099.4885101234904,6392736,TCS.NS
2026-06-24,2097.49951171875,2109.1356624395376,2049.7612582514666,2049.7612582514666,4747277,TCS.NS
2026-06-25,2083.27734375,2136.78401555451,2076.61392807904,2121.965363861958,4738903,TCS.NS
2026-06-26,2083.27734375,2083.27734375,2083.27734375,2083.27734375,0,TCS.NS
2026-06-29,2086.4599609375,2093.521341445675,2059.706744956766,2078.6031371123327,3412470,TCS.NS
2026-06-30,2020.422119140625,2092.8251853118586,2007.791421498655,2078.60311543387,6848411,TCS.NS
2026-07-01,1971.788818359375,2040.8104030555382,1966.0205187179013,2028.776408877907,4658295,TCS.NS
2026-07-02,2056.82275390625,2065.5745732846704,1991.580373389582,1997.0503819057583,6040621,TCS.NS
2026-07-03,2082.083984375,2105.0581154318793,2073.6303355251375,2088.5485393778363,4028819,TCS.NS
2026-07-06,2046.3798828125,2081.5867473982344,2039.4180542258837,2078.6031065753987,2567386,TCS.NS
2026-07-07,2084.669921875,2111.124724588052,2037.8266642409067,2038.8212111731864,4769048,TCS.NS
2026-07-08,2046.2803955078125,2098.1956989000228,2037.6278854106638,2082.5813599967723,3666985,TCS.NS
2026-07-09,2038.323974609375,2053.7394523387943,2005.006651774823,2046.280350211656,3791498,TCS.NS
2026-07-10,2057.717529296875,2121.666943317309,2053.341620075063,2093.7200783959847,6714551,TCS.NS
2026-07-13,2169.604248046875,2192.8765503750355,2053.8390761022306,2063.684994131224,12382622,TCS.NS
2026-07-14,2188.60009765625,2215.850586742918,2167.1177865856457,2170.996422535663,9546290,TCS.NS
2026-07-15,2189.199951171875,2202.89990234375,2145.39990234375,2174.10009765625,5426489,TCS.NS
2026-07-16,2201.0,2231.39990234375,2187.800048828125,2206.0,5197595,TCS.NS
2026-07-17,2269.0,2275.0,2215.10009765625,2224.800048828125,5615138,TCS.NS
2026-07-20,2251.10009765625,2283.39990234375,2245.10009765625,2280.10009765625,2202693,TCS.NS
2026-07-21,2221.10009765625,2259.89990234375,2218.5,2245.10009765625,2382160,TCS.NS
2026-07-22,2208.300048828125,2226.800048828125,2201.0,2216.0,1599665,TCS.NS
2026-07-23,2242.89990234375,2250.0,2193.60009765625,2204.0,2503539,TCS.NS
2026-07-24,2254.300048828125,2264.300048828125,2205.10009765625,2205.10009765625,3211699,TCS.NS
2026-07-27,2295.60009765625,2315.0,2272.39990234375,2286.0,4007292,TCS.NS
2026-07-28,2398.0,2417.39990234375,2323.0,2325.0,8248513,TCS.NS
2026-07-29,2446.60009765625,2475.5,2415.10009765625,2440.0,7169419,TCS.NS
2026-07-30,2431.800048828125,2495.0,2423.0,2440.0,4901582,TCS.NS
