Date,Close,High,Low,Open,Volume,Ticker
2020-01-01,1129.000244140625,1172.2635139420736,1126.5070588195395,1167.8149265960637,3137636,TITAN.NS
2020-01-02,1129.831298828125,1134.035461042685,1114.5791864619837,1131.2001041548378,3286436,TITAN.NS
2020-01-03,1114.2857666015625,1130.222340421202,1106.7575167446373,1130.222340421202,2695237,TITAN.NS
2020-01-06,1132.764404296875,1145.2790253837857,1124.4539454332332,1136.0886117119862,4494752,TITAN.NS
2020-01-07,1134.084228515625,1147.6742963009158,1126.3604860853509,1144.8389395279999,2363578,TITAN.NS
2020-01-08,1117.8056640625,1130.5157777791112,1112.623800731034,1119.4677081169013,2370166,TITAN.NS
2020-01-09,1137.506103515625,1141.9546905030354,1122.889522296863,1129.2445783655871,1764131,TITAN.NS
2020-01-10,1128.3157958984375,1144.5944207585085,1125.0893351190366,1140.9769750892165,1517311,TITAN.NS
2020-01-13,1133.1065673828125,1136.5285210071513,1122.8896393008808,1129.2446960317957,1135936,TITAN.NS
2020-01-14,1141.0748291015625,1142.590313411948,1131.3467517555612,1136.088577801862,1324743,TITAN.NS
2020-01-15,1158.4290771484375,1164.930813067525,1144.4968370425102,1147.3321939863538,2665214,TITAN.NS
2020-01-16,1166.2994384765625,1168.8414369708798,1147.9186136439498,1158.4288984180503,1644541,TITAN.NS
2020-01-17,1162.2420654296875,1170.1614196714793,1157.5979856729757,1168.1572042275427,1034774,TITAN.NS
2020-01-20,1161.362060546875,1168.3526462749928,1152.8071771536481,1163.464141478863,1139858,TITAN.NS
2020-01-21,1149.971923828125,1157.5002934995516,1135.1109156519221,1157.0602564194053,925998,TITAN.NS
2020-01-22,1151.3896484375,1159.5044954239718,1145.865613716737,1155.4471316048714,902471,TITAN.NS
2020-01-23,1177.2498779296875,1179.7430634894365,1148.7987996131787,1149.7765007192324,2101116,TITAN.NS
2020-01-24,1200.469970703125,1202.5720514106063,1179.1561636773172,1181.9425872438628,2841654,TITAN.NS
2020-01-27,1186.7333984375,1212.6912856858858,1181.8937073805691,1200.6167034580553,2332864,TITAN.NS
2020-01-28,1168.3526611328125,1196.2171388251013,1161.8021123620008,1187.9066805659977,1703068,TITAN.NS
2020-01-29,1159.7489013671875,1180.9650850951937,1155.2515005480116,1171.774671644018,1380266,TITAN.NS
2020-01-30,1152.9539794921875,1164.9308175238002,1149.971943508272,1164.4419669918977,1859283,TITAN.NS
2020-01-31,1161.2642822265625,1168.1571215379115,1153.6871000019732,1159.0644551291011,1809101,TITAN.NS
2020-02-03,1159.9444580078125,1165.712917617026,1136.6263136760194,1143.910138184126,3595537,TITAN.NS
2020-02-04,1247.350830078125,1259.0832406346901,1158.5755424608142,1168.3525512579517,7875930,TITAN.NS
2020-02-05,1251.310546875,1268.7624851007433,1227.01470194518,1256.101305437506,5459816,TITAN.NS
2020-02-06,1231.21875,1265.3404147921044,1224.130418711673,1256.2966817690665,2463971,TITAN.NS
2020-02-07,1246.568603515625,1250.968257410386,1230.3387930179342,1235.8628267776733,2277867,TITAN.NS
2020-02-10,1229.1654052734375,1246.5685273554222,1225.4012810408756,1242.559977921418,1021943,TITAN.NS
2020-02-11,1242.364501953125,1250.3817210457316,1230.4855313431462,1234.8362526650947,1351413,TITAN.NS
2020-02-12,1240.7025146484375,1260.2076010046699,1237.6227327637005,1248.4751895186325,1195516,TITAN.NS
2020-02-13,1269.1536865234375,1278.8329506156413,1241.680311377572,1241.680311377572,4458645,TITAN.NS
2020-02-14,1264.6072998046875,1281.4726419092403,1261.234279123083,1277.8062631908592,1416212,TITAN.NS
2020-02-17,1286.7034912109375,1292.1296603308742,1259.6211010090917,1264.2163674695541,2347399,TITAN.NS
2020-02-18,1281.7659912109375,1289.4898528613428,1272.2334066081103,1284.6990941656536,1761012,TITAN.NS
2020-02-19,1299.951171875,1303.1776327806383,1282.7925916448185,1287.6321636550142,1445826,TITAN.NS
2020-02-20,1293.3516845703125,1311.1459135618954,1290.56526071796,1300.3422702688536,1513648,TITAN.NS
2020-02-24,1251.3594970703125,1288.4143877532358,1245.4443584544827,1280.7882724375845,1341317,TITAN.NS
2020-02-25,1232.0008544921875,1258.05660680271,1228.7745131985166,1256.3456302634406,1358874,TITAN.NS
2020-02-26,1227.112548828125,1238.7472150490687,1217.33553844889,1227.9925036319103,1506693,TITAN.NS
2020-02-27,1249.4041748046875,1257.323529307812,1222.1262920954625,1222.1262920954625,4569014,TITAN.NS
2020-02-28,1226.526123046875,1242.3648343297673,1208.0964797826675,1227.0149736339802,2728105,TITAN.NS
2020-03-02,1216.4066162109375,1265.1449829117264,1200.6167225777435,1246.5686655428526,2773593,TITAN.NS
2020-03-03,1219.193115234375,1243.635639597534,1197.683693794795,1220.3663086645013,2660100,TITAN.NS
2020-03-04,1223.054931640625,1237.427206932289,1190.155390797928,1224.0326325714216,3007393,TITAN.NS
2020-03-05,1231.072265625,1236.9384717565426,1214.50016169443,1225.5482309814768,1555538,TITAN.NS
2020-03-06,1214.8912353515625,1219.144210820081,1192.5018586441772,1201.5945256581958,1678642,TITAN.NS
2020-03-09,1176.6141357421875,1214.1578753006415,1148.7985920401775,1197.6836385099723,2285787,TITAN.NS
2020-03-11,1161.1666259765625,1186.293494141897,1151.2918696657925,1171.2368747496178,2314388,TITAN.NS
2020-03-12,1052.739501953125,1128.2179678435223,1040.9093442823705,1124.3560968155039,3608906,TITAN.NS
2020-03-13,1060.169921875,1109.397137151606,924.953902550098,1032.061021667356,4337046,TITAN.NS
2020-03-16,988.7979125976562,1026.5371484774837,961.0801122730667,1026.5371484774837,3443930,TITAN.NS
2020-03-17,978.6786499023438,1014.8535850136192,955.995975951799,982.5894536981573,2985146,TITAN.NS
2020-03-18,909.9951782226562,1005.0765975964445,900.4625937610168,1005.0765975964445,5508541,TITAN.NS
2020-03-19,883.3528442382812,903.7868187936898,821.0244061417783,860.3279978645173,4838552,TITAN.NS
2020-03-20,884.7216186523438,913.1726925925891,846.6890276072614,885.8948120598392,4407646,TITAN.NS
2020-03-23,783.089599609375,822.2953844240966,754.0518690230299,820.9266388779987,4960906,TITAN.NS
2020-03-24,797.9017333984375,838.7207486734562,704.8246493010531,787.2937018014085,5404961,TITAN.NS
2020-03-25,861.1589965820312,877.6821667322637,767.2997041006298,781.1830697149967,3564854,TITAN.NS
2020-03-26,907.5997924804688,926.6649612686819,852.8485385245747,875.0423623308079,3635282,TITAN.NS
2020-03-27,916.1547241210938,943.4814794236844,876.0201093923536,938.5929743489502,2999631,TITAN.NS
2020-03-30,922.6076049804688,937.6152919888425,841.8005906177199,841.8005906177199,2901412,TITAN.NS
2020-03-31,912.8794555664062,950.0320943775876,903.1513184691779,945.4368876424304,3811918,TITAN.NS
2020-04-01,915.177001953125,928.8159427312153,881.8862950984801,908.9686245213643,2935916,TITAN.NS
2020-04-03,843.5603637695312,909.310752348713,836.8631361630881,909.2618792362682,4951957,TITAN.NS
2020-04-07,926.3228149414062,933.6555723666522,872.402581471444,880.0286372588733,4186574,TITAN.NS
2020-04-08,893.0810546875,944.8503382997636,873.4781601608998,914.1505008196932,5505995,TITAN.NS
2020-04-09,991.2421264648438,1020.7198352312618,896.8939807753641,910.8751526945622,8532854,TITAN.NS
2020-04-13,945.2901611328125,991.8776363293177,922.1675689440057,991.8776363293177,4399110,TITAN.NS
2020-04-15,930.8201904296875,967.9239539319034,916.3013549903615,967.9239539319034,5502739,TITAN.NS
2020-04-16,963.2799072265625,976.7232959343679,894.5964121921388,908.2842261491769,6251879,TITAN.NS
2020-04-17,953.747314453125,995.0063081100651,934.9754435357254,978.7764358935693,5761623,TITAN.NS
2020-04-20,953.747314453125,960.2979230120785,935.659846162625,953.747314453125,2557331,TITAN.NS
2020-04-21,915.8125,940.7438744482353,911.6572709252941,936.6375184866409,3717567,TITAN.NS
2020-04-22,930.1847534179688,933.9488783908223,901.9780438196389,915.8125368117524,2779272,TITAN.NS
2020-04-23,892.2498779296875,914.6392539264547,884.8193744558434,901.6847161236482,7009187,TITAN.NS
2020-04-24,885.8458862304688,906.2309857474844,873.1846476732267,889.7078167103556,4692972,TITAN.NS
2020-04-27,907.0620727539062,917.0835076725024,891.7121556266937,893.8142365768323,3816089,TITAN.NS
2020-04-28,912.04833984375,919.0389257550504,896.551803103597,909.6040873816355,2548149,TITAN.NS
2020-04-29,904.7645263671875,912.7816268021621,897.5295151207439,911.2173290768337,2514908,TITAN.NS
2020-04-30,948.418701171875,957.1202626392254,908.2840930633721,914.3458502909773,4336412,TITAN.NS
2020-05-04,871.9625854492188,908.2842003220626,866.243058649459,907.7953498374974,4201101,TITAN.NS
2020-05-05,867.1719970703125,888.5836152197917,857.4438592522916,884.8194898783626,5214901,TITAN.NS
2020-05-06,856.9060668945312,872.0604326334501,842.0449995254098,867.2208006723233,3713850,TITAN.NS
2020-05-07,830.1658325195312,858.9102636178271,827.5260877582444,858.9102636178271,4744629,TITAN.NS
2020-05-08,814.2782592773438,843.2671179855737,811.7851336459522,837.8897624505933,4751910,TITAN.NS
2020-05-11,811.1007080078125,832.4146370814102,805.6256063970967,829.5304072596039,3704305,TITAN.NS
2020-05-12,827.5750122070312,832.0235397621198,803.9146363917778,808.5587160790517,5287477,TITAN.NS
2020-05-13,841.2628173828125,864.2387903365317,836.9120361014308,855.4394815457456,3599358,TITAN.NS
2020-05-14,827.1349487304688,836.9119575807107,822.4908695266038,835.9342566956865,2161536,TITAN.NS
2020-05-15,826.7438354492188,840.627199799285,823.224136171343,827.1349396685941,2130736,TITAN.NS
2020-05-18,799.0750122070312,826.1573417348218,791.9378068700659,822.7353882483462,4634758,TITAN.NS
2020-05-19,808.3630981445312,825.3262446890622,799.9060211016609,808.8519485981352,3072505,TITAN.NS
2020-05-20,829.7747802734375,834.9565831992159,800.345946864398,805.6255556863629,3403474,TITAN.NS
2020-05-21,830.8991088867188,840.8227971647684,825.081836110754,834.9565916031538,2217516,TITAN.NS
2020-05-22,830.7037353515625,836.8632401381333,819.2157478156213,826.0596552838416,1955658,TITAN.NS
2020-05-26,872.842529296875,876.9488852507959,836.0809971860596,836.9120191297956,5625204,TITAN.NS
2020-05-27,866.096435546875,870.8871944745423,849.1333465070335,865.1676673055481,3925259,TITAN.NS
2020-05-28,879.3931274414062,883.9394010338992,855.4883273870229,866.09635877697,3441157,TITAN.NS
2020-05-29,870.1538696289062,877.9754774457953,855.4883549722392,875.4823518889882,4140081,TITAN.NS
2020-06-01,937.5174560546875,957.1692210962038,878.4642953574455,878.4642953574455,9822341,TITAN.NS
2020-06-02,954.3827514648438,962.0576796124263,925.2472170868733,937.5174110448089,4518557,TITAN.NS
2020-06-03,962.39990234375,982.589450748686,957.8536287492416,966.9462356123885,4194237,TITAN.NS
2020-06-04,949.5919799804688,955.6537373730843,921.3364006704728,948.4676000984863,5293647,TITAN.NS
2020-06-05,968.8526611328125,972.8123376073444,945.4367140364844,955.2137224546486,3136137,TITAN.NS
2020-06-08,1002.1434936523438,1026.5860178877667,983.6160483470668,986.500278141673,7033675,TITAN.NS
2020-06-09,974.8656616210938,1023.6529663111149,967.1907324959603,1013.8759561266726,17283990,TITAN.NS
2020-06-10,955.458251953125,986.4513839564229,949.2009420128667,974.8655919118378,5971985,TITAN.NS
2020-06-11,930.0380249023438,954.23612331636,927.9359439987469,954.23612331636,4955842,TITAN.NS
2020-06-12,955.898193359375,962.8398459631966,880.9085214928086,889.7567028093814,6968318,TITAN.NS
2020-06-15,927.2515869140625,964.5508416306144,923.9273798787096,958.0980393550815,3823415,TITAN.NS
2020-06-16,936.6864013671875,948.3699398809596,912.8305335292999,943.4814350362124,2976379,TITAN.NS
2020-06-17,941.5260009765625,951.156331322507,924.6606598375743,933.7043934918144,2372940,TITAN.NS
2020-06-18,954.2361450195312,958.635799376691,932.3845522486239,936.7352738180656,2118941,TITAN.NS
2020-06-19,954.0895385742188,972.7636642928039,951.3031144723969,958.1470217707595,2817395,TITAN.NS
2020-06-22,957.6581420898438,965.9686006990971,946.952304064273,957.1692915834171,1840153,TITAN.NS
2020-06-23,976.9676513671875,985.5225344789842,959.6134599118284,959.6134599118284,2929867,TITAN.NS
2020-06-24,966.1641235351562,1003.1212087653697,963.1821474712162,987.4779930341359,3451720,TITAN.NS
2020-06-25,955.8004150390625,971.8347343241225,951.8407381670346,963.0354258644472,2214883,TITAN.NS
2020-06-26,944.6546630859375,967.8261873704647,940.4505609657544,965.9685317090646,2514103,TITAN.NS
2020-06-29,936.0997924804688,949.9342252066925,914.1503940782034,943.3836765392335,3422997,TITAN.NS
2020-06-30,928.669189453125,950.2764154607218,925.2961690385469,943.4813821724263,1947529,TITAN.NS
2020-07-01,927.0560913085938,946.9034094848065,923.9274362035542,928.815941157012,3043306,TITAN.NS
2020-07-02,964.4042358398438,971.8347391508217,931.8467466380424,935.6109310800764,3845200,TITAN.NS
2020-07-03,981.1229248046875,985.5225791760089,964.3064561616991,969.8793636335325,3073808,TITAN.NS
2020-07-06,991.5843505859375,997.0594522304299,973.4480092551574,984.5448915614955,2509450,TITAN.NS
2020-07-07,993.5886840820312,1006.0543723694074,984.5449494421703,992.3665577793473,3538454,TITAN.NS
2020-07-08,969.04833984375,1006.0542976717412,965.0397300640971,1003.1211947630771,4272654,TITAN.NS
2020-07-09,969.4881591796875,980.1451225362656,956.5336226474126,972.8123660085629,3585878,TITAN.NS
2020-07-10,940.4016723632812,964.9908761053242,936.0509507017072,963.0843472420221,3691688,TITAN.NS
2020-07-13,944.8013305664062,952.2318939165103,937.6152521386464,952.2318939165103,2760626,TITAN.NS
2020-07-14,952.0851440429688,956.0937536197902,933.7043786802153,938.5928832806353,3642970,TITAN.NS
2020-07-15,946.36572265625,963.8176621487298,941.9171949105331,957.1693070884581,2366530,TITAN.NS
2020-07-16,939.912841796875,951.254209313772,920.798798992241,946.9034278858198,2914310,TITAN.NS
2020-07-17,975.598876953125,977.7009578822241,935.1220931012793,938.5929195669352,3843594,TITAN.NS
2020-07-20,979.363037109375,989.9221952572937,964.0131205172262,977.7009335874504,3349775,TITAN.NS
2020-07-21,992.5131225585938,994.7129496502059,976.9676539082159,981.6117333238417,2491480,TITAN.NS
2020-07-22,1034.1142578125,1042.1802907337465,992.9530712597916,997.4994045941465,7642553,TITAN.NS
2020-07-23,1046.3355712890625,1058.8501919339603,1027.661505901155,1044.1357440205018,6785686,TITAN.NS
2020-07-24,1034.0166015625,1042.2293142120618,1009.6718216666914,1041.056120697098,4407065,TITAN.NS
2020-07-27,1018.8621826171875,1048.5843167230944,1016.1735048820001,1033.4299513065835,2783336,TITAN.NS
2020-07-28,1029.2257080078125,1031.4255350719627,1005.6143263312046,1021.6974586831341,3129955,TITAN.NS
2020-07-29,1017.2488403320312,1042.9624214042904,1013.0936115614962,1033.2343453161036,2332468,TITAN.NS
2020-07-30,1018.6177368164062,1034.114273398713,1016.7600810944681,1018.764415832292,2297977,TITAN.NS
2020-07-31,1019.9865112304688,1027.6614397817698,1009.6717185177821,1022.1863383574935,1786573,TITAN.NS
2020-08-03,1057.3804931640625,1074.3598727307594,1023.6672199025319,1027.5930769299625,7646498,TITAN.NS
2020-08-04,1055.2701416015625,1069.0106388609975,1045.5046218295151,1068.7652728385076,3357481,TITAN.NS
2020-08-05,1084.95947265625,1093.7926498105435,1058.0183302587081,1062.9256508999822,5465772,TITAN.NS
2020-08-06,1099.386962890625,1104.147039499387,1071.0226283144052,1084.9593696899267,4499103,TITAN.NS
2020-08-07,1070.826416015625,1110.4284670759005,1065.9190956907426,1094.2833113224624,4553672,TITAN.NS
2020-08-10,1087.0206298828125,1093.9398800178412,1063.9071020219221,1072.7402790682295,5185798,TITAN.NS
2020-08-11,1046.4862060546875,1067.5385652780533,1029.163338916732,1054.0925536250732,11189277,TITAN.NS
2020-08-12,1036.7694091796875,1056.938541072109,1029.114062331351,1048.2034880435574,6260227,TITAN.NS
2020-08-13,1077.30419921875,1082.7022522993445,1042.3149766530037,1044.3270261788273,5476727,TITAN.NS
2020-08-14,1083.68359375,1098.2583114552397,1069.8449741087384,1077.3040771955236,4149195,TITAN.NS
2020-08-17,1103.0181884765625,1105.3246046976542,1085.4990816893007,1092.3693290417646,3033448,TITAN.NS
2020-08-18,1124.316162109375,1130.4503122675212,1104.245150907348,1108.023763443242,4134374,TITAN.NS
2020-08-19,1127.113525390625,1137.5170220796958,1123.776523107206,1137.369778486319,2570066,TITAN.NS
2020-08-20,1104.8341064453125,1117.2987725916646,1098.0620998972258,1109.1035711921036,2727302,TITAN.NS
2020-08-21,1117.0042724609375,1122.5986897366129,1108.1710955276255,1116.611662857931,2181243,TITAN.NS
2020-08-24,1105.7666015625,1125.4940068911515,1103.1656976199297,1118.869123920569,2122417,TITAN.NS
2020-08-25,1115.43408203125,1117.8877425724538,1102.08619264863,1110.0360288406016,1465877,TITAN.NS
2020-08-26,1113.176513671875,1128.6836940876078,1106.2572637796534,1118.574566121859,2009966,TITAN.NS
2020-08-27,1116.5625,1127.2113600230223,1106.1098848462743,1118.8689163484942,1459135,TITAN.NS
2020-08-28,1113.0784912109375,1126.966233177659,1110.6248307859917,1126.966233177659,1628956,TITAN.NS
2020-08-31,1080.101318359375,1131.6281872497586,1065.8700879039357,1110.0359755242646,3373546,TITAN.NS
2020-09-01,1099.288818359375,1108.7108489455845,1075.3410724223622,1084.5177370047247,2043953,TITAN.NS
2020-09-02,1100.5157470703125,1103.803627855191,1082.1622964520739,1096.2462823744,1919880,TITAN.NS
2020-09-03,1163.3294677734375,1169.5126198364308,1100.5157641790524,1100.5157641790524,5945052,TITAN.NS
2020-09-04,1137.7620849609375,1175.8429341748895,1133.590863170052,1140.0685012837873,3490945,TITAN.NS
2020-09-07,1146.0556640625,1154.6434755550697,1127.9968191699495,1142.4242945544115,2166322,TITAN.NS
2020-09-08,1141.0010986328125,1152.336936718301,1133.1983874181933,1146.055542730074,1994062,TITAN.NS
2020-09-09,1139.577880859375,1150.079618045459,1127.0152129440112,1135.4557797855696,1918422,TITAN.NS
2020-09-10,1133.836181640625,1144.239675121554,1117.6420271311506,1143.4054547598598,1841208,TITAN.NS
2020-09-11,1146.1044921875,1171.867920078677,1133.5908272117856,1134.5722911314494,5572098,TITAN.NS
2020-09-14,1165.979248046875,1169.5124945339783,1146.3008466530027,1146.8406997834793,2019325,TITAN.NS
2020-09-15,1152.7786865234375,1197.3861811693598,1148.4602205970389,1172.653334202683,5204233,TITAN.NS
2020-09-16,1159.7960205078125,1166.960755999234,1143.1111316499598,1158.1275795450765,2463561,TITAN.NS
2020-09-17,1160.4832763671875,1169.4636976219426,1146.3992892732172,1153.1712963039652,2019300,TITAN.NS
2020-09-18,1142.03173828125,1179.229256045633,1135.8975869285366,1163.0350964744696,2575064,TITAN.NS
2020-09-21,1099.1416015625,1150.0796091631803,1094.3815249334675,1142.0315321564283,2666086,TITAN.NS
2020-09-22,1083.9779052734375,1106.6006991978252,1072.8874335651628,1099.2397189370856,2000953,TITAN.NS
2020-09-23,1096.491455078125,1101.1534087473476,1082.5547151900187,1086.9713028766507,2068183,TITAN.NS
2020-09-24,1075.83203125,1093.253021196057,1056.0555032088628,1092.3696794344464,2356296,TITAN.NS
2020-09-25,1088.7872314453125,1094.3325278574175,1061.2081127765316,1077.2060263534656,2275740,TITAN.NS
2020-09-28,1117.6422119140625,1122.7457771650654,1087.8056801657647,1098.2582964933795,2509616,TITAN.NS
2020-09-29,1145.6629638671875,1152.385968239612,1118.2309734521298,1123.776268959172,3586518,TITAN.NS
2020-09-30,1179.081787109375,1182.664154776238,1141.6880315713352,1151.2573058527196,3635996,TITAN.NS
2020-10-01,1176.4320068359375,1188.5530649154562,1160.0906050619894,1181.290206370631,2990243,TITAN.NS
2020-10-05,1172.211669921875,1193.4603924831217,1166.6663735775112,1178.738430404794,2151235,TITAN.NS
2020-10-06,1177.7076416015625,1193.4110651045364,1169.9050509715676,1181.6826185987982,2087249,TITAN.NS
2020-10-07,1230.7559814453125,1244.4964788458185,1178.1985309653257,1182.6642405435418,9411156,TITAN.NS
2020-10-08,1230.9031982421875,1239.1475204646524,1210.7340635021949,1233.7003469049096,3144780,TITAN.NS
2020-10-09,1231.9337158203125,1245.4779686028764,1224.376490017406,1230.9032503786245,1873176,TITAN.NS
2020-10-12,1233.455078125,1237.9697892813363,1213.0896968868112,1236.841081540343,2009418,TITAN.NS
2020-10-13,1206.072021484375,1258.1387349979377,1200.9684565691437,1234.2401103802142,4735253,TITAN.NS
2020-10-14,1200.7720947265625,1225.7994269735404,1195.9630169251986,1201.6554362968031,4096708,TITAN.NS
2020-10-15,1191.104736328125,1214.6108719972542,1187.5714897416576,1200.2323998334857,2727327,TITAN.NS
2020-10-16,1200.477783203125,1217.0645496992393,1193.4602912461971,1193.5094123720116,2772602,TITAN.NS
2020-10-19,1206.0230712890625,1211.7154908884754,1190.614013835766,1202.3915824233247,1606979,TITAN.NS
2020-10-20,1210.635986328125,1222.4626768415737,1194.539950874275,1207.2008619242754,2841242,TITAN.NS
2020-10-21,1221.62841796875,1233.2588643578179,1206.2194782526144,1217.997048422697,2687516,TITAN.NS
2020-10-22,1206.660888671875,1229.7744142124025,1197.386101627399,1217.1626255461294,1973416,TITAN.NS
2020-10-23,1218.683837890625,1224.670864318556,1208.378465577632,1212.1080768139539,1527141,TITAN.NS
2020-10-26,1192.9696044921875,1226.8301156850962,1188.062284029447,1226.8301156850962,1425518,TITAN.NS
2020-10-27,1208.967529296875,1214.0710947064615,1191.0558094275193,1196.4047408627134,1778338,TITAN.NS
2020-10-28,1194.44189453125,1217.9970346041753,1163.3785295985524,1208.9676121659425,4810354,TITAN.NS
2020-10-29,1156.3609619140625,1178.738391456777,1134.1308957564231,1178.738391456777,5274120,TITAN.NS
2020-10-30,1144.1417236328125,1165.7830539972977,1137.6149636968864,1154.5943397939423,2275592,TITAN.NS
2020-11-02,1146.8409423828125,1160.0907093679798,1132.6097111765218,1145.8594781616891,2502801,TITAN.NS
2020-11-03,1177.7076416015625,1182.9585696814602,1153.023918628916,1156.1645554064653,2079628,TITAN.NS
2020-11-04,1193.11669921875,1195.3249931514847,1170.5920292202895,1177.7076430035452,2043263,TITAN.NS
2020-11-05,1219.07666015625,1230.6088645185268,1187.8170493145008,1201.459425670552,2215527,TITAN.NS
2020-11-06,1230.26513671875,1242.3861932825366,1216.0339085716246,1219.0764230415552,2546487,TITAN.NS
2020-11-09,1261.2305908203125,1263.8313750478776,1229.234762747089,1241.9447957464301,1840061,TITAN.NS
2020-11-10,1281.203369140625,1287.6810087903903,1250.7288583189857,1262.1629400186293,2898878,TITAN.NS
2020-11-11,1251.072265625,1294.256686897546,1240.2761603068634,1285.6198745276158,2872916,TITAN.NS
2020-11-12,1254.4093017578125,1271.9775339427777,1243.5150736925148,1263.0952354933484,3650248,TITAN.NS
2020-11-13,1264.5672607421875,1279.8290740808463,1254.7526206035307,1272.9588259837865,3107920,TITAN.NS
2020-11-14,1262.947998046875,1273.8422251316467,1255.3906529139686,1270.9959554012696,288198,TITAN.NS
2020-11-17,1277.8170166015625,1280.6142848689444,1253.6240246635396,1272.9588176876368,2185705,TITAN.NS
2020-11-18,1256.3721923828125,1278.847744626727,1243.515036409872,1277.8171593806828,2934467,TITAN.NS
2020-11-19,1268.493408203125,1320.6582564852135,1246.5087050881787,1254.8511511225108,6942825,TITAN.NS
2020-11-20,1339.8455810546875,1345.8816085148173,1271.5847130782922,1271.9282015109989,10421957,TITAN.NS
2020-11-23,1322.6209716796875,1349.5131114623537,1307.310155976622,1349.5131114623537,2995116,TITAN.NS
2020-11-24,1302.550048828125,1339.1585863151543,1298.7223150395423,1322.6209408956731,2876893,TITAN.NS
2020-11-25,1282.724365234375,1320.0691194741455,1276.246726602197,1306.3286230632623,3417818,TITAN.NS
2020-11-26,1302.79541015625,1308.291584900986,1283.9022271034787,1292.5390389001714,2819881,TITAN.NS
2020-11-27,1335.9688720703125,1343.0354854065147,1289.2022040039233,1308.291632641165,5497388,TITAN.NS
2020-12-01,1316.241455078125,1360.7018258708322,1310.2545481455024,1357.36482403388,2881906,TITAN.NS
2020-12-02,1363.253662109375,1366.2471755971749,1318.5970446680672,1322.9645120771863,2969071,TITAN.NS
2020-12-03,1392.2066650390625,1397.6047169655446,1360.3582065958644,1372.9699948625769,3939085,TITAN.NS
2020-12-04,1410.5111083984375,1413.8481101890586,1387.4957041337727,1392.2067795802527,2229459,TITAN.NS
2020-12-07,1398.880859375,1409.3824775450757,1391.7161233697195,1409.3824775450757,1430365,TITAN.NS
2020-12-08,1401.3834228515625,1409.0388903811127,1386.1707300437727,1398.880761403242,1666175,TITAN.NS
2020-12-09,1399.7149658203125,1408.4008986203141,1391.2743990305235,1403.493578416062,1579066,TITAN.NS
2020-12-10,1397.80126953125,1418.2157728700136,1389.311700024197,1401.530881424484,2588422,TITAN.NS
2020-12-11,1415.663818359375,1422.9756778602452,1396.623391173142,1401.039979550007,1398271,TITAN.NS
2020-12-14,1436.3236083984375,1442.2615142057668,1418.2156434347282,1424.10442811335,2453825,TITAN.NS
2020-12-15,1441.525390625,1448.641005319149,1422.4359618858175,1433.4283118351063,2035503,TITAN.NS
2020-12-16,1476.5635986328125,1482.0107722419184,1441.9669895457082,1449.6224573518632,2638988,TITAN.NS
2020-12-17,1474.10986328125,1491.8253370821492,1464.638831164951,1467.4359797104555,1951230,TITAN.NS
2020-12-18,1491.187255859375,1496.7325512402467,1469.3496825707878,1474.1588799756398,3299825,TITAN.NS
2020-12-21,1444.37158203125,1500.2169100081094,1424.1043255931586,1486.1328051528717,2298069,TITAN.NS
2020-12-22,1471.018310546875,1482.010659568975,1424.3005276839037,1438.826242998753,3305444,TITAN.NS
2020-12-23,1463.215576171875,1491.6290307735944,1450.652908893077,1476.808828570715,2847742,TITAN.NS
2020-12-24,1468.172119140625,1491.825379151168,1458.4556009333128,1491.825379151168,1947894,TITAN.NS
2020-12-28,1514.9390869140625,1518.963066101032,1468.4176606991748,1475.435153566009,2497242,TITAN.NS
2020-12-29,1511.5528564453125,1527.9923803377965,1500.1187755675214,1525.1952315773178,2081338,TITAN.NS
2020-12-30,1523.821044921875,1526.8635594851082,1504.878860829732,1519.3063342982755,1151230,TITAN.NS
2020-12-31,1538.1014404296875,1541.8800531356176,1515.5767681508012,1520.2878436073022,2031709,TITAN.NS
2021-01-01,1529.7099609375,1543.8430682960147,1527.1090570452777,1533.1450853742679,1003018,TITAN.NS
2021-01-04,1522.1527099609375,1537.9542581475773,1509.491798998707,1536.9727940389955,1383979,TITAN.NS
2021-01-05,1541.8309326171875,1547.621594590863,1512.9268636829795,1516.3619879274754,1351709,TITAN.NS
2021-01-06,1543.4505615234375,1591.2969407949572,1532.8998214789485,1548.7504921119646,3312171,TITAN.NS
2021-01-07,1513.760986328125,1540.8984900669423,1506.54724984252,1540.8984900669423,2820445,TITAN.NS
2021-01-08,1519.895263671875,1526.4711449501906,1493.2976108318603,1519.2082867328938,3478504,TITAN.NS
2021-01-11,1534.9117431640625,1542.8615784809688,1517.0490245057224,1531.0840091795874,1425529,TITAN.NS
2021-01-12,1498.7938232421875,1531.8692357401935,1495.7513084529237,1531.0840165266147,2550741,TITAN.NS
2021-01-13,1477.888671875,1507.5288394143934,1467.2888117998164,1501.6400548854308,3527208,TITAN.NS
2021-01-14,1462.3323974609375,1489.7152699920218,1452.6159986533273,1480.0478725051553,2814477,TITAN.NS
2021-01-15,1449.8677978515625,1481.0292820836066,1444.0281345563242,1462.3323436213298,1725346,TITAN.NS
2021-01-18,1475.6802978515625,1481.0292289196418,1432.937491201244,1439.8077394467293,2302268,TITAN.NS
2021-01-19,1491.727294921875,1495.7512737308853,1473.1775996522695,1489.8624891886377,2279346,TITAN.NS
2021-01-20,1502.916015625,1512.4361694172944,1491.7273009877072,1491.7273009877072,1838240,TITAN.NS
2021-01-21,1489.1754150390625,1521.1219972107917,1484.0227289009495,1504.682474770145,1558030,TITAN.NS
2021-01-22,1463.5592041015625,1506.2528920462182,1459.4371028437506,1493.7883460176115,1364197,TITAN.NS
2021-01-25,1472.0487060546875,1484.758736304232,1451.339840325013,1477.152390564574,1604484,TITAN.NS
2021-01-27,1413.9952392578125,1477.1034269502316,1405.4565497626124,1477.1034269502316,2021747,TITAN.NS
2021-01-28,1423.220947265625,1427.4902917785773,1389.4095597988546,1393.678904311807,1850239,TITAN.NS
2021-01-29,1393.973388671875,1442.0160042914981,1389.0169474722086,1429.0116060904686,2435997,TITAN.NS
2021-02-01,1473.7174072265625,1480.5876556466117,1397.2613329904923,1411.1490734011163,2215933,TITAN.NS
2021-02-02,1457.915771484375,1507.5288287117075,1454.5297683273116,1486.9180830066646,1974202,TITAN.NS
2021-02-03,1496.8800048828125,1500.6586177285167,1464.344445814877,1464.344445814877,1853072,TITAN.NS
2021-02-04,1485.5439453125,1511.454619900897,1460.5166123206345,1501.63997951193,2728965,TITAN.NS
2021-02-05,1481.470947265625,1510.424138400188,1476.6127478627081,1490.402366478662,1344007,TITAN.NS
2021-02-08,1513.123046875,1535.843963127226,1482.0598061767896,1485.9365411715933,2683198,TITAN.NS
2021-02-09,1530.98583984375,1555.277075783929,1514.448194084386,1519.306393349371,2364475,TITAN.NS
2021-02-10,1534.175537109375,1558.5648945263006,1497.7141240850974,1546.1984715917094,2125469,TITAN.NS
2021-02-11,1496.4383544921875,1546.6893912903001,1483.2377094838555,1523.232373941402,5970196,TITAN.NS
2021-02-12,1466.503662109375,1508.2158878330922,1463.3630248014663,1508.2158878330922,3284441,TITAN.NS
2021-02-15,1457.2288818359375,1490.353296560277,1449.377168716094,1478.0849948105215,3156535,TITAN.NS
2021-02-16,1444.56787109375,1477.1034290574373,1433.9190098690472,1464.4916396878077,3090249,TITAN.NS
2021-02-17,1433.330078125,1455.511141005502,1422.6320963502865,1442.163254301028,2096959,TITAN.NS
2021-02-18,1406.43798828125,1444.616963913494,1402.5121320683227,1437.9429604284678,2686046,TITAN.NS
2021-02-19,1399.1260986328125,1418.1174036890245,1386.612432225777,1407.4194217795248,2543997,TITAN.NS
2021-02-22,1379.202392578125,1406.5361431288222,1370.123849876579,1398.5863080760207,1931189,TITAN.NS
2021-02-23,1397.6541748046875,1410.3149674363453,1374.1971559114702,1388.7718756627269,1871135,TITAN.NS
2021-02-24,1424.938720703125,1446.6781758691998,1397.6540888637155,1397.6540888637155,1143204,TITAN.NS
2021-02-25,1407.861083984375,1435.8328099137289,1403.9843488400234,1432.9375388370738,1967386,TITAN.NS
2021-02-26,1380.822021484375,1405.4076280687261,1377.092409562038,1393.6791786782585,2715597,TITAN.NS
2021-03-01,1425.2330322265625,1438.8262852436358,1390.3419376183763,1395.1511353846033,1962042,TITAN.NS
2021-03-02,1443.880859375,1446.6780079525968,1423.1228707810483,1441.770687708524,1293306,TITAN.NS
2021-03-03,1447.26708984375,1454.1864603982508,1438.9737652511044,1444.71530687737,1227772,TITAN.NS
2021-03-04,1443.242919921875,1460.0750527420607,1423.6627595807695,1425.0858345641363,1822476,TITAN.NS
2021-03-05,1446.8741455078125,1465.325716179807,1435.0965777957176,1437.8447248515854,1954113,TITAN.NS
2021-03-08,1429.7476806640625,1453.7935486415943,1424.1042626693356,1447.659398647326,1060584,TITAN.NS
2021-03-09,1429.8951416015625,1451.487352863887,1418.2156942754143,1442.7522979826015,941590,TITAN.NS
2021-03-10,1443.97900390625,1453.5482785285683,1435.8819253796728,1442.7521738264657,1257628,TITAN.NS
2021-03-12,1455.0205078125,1479.8515971167694,1451.0946514676434,1452.5668475969646,2631081,TITAN.NS
2021-03-15,1464.5406494140625,1469.1536024656968,1443.733658881446,1469.1536024656968,1482287,TITAN.NS
2021-03-16,1473.1285400390625,1502.6215851094303,1469.1536821916416,1477.1035176941166,3191850,TITAN.NS
2021-03-17,1445.2550048828125,1471.7545355187253,1442.8013446387465,1466.5527278782538,1195023,TITAN.NS
2021-03-18,1440.9854736328125,1465.227707608675,1435.8819084840118,1458.0629721039898,1242978,TITAN.NS
2021-03-19,1438.286376953125,1443.5863065370384,1405.5055750607332,1423.122806012112,2360672,TITAN.NS
2021-03-22,1433.23193359375,1441.427134069226,1421.1598784162006,1437.844766491529,1331121,TITAN.NS
2021-03-23,1467.63232421875,1486.72187292956,1427.0488074725793,1433.2320792519429,2534795,TITAN.NS
2021-03-24,1460.565673828125,1480.8329293655952,1449.082473157183,1458.4555022691059,1871092,TITAN.NS
2021-03-25,1423.9571533203125,1470.723941246052,1420.9146385979125,1456.5908343656454,1609996,TITAN.NS
2021-03-26,1477.9376220703125,1484.3662595484363,1429.9931269836882,1432.8393967024215,1922278,TITAN.NS
2021-03-30,1523.4285888671875,1534.0284494930725,1482.0108501180673,1482.0108501180673,3466042,TITAN.NS
2021-03-31,1529.1700439453125,1538.3467084487343,1508.2648126743147,1521.1710883271787,1431746,TITAN.NS
2021-04-01,1530.4459228515625,1563.766698807899,1522.7905752439483,1531.083898437436,1343989,TITAN.NS
2021-04-05,1506.5474853515625,1530.102625187678,1472.1962397572272,1512.5343927650479,1376233,TITAN.NS
2021-04-06,1497.2236328125,1519.3065772492625,1481.029473558874,1501.1494896012578,1400544,TITAN.NS
2021-04-07,1486.0347900390625,1532.5070918439505,1480.047882909245,1493.8865029457427,2592185,TITAN.NS
2021-04-08,1542.1746826171875,1549.7319087265548,1497.2235761636223,1500.9040667638278,2085919,TITAN.NS
2021-04-09,1562.49072265625,1588.008787222244,1532.3598251109897,1540.800391736679,3569146,TITAN.NS
2021-04-12,1482.45263671875,1543.4997852922202,1474.4046777471337,1541.880345309201,1889829,TITAN.NS
2021-04-13,1502.2288818359375,1524.5081881133017,1488.5375059801595,1500.2659536956037,1880575,TITAN.NS
2021-04-15,1510.03173828125,1525.6860437826617,1487.4580624967527,1516.3621342195,1313429,TITAN.NS
2021-04-16,1520.3369140625,1530.887652457645,1501.4437313549151,1501.4437313549151,1501276,TITAN.NS
2021-04-19,1490.5494384765625,1504.0445694688551,1472.2942306957866,1496.7327100542634,1439975,TITAN.NS
2021-04-20,1494.671630859375,1531.083923278381,1482.010720609202,1495.9474622441994,1789104,TITAN.NS
2021-04-22,1453.4010009765625,1501.6399825473702,1445.8437757848305,1501.6399825473702,2200432,TITAN.NS
2021-04-23,1434.360595703125,1469.1535683482782,1424.693198719891,1450.6038737414801,1726070,TITAN.NS
2021-04-26,1452.4197998046875,1462.1363195294934,1437.9923237156065,1442.752401213865,1020499,TITAN.NS
2021-04-27,1467.386962890625,1475.680406482046,1454.5298070462763,1457.4741993682326,1145908,TITAN.NS
2021-04-28,1480.882080078125,1486.8199857931638,1464.0499468384867,1477.1034672629316,1037771,TITAN.NS
2021-04-29,1478.8701171875,1499.186375631435,1469.2517213225915,1495.7512513664858,1927546,TITAN.NS
2021-04-30,1464.0008544921875,1488.4393329706652,1443.7335981702179,1472.1960552381556,3691399,TITAN.NS
2021-05-03,1397.5556640625,1449.6223790179818,1394.6603930836507,1449.6223790179818,3945733,TITAN.NS
2021-05-04,1376.89599609375,1407.419505337237,1374.0988473982247,1407.419505337237,3194977,TITAN.NS
2021-05-05,1401.92333984375,1405.358464182582,1377.3867374235206,1379.9385201136986,1819256,TITAN.NS
2021-05-06,1417.626708984375,1421.6015665337125,1404.475066648919,1409.1861420491978,1464006,TITAN.NS
2021-05-07,1419.687744140625,1432.2014107412424,1413.2101053912418,1422.141404258393,1190019,TITAN.NS
2021-05-10,1428.177490234375,1442.5068419437998,1418.2156057892776,1427.4413921690864,1322561,TITAN.NS
2021-05-11,1408.6463623046875,1430.9255496537596,1405.456603950749,1412.4249751624425,1582827,TITAN.NS
2021-05-12,1427.9813232421875,1432.9377654910877,1399.4207383161886,1404.4753030258537,1358169,TITAN.NS
2021-05-14,1428.8643798828125,1450.407587162091,1406.437950825246,1441.7706558006184,1876873,TITAN.NS
2021-05-17,1441.083740234375,1443.537400406532,1411.3453310247803,1434.9004686774888,2218758,TITAN.NS
2021-05-18,1510.718505859375,1518.4229745215287,1448.8862720642537,1452.5667621711061,3075596,TITAN.NS
2021-05-19,1492.9539794921875,1525.0969253184567,1488.6846350767864,1494.033565924829,1504440,TITAN.NS
2021-05-20,1502.965087890625,1537.2182103623816,1494.2791542070077,1494.7698862773548,3032029,TITAN.NS
2021-05-21,1509.835205078125,1524.0664338759116,1505.1242494986045,1523.428458278624,1158893,TITAN.NS
2021-05-24,1492.5615234375,1506.5473868003041,1477.5450748512271,1503.750238089269,1126532,TITAN.NS
2021-05-25,1540.0643310546875,1545.7077493166673,1506.5473099372305,1507.5287739827922,2530758,TITAN.NS
2021-05-26,1553.6085205078125,1584.0830281736085,1547.4253686764694,1550.713249389282,3839248,TITAN.NS
2021-05-27,1564.69921875,1577.1637655129266,1538.2978091937575,1561.2149730997621,2810155,TITAN.NS
2021-05-28,1547.7689208984375,1582.365531210213,1541.4385252325271,1565.4352751001952,1028675,TITAN.NS
2021-05-31,1566.662109375,1578.4396788738254,1539.9172119714174,1541.5366517390323,1525715,TITAN.NS
2021-06-01,1561.902099609375,1582.1202374917243,1559.8410488198276,1578.1943808230103,1111933,TITAN.NS
2021-06-02,1556.307373046875,1567.1525978644893,1535.205897641153,1551.6945402998324,1859258,TITAN.NS
2021-06-03,1659.8519287109375,1670.7462753497484,1559.1047413253184,1571.3239206427459,7221910,TITAN.NS
2021-06-04,1648.3687744140625,1682.0330372596468,1634.6282785273122,1682.0330372596468,2952017,TITAN.NS
2021-06-07,1653.8651123046875,1682.0822048616,1644.9338130568945,1654.6012103713895,1471576,TITAN.NS
2021-06-08,1680.7572021484375,1694.0069669536952,1643.1670807408416,1654.7484045677463,1743285,TITAN.NS
2021-06-09,1698.6690673828125,1707.649488262758,1664.7104319588445,1683.1618859831453,2551140,TITAN.NS
2021-06-10,1706.422607421875,1713.489101126473,1690.277450846345,1709.1216337379915,1850763,TITAN.NS
2021-06-11,1696.41162109375,1710.6919720537405,1692.584006847481,1704.3615763624812,761647,TITAN.NS
2021-06-14,1702.6439208984375,1707.7474861523942,1681.2479561948571,1696.411528191953,887780,TITAN.NS
2021-06-15,1691.4552001953125,1716.531535269524,1687.7255888106815,1715.599192327179,868275,TITAN.NS
2021-06-16,1683.1617431640625,1696.9513611415011,1674.868419773263,1692.0440408374482,1116772,TITAN.NS
2021-06-17,1679.677734375,1690.0812301811388,1669.8630930847494,1674.3778041167382,546515,TITAN.NS
2021-06-18,1679.5797119140625,1693.0257233591342,1654.7486200484059,1668.5872411299874,2018319,TITAN.NS
2021-06-21,1710.544677734375,1715.1576308754982,1659.4104222350427,1667.5075010364262,925811,TITAN.NS
2021-06-22,1724.432373046875,1737.9766251520807,1715.599196406339,1717.6602469942723,2083172,TITAN.NS
2021-06-23,1749.5089111328125,1752.894914416219,1722.518647892921,1724.4324549996063,1608518,TITAN.NS
2021-06-24,1747.84033203125,1759.7160237715027,1734.8359326057487,1751.913432039254,1271298,TITAN.NS
2021-06-25,1721.3408203125,1758.7837003957322,1709.710494469512,1751.9134515660614,1378327,TITAN.NS
2021-06-28,1696.0191650390625,1735.7193418128302,1687.8729647060304,1735.7193418128302,1339433,TITAN.NS
2021-06-29,1699.503173828125,1713.6362805155518,1689.3450445804087,1703.625394841089,1236704,TITAN.NS
2021-06-30,1700.386474609375,1722.8129042956564,1696.1171299333525,1705.7845269097222,803926,TITAN.NS
2021-07-01,1708.0421142578125,1714.0290216326307,1693.761762901344,1696.9515214002165,567971,TITAN.NS
2021-07-02,1722.2239990234375,1735.0811537980337,1707.943649527065,1722.469365029852,1259675,TITAN.NS
2021-07-05,1717.4639892578125,1730.2230220876038,1710.6918632558597,1727.3767523409715,632904,TITAN.NS
2021-07-06,1730.1248779296875,1741.1172273835807,1713.6853550668493,1717.562090147275,960973,TITAN.NS
2021-07-07,1695.23388671875,1750.3431205452396,1686.1553436866768,1730.1249838083108,2188364,TITAN.NS
2021-07-08,1694.3505859375,1713.6363801568052,1689.3451428092217,1697.9329539927107,1167637,TITAN.NS
2021-07-09,1688.7071533203125,1707.6984602203481,1686.1553705510867,1692.0441553143617,831213,TITAN.NS
2021-07-12,1687.970947265625,1706.9622529510143,1680.168355876377,1697.9328314812162,792602,TITAN.NS
2021-07-13,1692.28955078125,1702.8402903323001,1685.6155466770665,1697.9329696108814,797913,TITAN.NS
2021-07-14,1678.647216796875,1696.5589378737545,1673.3964074564133,1694.0071549969323,891780,TITAN.NS
2021-07-15,1670.0103759765625,1684.9285831658547,1663.0910057810052,1673.887111454414,943422,TITAN.NS
2021-07-16,1663.9251708984375,1678.3036442094779,1657.3494092213712,1675.2611294008,907734,TITAN.NS
2021-07-19,1649.203369140625,1677.5677089057972,1643.8544370937911,1662.9438681458503,831260,TITAN.NS
2021-07-20,1640.4190673828125,1660.0973500636296,1631.684013215203,1649.2031228692517,819793,TITAN.NS
2021-07-22,1674.2132568359375,1686.9045404484132,1654.9795556930924,1667.5724814672626,1146821,TITAN.NS
2021-07-23,1673.426025390625,1698.021487829683,1669.5399903632665,1686.9044108642477,1053239,TITAN.NS
2021-07-26,1694.9716796875,1708.7451386954758,1672.4914509684886,1673.3769116380079,1435514,TITAN.NS
2021-07-27,1701.071533203125,1714.205486990979,1685.625509717807,1704.9575684862407,1075244,TITAN.NS
2021-07-28,1695.6605224609375,1720.8953723794805,1687.8390928734323,1702.006104117464,1714957,TITAN.NS
2021-07-29,1711.008056640625,1727.8805688058308,1699.841740108067,1710.8604598389975,1346162,TITAN.NS
2021-07-30,1686.80615234375,1719.6164771501462,1683.5102641068465,1713.8119236537807,1199644,TITAN.NS
2021-08-02,1742.8837890625,1747.2617335437812,1697.0869878170174,1700.0384434480034,1718511,TITAN.NS
2021-08-03,1810.4228515625,1824.9341752061841,1748.3931639087239,1751.1970227632416,5956344,TITAN.NS
2021-08-04,1770.4798583984375,1828.5743924648764,1765.9543170367385,1827.1477834943692,2040687,TITAN.NS
2021-08-05,1770.184814453125,1791.7303452233605,1734.66886773096,1790.59904993532,2301814,TITAN.NS
2021-08-06,1758.821533203125,1767.2823483313969,1749.2293027745245,1766.9380358734793,877876,TITAN.NS
2021-08-09,1770.0372314453125,1801.9620964945777,1748.9834897046449,1758.8216755558874,1770502,TITAN.NS
2021-08-10,1770.086181640625,1792.517291281946,1764.330867485098,1780.7114693854676,862746,TITAN.NS
2021-08-11,1760.4449462890625,1785.630677277383,1744.851446211736,1775.7924917276455,748179,TITAN.NS
2021-08-12,1794.0914306640625,1799.9943417893633,1752.1807856934342,1768.9057005484528,889082,TITAN.NS
2021-08-13,1808.16015625,1811.2099697683532,1789.3200067985836,1800.3879656035233,1194666,TITAN.NS
2021-08-16,1807.47119140625,1817.1618991241844,1787.5981069400284,1798.4201097888672,461655,TITAN.NS
2021-08-17,1844.1185302734375,1847.95544642369,1799.0597152506919,1810.2260311521075,1917077,TITAN.NS
2021-08-18,1849.8741455078125,1860.0566439101262,1829.9025800637235,1857.2527849435533,1029077,TITAN.NS
2021-08-20,1846.4307861328125,1861.6799743470438,1827.8857095510837,1829.312318570086,1070166,TITAN.NS
2021-08-23,1840.0849609375,1864.3361116863584,1817.9490440441264,1858.4332005147921,1092285,TITAN.NS
2021-08-24,1839.34716796875,1856.760828653386,1822.6222523377103,1852.5303607792835,1003905,TITAN.NS
2021-08-25,1793.156982421875,1839.44557516218,1790.5498391316034,1829.9025828487815,1280400,TITAN.NS
2021-08-26,1785.9749755859375,1804.9134826189588,1776.0384322785285,1793.156899018293,1059290,TITAN.NS
2021-08-27,1793.05859375,1800.3879941032783,1767.9219810948584,1794.485082647202,1020589,TITAN.NS
2021-08-30,1848.0538330078125,1856.4162903470494,1802.158795569086,1805.3069667646678,1670309,TITAN.NS
2021-08-31,1890.5057373046875,1893.8507444567622,1845.2009642800317,1848.0539420527916,1816071,TITAN.NS
2021-09-01,1908.017578125,1922.3320649069237,1884.012383269557,1894.0472836959577,1247432,TITAN.NS
2021-09-02,1935.2694091796875,1947.46878298857,1915.3470839179959,1926.808593828297,1167157,TITAN.NS
2021-09-03,1986.624755859375,1991.642206217573,1938.2208133399126,1938.2208133399126,1548784,TITAN.NS
2021-09-06,1987.9530029296875,1999.9555413577646,1973.6876337691674,1992.2325896588356,679133,TITAN.NS
2021-09-07,2000.9886474609375,2006.8915589809983,1980.1316213663642,1981.4106335670608,773091,TITAN.NS
2021-09-08,2022.681884765625,2033.5531287750837,1982.4437984677402,2001.0378746867418,796813,TITAN.NS
2021-09-09,2001.3822021484375,2026.666291828868,1988.346605853907,2018.7957431227364,653397,TITAN.NS
2021-09-13,1997.7911376953125,2010.3839429214545,1988.4448615867143,2004.0383613909996,786459,TITAN.NS
2021-09-14,2022.435791015625,2028.141986772915,1999.1685778570325,2005.9077110582011,888765,TITAN.NS
2021-09-15,2085.547607421875,2098.484723777961,2026.6659779571494,2026.6659779571494,2795995,TITAN.NS
2021-09-16,2074.578125,2098.4357247990097,2061.1490978901957,2098.4357247990097,725123,TITAN.NS
2021-09-17,2061.690185546875,2115.20981693182,2046.3425205665983,2079.7431112657173,1727410,TITAN.NS
2021-09-20,2043.7354736328125,2062.083592730654,2037.0454597405205,2054.2130446667966,411738,TITAN.NS
2021-09-21,2052.09814453125,2063.559535266108,2028.7324525347922,2041.4236165326215,539788,TITAN.NS
2021-09-22,2047.375732421875,2076.79181229696,2039.8493760661488,2062.870875272381,1057480,TITAN.NS
2021-09-23,2070.98681640625,2079.545987809496,2042.9972330530395,2056.1803025532095,711634,TITAN.NS
2021-09-24,2059.033935546875,2080.776423566565,2051.261864367039,2070.938237166723,540771,TITAN.NS
2021-09-27,2056.4267578125,2073.2501513690218,2043.587877486742,2065.035170265967,507550,TITAN.NS
2021-09-28,2094.844970703125,2103.4041443939327,2049.343360937821,2049.490837650215,923489,TITAN.NS
2021-09-29,2112.750244140625,2132.8200456108007,2075.906289085243,2094.54960175804,912912,TITAN.NS
2021-09-30,2126.8681640625,2149.643466730089,2101.731552832288,2115.111340593546,1374265,TITAN.NS
2021-10-01,2128.7373046875,2139.8052629441077,2088.3022677806675,2122.0965297335356,626710,TITAN.NS
2021-10-04,2120.42431640625,2139.1168701570023,2103.4042062688623,2125.0482158749965,870878,TITAN.NS
2021-10-05,2157.16943359375,2170.942891927445,2095.5333036264847,2120.423958510387,1329784,TITAN.NS
2021-10-06,2112.897705078125,2169.0245985312863,2100.550975057343,2158.497788621147,895210,TITAN.NS
2021-10-07,2336.913330078125,2345.6692185023303,2213.591587136518,2218.510679552377,8361061,TITAN.NS
2021-10-08,2320.04052734375,2380.840553143862,2314.9247196477304,2380.840553143862,1845797,TITAN.NS
2021-10-11,2324.1728515625,2367.165914444244,2319.4014756985375,2338.5366985001638,1056932,TITAN.NS
2021-10-12,2452.265869140625,2467.21986096083,2304.7421061504956,2326.730543728556,3517011,TITAN.NS
2021-10-13,2496.144287109375,2566.7332655292175,2449.7081012600493,2498.8005490606797,4023645,TITAN.NS
2021-10-14,2522.559814453125,2542.1869450348677,2491.372816764509,2533.6277723214075,1546459,TITAN.NS
2021-10-18,2546.909423828125,2634.5675095436964,2533.8245895192495,2577.604513508225,2572741,TITAN.NS
2021-10-19,2444.6904296875,2595.3131341157286,2428.8018574102366,2595.3131341157286,3546129,TITAN.NS
2021-10-20,2372.379638671875,2465.0062869023955,2364.1156600311792,2446.8548851161945,2868983,TITAN.NS
2021-10-21,2356.93408203125,2396.532779169994,2341.537417604888,2394.5159030789487,2303014,TITAN.NS
2021-10-22,2372.97021484375,2454.57791113463,2359.196755885287,2378.2827386517038,3063724,TITAN.NS
2021-10-25,2340.651611328125,2372.9701440677563,2302.135214394092,2366.083414793928,1446182,TITAN.NS
2021-10-26,2415.028564453125,2428.5068304320193,2332.6337616125306,2351.326313898755,2567357,TITAN.NS
2021-10-27,2420.2919921875,2442.181953851042,2412.519681909777,2428.0640622751594,2082690,TITAN.NS
2021-10-28,2336.716552734375,2430.0318390677235,2321.811797651752,2430.0318390677235,3330380,TITAN.NS
2021-10-29,2344.980712890625,2365.099753856926,2308.579427161546,2361.1644797240524,1450019,TITAN.NS
2021-11-01,2367.362548828125,2401.9436736733346,2351.670691497896,2401.9436736733346,1276469,TITAN.NS
2021-11-02,2414.241455078125,2424.915982299373,2381.8739212299415,2383.595603672719,1546219,TITAN.NS
2021-11-03,2378.82421875,2431.6552313734983,2367.1168730779555,2422.1614776286124,1554405,TITAN.NS
2021-11-04,2392.400634765625,2405.2395142146347,2382.8084044010875,2399.5333188828454,181506,TITAN.NS
2021-11-08,2495.701904296875,2507.458488862127,2408.683194698131,2437.804081969582,3449086,TITAN.NS
2021-11-09,2471.45068359375,2502.637683692478,2450.839492751949,2488.0278821012853,1097405,TITAN.NS
2021-11-10,2444.3955078125,2485.9618388701615,2432.1960144649724,2464.4653088625423,911235,TITAN.NS
2021-11-11,2487.191650390625,2501.653734328572,2436.229803961134,2443.805158386719,1726010,TITAN.NS
2021-11-12,2498.4072265625,2520.297189465046,2482.1742203651065,2506.6222075929695,1673817,TITAN.NS
2021-11-15,2498.308349609375,2531.069550376895,2490.7329959651834,2509.7207391287043,846885,TITAN.NS
2021-11-16,2490.78271484375,2510.0656552807745,2479.370323125497,2508.8358820434664,1133767,TITAN.NS
2021-11-17,2458.906982421875,2497.915291748695,2450.7904794061496,2482.0757170601582,892518,TITAN.NS
2021-11-18,2438.098876953125,2479.222536912946,2416.750064256608,2451.6756198361354,739912,TITAN.NS
2021-11-22,2352.605224609375,2452.0691307405446,2314.924928061061,2452.0691307405446,1361329,TITAN.NS
2021-11-23,2349.0634765625,2371.937257584807,2326.7800827393785,2341.488121853342,1247942,TITAN.NS
2021-11-24,2337.405517578125,2366.329688350654,2326.730989688929,2361.164640699125,614145,TITAN.NS
2021-11-25,2359.000244140625,2364.312768407804,2317.04023750102,2321.8118537001233,662071,TITAN.NS
2021-11-26,2255.207275390625,2346.505683459317,2248.074591013228,2339.3237601171654,1289322,TITAN.NS
2021-11-29,2286.591064453125,2296.6259657944265,2195.292653434652,2252.9445175134297,1094276,TITAN.NS
2021-11-30,2337.06103515625,2351.326404556278,2298.593632629108,2298.593632629108,2675375,TITAN.NS
2021-12-01,2322.008544921875,2402.435713159512,2309.4156191659167,2370.8060421549326,2177426,TITAN.NS
2021-12-02,2347.883056640625,2383.300525753997,2321.861103066178,2330.6662313771803,1682636,TITAN.NS
2021-12-03,2330.912109375,2366.526292996529,2316.9419339443543,2366.083622685185,1062389,TITAN.NS
2021-12-06,2287.673583984375,2341.340940062594,2280.885091098959,2323.140294806065,547641,TITAN.NS
2021-12-07,2342.029541015625,2347.2438279113803,2287.7227994410077,2298.6922813392594,904175,TITAN.NS
2021-12-08,2366.62451171875,2378.873003338126,2338.634924957352,2346.406994607705,926476,TITAN.NS
2021-12-09,2334.748779296875,2384.7760461428525,2317.7289113836323,2384.7760461428525,1250492,TITAN.NS
2021-12-10,2301.495849609375,2346.8004983106475,2259.1424161482287,2346.8004983106475,2288164,TITAN.NS
2021-12-13,2312.465576171875,2347.3911358205037,2302.2339589987328,2314.5316912693766,992852,TITAN.NS
2021-12-14,2316.7451171875,2332.8796446952383,2281.229172856967,2304.7915781623174,765269,TITAN.NS
2021-12-15,2285.55810546875,2329.9284208115873,2279.950387435354,2316.9913021790107,567271,TITAN.NS
2021-12-16,2319.1064453125,2326.5343239421445,2287.6242494274647,2306.1693265170306,998086,TITAN.NS
2021-12-17,2243.49951171875,2301.446562910098,2220.5767338385094,2298.1999139662275,1591893,TITAN.NS
2021-12-20,2203.1142578125,2226.5289481260256,2169.319993135913,2223.1348220251225,1063366,TITAN.NS
2021-12-21,2250.632568359375,2272.6210105767063,2214.8709056619746,2214.8709056619746,883858,TITAN.NS
2021-12-22,2262.537109375,2270.7520917922934,2245.4187596621027,2268.9811700519654,643034,TITAN.NS
2021-12-23,2292.19873046875,2299.7250864472812,2272.6208375116703,2282.4590229554437,613686,TITAN.NS
2021-12-24,2281.917724609375,2304.0044014397304,2272.6206880145996,2302.233720328389,534065,TITAN.NS
2021-12-27,2293.576171875,2306.070619085444,2249.3043383174722,2268.832991894918,537545,TITAN.NS
2021-12-28,2341.340576171875,2346.3579064568476,2289.8375811177543,2302.2337904148694,871453,TITAN.NS
2021-12-29,2363.279541015625,2377.348193766254,2331.9943045060563,2340.504238553395,764644,TITAN.NS
2021-12-30,2397.86083984375,2408.387649587842,2352.014802398938,2355.064735776319,1152684,TITAN.NS
2021-12-31,2481.583740234375,2493.9799496697074,2405.042851485324,2407.6991134528757,2225749,TITAN.NS
2022-01-03,2483.010498046875,2504.801982454494,2461.809160644409,2469.384515302742,921729,TITAN.NS
2022-01-04,2541.203125,2552.959707757091,2483.551266196528,2484.141653358498,1037293,TITAN.NS
2022-01-05,2534.464111328125,2565.7988288376228,2518.674015442289,2534.316634618756,1244568,TITAN.NS
2022-01-06,2553.89453125,2559.256534611636,2497.3742024091375,2498.8991692315276,1130508,TITAN.NS
2022-01-07,2531.070068359375,2643.766537213392,2520.8876899466222,2587.442922270433,4625230,TITAN.NS
2022-01-10,2614.497802734375,2620.4499530137987,2529.3974979605186,2543.1709576927033,1894316,TITAN.NS
2022-01-11,2610.415283203125,2635.4041805704796,2591.6734900825604,2607.119394684749,1123968,TITAN.NS
2022-01-12,2570.668701171875,2628.7632361464357,2565.798847256701,2598.2648602779705,1293999,TITAN.NS
2022-01-13,2576.86669921875,2586.360452010703,2546.122369983058,2568.7501963005275,1023670,TITAN.NS
2022-01-14,2550.795654296875,2596.2972641748925,2546.9588578642765,2583.5076224794498,1166457,TITAN.NS
2022-01-17,2555.517822265625,2562.1585972174203,2509.1306353401546,2550.7954453730017,1172956,TITAN.NS
2022-01-18,2558.518310546875,2592.3615685344557,2545.1382837945494,2555.9602865474444,1221314,TITAN.NS
2022-01-19,2547.0078125,2575.4403134288536,2529.4960340187254,2555.960657607684,629040,TITAN.NS
2022-01-20,2522.805908203125,2567.766367051803,2508.737255165555,2554.976726143116,1215237,TITAN.NS
2022-01-21,2487.240966796875,2520.44484547178,2464.4656616484967,2506.769862626894,1457884,TITAN.NS
2022-01-24,2364.1650390625,2481.7313470575173,2337.552701223106,2479.2225619032943,1411443,TITAN.NS
2022-01-25,2338.044677734375,2368.7890060235395,2292.6905485661737,2347.390953534281,2849686,TITAN.NS
2022-01-27,2272.669921875,2322.2050381006516,2223.4297590405376,2289.3455970297923,2460051,TITAN.NS
2022-01-28,2278.130126953125,2339.323587258764,2270.653010565017,2275.5721028756,1317407,TITAN.NS
2022-01-31,2322.10693359375,2341.488110673495,2298.544527744945,2314.925010258292,900510,TITAN.NS
2022-02-01,2392.449951171875,2402.5833300768513,2320.778675129031,2340.307569040904,1246431,TITAN.NS
2022-02-02,2424.12890625,2437.8038880136105,2402.2389435210785,2411.339265105012,1144427,TITAN.NS
2022-02-03,2434.9013671875,2465.99012554806,2377.8891373967376,2440.3616074938386,3883564,TITAN.NS
2022-02-04,2431.1630859375,2479.2227176311003,2390.6790491442753,2469.3845322436755,2718069,TITAN.NS
2022-02-07,2370.215576171875,2457.726187179797,2349.35867118264,2439.869976772591,1119632,TITAN.NS
2022-02-08,2404.1083984375,2425.113023131742,2362.050150267568,2379.2669770037974,1524580,TITAN.NS
2022-02-09,2444.592529296875,2454.627431077289,2416.307744269431,2425.1128727877826,826261,TITAN.NS
2022-02-10,2451.5283203125,2463.432380509816,2425.653844721696,2459.4971063573003,788689,TITAN.NS
2022-02-11,2402.730712890625,2439.8698609760468,2382.0705245517147,2439.8698609760468,1030760,TITAN.NS
2022-02-14,2359.19677734375,2383.7922399932886,2313.2032621891126,2341.4880442360823,816491,TITAN.NS
2022-02-15,2455.5126953125,2459.349731884747,2360.180771081009,2382.7593594316168,1293933,TITAN.NS
2022-02-16,2447.789794921875,2479.1242716708553,2420.4395911541233,2469.384564087735,1008929,TITAN.NS
2022-02-17,2452.856201171875,2496.439408138171,2446.756574596899,2468.892490531129,960885,TITAN.NS
2022-02-18,2448.675048828125,2459.054382216161,2420.9806536621495,2439.1812962190606,654373,TITAN.NS
2022-02-21,2414.635498046875,2447.740900891653,2372.0361007288657,2447.740900891653,788568,TITAN.NS
2022-02-22,2410.4541015625,2417.242353977486,2338.5368642264893,2338.5368642264893,874150,TITAN.NS
2022-02-23,2455.31591796875,2484.141849648228,2412.3230951831506,2412.3230951831506,2096198,TITAN.NS
2022-02-24,2367.657470703125,2426.096187912595,2356.245081123546,2363.131809961903,1875086,TITAN.NS
2022-02-25,2428.507080078125,2433.967321582103,2384.2844801350957,2384.2844801350957,1284338,TITAN.NS
2022-02-28,2505.34326171875,2522.1664153816687,2390.6791577798126,2390.6791577798126,2355891,TITAN.NS
2022-03-02,2550.697021484375,2562.650560764892,2483.5024078858005,2508.737257161217,3536974,TITAN.NS
2022-03-03,2532.594970703125,2597.0843264344853,2518.575555987181,2577.60467058063,2153478,TITAN.NS
2022-03-04,2401.501220703125,2523.494728022743,2390.679216021546,2523.494728022743,2652474,TITAN.NS
2022-03-07,2351.03125,2380.7917625185796,2292.2973278773825,2375.7251928269884,1545686,TITAN.NS
2022-03-08,2332.879638671875,2380.348881714961,2287.968419827344,2361.1644207959935,1467595,TITAN.NS
2022-03-09,2394.27001953125,2420.6856447935093,2336.56915520609,2354.2778898560728,1581979,TITAN.NS
2022-03-10,2427.8671875,2464.219230718624,2405.2886024029694,2457.5784562671415,1051744,TITAN.NS
2022-03-11,2453.25,2457.7754211562687,2409.2241204681595,2437.902334746391,812330,TITAN.NS
2022-03-14,2497.9150390625,2503.8179497495325,2434.9506584008222,2449.707935118403,1004492,TITAN.NS
2022-03-15,2515.5751953125,2537.2684458440713,2502.0476880886317,2517.592071700263,1571483,TITAN.NS
2022-03-16,2545.43408203125,2551.5337097211145,2524.4786964119453,2536.0878047062643,757197,TITAN.NS
2022-03-17,2659.261474609375,2677.609594035184,2558.026644404491,2558.026644404491,3336088,TITAN.NS
2022-03-21,2663.442626953125,2723.20960066719,2656.3099428473315,2695.662682741366,1889261,TITAN.NS
2022-03-22,2668.853759765625,2674.805910004942,2603.6265421497055,2672.297124675469,1279904,TITAN.NS
2022-03-23,2646.4716796875,2698.5648195451963,2634.5183813738554,2685.8244184189125,1281815,TITAN.NS
2022-03-24,2576.12890625,2650.4072077286614,2570.2752338403598,2650.4072077286614,1835380,TITAN.NS
2022-03-25,2483.059814453125,2591.378344757646,2477.255380447894,2588.426888784118,2863040,TITAN.NS
2022-03-28,2494.865234375,2504.359226999962,2442.8213318781877,2495.45562155015,1316800,TITAN.NS
2022-03-29,2497.718505859375,2517.591591919357,2484.4369558433878,2508.7372252420323,908172,TITAN.NS
2022-03-30,2482.321533203125,2524.2322970584305,2469.384416103151,2514.935260342588,866666,TITAN.NS
2022-03-31,2495.111083984375,2504.2114047128644,2479.1732730168146,2484.3875588776355,910316,TITAN.NS
2022-04-01,2480.05908203125,2508.7372966205094,2451.528344148115,2496.9314740481777,1208002,TITAN.NS
2022-04-04,2476.271728515625,2520.543571099337,2468.1552240419446,2499.243991798998,1424995,TITAN.NS
2022-04-05,2507.949951171875,2536.0872549904825,2479.2717393564126,2491.0283218262316,1586304,TITAN.NS
2022-04-06,2498.948486328125,2523.396234456945,2482.469524755967,2505.785977569301,1349078,TITAN.NS
2022-04-07,2418.5703125,2503.276941479339,2412.322968931025,2461.80908766122,2785215,TITAN.NS
2022-04-08,2469.3349609375,2491.6675907232507,2425.11237161084,2428.4082593480716,1217812,TITAN.NS
2022-04-11,2449.560791015625,2469.3354003880445,2437.3120575249245,2462.4979092852172,660112,TITAN.NS
2022-04-12,2447.9375,2467.9090664952064,2400.763444096044,2439.870235163688,1182427,TITAN.NS
2022-04-13,2421.52197265625,2455.561951616803,2401.599646290333,2451.872631919411,1165453,TITAN.NS
2022-04-18,2453.102294921875,2459.5463544084396,2371.002685649736,2395.5981491938205,1109814,TITAN.NS
2022-04-19,2412.91357421875,2479.8132384582123,2401.501182478337,2468.7942780784674,929834,TITAN.NS
2022-04-20,2442.5263671875,2464.465569798977,2403.1736235579756,2413.3562420481494,639190,TITAN.NS
2022-04-21,2480.206298828125,2484.092333646272,2426.09628437531,2442.5260043620638,880723,TITAN.NS
2022-04-22,2472.040771484375,2485.56827626745,2436.4265887480387,2474.303602140649,878780,TITAN.NS
2022-04-25,2414.1923828125,2448.7245119823815,2407.453369470917,2431.0157770624605,682383,TITAN.NS
2022-04-26,2506.966552734375,2510.8525882349527,2419.2099801033337,2420.1937987206998,1232557,TITAN.NS
2022-04-27,2452.020751953125,2496.735265998922,2447.986999011428,2487.73318034322,801135,TITAN.NS
2022-04-28,2472.532958984375,2490.044978821296,2436.9187722403594,2488.9626822408304,933881,TITAN.NS
2022-04-29,2418.422607421875,2491.028461323097,2410.3553436973093,2480.2064577391498,1496781,TITAN.NS
2022-05-02,2347.932373046875,2397.565974333906,2333.9621966960785,2395.598337096045,1287401,TITAN.NS
2022-05-04,2252.895263671875,2368.0512741700504,2238.1872242363374,2317.8765276047525,2357806,TITAN.NS
2022-05-05,2225.3974609375,2271.6369307270943,2215.7067525757825,2271.6369307270943,2118580,TITAN.NS
2022-05-06,2173.00927734375,2203.7536078098474,2159.924442259363,2203.7536078098474,1465638,TITAN.NS
2022-05-09,2147.87255859375,2177.5348312759247,2135.870020610828,2159.4816652421778,968069,TITAN.NS
2022-05-10,2102.764404296875,2150.627074541275,2090.61415068628,2144.7241639981603,1092429,TITAN.NS
2022-05-11,2080.48095703125,2103.403976373994,2061.83764428709,2092.778688417908,1472911,TITAN.NS
2022-05-12,2015.401611328125,2069.855825920529,2002.6119697168529,2067.986666684146,1362031,TITAN.NS
2022-05-13,2057.853271484375,2119.1452169294025,2022.8784729998217,2022.8784729998217,2580348,TITAN.NS
2022-05-16,2075.46337890625,2117.177182712678,2062.771977516673,2083.7273573352472,1370151,TITAN.NS
2022-05-17,2141.133544921875,2149.6434790948956,2076.8409081781806,2110.2907380588335,1256142,TITAN.NS
2022-05-18,2131.688720703125,2158.7929682359436,2126.0317643657336,2151.6110451956774,1188772,TITAN.NS
2022-05-19,2077.775634765625,2121.2113698717844,2021.8456917244948,2090.6145154751484,981115,TITAN.NS
2022-05-20,2102.469482421875,2120.670125615109,2094.7464107206074,2105.2732211781386,1017542,TITAN.NS
2022-05-23,2116.489013671875,2164.4009317131436,2103.404178183046,2125.0481875001774,1346294,TITAN.NS
2022-05-24,2105.61767578125,2129.96718517295,2087.0236010490744,2116.83311130382,1150314,TITAN.NS
2022-05-25,2079.2021484375,2145.708382362081,2071.921986820056,2125.048191610314,1125068,TITAN.NS
2022-05-26,2107.2900390625,2116.0461680385574,2041.9153461925425,2097.501092788485,1382368,TITAN.NS
2022-05-27,2114.4228515625,2124.998901334837,2089.0402840708757,2120.129047384661,865917,TITAN.NS
2022-05-30,2219.39599609375,2223.429747907126,2128.9831745446995,2128.9831745446995,1691435,TITAN.NS
2022-05-31,2180.141845703125,2262.7826015871788,2141.379491995442,2218.412290149594,7005071,TITAN.NS
2022-06-01,2162.039794921875,2267.60333579045,2144.7244919384493,2218.5108850097263,2126105,TITAN.NS
2022-06-02,2185.01171875,2189.340664401163,2141.3795110069327,2141.3795110069327,966727,TITAN.NS
2022-06-03,2168.729248046875,2208.6231333667674,2162.18695157235,2195.5383002276717,1228695,TITAN.NS
2022-06-06,2162.974365234375,2173.205982286924,2130.901783774521,2168.729559755154,1285097,TITAN.NS
2022-06-07,2066.80615234375,2144.1833887618345,2054.213226290161,2138.3789551275668,3255286,TITAN.NS
2022-06-08,2094.40234375,2098.4850949050265,2062.6249546123886,2071.971231406387,1775344,TITAN.NS
2022-06-09,2105.076904296875,2119.1455602791852,2068.9708046736896,2071.9222608857776,1035771,TITAN.NS
2022-06-10,2107.585205078125,2130.9508947131376,2073.8894210781596,2073.8894210781596,927889,TITAN.NS
2022-06-13,2068.380126953125,2090.073375104248,2042.6041276912167,2073.8896071848694,928411,TITAN.NS
2022-06-14,2067.986572265625,2082.645372444,2039.111402024041,2066.018935184497,893733,TITAN.NS
2022-06-15,2070.98681640625,2093.073489799978,2056.1803025532095,2069.9537591253365,783714,TITAN.NS
2022-06-16,2027.600830078125,2110.2908287727128,2009.0067552153205,2091.991707328302,1265289,TITAN.NS
2022-06-17,1905.1153564453125,2018.4512037810382,1879.6345524329745,2007.9736324462137,6066708,TITAN.NS
2022-06-20,1929.9566650390625,1941.51653218422,1874.616875514372,1906.6402150906713,1967950,TITAN.NS
2022-06-21,2044.4732666015625,2059.8699296414266,1934.6790288429208,1947.8622204116316,3289922,TITAN.NS
2022-06-22,1998.3321533203125,2037.4389399508725,1974.5237928939355,2036.5043603838797,1507811,TITAN.NS
2022-06-23,2008.3670654296875,2014.6635277092146,1964.8330977690514,2006.9896955411925,1632845,TITAN.NS
2022-06-24,2012.499267578125,2042.8008078505834,2001.0377570773476,2020.3206973630524,854618,TITAN.NS
2022-06-27,2007.284912109375,2049.9332995139844,1992.2324411824288,2048.3100950823787,1067849,TITAN.NS
2022-06-28,1936.2041015625,1989.2810630962174,1928.2843143761554,1987.3134260407317,3397585,TITAN.NS
2022-06-29,1904.8203125,1922.6766432286788,1891.8830745288062,1918.4461754192264,2375427,TITAN.NS
2022-06-30,1909.8377685546875,1933.9413231352876,1894.8345356014568,1918.4461809049017,2489709,TITAN.NS
2022-07-01,1914.7076416015625,1922.7257869187733,1795.5181186251664,1864.3361791527084,4064801,TITAN.NS
2022-07-04,1930.743896484375,1934.7775285038826,1896.8021566480893,1922.381438843551,1023678,TITAN.NS
2022-07-05,1922.62744140625,1956.9134945692851,1909.1491750283697,1935.1711281801681,1555345,TITAN.NS
2022-07-06,1980.9678955078125,1992.7244791786022,1909.9361239214413,1926.3167268485327,1952701,TITAN.NS
2022-07-07,2093.07373046875,2136.4602197356844,2068.5275084361624,2095.533276568008,5915740,TITAN.NS
2022-07-08,2117.114501953125,2126.6418399641684,2083.6943376250592,2112.8196553033054,2039331,TITAN.NS
2022-07-11,2136.1201171875,2146.239931484463,2099.5900558228536,2125.654651840093,1219508,TITAN.NS
2022-07-12,2102.94677734375,2114.794364821743,2087.5942303622273,2104.921375256749,1096542,TITAN.NS
2022-07-13,2084.5830078125,2114.5970419734344,2080.683224978637,2102.946865589907,1169721,TITAN.NS
2022-07-14,2100.42919921875,2112.8198498169904,2086.1627769454676,2104.9214578550577,767221,TITAN.NS
2022-07-15,2161.888671875,2165.2948053742525,2105.118976754769,2107.8834622903237,1742573,TITAN.NS
2022-07-18,2209.031982421875,2218.7569734730664,2166.183304505698,2168.108489245842,2016386,TITAN.NS
2022-07-19,2212.734619140625,2224.3847963307007,2188.5457920167446,2204.145165471944,867223,TITAN.NS
2022-07-20,2242.353515625,2268.813177918344,2232.381940015211,2251.0417953236833,1620332,TITAN.NS
2022-07-21,2259.53271484375,2268.8132295495698,2235.2450616624137,2255.9783418280103,1117118,TITAN.NS
2022-07-22,2295.47021484375,2300.3572967706186,2254.1024824416254,2269.8004403981854,1185176,TITAN.NS
2022-07-25,2299.271484375,2318.9680521748464,2283.622698048112,2309.5887112187474,1248393,TITAN.NS
2022-07-26,2264.07421875,2305.293955644076,2257.508776235493,2305.293955644076,1142159,TITAN.NS
2022-07-27,2274.29296875,2281.648299091681,2237.762900785313,2256.077347932331,1456382,TITAN.NS
2022-07-28,2304.99755859375,2311.760653290704,2275.7736522514097,2291.521023398558,1126799,TITAN.NS
2022-07-29,2322.1767578125,2362.112955816781,2309.3418702782815,2325.0892417757655,1239445,TITAN.NS
2022-08-01,2346.0693359375,2350.8084195215783,2309.292446820752,2334.764810175346,581266,TITAN.NS
2022-08-02,2354.658447265625,2367.3453344598865,2327.112904559659,2339.898377019385,777687,TITAN.NS
2022-08-03,2385.709228515625,2395.088569099489,2325.089165789516,2364.5811261426284,1207016,TITAN.NS
2022-08-04,2392.8671875,2399.5808690835006,2340.836577047523,2399.0872195705933,1015590,TITAN.NS
2022-08-05,2401.90087890625,2440.99777180937,2386.647158685116,2394.3973106417257,2443597,TITAN.NS
2022-08-08,2415.87109375,2443.2686393432214,2402.2463201659557,2428.7553931288226,1576547,TITAN.NS
2022-08-10,2402.691162109375,2438.5299262485405,2386.4007271225482,2438.5299262485405,1065998,TITAN.NS
2022-08-11,2440.94873046875,2454.425265134526,2415.1307175088873,2415.1307175088873,1127878,TITAN.NS
2022-08-12,2440.5537109375,2461.3364030622097,2430.6313077954155,2440.60312409538,761420,TITAN.NS
2022-08-16,2462.17578125,2467.7539243510155,2404.0731369452783,2429.841738032358,1035928,TITAN.NS
2022-08-17,2460.546630859375,2491.103488083215,2449.14327868575,2463.311116392346,863500,TITAN.NS
2022-08-18,2447.218017578125,2472.0979045207723,2435.962905235436,2460.54655426595,827663,TITAN.NS
2022-08-19,2409.602294921875,2467.211053142702,2400.025300760219,2467.211053142702,751505,TITAN.NS
2022-08-22,2386.89404296875,2426.7808242169394,2377.4158766128517,2409.009443079468,947292,TITAN.NS
2022-08-23,2448.698974609375,2470.1727282366137,2369.517641626322,2376.428734747732,1417877,TITAN.NS
2022-08-24,2429.44677734375,2463.3111837085066,2410.046447002211,2463.3111837085066,672569,TITAN.NS
2022-08-25,2435.12353515625,2469.8272391286832,2425.497370045341,2441.5903917207675,732577,TITAN.NS
2022-08-26,2500.729736328125,2523.5364414283204,2450.0320733356816,2451.513021951543,2398253,TITAN.NS
2022-08-29,2499.545166015625,2508.6282698283794,2426.040793795046,2426.040793795046,1149676,TITAN.NS
2022-08-30,2571.568359375,2589.784219574569,2510.7014697085274,2512.6760677971693,1794736,TITAN.NS
2022-09-01,2588.6982421875,2613.5287181556364,2533.0638414438586,2560.017155102516,1438313,TITAN.NS
2022-09-02,2579.417724609375,2611.406119027661,2573.9381663974023,2597.5839316301613,800453,TITAN.NS
2022-09-05,2593.97998046875,2606.4692157114546,2577.6895478705533,2591.659731531276,733481,TITAN.NS
2022-09-06,2598.2255859375,2613.281897246333,2577.837955892615,2598.274999100575,680071,TITAN.NS
2022-09-07,2604.248046875,2607.851591960772,2567.3723312568104,2573.8886013470287,438635,TITAN.NS
2022-09-08,2593.33837890625,2626.1166593160187,2582.774327228377,2615.355196035157,754150,TITAN.NS
2022-09-09,2570.38330078125,2618.4647095230252,2560.0660753726816,2618.3167111023336,777186,TITAN.NS
2022-09-12,2627.350830078125,2635.792285355033,2576.850578941236,2583.5642608414596,808360,TITAN.NS
2022-09-13,2671.186767578125,2688.415086339179,2638.0628390371967,2645.961230770841,1536444,TITAN.NS
2022-09-14,2666.2998046875,2677.554916993456,2611.4058832771725,2611.4058832771725,915281,TITAN.NS
2022-09-15,2622.4140625,2682.4913012346974,2614.3676723111807,2679.67740275455,753648,TITAN.NS
2022-09-16,2578.627685546875,2643.6411828246564,2571.1735295734234,2614.3678626515984,1425731,TITAN.NS
2022-09-19,2586.526123046875,2598.5711233590423,2520.1302613273097,2578.578317413746,808421,TITAN.NS
2022-09-20,2649.910400390625,2659.3391536372296,2601.631577812835,2608.6412557831422,844553,TITAN.NS
2022-09-21,2632.78076171875,2665.7072795318477,2622.907771794558,2653.859691622817,1052572,TITAN.NS
2022-09-22,2702.829833984375,2710.0863369975264,2616.342345323061,2626.2153353054123,1352472,TITAN.NS
2022-09-23,2638.507080078125,2720.6997192032036,2633.1263489079242,2702.8297524977797,1226889,TITAN.NS
2022-09-26,2621.7724609375,2643.9372749957993,2530.990367257602,2632.139100304792,1371409,TITAN.NS
2022-09-27,2567.322998046875,2645.5170290240926,2552.710924940677,2636.038862403913,1246270,TITAN.NS
2022-09-28,2544.22021484375,2601.0393228466723,2531.928389994417,2554.6362679315866,1419969,TITAN.NS
2022-09-29,2499.34716796875,2572.9503492488234,2485.3769849350206,2561.892649765192,1177076,TITAN.NS
2022-09-30,2573.839111328125,2603.9023180379327,2490.5605842832456,2505.764892653324,1453944,TITAN.NS
2022-10-03,2541.505126953125,2591.6599661245627,2523.141509531324,2591.6599661245627,1049142,TITAN.NS
2022-10-04,2552.266845703125,2595.6091771599,2538.9874807781657,2595.6091771599,1291070,TITAN.NS
2022-10-06,2559.918212890625,2586.723283322885,2548.8110995557463,2565.0521192907895,1409852,TITAN.NS
2022-10-07,2695.820068359375,2710.135904649875,2641.0249708336673,2655.834456651426,5284814,TITAN.NS
2022-10-10,2646.060302734375,2693.253004892275,2624.240897128631,2675.5804481635028,1290447,TITAN.NS
2022-10-11,2591.166259765625,2659.783541173021,2583.1690413439514,2658.796242159965,1067626,TITAN.NS
2022-10-12,2588.05615234375,2611.3068493652854,2572.901017318537,2596.596191691386,1131702,TITAN.NS
2022-10-13,2565.64453125,2594.6218542343295,2558.0917900765403,2576.850471671081,1038687,TITAN.NS
2022-10-14,2584.55126953125,2629.7696101743077,2574.6288667605686,2606.4692582678176,1326916,TITAN.NS
2022-10-17,2591.659912109375,2601.434075933411,2569.495097449961,2580.700796636536,1111199,TITAN.NS
2022-10-18,2607.555419921875,2630.855531113662,2589.8332104844885,2604.642695113086,771852,TITAN.NS
2022-10-19,2610.96142578125,2642.9992277565975,2606.4691674551427,2620.6370034744555,1001916,TITAN.NS
2022-10-20,2598.077392578125,2610.418630430007,2548.564442732297,2606.4694343174046,1022636,TITAN.NS
2022-10-21,2631.79345703125,2645.615642895208,2606.5187475038874,2616.342324249242,986521,TITAN.NS
2022-10-24,2649.8115234375,2665.6083064464256,2645.1218534817253,2662.7452359419694,184595,TITAN.NS
2022-10-25,2636.385009765625,2663.091500399587,2628.190378484247,2663.091500399587,505759,TITAN.NS
2022-10-27,2669.459228515625,2729.8818823695133,2645.9614628391664,2665.7074439051303,2117791,TITAN.NS
2022-10-28,2701.64501953125,2704.1132671521636,2659.0431620102045,2674.5437088615804,1003160,TITAN.NS
2022-10-31,2726.42626953125,2755.551590896874,2703.4715670990204,2715.072330693803,1144647,TITAN.NS
2022-11-01,2719.959228515625,2748.640311584041,2706.1864561967873,2734.966124537581,890107,TITAN.NS
2022-11-02,2693.7958984375,2712.4559940927675,2668.6691871878447,2710.1357450353808,1704942,TITAN.NS
2022-11-03,2728.548828125,2743.7039644308124,2670.6438372743246,2670.6438372743246,1227960,TITAN.NS
2022-11-04,2734.52197265625,2746.122735823797,2711.7155105422253,2739.6558792118017,1172058,TITAN.NS
2022-11-07,2706.729736328125,2736.792943943789,2671.9274451037313,2736.792943943789,1825529,TITAN.NS
2022-11-09,2683.577392578125,2733.830813094869,2675.5801746071124,2733.830813094869,1184702,TITAN.NS
2022-11-10,2607.456787109375,2676.6665468257015,2594.6218994787723,2675.5804214564205,1198585,TITAN.NS
2022-11-11,2618.11962890625,2660.1784231683123,2607.9998137987163,2637.0757221680105,833729,TITAN.NS
2022-11-14,2596.399169921875,2631.152049345036,2589.8828995751137,2624.2409557820283,565428,TITAN.NS
2022-11-15,2622.90771484375,2635.2489519810265,2587.760016100659,2609.3817671492525,1033296,TITAN.NS
2022-11-16,2610.715087890625,2644.184431343562,2596.596662392844,2625.2283366169477,835064,TITAN.NS
2022-11-17,2549.2060546875,2611.4058925826635,2543.282260602246,2604.494799483201,1265647,TITAN.NS
2022-11-18,2533.2119140625,2550.5882324673184,2512.6760459115294,2547.231512161786,1038751,TITAN.NS
2022-11-21,2540.665771484375,2546.194500810957,2507.393605057899,2519.5868431323847,629040,TITAN.NS
2022-11-22,2573.0986328125,2575.8631182497043,2528.472765748368,2547.231446946814,912070,TITAN.NS
2022-11-23,2568.705322265625,2599.064768276836,2557.894445796424,2581.737621613695,992873,TITAN.NS
2022-11-24,2577.0478515625,2585.0450700334886,2559.5727071316055,2577.837738985775,752066,TITAN.NS
2022-11-25,2562.43603515625,2586.7236898817564,2553.15551986039,2586.7236898817564,633047,TITAN.NS
2022-11-28,2559.325927734375,2575.3695370798023,2546.244215498873,2551.5755338808162,665149,TITAN.NS
2022-11-29,2580.552978515625,2606.469579447633,2562.0905338691673,2564.1637173198387,866621,TITAN.NS
2022-11-30,2619.304443359375,2631.152032247544,2571.124200339525,2580.552954704322,1569918,TITAN.NS
2022-12-01,2605.18603515625,2631.1520491778633,2596.596581365021,2628.1901519367625,539844,TITAN.NS
2022-12-02,2584.650146484375,2617.7246654259543,2571.91408486011,2614.3679449940773,731396,TITAN.NS
2022-12-05,2582.4287109375,2596.5471358186232,2556.364111956819,2595.609249911935,747114,TITAN.NS
2022-12-06,2583.76171875,2590.6728123805883,2558.388180342803,2586.5262044101987,706596,TITAN.NS
2022-12-07,2563.867431640625,2590.4256775692984,2553.8462024517867,2583.0703484364685,712914,TITAN.NS
2022-12-08,2550.68701171875,2580.7008054349185,2545.9973413856114,2563.8675500183335,648288,TITAN.NS
2022-12-09,2582.231201171875,2596.4976239549633,2535.3344972220607,2564.015582266697,935047,TITAN.NS
2022-12-12,2551.822265625,2580.305938209792,2538.3457306819882,2580.305938209792,726330,TITAN.NS
2022-12-13,2543.18359375,2566.977597900309,2532.4221302362666,2564.4105238864836,832740,TITAN.NS
2022-12-14,2558.190673828125,2563.0283427741406,2538.4938648798134,2542.1470642094505,767737,TITAN.NS
2022-12-15,2490.659423828125,2555.7717521139093,2482.613032474167,2552.1682067678644,1225728,TITAN.NS
2022-12-16,2451.3154296875,2487.99349128799,2448.5015311088155,2468.2475111984027,1177053,TITAN.NS
2022-12-19,2489.770751953125,2493.176885412196,2437.3450768359316,2451.660912827804,572224,TITAN.NS
2022-12-20,2476.293701171875,2485.6238688406097,2450.5747570194003,2484.8339814930214,597902,TITAN.NS
2022-12-21,2457.979736328125,2495.8919222758896,2449.4888683411714,2483.0570350173502,519326,TITAN.NS
2022-12-22,2451.46337890625,2477.330564096336,2433.6919971824027,2460.1516581792002,557608,TITAN.NS
2022-12-23,2451.5126953125,2473.1838589625186,2423.8189116778376,2436.308146924949,1310439,TITAN.NS
2022-12-26,2449.587646484375,2480.4899123672794,2438.875355913347,2456.1530884215886,1076808,TITAN.NS
2022-12-27,2471.75244140625,2487.8946353131773,2454.03047269507,2466.2728837887526,791283,TITAN.NS
2022-12-28,2547.37939453125,2563.0281799503305,2465.779229362847,2471.0119622217057,2443430,TITAN.NS
2022-12-29,2520.821044921875,2555.968983969422,2509.9113433128073,2522.548818084947,1583143,TITAN.NS
2022-12-30,2564.50927734375,2576.850515444538,2520.623882865309,2531.434759233638,1057182,TITAN.NS
2023-01-02,2533.162353515625,2582.774127174072,2524.326075867999,2573.888436369574,697408,TITAN.NS
2023-01-03,2580.40478515625,2585.736103386489,2522.598379997821,2535.383853950555,852511,TITAN.NS
2023-01-04,2564.55859375,2592.8940271524257,2552.7604187787224,2585.538697729815,832054,TITAN.NS
2023-01-05,2529.558837890625,2586.723352977532,2511.342978699083,2558.0916822766358,1544601,TITAN.NS
2023-01-06,2505.863525390625,2551.57527328672,2485.031421429161,2527.4852756689124,879019,TITAN.NS
2023-01-09,2453.09228515625,2497.8169766279343,2436.456442164365,2497.8169766279343,2324487,TITAN.NS
2023-01-10,2436.851318359375,2466.9639375475704,2424.806318892055,2463.3109794933544,948787,TITAN.NS
2023-01-11,2406.4423828125,2456.992282272905,2400.1237658998416,2441.5903221185968,1000412,TITAN.NS
2023-01-12,2415.526123046875,2443.565321634754,2401.1114594810997,2418.8828436384433,874520,TITAN.NS
2023-01-13,2386.499267578125,2425.6949925112795,2369.5177717551755,2425.6949925112795,1416869,TITAN.NS
2023-01-16,2375.29345703125,2403.8757156129127,2361.619269111486,2397.1620340312243,737012,TITAN.NS
2023-01-17,2377.36669921875,2387.1902765582026,2355.695533279401,2374.454215229237,926137,TITAN.NS
2023-01-18,2393.3115234375,2398.9884925003994,2382.1549968972363,2387.2889033200745,601233,TITAN.NS
2023-01-19,2354.757568359375,2381.167817060262,2337.1341844925832,2362.1128978269894,1116874,TITAN.NS
2023-01-20,2341.18212890625,2366.506251429275,2323.114509291562,2359.5951585414546,1229902,TITAN.NS
2023-01-23,2334.665771484375,2354.016927259179,2325.6814956916164,2353.6712762118573,932554,TITAN.NS
2023-01-24,2340.638916015625,2360.236896005472,2333.974648301566,2342.3666891266776,714000,TITAN.NS
2023-01-25,2326.669189453125,2339.8989011703957,2303.911896657828,2339.8989011703957,650664,TITAN.NS
2023-01-27,2301.640625,2338.318683744947,2273.3546071397714,2338.318683744947,1238620,TITAN.NS
2023-01-30,2305.886474609375,2313.093806289211,2258.0024679811854,2302.3815145760486,1401847,TITAN.NS
2023-01-31,2346.957763671875,2356.1396927450796,2305.9848544344927,2317.190794702082,1252600,TITAN.NS
2023-02-01,2316.1044921875,2379.193039220575,2270.8369803096134,2377.958915542774,1521514,TITAN.NS
2023-02-02,2278.784912109375,2354.708108586671,2240.7739007129026,2311.3163658628127,1788381,TITAN.NS
2023-02-03,2431.816162109375,2438.6284285099464,2290.632410985115,2290.632410985115,3693638,TITAN.NS
2023-02-06,2426.78125,2448.4524175924826,2416.513435512757,2443.4173366773216,1049075,TITAN.NS
2023-02-07,2415.822021484375,2428.508911073303,2401.210187937983,2425.102777456608,563195,TITAN.NS
2023-02-08,2435.419677734375,2448.501388783318,2415.9205235293466,2415.9205235293466,539085,TITAN.NS
2023-02-09,2431.2734375,2444.206911036035,2420.4625606048194,2435.6668702700263,464715,TITAN.NS
2023-02-10,2437.147705078125,2440.603251753342,2411.0336934119455,2420.857270752101,597337,TITAN.NS
2023-02-13,2487.0556640625,2491.893332882556,2444.700391148129,2448.501588820888,1856317,TITAN.NS
2023-02-14,2475.06005859375,2496.8300523192715,2448.5018087773765,2496.8300523192715,843477,TITAN.NS
2023-02-15,2492.239013671875,2496.138796670024,2451.7597530514972,2471.6537322819318,707224,TITAN.NS
2023-02-16,2490.363037109375,2513.317740112255,2486.1178440095064,2497.866606334842,704946,TITAN.NS
2023-02-17,2468.5439453125,2513.51546674892,2464.298511047844,2483.0571936239294,607239,TITAN.NS
2023-02-20,2442.725830078125,2475.4055248073882,2434.97567721682,2468.2476067478196,460090,TITAN.NS
2023-02-21,2432.31005859375,2454.376047942374,2419.376344502664,2454.376047942374,750272,TITAN.NS
2023-02-22,2400.6669921875,2431.5200867154185,2383.7346692866977,2420.807795879405,1098118,TITAN.NS
2023-02-23,2364.08740234375,2401.6047635001764,2349.77156716564,2401.6047635001764,1602078,TITAN.NS
2023-02-24,2368.629150390625,2383.0929844656107,2347.7476317133246,2369.517623083362,1145691,TITAN.NS
2023-02-27,2370.5048828125,2381.365171738338,2343.4529868131476,2368.629111141227,862629,TITAN.NS
2023-02-28,2342.6630859375,2394.2000448812114,2333.5799834597233,2370.603695493969,1430349,TITAN.NS
2023-03-01,2352.14111328125,2365.6178896682136,2336.2951566773804,2339.898701721917,479935,TITAN.NS
2023-03-02,2328.989013671875,2363.8901310239976,2321.8805088178656,2352.0919557471607,529609,TITAN.NS
2023-03-03,2365.667236328125,2371.4922040270108,2328.3472858253194,2339.8986359467176,710845,TITAN.NS
2023-03-06,2372.923828125,2395.5822928721,2362.211778171,2381.9083457997913,682556,TITAN.NS
2023-03-08,2366.65478515625,2370.7025668699466,2342.1203059381037,2365.963482949683,858496,TITAN.NS
2023-03-09,2338.1708984375,2377.3666212283656,2334.962176630291,2370.3075296684265,601071,TITAN.NS
2023-03-10,2345.328857421875,2349.722289919251,2308.3051436128576,2324.9412287669643,543004,TITAN.NS
2023-03-13,2302.381103515625,2346.7601421871836,2291.5208152914947,2342.6135348913804,631722,TITAN.NS
2023-03-14,2325.681640625,2361.4712296798393,2299.2713921500495,2307.268369494287,1470817,TITAN.NS
2023-03-15,2368.629150390625,2383.1918107824913,2349.7222297325607,2349.7716428910007,1656307,TITAN.NS
2023-03-16,2419.228515625,2450.476436622079,2382.3527967643336,2382.84644632852,2317115,TITAN.NS
2023-03-17,2424.4609375,2442.577972393462,2416.3157199283564,2435.814877145321,1625905,TITAN.NS
2023-03-20,2428.706298828125,2443.515784876842,2410.5400923576235,2430.730310129412,918922,TITAN.NS
2023-03-21,2482.119140625,2489.5238832487057,2436.7033858662703,2443.5650658229447,1652107,TITAN.NS
2023-03-22,2476.293701171875,2491.9424855417624,2463.31081673007,2485.969278840333,754732,TITAN.NS
2023-03-23,2487.0556640625,2495.8919421529054,2462.373188368741,2478.120559653399,610778,TITAN.NS
2023-03-24,2461.681884765625,2487.6970669603015,2443.5154398206505,2484.8339964777774,838919,TITAN.NS
2023-03-27,2462.718505859375,2478.120466529419,2435.4691983413336,2448.501496809944,728727,TITAN.NS
2023-03-28,2468.5439453125,2475.306799406831,2462.225086557719,2471.1107783042858,599191,TITAN.NS
2023-03-29,2483.1064453125,2492.9300223410924,2462.323752759875,2468.543784785953,710603,TITAN.NS
2023-03-31,2482.9580078125,2504.5305860676067,2468.247350022279,2494.8550082475635,848456,TITAN.NS
2023-04-03,2505.172607421875,2512.3305258040077,2481.3788440444678,2493.8186679191813,701713,TITAN.NS
2023-04-05,2540.024169921875,2548.7124496063166,2517.7113564357032,2527.4855204308233,1438377,TITAN.NS
2023-04-06,2516.082275390625,2551.180805657851,2512.676141795368,2550.193506584454,1192271,TITAN.NS
2023-04-10,2550.884521484375,2568.9521424079653,2528.5222942932496,2535.383974521005,1497452,TITAN.NS
2023-04-11,2547.281005859375,2570.4331207710907,2543.282396430317,2550.8845510377714,820568,TITAN.NS
2023-04-12,2555.03125,2560.510808224815,2531.582896324287,2547.28109667213,553807,TITAN.NS
2023-04-13,2552.8095703125,2566.9279942612657,2544.5657682625497,2555.129819385124,481459,TITAN.NS
2023-04-17,2572.506591796875,2579.0720342949353,2549.502474912839,2566.977620506013,1044487,TITAN.NS
2023-04-18,2544.960693359375,2574.530251470979,2527.5843748372035,2569.98882049987,674756,TITAN.NS
2023-04-19,2536.66748046875,2562.9789035599892,2529.460149243818,2547.280945185523,687292,TITAN.NS
2023-04-20,2546.4912109375,2585.7363502744256,2537.852343787862,2544.9114359570667,995472,TITAN.NS
2023-04-21,2535.679931640625,2561.5965289774267,2526.7448279698856,2560.658643186527,409932,TITAN.NS
2023-04-24,2596.152099609375,2602.914953046803,2537.3583967224963,2538.44452202417,1026391,TITAN.NS
2023-04-25,2599.755859375,2603.5076440438525,2581.737651372042,2601.385047462168,630987,TITAN.NS
2023-04-26,2607.456787109375,2614.02222936603,2592.3016502988557,2599.5583947213117,631279,TITAN.NS
2023-04-27,2629.62158203125,2640.037635119732,2598.077425885406,2607.4567667730785,620037,TITAN.NS
2023-04-28,2608.2958984375,2645.2701969130057,2586.2296698887294,2638.5071025055886,1567472,TITAN.NS
2023-05-02,2630.0166015625,2640.0375902404244,2599.9531534491257,2623.253506832015,726439,TITAN.NS
2023-05-03,2620.341064453125,2645.467776804852,2609.5301881766623,2641.0249311263215,808211,TITAN.NS
2023-05-04,2636.483154296875,2660.030331872732,2622.809207764981,2645.66508320871,1936641,TITAN.NS
2023-05-05,2698.189208984375,2730.868900705184,2632.4352434177295,2636.680677118467,2190777,TITAN.NS
2023-05-08,2716.306396484375,2734.8182528893117,2698.189363266825,2698.2387764251976,848638,TITAN.NS
2023-05-09,2713.49267578125,2754.56441363343,2703.669098212993,2718.3305858627737,893686,TITAN.NS
2023-05-10,2710.580078125,2732.547481578317,2701.44756208261,2724.9453272428823,522149,TITAN.NS
2023-05-11,2722.82275390625,2729.881845626396,2709.1979789461575,2722.9707523463294,621067,TITAN.NS
2023-05-12,2737.977783203125,2749.1343111078086,2721.835587734857,2725.7353709253052,705516,TITAN.NS
2023-05-15,2744.2470703125,2766.5107116734735,2729.141346927551,2738.767512481514,772914,TITAN.NS
2023-05-16,2754.81103515625,2765.227087815745,2739.310489061923,2749.6277154054856,548885,TITAN.NS
2023-05-17,2727.314697265625,2754.564246442046,2715.1216990781923,2749.627751376738,539547,TITAN.NS
2023-05-18,2687.27978515625,2746.665721503982,2681.6028161056934,2746.665721503982,612441,TITAN.NS
2023-05-19,2667.336181640625,2685.4038011063085,2648.972565314023,2685.4038011063085,846419,TITAN.NS
2023-05-22,2678.09814453125,2699.275661406377,2666.79361837085,2667.2872679065863,559506,TITAN.NS
2023-05-23,2649.367431640625,2691.771875135324,2643.295639256278,2685.4038448454444,713749,TITAN.NS
2023-05-24,2672.865478515625,2687.428140186363,2636.0885871776595,2641.0250826592655,814553,TITAN.NS
2023-05-25,2673.55615234375,2685.453152938807,2647.9357927139267,2679.973595540111,651488,TITAN.NS
2023-05-26,2707.322021484375,2724.6491681986736,2664.8681618962005,2673.5564418338354,811400,TITAN.NS
2023-05-29,2776.53173828125,2785.9604923654974,2710.1358775293916,2710.1358775293916,1107678,TITAN.NS
2023-05-30,2766.905517578125,2805.805002747424,2762.1664340501384,2793.5625912532755,1263691,TITAN.NS
2023-05-31,2787.39208984375,2796.129782999289,2754.6632222011176,2766.90563421132,1394580,TITAN.NS
2023-06-01,2791.34130859375,2801.6091225534105,2778.9506569998643,2787.392112295448,538550,TITAN.NS
2023-06-02,2825.30419921875,2834.535541651545,2790.5513212455426,2794.0562810427978,1116501,TITAN.NS
2023-06-05,2819.4296875,2838.484606282306,2803.9291415101734,2838.484606282306,724102,TITAN.NS
2023-06-06,2844.85302734375,2856.2563804928463,2821.997148920963,2824.6133951971533,1148132,TITAN.NS
2023-06-07,2870.02880859375,2873.040118781876,2833.548158386249,2858.230633633516,862821,TITAN.NS
2023-06-08,2840.459228515625,2884.739685167527,2834.5848476621773,2869.9793722570294,560514,TITAN.NS
2023-06-09,2839.71875,2882.8636681110324,2826.8838629943502,2853.2941112559756,727880,TITAN.NS
2023-06-12,2816.369384765625,2848.802014145206,2797.265051607934,2848.308364616995,1112274,TITAN.NS
2023-06-13,2875.508544921875,2880.938689813573,2818.8376746498975,2823.576517359893,776313,TITAN.NS
2023-06-14,2870.1279296875,2891.0092094753836,2860.2055254110574,2882.9134049707586,617700,TITAN.NS
2023-06-15,2871.0654296875,2887.5038612648086,2863.167037858924,2874.076739780103,564711,TITAN.NS
2023-06-16,2916.777587890625,2922.4051441832876,2874.81737889475,2874.81737889475,1022389,TITAN.NS
2023-06-19,2930.89599609375,2985.9870891212436,2925.7126761876298,2929.3162212302495,1382633,TITAN.NS
2023-06-20,2936.227294921875,2948.4205342740042,2910.853758234243,2934.9437579837877,672298,TITAN.NS
2023-06-21,2933.3642578125,2947.087617976099,2920.57854248391,2936.2273285966226,509602,TITAN.NS
2023-06-22,2932.52490234375,2946.8407380760905,2918.2584797701707,2937.214572669862,496441,TITAN.NS
2023-06-23,2901.819580078125,2943.1381370902213,2894.760489080352,2934.7460961089173,869340,TITAN.NS
2023-06-26,2934.844970703125,2943.13818551106,2902.6589283470366,2902.6589283470366,839713,TITAN.NS
2023-06-27,2937.905517578125,2951.2340537672944,2903.3500533839815,2935.239858548249,913730,TITAN.NS
2023-06-28,2989.64013671875,3005.732917255346,2947.136867436509,2956.9604440761495,1525117,TITAN.NS
2023-06-30,3008.941650390625,3028.9838679619197,2990.6766191974366,3007.312703483906,946112,TITAN.NS
2023-07-03,2999.710693359375,3015.2112399343123,2987.8631049902815,3011.360870130278,429100,TITAN.NS
2023-07-04,3035.5986328125,3050.7537681738727,3000.4015215146924,3002.8697688999464,1291238,TITAN.NS
2023-07-05,3060.47900390625,3074.350362488263,3024.0969381237405,3035.9445265199156,643663,TITAN.NS
2023-07-06,3066.94580078125,3072.3267736606585,3042.263323498888,3060.627183012892,976956,TITAN.NS
2023-07-07,3104.068115234375,3169.2298504778446,3086.6915560868633,3100.118919159013,3630808,TITAN.NS
2023-07-10,3006.86865234375,3114.9284845260836,2991.762928759165,3114.9284845260836,1777220,TITAN.NS
2023-07-11,3048.384521484375,3058.6523347784932,3006.1280756235687,3023.9488709725065,1141925,TITAN.NS
2023-07-12,3057.171630859375,3084.3223558226023,3048.433937500737,3074.4493649268834,1300168,TITAN.NS
2023-07-13,3055.43798828125,3085.0044433692838,3050.0398238125495,3084.360474727965,932018,TITAN.NS
2023-07-14,3026.515625,3067.9184817303626,3013.688726753088,3064.2534463848842,721349,TITAN.NS
2023-07-17,3004.62548828125,3043.750151188993,2991.3033413008648,3040.828231057502,866575,TITAN.NS
2023-07-18,2967.976806640625,3011.063456907677,2935.2408090505924,3004.6252218103014,1359863,TITAN.NS
2023-07-19,2967.1845703125,2988.7278969722024,2956.6854389638975,2981.497456653359,568891,TITAN.NS
2023-07-20,2960.89501953125,2987.935656900471,2937.816373225043,2973.72191723361,1021556,TITAN.NS
2023-07-21,2948.0185546875,2976.445792259406,2941.7783703861683,2962.331199068159,599594,TITAN.NS
2023-07-24,2950.890869140625,2964.4606400466887,2923.206505198027,2949.702320196434,523141,TITAN.NS
2023-07-25,3000.2177734375,3004.080618048391,2944.50227335303,2951.683382252806,874788,TITAN.NS
2023-07-26,2979.763916015625,3015.96641426544,2966.5406747105753,3015.96641426544,588487,TITAN.NS
2023-07-27,2973.573486328125,2995.3644375193567,2955.2986088043353,2985.310739945499,595544,TITAN.NS
2023-07-28,2958.61669921875,2981.3981468525067,2923.652081225403,2979.565629336281,837051,TITAN.NS
2023-07-31,2975.505126953125,2989.2729503967157,2921.9686695752293,2921.9686695752293,656048,TITAN.NS
2023-08-01,2973.375,2998.7318382840554,2959.309980782434,2996.10711606224,602288,TITAN.NS
2023-08-02,2948.8603515625,2977.139111378441,2931.8734114642402,2977.0895381255846,1152335,TITAN.NS
2023-08-03,2874.523681640625,2958.567272525508,2855.6050774619202,2910.0328816841507,3319847,TITAN.NS
2023-08-04,2876.8017578125,2907.9035343030323,2870.4626685233593,2892.204047203407,709334,TITAN.NS
2023-08-07,2877.0,2892.203996102626,2855.0603286879427,2892.203996102626,580359,TITAN.NS
2023-08-08,2893.49169921875,2904.139550572315,2877.0000075715293,2890.272581367672,474417,TITAN.NS
2023-08-09,2927.8125,2933.8546336172544,2890.4212061380654,2896.2157152926575,600081,TITAN.NS
2023-08-10,2960.152099609375,2967.0360106088497,2889.2819372211698,2929.8923449777926,970990,TITAN.NS
2023-08-11,2988.579345703125,3038.3022845472947,2951.6833043981483,2960.102535299955,1823274,TITAN.NS
2023-08-14,2982.042236328125,2991.6502588683707,2959.95432787081,2991.6502588683707,542561,TITAN.NS
2023-08-16,2982.488037109375,2987.242233116367,2949.752036292767,2976.445903771089,544441,TITAN.NS
2023-08-17,3042.561767578125,3050.1885526510528,2983.3795211020797,2989.3225081959085,1699758,TITAN.NS
2023-08-18,3021.464111328125,3050.2381221696373,3006.1609679444223,3041.4227880528997,860782,TITAN.NS
2023-08-21,3049.04931640625,3053.2093586524306,3021.0181813105964,3022.0086790749606,706621,TITAN.NS
2023-08-22,3046.375244140625,3061.628814101796,3011.212570927874,3055.6362538239214,714220,TITAN.NS
2023-08-23,3040.828125,3055.6855914087946,3027.258354044116,3046.3750091875804,602197,TITAN.NS
2023-08-24,3032.111572265625,3070.4437856675745,3027.2086569155035,3046.4737892064104,618626,TITAN.NS
2023-08-25,3038.0546875,3045.532993967883,3008.6865255825055,3025.970663166723,648003,TITAN.NS
2023-08-28,3019.58203125,3050.6835645630713,3011.80652701136,3044.790151183712,471698,TITAN.NS
2023-08-29,3050.138671875,3060.638044743841,3015.075148284871,3022.949557026132,482639,TITAN.NS
2023-08-30,3052.912109375,3081.4384928708355,3037.856591975202,3050.7330626943663,582766,TITAN.NS
2023-08-31,3074.950927734375,3089.3131462121823,3052.9123511046364,3061.480302392473,1420498,TITAN.NS
2023-09-01,3087.18359375,3095.2064808436453,3070.543182333205,3082.3795826880487,423739,TITAN.NS
2023-09-04,3070.84033203125,3095.2560057098126,3056.9733630374944,3087.3320234276666,539813,TITAN.NS
2023-09-05,3106.349365234375,3127.496588539173,3085.400434932549,3090.352923592152,721199,TITAN.NS
2023-09-06,3145.87060546875,3150.3278455962577,3091.1951749354735,3106.349597912397,1163154,TITAN.NS
2023-09-07,3142.6513671875,3152.7048228060435,3122.0489652455885,3142.8494183769835,805295,TITAN.NS
2023-09-08,3168.70166015625,3174.5455005428316,3142.651519229142,3151.764050772945,700158,TITAN.NS
2023-09-11,3182.7666015625,3190.938208341788,3156.3203588954993,3179.448337232913,544452,TITAN.NS
2023-09-12,3155.52783203125,3190.5417829751623,3147.405798712283,3185.4903894598174,591509,TITAN.NS
2023-09-13,3232.1923828125,3238.9278162379405,3147.851591604208,3147.851591604208,1370306,TITAN.NS
2023-09-14,3230.360107421875,3271.069422043807,3209.212882593766,3246.4061234706933,1264935,TITAN.NS
2023-09-15,3217.731201171875,3232.9847703330142,3208.222325707302,3230.6076723772453,1397407,TITAN.NS
2023-09-18,3307.76708984375,3320.148311171208,3215.9480008434653,3226.0510290825255,1423507,TITAN.NS
2023-09-20,3275.229248046875,3317.176923972009,3268.6921080696798,3282.5095031481746,1201025,TITAN.NS
2023-09-21,3273.099853515625,3290.928813226105,3254.577593736108,3268.6426135880047,1091384,TITAN.NS
2023-09-22,3243.385009765625,3267.454154400138,3230.7065897035063,3267.454154400138,1019051,TITAN.NS
2023-09-25,3252.7451171875,3283.400974934535,3230.360012583251,3243.3849615855524,623515,TITAN.NS
2023-09-26,3231.59814453125,3276.566646886582,3224.0702646964405,3262.6996780061672,1054827,TITAN.NS
2023-09-27,3184.004638671875,3235.9066248267573,3155.725879118513,3215.948191591389,1464192,TITAN.NS
2023-09-28,3127.249267578125,3194.256348916703,3111.8965512435107,3186.926761717513,1214383,TITAN.NS
2023-09-29,3118.87939453125,3146.2665608623793,3113.1840324122013,3130.0224943293892,697564,TITAN.NS
2023-10-03,3165.878662109375,3181.9742517094614,3084.8063186877116,3118.879588841273,1007308,TITAN.NS
2023-10-04,3136.559814453125,3174.545502451005,3121.0586203504267,3155.726043934135,486969,TITAN.NS
2023-10-05,3185.93603515625,3200.2982526316937,3134.9254006745005,3143.7407339828555,1109881,TITAN.NS
2023-10-06,3278.300048828125,3288.2545999464774,3190.4925167842775,3199.30785035572,1102120,TITAN.NS
2023-10-09,3236.451416015625,3264.6806020466715,3218.1767807912533,3263.3929066004057,822467,TITAN.NS
2023-10-10,3238.13525390625,3267.850186938219,3228.329422733998,3263.690144677892,633934,TITAN.NS
2023-10-11,3249.327880859375,3264.680596041,3232.9846679240973,3258.4404118288367,546575,TITAN.NS
2023-10-12,3253.78515625,3263.7397071469686,3231.598103054401,3260.718640601218,429096,TITAN.NS
2023-10-13,3252.546875,3275.5759468976016,3235.510362648501,3253.7849971450323,920545,TITAN.NS
2023-10-16,3270.029052734375,3297.3668863394983,3243.880009841351,3252.794489257709,778014,TITAN.NS
2023-10-17,3277.012451171875,3296.8224074930285,3272.7039307644777,3286.422180424423,584625,TITAN.NS
2023-10-18,3251.556640625,3292.563152661264,3246.356527194711,3277.7552589715438,324535,TITAN.NS
2023-10-19,3253.438232421875,3269.583393588039,3208.2221083273384,3238.92753758271,698767,TITAN.NS
2023-10-20,3235.16357421875,3260.2232146627894,3213.174573406073,3241.5522360884106,657550,TITAN.NS
2023-10-23,3189.1552734375,3243.8307033228257,3179.200722239885,3215.353891734557,566920,TITAN.NS
2023-10-25,3157.55859375,3205.5481650921397,3148.7925912549126,3185.4410108448565,762466,TITAN.NS
2023-10-26,3071.335693359375,3159.5889041651,3062.6688374210016,3130.3198869955418,1124281,TITAN.NS
2023-10-27,3091.04638671875,3108.9249200873046,3057.91428420216,3065.689788536253,1050608,TITAN.NS
2023-10-30,3086.836669921875,3092.284407556226,3045.7805864780507,3075.495519029056,802316,TITAN.NS
2023-10-31,3159.34130859375,3175.337993650136,3058.5088228969125,3089.957129017953,1235478,TITAN.NS
2023-11-01,3143.24560546875,3182.3702683655747,3138.243785061326,3163.5014788301623,756820,TITAN.NS
2023-11-02,3171.07861328125,3197.8220530933986,3149.7829112086133,3169.5928666250197,774180,TITAN.NS
2023-11-03,3243.385009765625,3256.756729915827,3174.5949866904034,3174.693891376844,1355614,TITAN.NS
2023-11-06,3236.005859375,3278.5476911727437,3214.462532401282,3278.5476911727437,1137606,TITAN.NS
2023-11-07,3239.125732421875,3255.2213210518585,3219.315777184972,3242.889672281035,433992,TITAN.NS
2023-11-08,3280.380126953125,3292.2165269067405,3241.1067453921146,3257.7471562448354,632305,TITAN.NS
2023-11-09,3252.546875,3289.3933416720165,3243.5332490558717,3289.3933416720165,1317398,TITAN.NS
2023-11-10,3225.407470703125,3243.8305839078325,3192.3742737484827,3232.0437573169834,1170763,TITAN.NS
2023-11-13,3233.727783203125,3247.198650389063,3219.712335668522,3243.880385937739,275538,TITAN.NS
2023-11-15,3264.630859375,3269.533774646015,3229.765388555779,3244.127605264836,747863,TITAN.NS
2023-11-16,3304.2509765625,3326.0915006830696,3228.2798462183723,3264.0862437574046,1055389,TITAN.NS
2023-11-17,3307.12353515625,3334.0154525505764,3295.0888423072724,3307.2720130916146,633405,TITAN.NS
2023-11-20,3314.05712890625,3322.080015916447,3280.7763064188216,3306.2816245229155,497379,TITAN.NS
2023-11-21,3362.1953125,3369.4259950270675,3323.21936796085,3333.025199754856,1038863,TITAN.NS
2023-11-22,3397.259033203125,3402.360000230627,3363.780158635831,3367.692576647491,980779,TITAN.NS
2023-11-23,3376.012451171875,3409.243699213893,3364.027573429678,3401.2701439225657,517362,TITAN.NS
2023-11-24,3364.67138671875,3386.6110576467527,3350.4083154094874,3373.6354399953943,589530,TITAN.NS
2023-11-28,3409.689453125,3413.20576859988,3365.0677216975364,3385.471830825103,733524,TITAN.NS
2023-11-29,3396.714111328125,3440.84083612917,3391.4644246897765,3440.84083612917,819200,TITAN.NS
2023-11-30,3457.431396484375,3466.7419782118523,3389.730781410146,3398.4967828547733,1480088,TITAN.NS
2023-12-01,3456.342041015625,3466.7422678190824,3437.027334094919,3465.751770028277,655263,TITAN.NS
2023-12-04,3455.25244140625,3516.2672028373054,3445.0009342312746,3516.2672028373054,808838,TITAN.NS
2023-12-05,3511.61181640625,3516.2671075929984,3445.941765441138,3455.2523478146354,713651,TITAN.NS
2023-12-06,3513.1962890625,3539.9893009259395,3488.632138904209,3516.2669287426534,474140,TITAN.NS
2023-12-07,3551.33056640625,3560.8394416156343,3485.6111852257613,3513.196402706055,820214,TITAN.NS
2023-12-08,3600.112548828125,3612.295719512261,3541.0294547932276,3541.0294547932276,1562141,TITAN.NS
2023-12-11,3596.002197265625,3609.9683127190156,3564.1082170519057,3600.0137616465563,620604,TITAN.NS
2023-12-12,3537.463623046875,3609.869106434624,3529.3911629861914,3602.4403731932302,1075941,TITAN.NS
2023-12-13,3568.119873046875,3575.4494600929866,3518.991085073858,3550.9346393609962,717618,TITAN.NS
2023-12-14,3557.2734375,3612.345207810488,3550.290621986183,3612.345207810488,992762,TITAN.NS
2023-12-15,3566.3369140625,3580.649558956141,3550.7365736604092,3580.649558956141,906271,TITAN.NS
2023-12-18,3585.205810546875,3632.3533591160945,3559.7498245040447,3566.4852576770027,699850,TITAN.NS
2023-12-19,3576.142578125,3593.476288871184,3565.8910714332733,3576.3406293122366,577926,TITAN.NS
2023-12-20,3520.328125,3616.80250843649,3507.352507838864,3576.1425277236317,849001,TITAN.NS
2023-12-21,3545.982177734375,3564.752062964656,3485.3637598199384,3490.6134466036406,816722,TITAN.NS
2023-12-22,3592.88232421875,3603.8767048062414,3526.717022213136,3545.9821562341117,777099,TITAN.NS
2023-12-26,3621.953125,3630.1743048047706,3589.019074349316,3600.45937188686,526101,TITAN.NS
2023-12-27,3654.19384765625,3659.889209755328,3610.3643219372584,3633.1457703335705,666625,TITAN.NS
2023-12-28,3679.79833984375,3701.4901441475185,3645.7250716689723,3664.742580374032,1033648,TITAN.NS
2023-12-29,3640.525146484375,3679.798529949203,3625.469628057603,3679.798529949203,709614,TITAN.NS
2024-01-01,3642.208984375,3662.8609607766925,3632.650777081806,3653.946480342136,286683,TITAN.NS
2024-01-02,3663.1083984375,3672.6172738111036,3607.888147450441,3653.946294013638,453685,TITAN.NS
2024-01-03,3657.957763671875,3674.69707891707,3630.174253422732,3672.7656566688925,356757,TITAN.NS
2024-01-04,3684.354736328125,3691.585418863918,3651.6187346252414,3660.8799860802364,545228,TITAN.NS
2024-01-05,3677.272705078125,3714.3667998215246,3652.213062037845,3684.3546677148156,963628,TITAN.NS
2024-01-08,3670.834228515625,3740.9615174606406,3660.6816265953726,3734.1765111563714,1202148,TITAN.NS
2024-01-09,3658.898681640625,3718.278973277656,3650.132679841263,3701.4405115592235,572612,TITAN.NS
2024-01-10,3679.154541015625,3694.5568303211953,3654.936917931692,3672.7658785069684,556311,TITAN.NS
2024-01-11,3663.455078125,3707.135883846268,3657.5120916197334,3691.4859710182504,392818,TITAN.NS
2024-01-12,3690.594482421875,3698.8156618123503,3613.2860874788166,3664.8415418574714,990582,TITAN.NS
2024-01-15,3723.1328125,3739.129255500528,3700.4998406754894,3704.461831939596,661292,TITAN.NS
2024-01-16,3783.998779296875,3821.3404978505487,3720.3097226352156,3723.132738082768,1170685,TITAN.NS
2024-01-17,3793.656005859375,3818.368876684142,3763.8914997145885,3782.661383960859,723356,TITAN.NS
2024-01-18,3699.2119140625,3788.307138684208,3683.5126697516557,3755.323756927582,1293580,TITAN.NS
2024-01-19,3774.390869140625,3824.8071085052757,3705.154930474563,3706.640677117774,2566367,TITAN.NS
2024-01-23,3704.11474609375,3821.340249383618,3670.5369697131523,3750.024412692166,1053510,TITAN.NS
2024-01-24,3732.047119140625,3744.0815703169174,3676.4800975195285,3728.2336059981158,636988,TITAN.NS
2024-01-25,3734.374755859375,3760.8705719998925,3694.6559391860405,3734.5728070551536,646135,TITAN.NS
2024-01-29,3829.908203125,3838.178956443314,3724.8165321455444,3724.8661053994556,699215,TITAN.NS
2024-01-30,3700.251953125,3850.015163895564,3679.699124903801,3845.112248418992,852445,TITAN.NS
2024-01-31,3662.4150390625,3739.129042172865,3618.5359399517934,3713.3761004254493,1386754,TITAN.NS
2024-02-01,3592.981201171875,3702.480781476151,3566.782582690107,3702.480781476151,1408462,TITAN.NS
2024-02-02,3578.07421875,3678.164071559695,3568.2188138312895,3600.4595661509325,2320153,TITAN.NS
2024-02-05,3518.2978515625,3590.207848644902,3501.3106687524305,3578.6190724436838,1771614,TITAN.NS
2024-02-06,3525.330078125,3543.95148475931,3498.04205773357,3518.2976889771217,1069901,TITAN.NS
2024-02-07,3542.515380859375,3585.6020351491507,3522.012124768391,3544.0011275590223,900220,TITAN.NS
2024-02-08,3515.375732421875,3575.6969498897784,3469.7136884941533,3570.546409849654,1011857,TITAN.NS
2024-02-09,3557.471923828125,3563.71186638632,3499.2801792457344,3515.3757681727784,838509,TITAN.NS
2024-02-12,3551.18212890625,3584.2153262548736,3536.12661117058,3564.8014732399674,487283,TITAN.NS
2024-02-13,3526.12255859375,3574.4588991023247,3517.4061296789664,3572.7255279700967,796060,TITAN.NS
2024-02-14,3551.479248046875,3559.700427717898,3470.0108082889847,3512.3050137565924,1046318,TITAN.NS
2024-02-15,3587.632568359375,3597.4879730049715,3537.0676078195906,3560.889128031419,759063,TITAN.NS
2024-02-16,3620.66552734375,3654.936847629771,3590.0592423398657,3613.335940420977,915502,TITAN.NS
2024-02-19,3659.93896484375,3674.251609770118,3615.3169903385715,3637.058368806731,528874,TITAN.NS
2024-02-20,3651.66796875,3684.6020185964876,3630.669465031575,3664.8416370527425,744107,TITAN.NS
2024-02-21,3621.606689453125,3672.2705546589605,3605.4119538661134,3617.347500594023,660426,TITAN.NS
2024-02-22,3617.347412109375,3641.069785224039,3521.5663265695075,3641.069785224039,1017437,TITAN.NS
2024-02-23,3656.8681640625,3701.49013660488,3620.269320120641,3637.1077820746905,897831,TITAN.NS
2024-02-26,3588.078125,3654.9367236024846,3576.5389228583863,3654.9367236024846,546842,TITAN.NS
2024-02-27,3619.13037109375,3640.0793021861973,3586.641995896484,3595.506902567591,673959,TITAN.NS
2024-02-28,3560.542236328125,3634.136267987857,3548.1114411219905,3620.2692993991873,538608,TITAN.NS
2024-02-29,3589.9599609375,3619.2787911684195,3551.2316438693847,3561.037474900412,1692242,TITAN.NS
2024-03-01,3730.115478515625,3738.138607230826,3591.5449363590287,3595.5069274636717,1533727,TITAN.NS
2024-03-04,3696.933837890625,3728.3328111477326,3679.699273151137,3725.85656668397,787542,TITAN.NS
2024-03-05,3715.109619140625,3723.4297039228973,3672.7658382386026,3712.3857501937114,733660,TITAN.NS
2024-03-06,3774.539306640625,3778.748922084625,3667.5159762237263,3712.4351459838804,765602,TITAN.NS
2024-03-07,3750.916015625,3787.9112051195198,3732.294850473705,3775.8271803445036,838514,TITAN.NS
2024-03-11,3714.51513671875,3771.8155297698386,3706.4922498282313,3766.763894385598,597848,TITAN.NS
2024-03-12,3713.17822265625,3730.214736551442,3678.2136017482158,3726.252745328339,564569,TITAN.NS
2024-03-13,3591.247802734375,3726.252700397896,3555.8870798587045,3723.2812070163986,1027729,TITAN.NS
2024-03-14,3605.560302734375,3613.3358068320877,3546.130437490426,3595.4572740070516,1293906,TITAN.NS
2024-03-15,3598.676513671875,3621.2103383405747,3575.6970133628893,3600.162260353328,1207241,TITAN.NS
2024-03-18,3545.684814453125,3585.6019228981563,3531.223692121728,3584.6114251294002,785257,TITAN.NS
2024-03-19,3549.349609375,3572.3786825085886,3513.3451605575133,3544.9915159188763,554444,TITAN.NS
2024-03-20,3556.382080078125,3562.7211687870968,3516.2669222329328,3549.349449505366,526882,TITAN.NS
2024-03-21,3593.080078125,3602.4402332814775,3555.9364133606186,3572.6757282194726,767905,TITAN.NS
2024-03-22,3671.47802734375,3691.4860338880912,3586.8400414539155,3593.0802257548708,1281102,TITAN.NS
2024-03-26,3663.058837890625,3694.5071423735058,3630.1743599923607,3630.1743599923607,1158224,TITAN.NS
2024-03-27,3723.67724609375,3748.934939407035,3657.7102392385605,3663.8512770917587,1315714,TITAN.NS
2024-03-28,3765.674560546875,3801.8277300178283,3697.0825883314365,3724.271704405031,1590738,TITAN.NS
2024-04-01,3702.876953125,3796.1324679595064,3695.0521170762213,3786.6235921603197,964052,TITAN.NS
2024-04-02,3720.260009765625,3745.517702621576,3698.617778822677,3718.3285874996122,677963,TITAN.NS
2024-04-03,3677.22314453125,3716.347808291246,3669.7944109059345,3709.513470084258,801601,TITAN.NS
2024-04-04,3746.805419921875,3756.2647219401783,3644.0412768204556,3704.461640475266,1177617,TITAN.NS
2024-04-05,3718.7744140625,3765.7734862731727,3705.4522670266215,3742.4967879905944,623873,TITAN.NS
2024-04-08,3713.277099609375,3772.112813925454,3684.9985809222967,3762.554365078659,849267,TITAN.NS
2024-04-09,3644.38818359375,3725.262232378261,3629.530716567514,3719.3192455677668,745285,TITAN.NS
2024-04-10,3675.935302734375,3684.9985024890752,3646.467993859838,3654.9367982198623,567546,TITAN.NS
2024-04-12,3584.90869140625,3659.6912743780067,3575.1521914690525,3654.4911609925534,1910561,TITAN.NS
2024-04-15,3566.38623046875,3604.6192978304503,3555.8868577815465,3572.72531922508,854076,TITAN.NS
2024-04-16,3611.255859375,3618.486541733378,3548.953644016053,3554.896630860624,1116890,TITAN.NS
2024-04-18,3491.603759765625,3625.2218112157443,3467.732666958011,3611.2556960344027,1677946,TITAN.NS
2024-04-19,3529.193359375,3537.265820001978,3445.1990946025126,3491.604014900752,1507940,TITAN.NS
2024-04-22,3562.572998046875,3580.6495830790163,3518.2482210502535,3533.105688199959,668659,TITAN.NS
2024-04-23,3598.478271484375,3613.335737510322,3570.8928128345724,3585.5522276776537,769991,TITAN.NS
2024-04-24,3575.449462890625,3610.216032684225,3546.0317263533693,3607.393017202758,652811,TITAN.NS
2024-04-25,3537.166748046875,3568.2682818669787,3507.3526678947874,3560.839548455736,1889163,TITAN.NS
2024-04-26,3550.736572265625,3559.106230336134,3522.507384882454,3553.906116870813,798783,TITAN.NS
2024-04-29,3570.595947265625,3579.1140829101373,3539.196974813502,3550.9344699991184,703524,TITAN.NS
2024-04-30,3555.144287109375,3585.1068460520673,3545.982182308717,3568.416861119323,963220,TITAN.NS
2024-05-02,3534.541748046875,3563.811005755122,3512.602318989327,3550.9345346392756,1435891,TITAN.NS
2024-05-03,3500.320068359375,3564.8015716773375,3458.8183073901814,3560.839580489033,1681592,TITAN.NS
2024-05-06,3248.981201171875,3455.648708368761,3226.051274259063,3442.970288401751,6891728,TITAN.NS
2024-05-07,3239.819091796875,3300.3386028817386,3196.336335984205,3298.3576073217855,3111444,TITAN.NS
2024-05-08,3228.874267578125,3249.823198784693,3207.6774701071367,3244.2763145180847,2054981,TITAN.NS
2024-05-09,3214.858642578125,3290.9289215441077,3202.2793689547325,3228.8743314598455,1860654,TITAN.NS
2024-05-10,3258.589111328125,3274.783604407242,3211.936570692766,3227.140807845126,1307103,TITAN.NS
2024-05-13,3222.73291015625,3276.566559640428,3199.802983953568,3276.071310765029,1294603,TITAN.NS
2024-05-14,3257.64794921875,3276.5665529486537,3219.117683519687,3219.117683519687,620163,TITAN.NS
2024-05-15,3237.491455078125,3275.031222911932,3229.022650988226,3272.60455179911,657036,TITAN.NS
2024-05-16,3302.220458984375,3316.186574440155,3220.4054872761194,3245.1679318283905,1404971,TITAN.NS
2024-05-17,3329.21142578125,3335.996432117624,3276.566566937381,3316.1369038057446,1194228,TITAN.NS
2024-05-21,3344.9111328125,3348.1798239774453,3319.158189533517,3323.120180807207,827674,TITAN.NS
2024-05-22,3351.696044921875,3370.76312738792,3328.072575891488,3352.5873962049745,626567,TITAN.NS
2024-05-23,3419.247802734375,3427.5183138459233,3345.653771620931,3350.8538848030817,977789,TITAN.NS
2024-05-24,3379.974609375,3422.2194858047233,3371.8525757469906,3419.297565647304,878625,TITAN.NS
2024-05-27,3371.06005859375,3403.6475807532775,3358.084682726359,3391.4148364025336,804488,TITAN.NS
2024-05-28,3377.0029296875,3390.473795806086,3359.916843512316,3371.6543385696514,548576,TITAN.NS
2024-05-29,3348.278564453125,3385.5213773275655,3339.0671286501693,3372.991677267334,519533,TITAN.NS
2024-05-30,3240.76025390625,3333.0250252621013,3223.0797718284925,3333.0250252621013,2365535,TITAN.NS
2024-05-31,3211.0947265625,3297.1691306215976,3186.1838035783594,3266.6617499654712,2524214,TITAN.NS
2024-06-03,3230.21142578125,3301.2796440045827,3219.1178986178566,3278.5477675154166,1378542,TITAN.NS
2024-06-04,3208.172607421875,3263.8881053109944,3026.614323269717,3230.21118214246,2934800,TITAN.NS
2024-06-05,3286.124755859375,3302.3194907622246,3170.632863572432,3234.9656439200435,1396386,TITAN.NS
2024-06-06,3290.0869140625,3328.0726013448407,3259.480628832004,3297.3671696062424,1825503,TITAN.NS
2024-06-07,3411.32373046875,3423.754525253655,3263.0956011638414,3263.0956011638414,2084099,TITAN.NS
2024-06-10,3389.681396484375,3419.198278188622,3357.7874168770077,3410.2837983208074,1655552,TITAN.NS
2024-06-11,3378.290771484375,3405.62860727733,3369.5743425488854,3385.719504925857,1086157,TITAN.NS
2024-06-12,3350.16064453125,3386.412717698484,3338.8194934671656,3378.9346530168114,2054168,TITAN.NS
2024-06-13,3439.206298828125,3444.059882979739,3357.7874307303177,3392.405279329008,1753028,TITAN.NS
2024-06-14,3496.506591796875,3501.409507240603,3445.941633858574,3456.8371089871866,2346892,TITAN.NS
2024-06-18,3554.896484375,3590.5544039730776,3504.3810982777236,3521.021509120975,1585048,TITAN.NS
2024-06-19,3429.449951171875,3560.839379821413,3423.1601937865935,3560.839379821413,1862394,TITAN.NS
2024-06-20,3403.30078125,3456.8372343466526,3385.620541060761,3440.9892699485017,2377432,TITAN.NS
2024-06-21,3367.44482421875,3440.6425133599314,3351.250088803496,3398.1006821152287,2707405,TITAN.NS
2024-06-24,3379.925048828125,3396.4167394172105,3340.255566105955,3348.229121251178,645002,TITAN.NS
2024-06-25,3370.119384765625,3390.8702665030364,3352.7360990132875,3380.123509848385,1299560,TITAN.NS
2024-06-26,3340.701416015625,3369.17822743374,3337.9775470973705,3369.17822743374,1485709,TITAN.NS
2024-06-27,3359.43359375,3371.258988810378,3340.0059510547903,3348.8998650820854,1462935,TITAN.NS
2024-06-28,3382.885498046875,3398.4871483321635,3345.272630883438,3359.433408463666,1005498,TITAN.NS
2024-07-01,3409.96484375,3413.4926648955093,3360.327640857108,3360.824510240644,1001832,TITAN.NS
2024-07-02,3378.364013671875,3428.398859286263,3364.1040074620505,3424.4239040870907,878947,TITAN.NS
2024-07-03,3339.210693359375,3405.4930206265944,3320.975489931672,3399.381624251513,980605,TITAN.NS
2024-07-04,3315.112548828125,3348.800196209364,3309.150116186348,3343.9309732633815,741143,TITAN.NS
2024-07-05,3248.8798828125,3311.1375185214115,3236.607112192148,3311.1375185214115,2001382,TITAN.NS
2024-07-08,3136.4384765625,3183.9392416108085,3106.5270830621457,3183.9392416108085,5323920,TITAN.NS
2024-07-09,3195.01904296875,3201.8759859065526,3145.1831417330095,3150.151835479823,2044328,TITAN.NS
2024-07-10,3204.8076171875,3232.3341333150493,3170.523628724564,3197.6030109163034,1437517,TITAN.NS
2024-07-11,3228.260009765625,3238.3463616877943,3209.776370771485,3226.6201951545236,1105185,TITAN.NS
2024-07-12,3209.62744140625,3248.532219365468,3199.888752397526,3245.5510028900635,1496692,TITAN.NS
2024-07-15,3204.012451171875,3232.0358355914072,3185.33011402152,3221.4526148762225,1243810,TITAN.NS
2024-07-16,3213.801025390625,3230.64484958445,3203.913372820021,3207.739121645585,501336,TITAN.NS
2024-07-18,3241.67529296875,3248.6314642606994,3185.9264517127563,3212.7076626643607,1086374,TITAN.NS
2024-07-19,3238.594970703125,3258.469748062457,3214.7452378719267,3241.6259227728287,1111191,TITAN.NS
2024-07-22,3234.072998046875,3252.904298671793,3203.0186623817735,3229.650909170564,696255,TITAN.NS
2024-07-23,3445.1435546875,3468.148511522851,3211.9128575450445,3234.719357749115,7159507,TITAN.NS
2024-07-24,3456.620849609375,3530.2569897047388,3440.472594554427,3448.2735409642346,3862140,TITAN.NS
2024-07-25,3384.4755859375,3432.771145085304,3363.259165936619,3393.6179341924253,1476422,TITAN.NS
2024-07-26,3472.2724609375,3479.7752376807207,3371.755874600109,3384.4757802386,1830745,TITAN.NS
2024-07-29,3390.338623046875,3477.638673867616,3366.7870619564183,3473.117113795065,2213293,TITAN.NS
2024-07-30,3446.53466796875,3457.217360300809,3389.2457219490725,3403.505728471634,1316880,TITAN.NS
2024-07-31,3437.292724609375,3477.9862793653515,3424.9704607102985,3457.2669712486936,1361595,TITAN.NS
2024-08-01,3446.63427734375,3470.136104373519,3420.946030729049,3453.242543727944,879399,TITAN.NS
2024-08-02,3440.671630859375,3456.124075108124,3388.6493076400952,3393.618001639568,1168195,TITAN.NS
2024-08-05,3354.8125,3437.342557010321,3295.7347760406847,3299.262597352156,1932064,TITAN.NS
2024-08-06,3314.21826171875,3394.959536606987,3300.305918968777,3359.78103865771,976535,TITAN.NS
2024-08-07,3305.423583984375,3347.756952634659,3296.281235822024,3338.9622674746333,1277139,TITAN.NS
2024-08-08,3275.860107421875,3338.9127887086374,3263.3389009114157,3316.106530704322,1280733,TITAN.NS
2024-08-09,3310.839599609375,3329.025068656079,3264.5315158633402,3329.025068656079,1019809,TITAN.NS
2024-08-12,3300.0576171875,3324.0563123529555,3274.717277586603,3310.7898022229747,874598,TITAN.NS
2024-08-13,3362.364990234375,3383.4322044284368,3284.704156870388,3309.1502285767515,1314371,TITAN.NS
2024-08-14,3380.848388671875,3394.810467447006,3335.8322147580275,3368.7745591991966,997803,TITAN.NS
2024-08-16,3423.181884765625,3428.49848462878,3349.0986053819747,3388.649459917492,1161982,TITAN.NS
2024-08-19,3443.156005859375,3482.2594823860104,3414.6852434436632,3414.6852434436632,1135205,TITAN.NS
2024-08-20,3453.142822265625,3461.29167442837,3432.7711770827814,3458.2109871364046,526591,TITAN.NS
2024-08-21,3538.107421875,3559.57227636522,3432.920318571946,3453.1427569868856,1990034,TITAN.NS
2024-08-22,3581.83203125,3602.303147560944,3531.4495226465156,3552.5664721322178,1531544,TITAN.NS
2024-08-23,3547.6474609375,3600.1666527471625,3521.8102525385157,3588.8378850357876,1173387,TITAN.NS
2024-08-26,3607.470703125,3617.2093923190328,3551.672364076756,3569.5099278049356,1156681,TITAN.NS
2024-08-27,3529.014892578125,3635.8915484069057,3508.394812600372,3607.470521850596,1169007,TITAN.NS
2024-08-28,3505.413818359375,3557.53537289096,3497.861306000736,3537.362425569775,727481,TITAN.NS
2024-08-29,3511.077880859375,3531.4992617288835,3488.023189213755,3514.8541368230913,927472,TITAN.NS
2024-08-30,3542.827880859375,3575.4722983603065,3520.3197934800965,3527.7728346801246,2116894,TITAN.NS
2024-09-02,3565.087890625,3579.397633143757,3529.760425680037,3542.827994625568,718800,TITAN.NS
2024-09-03,3598.477294921875,3612.141203939602,3537.85922582505,3565.087815543951,1112614,TITAN.NS
2024-09-04,3585.111328125,3594.8500166371855,3545.858646533523,3563.6467161636992,529856,TITAN.NS
2024-09-05,3699.54052734375,3730.445657944615,3577.8570192097677,3593.955781592709,3437885,TITAN.NS
2024-09-06,3672.36181640625,3718.5706716255413,3642.052782337683,3691.6899879701955,1408795,TITAN.NS
2024-09-09,3661.48046875,3701.130551175434,3630.873264145304,3666.9957678002197,923357,TITAN.NS
2024-09-10,3704.06201171875,3726.520606284096,3643.0465447033325,3680.808620180345,1109078,TITAN.NS
2024-09-11,3687.864013671875,3720.061052489411,3676.9328872988594,3708.533585814884,831810,TITAN.NS
2024-09-12,3740.681396484375,3750.370350091527,3687.8642746348096,3712.608274494421,1337327,TITAN.NS
2024-09-13,3743.4140625,3776.058479150094,3716.583114879214,3753.3514505076982,1003355,TITAN.NS
2024-09-16,3717.22900390625,3765.276372690188,3712.011875123821,3744.407857560472,386602,TITAN.NS
2024-09-17,3743.811279296875,3753.3512683661165,3703.962500886982,3736.3582386527805,392339,TITAN.NS
2024-09-18,3702.02490234375,3762.295062977119,3684.7834372739453,3745.4015035289917,420638,TITAN.NS
2024-09-19,3757.276611328125,3771.238689782396,3717.676266305652,3726.5204444490078,945257,TITAN.NS
2024-09-20,3773.4248046875,3795.0883583715927,3716.582995629682,3769.251150380584,1951755,TITAN.NS
2024-09-23,3796.181884765625,3805.026063501741,3757.326598615848,3773.4251194924323,530107,TITAN.NS
2024-09-24,3761.201904296875,3815.857538547131,3757.87302486884,3794.0947557722884,1281513,TITAN.NS
2024-09-25,3713.850341796875,3779.7352729632357,3686.8206948756024,3776.2074516899124,942343,TITAN.NS
2024-09-26,3734.023193359375,3753.500327838692,3678.2246154140003,3714.595551729347,1863893,TITAN.NS
2024-09-27,3792.802978515625,3842.788090642717,3727.713084557234,3750.370378610193,2164755,TITAN.NS
2024-09-30,3800.00732421875,3839.359476588687,3762.2949863878966,3762.2949863878966,1068609,TITAN.NS
2024-10-01,3752.307861328125,3813.919665088962,3733.4765601526574,3800.0073223042573,774221,TITAN.NS
2024-10-03,3651.9404296875,3758.3202189389935,3627.196430103121,3666.001979564067,1597560,TITAN.NS
2024-10-04,3647.120849609375,3730.2967382520783,3602.303132897351,3602.303132897351,1542987,TITAN.NS
2024-10-07,3566.777099609375,3724.533139050202,3530.0584983217723,3716.5334929372552,2523321,TITAN.NS
2024-10-08,3471.4775390625,3572.490991184283,3458.2110290184437,3566.776993075991,1360120,TITAN.NS
2024-10-09,3471.57666015625,3536.517585869603,3464.7696951438115,3495.9729955005782,1063802,TITAN.NS
2024-10-10,3425.666015625,3509.4382434547297,3393.7174108343274,3488.0231241841325,1488328,TITAN.NS
2024-10-11,3452.64599609375,3469.142157249222,3422.734603725351,3442.3112095993424,858463,TITAN.NS
2024-10-14,3475.899658203125,3502.9293053132096,3430.9329770498134,3452.6460244814966,593206,TITAN.NS
2024-10-15,3486.532470703125,3507.3512493892836,3455.2296994826183,3501.8856861603062,578719,TITAN.NS
2024-10-16,3449.267333984375,3488.0231467257727,3418.4614315489052,3486.0356691492907,591644,TITAN.NS
2024-10-17,3382.041259765625,3465.1674186926057,3358.9368311781277,3465.1674186926057,560796,TITAN.NS
2024-10-18,3360.278076171875,3400.922139377966,3275.4626136589245,3373.7432856724404,1249585,TITAN.NS
2024-10-21,3342.19189453125,3398.4376055596886,3314.61564385906,3396.5493563428595,714746,TITAN.NS
2024-10-22,3308.951416015625,3400.0772130092096,3298.4674234344056,3353.768889126404,882086,TITAN.NS
2024-10-23,3268.009521484375,3314.1189048549436,3261.947617747032,3309.150210844666,877837,TITAN.NS
2024-10-24,3310.04443359375,3321.969299055836,3258.6681867503307,3280.381476324016,764369,TITAN.NS
2024-10-25,3246.09765625,3321.4231088426777,3212.111836445183,3311.137814804105,805013,TITAN.NS
2024-10-28,3262.494140625,3294.2440460304033,3233.675716089591,3249.525801061665,736462,TITAN.NS
2024-10-29,3262.842041015625,3277.3507252614095,3206.795266955297,3265.2271598213556,702769,TITAN.NS
2024-10-30,3287.735107421875,3301.001617539828,3214.844511497293,3240.5822495532016,895278,TITAN.NS
2024-10-31,3246.594482421875,3279.2386573130584,3233.2287437246314,3270.394478799884,1170306,TITAN.NS
2024-11-01,3273.077392578125,3296.82789514272,3261.7986029185363,3283.312950601494,176636,TITAN.NS
2024-11-04,3201.826416015625,3297.225340887599,3170.1262453165136,3297.225340887599,1122152,TITAN.NS
2024-11-05,3210.02490234375,3238.495423192958,3165.058219631559,3185.9267353653936,872402,TITAN.NS
2024-11-06,3157.157958984375,3188.8581302210678,3094.502678012175,3125.3085813578323,4522923,TITAN.NS
2024-11-07,3101.309814453125,3166.101535344512,3088.6396448208275,3160.089367114235,1608603,TITAN.NS
2024-11-08,3166.30029296875,3172.9085590304935,3086.5527532243036,3101.4588354195275,1719882,TITAN.NS
2024-11-11,3186.523193359375,3209.826321600075,3138.4758214106737,3171.6171101420364,1054929,TITAN.NS
2024-11-12,3178.423828125,3218.7199851368437,3165.0580897378345,3181.6037437743908,992983,TITAN.NS
2024-11-13,3167.890380859375,3201.429065891212,3142.4008346679693,3155.120740032077,911537,TITAN.NS
2024-11-14,3163.76611328125,3175.144373818324,3116.364821879025,3125.358206382933,1161637,TITAN.NS
2024-11-18,3152.437744140625,3187.1191323201265,3137.730360909918,3163.7662697765372,943251,TITAN.NS
2024-11-19,3204.509521484375,3262.4445431613026,3152.4377044074477,3172.0143106216506,1174506,TITAN.NS
2024-11-21,3158.549072265625,3213.7015762231313,3128.637679650474,3204.80766239563,1582159,TITAN.NS
2024-11-22,3287.983642578125,3296.2317234504353,3132.413779070443,3154.9718447676346,2207527,TITAN.NS
2024-11-25,3288.38134765625,3348.7509831990396,3277.4004847676256,3338.962558416016,1892510,TITAN.NS
2024-11-26,3306.666015625,3322.8142718996523,3275.06507174666,3289.2755857907587,721345,TITAN.NS
2024-11-27,3271.040283203125,3309.050792991372,3259.612286796201,3304.1815698280107,732835,TITAN.NS
2024-11-28,3192.237060546875,3284.306867051949,3180.312194463782,3271.3882621285984,1701387,TITAN.NS
2024-11-29,3228.6572265625,3239.5883529066637,3192.2367981060647,3192.2367981060647,1139585,TITAN.NS
2024-12-02,3286.145263671875,3289.175972936881,3201.876164503094,3228.657376769841,915980,TITAN.NS
2024-12-03,3311.883056640625,3317.7957541048727,3256.084718870228,3269.400722030652,1162310,TITAN.NS
2024-12-04,3343.384521484375,3361.8184251015564,3317.100178240909,3321.075133517411,1630076,TITAN.NS
2024-12-05,3419.5048828125,3443.7022765763036,3332.602474887402,3353.8186523065224,2383630,TITAN.NS
2024-12-06,3448.373046875,3477.737833814034,3408.5240246441244,3432.32401996727,1278516,TITAN.NS
2024-12-09,3446.485107421875,3466.409620328308,3425.3184209254155,3445.7895387338663,926422,TITAN.NS
2024-12-10,3453.98779296875,3494.9297848895053,3414.5364093165567,3448.2737946059306,1063355,TITAN.NS
2024-12-11,3451.354248046875,3468.8936404395163,3438.6343431619084,3462.931207769564,554702,TITAN.NS
2024-12-12,3424.17529296875,3451.354144787603,3390.6366102036927,3448.7703269964586,926472,TITAN.NS
2024-12-13,3486.880615234375,3495.97322854807,3359.0857037520223,3398.5868225225695,1242351,TITAN.NS
2024-12-16,3416.672607421875,3489.0168387587555,3407.5302592149737,3483.0544061092105,1295227,TITAN.NS
2024-12-17,3384.77392578125,3427.8026230290257,3376.3271457265655,3400.6240115967535,1005604,TITAN.NS
2024-12-18,3380.599853515625,3402.561577565156,3368.774459096343,3379.90428489308,646145,TITAN.NS
2024-12-19,3335.832275390625,3378.6622732277083,3311.137768517588,3328.6276689015035,732634,TITAN.NS
2024-12-20,3335.23583984375,3397.5929494006054,3312.280376571641,3329.0249723580077,1235769,TITAN.NS
2024-12-23,3375.680908203125,3384.97246286296,3315.7584111046335,3356.9490777229116,691202,TITAN.NS
2024-12-24,3332.403564453125,3397.592926182805,3317.298783353421,3364.153712912882,485245,TITAN.NS
2024-12-26,3302.24365234375,3350.7381526097242,3291.9086236180815,3343.930945023048,637094,TITAN.NS
2024-12-27,3288.48046875,3324.0563671812492,3280.431329840628,3299.06393279568,568989,TITAN.NS
2024-12-30,3236.955322265625,3297.175750676762,3227.1171621375915,3289.2258399205443,941859,TITAN.NS
2024-12-31,3232.78125,3255.140372791297,3210.571333594517,3229.651069854022,616440,TITAN.NS
2025-01-01,3233.47705078125,3249.426364231164,3223.738362141259,3227.6635818295185,357376,TITAN.NS
2025-01-02,3367.731201171875,3379.6560672797646,3230.644976395669,3243.5635813458825,1152493,TITAN.NS
2025-01-03,3430.03857421875,3460.148909629827,3356.8000701439546,3373.7433659089947,1630862,TITAN.NS
2025-01-06,3448.6708984375,3506.407217484814,3419.653775144524,3468.148275193992,2145936,TITAN.NS
2025-01-07,3483.154052734375,3554.3056070408834,3463.179805306024,3468.148499431283,2389563,TITAN.NS
2025-01-08,3462.23583984375,3492.4951388754093,3370.066562811258,3465.8131540858853,1317377,TITAN.NS
2025-01-09,3465.217041015625,3484.4954773025356,3439.876700811562,3464.1238312561322,826237,TITAN.NS
2025-01-10,3418.7099609375,3466.160989390306,3407.281964556196,3440.323780180401,570060,TITAN.NS
2025-01-13,3361.570068359375,3445.292565812417,3331.5094683836537,3358.8372865434003,1282557,TITAN.NS
2025-01-14,3301.697265625,3407.5304511145596,3289.2755302389014,3378.712025018811,1133561,TITAN.NS
2025-01-15,3302.69091796875,3319.5844776514546,3262.4444963717183,3301.2003097614524,1169593,TITAN.NS
2025-01-16,3296.132080078125,3317.9448405061344,3261.4506935142604,3306.16893885495,1170734,TITAN.NS
2025-01-17,3336.37841796875,3346.912145876464,3264.481564202768,3299.113214444294,559153,TITAN.NS
2025-01-20,3361.0732421875,3386.3638475238195,3326.5408169776497,3352.974367564388,722342,TITAN.NS
2025-01-21,3332.354248046875,3391.332502844065,3314.268007004736,3379.65607143241,1016047,TITAN.NS
2025-01-22,3335.4345703125,3363.8058617754314,3313.7710157969796,3333.7949983257163,598329,TITAN.NS
2025-01-23,3377.271240234375,3411.505495328064,3304.678568224141,3335.434737319098,713603,TITAN.NS
2025-01-24,3380.848388671875,3426.063504436938,3359.2843050601705,3385.6681189355936,564244,TITAN.NS
2025-01-27,3298.567138671875,3380.6498218628203,3286.5428015789576,3366.7872134702575,618309,TITAN.NS
2025-01-28,3305.07568359375,3349.744435469127,3278.8908125279136,3298.5668887290312,579957,TITAN.NS
2025-01-29,3349.64501953125,3353.868409380099,3288.3313848362436,3318.292512248569,570137,TITAN.NS
2025-01-30,3347.3095703125,3368.774424753964,3324.254879408856,3349.545482541319,688608,TITAN.NS
2025-01-31,3468.39697265625,3505.3640088363204,3371.159530500228,3378.712042699305,1212261,TITAN.NS
2025-02-01,3529.76025390625,3612.3895389313498,3386.661865234375,3504.916783650716,2186692,TITAN.NS
2025-02-03,3557.883056640625,3619.7432966359775,3529.511765517945,3542.6788045531002,1543897,TITAN.NS
2025-02-04,3575.174072265625,3591.372063409382,3497.9606151635376,3567.5223319423576,1279779,TITAN.NS
2025-02-05,3469.042724609375,3629.134144398599,3450.4598573321464,3573.484770880986,2165947,TITAN.NS
2025-02-06,3389.394775390625,3482.309357666964,3376.575641297843,3469.0428470030197,1059617,TITAN.NS
2025-02-07,3403.356689453125,3432.274342954793,3366.9857523423125,3393.5185297697026,740155,TITAN.NS
2025-02-10,3306.615966796875,3403.555230722781,3290.2690128242707,3393.617843187824,904436,TITAN.NS
2025-02-11,3261.251953125,3327.037411362515,3251.1158661647555,3313.820637161762,903965,TITAN.NS
2025-02-12,3235.06689453125,3296.6289640331374,3192.485332958168,3262.196012013508,774619,TITAN.NS
2025-02-13,3211.26708984375,3257.4262108473367,3195.0690980861746,3229.8996932584396,727243,TITAN.NS
2025-02-14,3193.13134765625,3232.6324667939875,3166.499098054817,3216.0370765843113,587411,TITAN.NS
2025-02-17,3212.956298828125,3218.223163087556,3156.114486943362,3175.2439591957736,712614,TITAN.NS
2025-02-18,3201.677490234375,3223.6887078873824,3172.3124598013455,3214.5463593343957,592636,TITAN.NS
2025-02-19,3190.19970703125,3233.278138293735,3171.8155392953954,3199.8389248352146,521953,TITAN.NS
2025-02-20,3171.4677734375,3198.4974213719756,3168.1883867420183,3189.9016774479605,653151,TITAN.NS
2025-02-21,3159.989990234375,3185.876935128873,3142.450597030911,3171.4677221770353,407794,TITAN.NS
2025-02-24,3153.133056640625,3167.9894024443447,3111.3960291023627,3111.3960291023627,431232,TITAN.NS
2025-02-25,3178.771728515625,3191.3921627792406,3116.9114880880966,3120.339838432762,642281,TITAN.NS
2025-02-27,3202.919677734375,3207.788900892286,3157.0584857681015,3178.7717759617603,604023,TITAN.NS
2025-02-28,3057.982666015625,3197.801664079753,3040.8406720311355,3181.951579033888,1322618,TITAN.NS
2025-03-03,3062.703125,3082.6773728600265,3038.6049579716905,3070.653035772226,516171,TITAN.NS
2025-03-04,3029.412841796875,3050.7782267726443,2998.1100684602825,3030.9034500509983,1186136,TITAN.NS
2025-03-05,3067.224609375,3087.9936537086965,3016.692893234648,3029.412798677857,579883,TITAN.NS
2025-03-06,3101.55810546875,3112.04185517745,3027.92196714869,3071.8451713167965,1399483,TITAN.NS
2025-03-07,3060.069580078125,3105.0362594446333,3055.3988137670276,3101.5581737477764,1020056,TITAN.NS
2025-03-10,3007.8486328125,3063.6967045613756,3002.184370204185,3060.715488176788,855408,TITAN.NS
2025-03-11,3027.32568359375,3036.7662018829,2991.1536895095983,2996.122383345993,576260,TITAN.NS
2025-03-12,3000.0478515625,3034.6797475168505,2977.2913289508247,3018.3822848157347,489535,TITAN.NS
2025-03-13,2991.302734375,3030.406452972341,2981.5145528191442,3000.4948182215303,785215,TITAN.NS
2025-03-17,2998.457763671875,3017.388293081119,2966.3599529965736,2966.3599529965736,632348,TITAN.NS
2025-03-18,2998.457763671875,2998.457763671875,2998.457763671875,2998.457763671875,0,TITAN.NS
2025-03-19,3057.038818359375,3075.6216860011787,3039.052048449746,3068.715249639024,730983,TITAN.NS
2025-03-20,3173.107421875,3184.9328164106287,3060.715467876673,3080.590243642106,1542807,TITAN.NS
2025-03-21,3142.897705078125,3170.026823279377,3135.1962292535436,3166.995871367945,1181974,TITAN.NS
2025-03-24,3059.821044921875,3156.064496120581,3055.7466190516743,3148.363020901833,1481216,TITAN.NS
2025-03-25,3034.580322265625,3080.540744752754,3026.928581530714,3065.6843972495903,1174346,TITAN.NS
2025-03-26,3038.3564453125,3058.479656438445,3015.550187892165,3049.73470629094,1010449,TITAN.NS
2025-03-27,3068.3173828125,3078.304505864904,3028.4686041356067,3028.4686041356067,1635143,TITAN.NS
2025-03-28,3044.169921875,3092.3165193489804,3031.9468858241025,3074.627919769082,778417,TITAN.NS
2025-04-01,2968.248046875,3056.442364980934,2963.329088359381,3034.5801114786177,1068622,TITAN.NS
2025-04-02,3079.050048828125,3085.5590867283295,2952.547046444041,2992.14763611562,1674921,TITAN.NS
2025-04-03,3107.9677734375,3131.270899332537,3048.79058049896,3051.771796842342,1115568,TITAN.NS
2025-04-04,3056.939208984375,3095.396851530666,3030.9033012793934,3079.5965018573243,901801,TITAN.NS
2025-04-07,3003.27734375,3028.915853234823,2906.6859812046773,2906.6859812046773,1378989,TITAN.NS
2025-04-08,3102.750732421875,3207.0435719228044,3081.58404726396,3129.979078748573,2830156,TITAN.NS
2025-04-09,3154.27587890625,3168.2876928708306,3071.3484255169224,3118.2033549683465,1215988,TITAN.NS
2025-04-11,3214.645751953125,3222.247999824843,3181.2065362467592,3201.8266176609322,814920,TITAN.NS
2025-04-15,3252.904541015625,3264.4320083181146,3224.781926631751,3249.5259260883518,1121769,TITAN.NS
2025-04-16,3251.613037109375,3265.425910287631,3224.7820877552163,3229.6513111487525,889943,TITAN.NS
2025-04-17,3306.666015625,3313.9203577354024,3191.094139118467,3229.6512549305035,1083612,TITAN.NS
2025-04-21,3315.212158203125,3332.503116541597,3269.4007017807826,3293.250433343925,672129,TITAN.NS
2025-04-22,3316.50390625,3337.7700629847413,3299.312418414466,3315.212239848132,609213,TITAN.NS
2025-04-23,3336.279296875,3352.576516028624,3294.740966822458,3335.981126714822,628656,TITAN.NS
2025-04-24,3361.421142578125,3373.7434073155578,3323.0627257918186,3335.7826316378287,901747,TITAN.NS
2025-04-25,3344.129638671875,3398.0897020565867,3295.237740026215,3361.420838725342,704325,TITAN.NS
2025-04-28,3348.00537109375,3376.127984061102,3330.0186023976808,3334.987296223998,384147,TITAN.NS
2025-04-29,3357.446044921875,3376.7244808163978,3332.999973118952,3354.762756041738,575435,TITAN.NS
2025-04-30,3358.5390625,3387.6556586310544,3333.298193358469,3352.8747997128708,708818,TITAN.NS
2025-05-02,3321.0751953125,3360.32787939833,3303.1878962354126,3341.0494429933888,514587,TITAN.NS
2025-05-05,3301.001708984375,3387.1588174136396,3286.2943257112825,3336.676836098332,565178,TITAN.NS
2025-05-06,3278.642333984375,3304.479541701773,3225.179140262128,3301.001456047508,650789,TITAN.NS
2025-05-07,3317.994384765625,3359.8308853218314,3239.7871896693264,3259.463266446497,1047443,TITAN.NS
2025-05-08,3348.2041015625,3391.1335681000023,3304.1814253282073,3328.9254237693217,1597339,TITAN.NS
2025-05-09,3488.3212890625,3507.8978945123063,3333.19856841051,3345.9184733209445,2863992,TITAN.NS
2025-05-12,3540.592041015625,3562.5537665796564,3508.196300169869,3515.0530011695228,956930,TITAN.NS
2025-05-13,3540.89013671875,3565.932306614644,3517.9349154025217,3540.5919665485094,996541,TITAN.NS
2025-05-14,3565.137451171875,3587.3971034671426,3527.772774877661,3532.7414689267844,588159,TITAN.NS
2025-05-15,3614.029296875,3642.052682361491,3531.6482052320043,3574.478444325862,1227751,TITAN.NS
2025-05-16,3610.94873046875,3633.0096839260373,3590.7757837396916,3631.121677197808,525064,TITAN.NS
2025-05-19,3595.048828125,3626.6497706622154,3588.788225127965,3594.3532594835547,376760,TITAN.NS
2025-05-20,3558.18115234375,3597.334363006812,3552.7155890850377,3595.0487153034946,811416,TITAN.NS
2025-05-21,3558.081787109375,3600.415157197291,3544.964483421236,3547.6475296691715,415016,TITAN.NS
2025-05-22,3518.8291015625,3552.6162208658393,3494.085102411624,3542.6788328354455,709846,TITAN.NS
2025-05-23,3557.28662109375,3583.720169380776,3500.9416814419365,3508.891591589974,416717,TITAN.NS
2025-05-26,3587.6953125,3617.2093069491325,3548.044987991232,3553.6100224313454,525514,TITAN.NS
2025-05-27,3566.926025390625,3616.215567934066,3539.8963779944224,3592.3658362411784,1019733,TITAN.NS
2025-05-28,3552.318115234375,3579.0498350889543,3522.8041207703527,3572.4910618249414,449324,TITAN.NS
2025-05-29,3565.8330078125,3577.4597033259065,3537.809621992183,3557.584927196318,513095,TITAN.NS
2025-05-30,3532.741455078125,3582.4283953745826,3519.922321526444,3557.584925226354,962944,TITAN.NS
2025-06-02,3503.426025390625,3519.8227150570397,3454.136485469813,3503.028626928362,726392,TITAN.NS
2025-06-03,3497.76171875,3557.584743285075,3481.5637285193466,3503.4259811317133,676943,TITAN.NS
2025-06-04,3477.88720703125,3497.761983638535,3464.1735626498194,3484.147810184949,410354,TITAN.NS
2025-06-05,3482.060791015625,3512.866694132487,3452.447325948626,3476.7939267990487,608651,TITAN.NS
2025-06-06,3537.61083984375,3548.5419672085,3464.3723350223286,3501.9357121254207,602422,TITAN.NS
2025-06-09,3511.7734375,3557.5848930842412,3499.153003301126,3542.48011189299,540262,TITAN.NS
2025-06-10,3502.13427734375,3522.804093182995,3484.147750390053,3522.804093182995,561695,TITAN.NS
2025-06-11,3519.42529296875,3526.7788627552786,3483.054357271697,3502.929132491507,505077,TITAN.NS
2025-06-12,3431.08203125,3537.511557652593,3423.9271601517125,3525.785390862945,811822,TITAN.NS
2025-06-13,3400.474853515625,3419.2566632359676,3361.8185095256867,3388.3512881402426,821750,TITAN.NS
2025-06-16,3416.573486328125,3432.0756661362175,3374.9356847849504,3389.643067637766,534665,TITAN.NS
2025-06-17,3384.376220703125,3416.07663434688,3374.1406624255987,3406.5366447147753,1000345,TITAN.NS
2025-06-18,3446.08740234375,3458.210966981456,3368.7744764560734,3384.674296993919,972739,TITAN.NS
2025-06-19,3483.451904296875,3499.550667001118,3446.0874708572796,3457.0185976943762,1022566,TITAN.NS
2025-06-20,3496.966796875,3522.8040053770605,3467.154633218777,3478.0857598927255,2941214,TITAN.NS
2025-06-23,3483.750244140625,3506.40753848347,3451.25503221003,3458.409903420396,643325,TITAN.NS
2025-06-24,3503.923095703125,3544.6663875136264,3484.147790137469,3501.0413501564576,968797,TITAN.NS
2025-06-25,3629.332763671875,3642.0526687180395,3527.7727077623576,3527.7727077623576,2697912,TITAN.NS
2025-06-26,3671.566650390625,3677.3303838816832,3621.1841423766664,3632.11526904136,1620497,TITAN.NS
2025-06-27,3643.2451171875,3685.876657007326,3636.587115791661,3676.833536939239,601285,TITAN.NS
2025-06-30,3667.094970703125,3675.3430514892466,3629.134196035887,3643.2452388562297,921775,TITAN.NS
2025-07-01,3677.33056640625,3703.1677761688666,3644.040315365956,3675.8399581507147,947173,TITAN.NS
2025-07-02,3684.783447265625,3698.596319454098,3665.902410184167,3681.8022308843424,583514,TITAN.NS
2025-07-03,3655.6669921875,3689.6528117142107,3649.2076897805046,3678.821155491903,528710,TITAN.NS
2025-07-04,3663.815673828125,3666.9958322419175,3622.277583933235,3643.04662888068,629926,TITAN.NS
2025-07-07,3643.145751953125,3672.858443725258,3625.0595124966953,3652.486799218665,829472,TITAN.NS
2025-07-08,3430.045166015625,3570.0856562336476,3423.765721700407,3570.0856562336476,3952270,TITAN.NS
2025-07-09,3420.875244140625,3450.1789926462607,3409.4128554607373,3430.045106416105,1868271,TITAN.NS
2025-07-10,3408.615478515625,3433.733012405282,3402.8343989409673,3420.8752996231224,496586,TITAN.NS
2025-07-11,3350.605712890625,3411.0073696883373,3346.0206602254875,3396.853860604248,856956,TITAN.NS
2025-07-14,3393.564697265625,3398.8474119996263,3333.063268541569,3360.971693038927,755781,TITAN.NS
2025-07-15,3403.8310546875,3410.808160802526,3376.6202921704703,3406.821243022511,686088,TITAN.NS
2025-07-16,3406.12353515625,3411.007412034061,3377.4176788587424,3405.824467658351,669532,TITAN.NS
2025-07-17,3422.0712890625,3436.7231633934557,3405.326185537628,3407.219874166674,559482,TITAN.NS
2025-07-18,3391.7705078125,3432.736185058154,3380.906254273304,3432.736185058154,293360,TITAN.NS
2025-07-21,3421.772216796875,3427.8523638052948,3354.193911123252,3379.909579714012,561799,TITAN.NS
2025-07-22,3461.043212890625,3478.5857483855316,3419.081049438312,3438.716570753606,1752275,TITAN.NS
2025-07-23,3460.04638671875,3470.5120455545466,3432.736098141243,3461.0431161316833,584590,TITAN.NS
2025-07-24,3473.00390625,3478.386391142719,3446.6903468038554,3456.059506048824,630718,TITAN.NS
2025-07-25,3451.474609375,3468.61830635869,3435.726236212185,3465.0299831876705,624410,TITAN.NS
2025-07-28,3381.903076171875,3451.2755443020064,3370.9390520522493,3441.7068440971075,603916,TITAN.NS
2025-07-29,3368.14794921875,3385.88978125673,3344.6252813183346,3378.9126754372433,511042,TITAN.NS
2025-07-30,3365.45703125,3382.4014321181326,3334.3591206780934,3368.9455843699097,443735,TITAN.NS
2025-07-31,3336.3525390625,3353.496236946449,3304.656493861183,3329.076365403816,553157,TITAN.NS
2025-08-01,3305.15478515625,3336.352464939091,3296.1842202990706,3329.076291442061,422977,TITAN.NS
2025-08-04,3345.322998046875,3353.994495324754,3297.280688713921,3304.1580243689627,450434,TITAN.NS
2025-08-05,3407.0205078125,3431.739446481727,3337.0501501077033,3345.323053090916,837335,TITAN.NS
2025-08-06,3406.522216796875,3451.0759748599594,3388.8801540749737,3425.759143986966,635456,TITAN.NS
2025-08-07,3404.528564453125,3425.758949351166,3366.652847235975,3368.945373525441,509599,TITAN.NS
2025-08-08,3448.883056640625,3478.3863445205566,3391.969953321262,3438.816235602496,2184271,TITAN.NS
2025-08-11,3456.557861328125,3475.894558098457,3391.6709220342127,3461.6412787114637,563586,TITAN.NS
2025-08-12,3475.396240234375,3522.4418208655648,3448.783613006621,3456.5579079205527,929276,TITAN.NS
2025-08-13,3455.461669921875,3483.4696211697365,3451.8733466024055,3475.3962587141527,360474,TITAN.NS
2025-08-14,3477.987548828125,3494.334057359091,3452.770489117713,3465.1298366173446,597987,TITAN.NS
2025-08-18,3543.173828125,3563.108416734523,3482.0742653683837,3484.566088944574,1253006,TITAN.NS
2025-08-19,3556.430419921875,3565.600282121353,3533.405872471029,3543.373166892668,537433,TITAN.NS
2025-08-20,3583.242431640625,3591.116497088175,3540.383064586231,3548.356900317281,517031,TITAN.NS
2025-08-21,3604.47265625,3613.1441535500912,3576.4644621642437,3583.2422709000216,673486,TITAN.NS
2025-08-22,3609.1572265625,3629.4904093752903,3595.900676620036,3604.472646961157,691835,TITAN.NS
2025-08-25,3639.457763671875,3657.5984340728096,3603.6752742720814,3617.828783588623,700503,TITAN.NS
2025-08-26,3582.24560546875,3660.7879339677133,3577.361728552188,3650.820639572976,960778,TITAN.NS
2025-08-28,3625.802490234375,3638.9592696478444,3540.4825995873557,3540.4825995873557,989246,TITAN.NS
2025-08-29,3616.931884765625,3630.0886648660667,3591.8143512389356,3625.802679553231,660956,TITAN.NS
2025-09-01,3606.76513671875,3641.4511254779923,3598.5917608912955,3619.1244840534064,297533,TITAN.NS
2025-09-02,3608.7587890625,3643.843617472107,3594.3062118570588,3602.180277273507,536300,TITAN.NS
2025-09-03,3678.52978515625,3685.805715427277,3578.258705704116,3593.2096473714037,791874,TITAN.NS
2025-09-04,3679.028076171875,3727.7680476939026,3664.7747967328514,3727.7680476939026,635811,TITAN.NS
2025-09-05,3653.3125,3687.89896322997,3648.0297852491053,3682.915315982362,454120,TITAN.NS
2025-09-08,3646.036376953125,3671.5527485518783,3628.0952466127324,3641.0527296363493,548987,TITAN.NS
2025-09-09,3618.2275390625,3655.8041892599585,3607.3630424567327,3655.8041892599585,428367,TITAN.NS
2025-09-10,3608.7587890625,3636.7667409518913,3596.3991977228993,3620.121407597503,408800,TITAN.NS
2025-09-11,3572.4775390625,3632.0820070563877,3568.2913241662645,3608.1605009725913,495417,TITAN.NS
2025-09-12,3560.2177734375,3586.431806260404,3552.2439379532498,3578.158903277064,275049,TITAN.NS
2025-09-15,3522.54150390625,3564.802733537658,3503.503874845482,3544.3697806402656,362285,TITAN.NS
2025-09-16,3545.167236328125,3558.623083447279,3490.546415650095,3513.471192223468,724742,TITAN.NS
2025-09-17,3511.477783203125,3561.0151872242204,3501.709786117043,3550.250460707766,659866,TITAN.NS
2025-09-18,3499.816162109375,3534.402625313015,3491.941853458858,3518.4549541328097,829442,TITAN.NS
2025-09-19,3455.8603515625,3499.8162182954693,3448.6839480846274,3492.5400445342584,2337255,TITAN.NS
2025-09-22,3446.19189453125,3465.628117797587,3428.7491300614606,3446.889556441614,817833,TITAN.NS
2025-09-23,3427.951904296875,3453.966640495214,3393.863805491645,3453.8668702125237,1144975,TITAN.NS
2025-09-24,3407.120361328125,3426.1577480062724,3399.844187602673,3418.7820473401257,690454,TITAN.NS
2025-09-25,3367.450439453125,3408.71494125593,3358.978239146672,3396.853958163756,1139904,TITAN.NS
2025-09-26,3316.41796875,3390.873610470201,3292.2971645749917,3376.620330576102,7524068,TITAN.NS
2025-09-29,3390.076171875,3406.8212753785265,3316.1188950217547,3316.1188950217547,1452636,TITAN.NS
2025-09-30,3355.988037109375,3463.1364523125994,3344.0272837843636,3440.7100398282037,1733728,TITAN.NS
2025-10-01,3397.153076171875,3403.7313446199823,3340.0404292943817,3358.978289084472,798754,TITAN.NS
2025-10-03,3442.005859375,3447.6871685732563,3366.952083099294,3368.8457717179963,1655328,TITAN.NS
2025-10-06,3414.197021484375,3447.9862964462977,3389.8769198082055,3442.0059196398147,1184781,TITAN.NS
2025-10-07,3407.0205078125,3434.6298645078646,3399.844104545214,3413.7983166424383,996165,TITAN.NS
2025-10-08,3553.9384765625,3568.291282709167,3448.6837536798093,3462.637965399901,4531362,TITAN.NS
2025-10-09,3538.987548828125,3550.0510992999293,3514.8665023755325,3548.15741075332,597739,TITAN.NS
2025-10-10,3520.3486328125,3560.018513429724,3511.7769055826234,3537.2930333936433,825274,TITAN.NS
2025-10-13,3522.043212890625,3533.4058310612695,3498.0219362791327,3506.4941364382357,606122,TITAN.NS
2025-10-14,3525.83056640625,3537.791319491826,3495.031724547749,3521.4450542783966,925998,TITAN.NS
2025-10-15,3537.392822265625,3550.2505348490877,3499.5171031204873,3521.3453807646406,1005045,TITAN.NS
2025-10-16,3628.394287109375,3640.0559730753866,3528.422274010643,3537.39283911406,1528118,TITAN.NS
2025-10-17,3662.78125,3702.8497232357654,3621.1179123864163,3623.1113711876196,1123500,TITAN.NS
2025-10-20,3724.977294921875,3737.635710414741,3664.1767977691916,3667.964418391396,707974,TITAN.NS
2025-10-21,3716.803955078125,3733.7483549805997,3706.836661017846,3724.977087539126,156306,TITAN.NS
2025-10-23,3759.96240234375,3787.571758334762,3726.0736024007547,3752.6862289816786,1622402,TITAN.NS
2025-10-24,3702.75,3768.6339115536503,3693.9789758369843,3762.6535350740623,563296,TITAN.NS
2025-10-27,3727.56884765625,3741.622586903039,3697.8662613628567,3701.853179164865,856124,TITAN.NS
2025-10-28,3704.84326171875,3757.6699210868137,3676.037878758682,3737.7353326460347,1482961,TITAN.NS
2025-10-29,3736.041015625,3741.2239600542875,3702.0524443204167,3721.9870331577913,789557,TITAN.NS
2025-10-30,3738.43310546875,3761.5571800775697,3707.933330254909,3732.751796263028,544151,TITAN.NS
2025-10-31,3734.446044921875,3770.6273713006426,3727.2696418130463,3746.606095098244,900994,TITAN.NS
2025-11-03,3712.31884765625,3749.6962021433246,3655.3059716137295,3717.800859647688,1119367,TITAN.NS
2025-11-04,3801.027587890625,3814.4834348649333,3702.8497414484523,3712.318670800743,2524600,TITAN.NS
2025-11-06,3762.055419921875,3825.148440782567,3749.2974780385443,3767.6372020024396,927231,TITAN.NS
2025-11-07,3756.972412109375,3779.598122242342,3723.7812723358097,3753.6831562143093,728998,TITAN.NS
2025-11-10,3790.56201171875,3802.5227648453933,3756.972278689855,3775.6110703104455,599567,TITAN.NS
2025-11-11,3799.93115234375,3807.5063932902954,3739.828562851129,3798.037463778186,668789,TITAN.NS
2025-11-12,3838.5048828125,3864.320078234545,3791.758125595138,3825.4476296786647,805025,TITAN.NS
2025-11-13,3826.6435546875,3855.2496404784156,3804.516210150443,3847.3755753682763,668623,TITAN.NS
2025-11-14,3816.67626953125,3842.092869895319,3787.5718189592553,3826.6435637916693,575050,TITAN.NS
2025-11-17,3855.947509765625,3861.628818759101,3809.001457011978,3835.4147864927622,504928,TITAN.NS
2025-11-18,3866.5126953125,3887.2447157985207,3829.0358153398306,3852.3591862977646,849966,TITAN.NS
2025-11-19,3920.236572265625,3927.612272623836,3849.7676077214614,3870.2005607956366,1578123,TITAN.NS
2025-11-20,3889.636962890625,3943.061759496704,3882.2612621940502,3937.0813827128363,762391,TITAN.NS
2025-11-21,3891.430908203125,3912.16292856945,3869.403334279394,3888.2414227641843,383311,TITAN.NS
2025-11-24,3861.62890625,3924.3230904973966,3852.3592738179204,3902.6941103839763,1258036,TITAN.NS
2025-11-25,3842.49169921875,3895.6171828362085,3832.424634701013,3861.728382425328,680366,TITAN.NS
2025-11-26,3884.9521484375,3901.6972510894,3830.929463421154,3832.4245575268214,364592,TITAN.NS
2025-11-27,3890.533935546875,3914.156373779023,3862.4262149918322,3887.842814821566,542241,TITAN.NS
2025-11-28,3894.919677734375,3922.030670486257,3883.7563564062066,3893.4245835384017,574817,TITAN.NS
2025-12-01,3882.161376953125,3897.90975068607,3848.671413960456,3894.919562382681,603073,TITAN.NS
2025-12-02,3873.09130859375,3886.8462235411876,3854.851111164027,3862.3265819678354,661018,TITAN.NS
2025-12-03,3805.313720703125,3867.310243463413,3773.5179054281234,3857.3429490214967,770638,TITAN.NS
2025-12-04,3787.970458984375,3817.4737476871715,3765.6438169091734,3792.555511736211,776693,TITAN.NS
2025-12-05,3800.828369140625,3815.480243035577,3764.6470423054793,3764.6470423054793,508448,TITAN.NS
2025-12-08,3754.6796875,3812.489993280462,3745.8088930877857,3783.8839078816613,545864,TITAN.NS
2025-12-09,3836.41162109375,3861.329857136188,3738.732135807393,3762.6536424081337,1121068,TITAN.NS
2025-12-10,3833.122314453125,3845.581432309177,3813.088198945881,3818.470440522837,616248,TITAN.NS
2025-12-11,3832.225341796875,3843.1893654715554,3764.647038115413,3817.8722920720056,669180,TITAN.NS
2025-12-12,3867.509521484375,3882.0618686341904,3819.3674409004825,3832.225396672013,547866,TITAN.NS
2025-12-15,3853.55517578125,3863.721767040758,3837.408208093544,3848.6712990350775,332337,TITAN.NS
2025-12-16,3916.648193359375,3924.62202859207,3815.480158844557,3837.4082057344685,1560827,TITAN.NS
2025-12-17,3895.118896484375,3922.8280236932565,3877.2775367754043,3917.14671453145,601010,TITAN.NS
2025-12-18,3906.481689453125,3911.1662690886506,3877.377238871455,3887.2447628556924,516547,TITAN.NS
2025-12-19,3917.246337890625,3948.942138344164,3900.2021677023226,3906.1825441414267,730780,TITAN.NS
2025-12-22,3920.934326171875,3937.8787266796685,3904.2889931650016,3927.1140000415817,569521,TITAN.NS
2025-12-23,3912.96044921875,3943.360696866818,3903.591046561271,3920.9342846674235,445656,TITAN.NS
2025-12-24,3896.514404296875,3922.1303019461116,3887.2447719415086,3912.9604398704737,399227,TITAN.NS
2025-12-26,3978.94384765625,3993.7950186886505,3887.2447409467372,3896.1155354546045,1113050,TITAN.NS
2025-12-29,3970.6708984375,4018.513910075195,3964.989589473952,3996.8849305657486,1242846,TITAN.NS
2025-12-30,3961.1025390625,3980.438992735801,3941.1679503922314,3968.976604250397,1169570,TITAN.NS
2025-12-31,4038.249267578125,4048.61515626689,3962.0992368036736,3970.970031354128,1358731,TITAN.NS
2026-01-01,4036.056640625,4054.6954328104425,4022.50102266714,4050.4094474750787,444679,TITAN.NS
2026-01-02,4038.448486328125,4046.7213890678004,3973.162710223706,4025.7900715381393,659997,TITAN.NS
2026-01-05,4066.35693359375,4080.6102128542193,4032.7672010767396,4038.448510056887,629273,TITAN.NS
2026-01-06,4098.35205078125,4107.0237918666335,4055.1938592912024,4066.357180715941,820331,TITAN.NS
2026-01-07,4259.224609375,4297.997288817103,4188.257275712523,4211.182053756641,3496340,TITAN.NS
2026-01-08,4235.103515625,4289.126447542047,4225.13622093066,4259.224563459027,1055725,TITAN.NS
2026-01-09,4188.0576171875,4265.005325563845,4169.419068443689,4217.162311862731,883117,TITAN.NS
2026-01-12,4217.76025390625,4228.126142397053,4131.443389966003,4191.247154356343,514767,TITAN.NS
2026-01-13,4225.33544921875,4253.642466721742,4196.230756188577,4217.760208474048,770707,TITAN.NS
2026-01-14,4207.693359375,4268.992220348958,4197.227700184324,4228.026542751453,998692,TITAN.NS
2026-01-15,4207.693359375,4207.693359375,4207.693359375,4207.693359375,0,TITAN.NS
2026-01-16,4183.173828125,4222.544642310648,4167.425697124466,4207.693470499,686949,TITAN.NS
2026-01-19,4130.54638671875,4193.639162802954,4115.595445780856,4152.075839006173,365905,TITAN.NS
2026-01-20,4062.1708984375,4141.410890199439,4051.00757719733,4141.410890199439,586156,TITAN.NS
2026-01-21,4065.858642578125,4096.458187413636,4040.242744893094,4062.1707923552003,552760,TITAN.NS
2026-01-22,4005.45703125,4114.499134821442,3967.7806096900367,4085.5939810157674,818966,TITAN.NS
2026-01-23,4008.646484375,4050.010755865831,3966.983145385686,4011.935740174026,1015415,TITAN.NS
2026-01-27,3983.927490234375,4026.786855278177,3942.0648546101957,4008.6464285094617,1760501,TITAN.NS
2026-01-28,3962.19873046875,4012.6333363144477,3951.932368803463,3988.911127517355,809022,TITAN.NS
2026-01-29,3926.81494140625,3955.620568339823,3830.5310231322255,3947.8460300090883,1145612,TITAN.NS
2026-01-30,3964.3916015625,3981.934137150637,3897.0128370117495,3932.097664845873,1427639,TITAN.NS
2026-02-02,3940.270751953125,3986.9177381580034,3880.566756161068,3986.9177381580034,1273196,TITAN.NS
2026-02-03,4055.29345703125,4129.450029300954,4030.873585991454,4129.450029300954,1043274,TITAN.NS
2026-02-04,4130.44677734375,4146.394448298745,4052.9011786566566,4073.6331995665796,917279,TITAN.NS
2026-02-05,4084.19873046875,4138.719539891277,4049.811564116971,4138.719539891277,693637,TITAN.NS
2026-02-06,4127.45654296875,4140.414025475052,4052.004174273563,4084.198583323033,888701,TITAN.NS
2026-02-09,4243.87451171875,4255.436670823227,4141.4109176242955,4186.46328401321,1092387,TITAN.NS
2026-02-10,4255.1376953125,4315.43982566258,4225.734177207915,4285.93653727841,1713633,TITAN.NS
2026-02-11,4235.203125,4364.080045827646,4194.237448025817,4335.773027308057,3342226,TITAN.NS
2026-02-12,4261.8154296875,4272.3808588027905,4168.621229566406,4218.55747049756,998509,TITAN.NS
2026-02-13,4165.53173828125,4257.828492152158,4151.178445452788,4253.343209814334,524758,TITAN.NS
2026-02-16,4167.42529296875,4182.276463340135,4115.296054572897,4141.41055890807,500349,TITAN.NS
2026-02-17,4222.54443359375,4231.016633695938,4141.4107558343585,4153.471279199037,464123,TITAN.NS
2026-02-18,4234.70458984375,4243.973978510509,4200.516479706513,4237.096643046371,387328,TITAN.NS
2026-02-19,4184.4697265625,4247.0641406741215,4177.293079926131,4211.18188086087,406232,TITAN.NS
2026-02-20,4222.54443359375,4238.193280220919,4186.46312046324,4186.76194461666,532169,TITAN.NS
2026-02-23,4258.72607421875,4266.002004459178,4226.2325971283,4256.034710056237,516387,TITAN.NS
2026-02-24,4280.45458984375,4285.936601776254,4221.149188028474,4226.5314296798915,491126,TITAN.NS
2026-02-25,4310.85498046875,4334.776487874819,4275.769908266122,4289.923661488439,586295,TITAN.NS
2026-02-26,4328.3974609375,4337.966161113804,4292.913794737703,4315.838572373869,520985,TITAN.NS
2026-02-27,4313.3466796875,4337.766551126517,4297.69783270388,4327.400662219876,1146258,TITAN.NS
2026-03-02,4256.33349609375,4315.838437820091,4179.286505722781,4274.772990574043,770589,TITAN.NS
2026-03-04,4190.64892578125,4224.437954570289,4070.144440562929,4191.247060748651,1024050,TITAN.NS
2026-03-05,4261.2177734375,4288.428291689557,4159.551373495063,4224.139244667133,691367,TITAN.NS
2026-03-06,4230.7177734375,4287.929944537757,4213.175238391702,4236.100014943159,580562,TITAN.NS
2026-03-09,4145.59716796875,4185.964709183034,4099.249250278276,4146.394356825195,576017,TITAN.NS
2026-03-10,4206.2978515625,4229.023087280567,4161.445028420832,4161.445028420832,788850,TITAN.NS
2026-03-11,4126.7587890625,4221.049493326745,4112.705293022249,4178.289896824444,454575,TITAN.NS
2026-03-12,4116.09375,4165.332084095139,4020.60702661123,4086.590462979199,1071366,TITAN.NS
2026-03-13,4059.878173828125,4133.6363933228595,4032.7671826134374,4077.620005949474,868825,TITAN.NS
2026-03-16,4077.4208984375,4111.508997090401,3989.110571490407,4043.7313942292744,1013667,TITAN.NS
2026-03-17,4077.121826171875,4096.55805049906,4023.2984357273617,4077.121826171875,1126905,TITAN.NS
2026-03-18,4131.94189453125,4161.145872456678,4064.4633600951647,4070.3439664557445,751307,TITAN.NS
2026-03-19,4024.693603515625,4124.566085473674,4004.759015235318,4090.9761095476442,567278,TITAN.NS
2026-03-20,4093.169189453125,4136.327379255284,4027.6838709903755,4033.6642475921135,1019586,TITAN.NS
2026-03-23,3840.498291015625,4045.72478475568,3812.4900964992553,4043.3327314437556,1533645,TITAN.NS
2026-03-24,3886.746337890625,3971.966702524462,3830.431126173528,3937.3802406338946,1300547,TITAN.NS
2026-03-25,4026.08935546875,4083.6005966283537,3927.612436176233,3937.081366043934,1306823,TITAN.NS
2026-03-27,3968.478271484375,4019.6105405037147,3959.009341789762,3986.917766152832,1040658,TITAN.NS
2026-03-30,3938.4765625,3994.2934104401893,3901.29874952784,3929.107403218326,1488223,TITAN.NS
2026-04-01,4052.20361328125,4086.5907795973744,3986.917833753536,3986.917833753536,781974,TITAN.NS
2026-04-02,4083.800048828125,4095.6610318057337,3931.798566161915,3982.930835009521,1614868,TITAN.NS
2026-04-06,4232.212890625,4243.974103115695,4091.5742720255826,4091.5742720255826,1678285,TITAN.NS
2026-04-07,4216.763671875,4229.621384331442,4155.165500389534,4221.448008238725,1274146,TITAN.NS
2026-04-08,4477.80712890625,4490.266247239322,4295.007042060272,4337.068733542139,3834533,TITAN.NS
2026-04-09,4425.279296875,4482.691011562465,4399.663641560751,4460.364368818537,1385274,TITAN.NS
2026-04-10,4490.26611328125,4509.104202301997,4410.62752860897,4415.611175793522,1565192,TITAN.NS
2026-04-13,4424.78076171875,4481.2955150452835,4376.738695227283,4376.738695227283,850456,TITAN.NS
2026-04-15,4507.41015625,4519.171369197922,4432.754730388897,4475.415043264428,918513,TITAN.NS
2026-04-16,4446.80859375,4539.105836555689,4425.478681226891,4539.105836555689,1283713,TITAN.NS
2026-04-17,4511.09765625,4516.978262584491,4315.838457109326,4446.80860763948,2124034,TITAN.NS
2026-04-20,4498.23974609375,4534.122004205732,4453.088099309882,4517.277374817795,1646815,TITAN.NS
2026-04-21,4465.048828125,4529.636697707301,4450.39671146729,4498.73808672063,656106,TITAN.NS
2026-04-22,4440.03125,4477.308835307954,4430.662090201536,4447.108126662484,596352,TITAN.NS
2026-04-23,4441.9248046875,4459.367570104762,4379.130849185354,4396.5736146026165,680187,TITAN.NS
2026-04-24,4395.57666015625,4471.9262296400375,4347.13551391155,4460.862435947686,958536,TITAN.NS
2026-04-27,4427.2724609375,4449.400048324654,4374.047208233913,4424.282272732981,649222,TITAN.NS
2026-04-28,4402.5537109375,4460.364015495882,4381.024258799593,4397.868888135784,620778,TITAN.NS
2026-04-29,4425.279296875,4457.772774865154,4395.776493972833,4405.444477800803,702730,TITAN.NS
2026-04-30,4370.85791015625,4423.485027207771,4343.746676108938,4423.485027207771,869299,TITAN.NS
2026-05-01,4370.85791015625,4370.85791015625,4370.85791015625,4370.85791015625,0,TITAN.NS
2026-05-04,4348.73046875,4432.854334640852,4338.464350375783,4392.686333602758,709160,TITAN.NS
2026-05-05,4359.2958984375,4382.619269581015,4316.1372224440165,4340.756633847013,850790,TITAN.NS
2026-05-06,4345.341796875,4426.57524685031,4283.046206403137,4383.117745600278,1459870,TITAN.NS
2026-05-07,4293.412109375,4344.743676091845,4247.064189912217,4335.673340752591,1377631,TITAN.NS
2026-05-08,4494.2529296875,4589.938953473262,4199.619617443652,4299.890693872671,4777990,TITAN.NS
2026-05-11,4191.84521484375,4365.176358217959,4136.5267337657515,4336.1714356672355,5925166,TITAN.NS
2026-05-12,4042.036865234375,4199.8191810747485,4033.763962380683,4146.394386830651,1978748,TITAN.NS
2026-05-13,4077.321044921875,4096.557971656722,3972.0665627502894,4016.819616977272,2841521,TITAN.NS
2026-05-14,4121.67578125,4133.436993986225,4045.8245734134175,4101.541651857563,1127140,TITAN.NS
2026-05-15,4155.46484375,4180.283309696747,4128.851972784219,4141.410861180254,901617,TITAN.NS
2026-05-18,4156.06298828125,4169.020471149777,4052.3033550510295,4116.592404667953,851825,TITAN.NS
2026-05-19,4088.584228515625,4154.268602329223,4081.6071223236186,4122.7718541827335,711398,TITAN.NS
2026-05-20,4092.9697265625,4103.236331934217,4039.744471133866,4039.744471133866,913576,TITAN.NS
2026-05-21,4069.74609375,4122.871578488693,4056.6888406851363,4106.525312929425,863060,TITAN.NS
2026-05-22,4066.456787109375,4100.345344469957,4040.8408893642713,4043.9306045995263,768112,TITAN.NS
2026-05-25,4145.59716796875,4156.361650952179,4096.9564806185,4106.624950595387,606086,TITAN.NS
2026-05-26,4092.47119140625,4146.394349879764,4077.6200205187774,4138.320744313574,766717,TITAN.NS
2026-05-27,4124.36669921875,4151.477934967971,4077.7199555713896,4084.8961156102055,474044,TITAN.NS
2026-05-28,4124.36669921875,4124.36669921875,4124.36669921875,4124.36669921875,0,TITAN.NS
2026-05-29,4061.57275390625,4149.6835402843,4045.724852927872,4102.737972358301,2001419,TITAN.NS
2026-06-01,4011.437255859375,4091.5742025878203,3993.894721015687,4086.590555568834,450200,TITAN.NS
2026-06-02,4064.762451171875,4074.6299753506637,3972.963571856102,4004.2607791244304,522015,TITAN.NS
2026-06-03,4075.42724609375,4090.37794384958,3988.9110849384024,4043.7312022976257,959352,TITAN.NS
2026-06-04,4217.162109375,4259.821933203119,4039.046613504238,4061.672322312249,1761933,TITAN.NS
2026-06-05,4246.26708984375,4274.972703953861,4209.388099392295,4255.038114520642,1390200,TITAN.NS
2026-06-08,4178.6884765625,4224.239207403382,4167.027033930725,4183.073988834731,666737,TITAN.NS
2026-06-09,4091.474609375,4203.208077712957,4073.8325468327307,4177.193341811167,1284964,TITAN.NS
2026-06-10,4028.880126953125,4105.6282930748075,4021.8032506621894,4091.4745404929363,613629,TITAN.NS
2026-06-11,4012.03515625,4056.3896148157537,3949.8393386542043,4006.951982284827,767665,TITAN.NS
2026-06-12,4170.31591796875,4186.263588783162,4039.445295679552,4054.4960073475113,1122271,TITAN.NS
2026-06-15,4269.49072265625,4282.946570620732,4206.49722491917,4207.195130228091,1076822,TITAN.NS
2026-06-16,4323.8125,4329.792876901798,4269.490743142001,4284.0430909399065,779706,TITAN.NS
2026-06-17,4366.17333984375,4380.625916816181,4313.346679185898,4323.812338372832,623868,TITAN.NS
2026-06-18,4373.548828125,4395.576645157543,4318.9282517885895,4365.674763217696,562833,TITAN.NS
2026-06-19,4405.4443359375,4427.173329648428,4345.740340070183,4345.740340070183,941346,TITAN.NS
2026-06-22,4358.19921875,4400.061852755146,4338.762995819039,4390.891747775549,390835,TITAN.NS
2026-06-23,4291.21923828125,4402.952710396701,4277.065971666899,4360.691477754865,586588,TITAN.NS
2026-06-24,4309.65869140625,4326.603092410774,4249.755639555354,4287.93018361535,652078,TITAN.NS
2026-06-25,4277.2646484375,4320.821917574416,4211.181684371836,4320.821917574416,754050,TITAN.NS
2026-06-26,4277.2646484375,4277.2646484375,4277.2646484375,4277.2646484375,0,TITAN.NS
2026-06-29,4263.21142578125,4302.183158180815,4252.64599620607,4270.9857208678,569087,TITAN.NS
2026-06-30,4389.59619140625,4413.916290951847,4261.018101330999,4263.50992478207,1243464,TITAN.NS
2026-07-01,4384.21435546875,4489.767909279109,4375.742154951739,4454.384013002184,1168751,TITAN.NS
2026-07-02,4466.4443359375,4482.292236501547,4368.7648520199655,4389.596399722663,820705,TITAN.NS
2026-07-03,4446.509765625,4492.957454484628,4436.442701026769,4480.298796026808,542120,TITAN.NS
2026-07-06,4469.7333984375,4475.81354535161,4435.44600307642,4435.44600307642,589165,TITAN.NS
2026-07-07,4589.14208984375,4640.672712211398,4490.266330250847,4535.1191570791025,3385946,TITAN.NS
2026-07-08,4571.39990234375,4614.857404177837,4546.78097666898,4575.386820187532,1045703,TITAN.NS
2026-07-09,4555.7998046875,4679.7998046875,4546.10009765625,4614.7998046875,1777107,TITAN.NS
2026-07-10,4584.39990234375,4602.7998046875,4560.7001953125,4578.60009765625,652646,TITAN.NS
2026-07-13,4601.5,4635.0,4524.39990234375,4578.0,770367,TITAN.NS
2026-07-14,4573.7001953125,4600.0,4554.0,4579.7998046875,631158,TITAN.NS
2026-07-15,4579.39990234375,4607.0,4565.10009765625,4573.7001953125,619451,TITAN.NS
2026-07-16,4625.7998046875,4668.7998046875,4580.0,4585.2998046875,1136159,TITAN.NS
2026-07-17,4638.10009765625,4647.5,4610.10009765625,4626.0,667212,TITAN.NS
2026-07-20,4643.39990234375,4660.0,4625.2998046875,4638.10009765625,274158,TITAN.NS
2026-07-21,4688.7001953125,4691.7001953125,4629.2001953125,4644.2001953125,530094,TITAN.NS
2026-07-22,4711.60009765625,4733.0,4675.0,4685.7001953125,996475,TITAN.NS
2026-07-23,4697.2998046875,4709.7998046875,4671.60009765625,4700.0,421185,TITAN.NS
2026-07-24,4677.0,4697.0,4604.10009765625,4605.0,513858,TITAN.NS
2026-07-27,4740.10009765625,4749.10009765625,4686.89990234375,4686.89990234375,500721,TITAN.NS
2026-07-28,4849.7001953125,4860.0,4712.89990234375,4750.0,1321587,TITAN.NS
2026-07-29,4850.2001953125,4866.89990234375,4823.2001953125,4849.7001953125,837059,TITAN.NS
2026-07-30,4850.0,4869.89990234375,4820.89990234375,4820.89990234375,777361,TITAN.NS
2026-07-31,4875.2001953125,4886.0,4820.89990234375,4850.0,1003314,TITAN.NS
2026-08-03,,,,,615070,TITAN.NS
